Temperatura_Mediana_C,Precipitacion_Anual_mm,Target
17.039292998540986,623.114571721528,1
17.41783619633435,548.9288985740881,1
17.536411993844183,587.8687508415918,1
17.536411993844183,587.8687508415918,1
17.275387107001393,517.9241046321134,1
18.401227506001817,448.9504367124777,1
17.536411993844183,587.8687508415918,1
18.788310662905417,390.77847898123076,1
18.345436733992642,450.1329556119185,1
17.427827362787184,459.4495415699225,1
18.908565235137985,1063.4671866905433,1
23.38158187866219,1576.4485269796592,1
23.38158187866219,1576.4485269796592,1
25.068014611138267,1050.8393317472678,1
21.287228267843034,1211.5483663987857,1
25.7465074448358,1338.7347839784366,1
22.200934092203795,1652.881939710353,1
25.068014611138267,1050.8393317472678,1
21.287228267843034,1211.5483663987857,1
25.110078995316087,2968.908921630357,1
24.740300114949548,3332.5128525507193,1
24.520856612069224,3034.3114554893714,1
22.55372827847799,7124.580782653067,1
24.864979240221828,3700.2709254634124,1
22.892866309483907,2997.4843382847052,1
26.02119400589561,3567.8913898777705,1
22.583808596928975,4511.869844795439,1
21.836609727908467,5587.479253114436,1
22.55372827847799,7124.580782653067,1
25.085176483790065,4910.347656161759,1
22.397335243225086,5097.906899453375,1
24.46547308257135,5607.161280513976,1
20.651864129525677,5184.234299511883,1
22.583808596928975,4511.869844795439,1
25.330609712146554,5281.859000028346,1
23.119770134819873,5852.658533306096,1
20.651864129525677,5184.234299511883,1
24.580134010314907,3037.210532278989,1
25.330609712146554,5281.859000028346,1
24.46547308257135,5607.161280513976,1
24.46547308257135,5607.161280513976,1
24.09038096836639,4858.839516342852,1
24.46547308257135,5607.161280513976,1
24.46547308257135,5607.161280513976,1
25.330609712146554,5281.859000028346,1
24.09038096836639,4858.839516342852,1
24.46547308257135,5607.161280513976,1
24.46547308257135,5607.161280513976,1
24.46547308257135,5607.161280513976,1
24.46547308257135,5607.161280513976,1
24.46547308257135,5607.161280513976,1
24.46547308257135,5607.161280513976,1
24.46547308257135,5607.161280513976,1
24.46547308257135,5607.161280513976,1
25.330609712146554,5281.859000028346,1
24.46547308257135,5607.161280513976,1
24.46547308257135,5607.161280513976,1
25.831620852152582,4266.612213851187,1
22.182124528430734,5588.224799187157,1
24.46547308257135,5607.161280513976,1
24.46547308257135,5607.161280513976,1
24.46547308257135,5607.161280513976,1
22.182124528430734,5588.224799187157,1
24.46547308257135,5607.161280513976,1
24.46547308257135,5607.161280513976,1
24.62034406950977,6202.73739546654,1
24.46547308257135,5607.161280513976,1
24.46547308257135,5607.161280513976,1
26.562043126424214,1414.9567008030158,1
26.562043126424214,1414.9567008030158,1
26.749253138789413,879.4646903884153,1
26.262820498148642,1162.5032469641906,1
26.238139724731468,1209.2633366596442,1
26.18599058787032,1213.0080245446902,1
26.06627553304037,1278.1136788439494,1
26.238139724731468,1209.2633366596442,1
26.576548694428993,1384.5686696481448,1
26.495287195841513,1409.6806764614325,1
26.781531243854147,991.7527221154909,1
26.623040135701444,1185.6645278644305,1
26.562043126424214,1414.9567008030158,1
26.18599058787032,1213.0080245446902,1
26.52725580709955,972.6913839590292,1
26.238139724731468,1209.2633366596442,1
26.32467724482217,1201.3137422513705,1
26.167539962132764,1318.7667511415225,1
26.18599058787032,1213.0080245446902,1
26.238139724731468,1209.2633366596442,1
26.118682098388717,1246.2067462515574,1
26.566602597917893,959.9370032560568,1
26.32467724482217,1201.3137422513705,1
26.848913313403273,1299.0335233521205,1
26.451465437147363,1143.0161044013244,1
26.749847984313988,936.3811023545007,1
26.561421446366865,1215.7632827770453,1
26.165049767494224,1376.5509918343764,1
26.198934446062367,1295.5206863593799,1
26.069568729400658,1153.2806091022235,1
26.238139724731468,1209.2633366596442,1
26.82203040122988,1083.3002187323314,1
26.749847984313988,936.3811023545007,1
26.562043126424214,1414.9567008030158,1
26.451465437147363,1143.0161044013244,1
26.82044859992135,879.3321706366281,1
26.32467724482217,1201.3137422513705,1
26.133470971243753,1121.1758151662093,1
26.82044859992135,879.3321706366281,1
26.75290821923147,1006.2541633856039,1
26.623040135701444,1185.6645278644305,1
26.57261492411294,1371.2655872118216,1
26.749253138789413,879.4646903884153,1
26.262820498148642,1162.5032469641906,1
26.751977856953943,920.231153072093,1
26.82044859992135,879.3321706366281,1
26.82044859992135,879.3321706366281,1
26.069568729400658,1153.2806091022235,1
26.32467724482217,1201.3137422513705,1
26.133470971243753,1121.1758151662093,1
26.35224759843618,1380.217303336833,1
26.749847984313988,936.3811023545007,1
26.82044859992135,879.3321706366281,1
25.88585513432821,1135.8292892586928,1
26.133470971243753,1121.1758151662093,1
26.451465437147363,1143.0161044013244,1
26.82044859992135,879.3321706366281,1
26.133470971243753,1121.1758151662093,1
26.751977856953943,920.231153072093,1
26.82044859992135,879.3321706366281,1
26.82044859992135,879.3321706366281,1
26.693888258322716,1371.1594201636058,1
26.133470971243753,1121.1758151662093,1
26.133470971243753,1121.1758151662093,1
26.627016639709495,1201.2928769004088,1
26.133470971243753,1121.1758151662093,1
26.133470971243753,1121.1758151662093,1
26.596183898713832,1029.6656869363528,1
26.389818445841513,1816.1890588712436,1
26.321587689717717,2095.315751434539,1
25.24533821741744,1483.2656726252776,1
24.378125317891488,1513.0829595041018,1
25.437414332798596,1655.8823816489917,1
25.24533821741744,1483.2656726252776,1
26.389818445841513,1816.1890588712436,1
26.136919218121136,2033.0209404241782,1
26.389818445841513,1816.1890588712436,1
26.389818445841513,1816.1890588712436,1
26.389818445841513,1816.1890588712436,1
26.389818445841513,1816.1890588712436,1
26.389818445841513,1816.1890588712436,1
26.07487743695583,1629.8111647379142,1
26.389818445841513,1816.1890588712436,1
24.378125317891488,1513.0829595041018,1
25.24533821741744,1483.2656726252776,1
26.136919218121136,2033.0209404241782,1
24.378125317891488,1513.0829595041018,1
26.389818445841513,1816.1890588712436,1
26.389818445841513,1816.1890588712436,1
24.378125317891488,1513.0829595041018,1
25.437414332798596,1655.8823816489917,1
26.389818445841513,1816.1890588712436,1
25.24533821741744,1483.2656726252776,1
26.389818445841513,1816.1890588712436,1
26.389818445841513,1816.1890588712436,1
26.389818445841513,1816.1890588712436,1
26.389818445841513,1816.1890588712436,1
25.24533821741744,1483.2656726252776,1
26.389818445841513,1816.1890588712436,1
26.389818445841513,1816.1890588712436,1
25.755592865414087,1569.9710816156608,1
25.06557570948746,1545.5597870063525,1
23.876383161544766,1600.2246446919185,1
26.07487743695583,1629.8111647379142,1
26.07487743695583,1629.8111647379142,1
26.389818445841513,1816.1890588712436,1
25.24533821741744,1483.2656726252776,1
24.378125317891488,1513.0829595041018,1
25.437414332798596,1655.8823816489917,1
25.320827591724935,1502.8433322918158,1
25.24533821741744,1483.2656726252776,1
24.378125317891488,1513.0829595041018,1
25.24533821741744,1483.2656726252776,1
26.07487743695583,1629.8111647379142,1
26.389818445841513,1816.1890588712436,1
25.755592865414087,1569.9710816156608,1
24.378125317891488,1513.0829595041018,1
24.378125317891488,1513.0829595041018,1
25.24533821741744,1483.2656726252776,1
26.389818445841513,1816.1890588712436,1
26.07487743695583,1629.8111647379142,1
26.389818445841513,1816.1890588712436,1
26.136919218121136,2033.0209404241782,1
24.378125317891488,1513.0829595041018,1
23.876383161544766,1600.2246446919185,1
26.389818445841513,1816.1890588712436,1
26.389818445841513,1816.1890588712436,1
26.389818445841513,1816.1890588712436,1
26.389818445841513,1816.1890588712436,1
25.320827591724935,1502.8433322918158,1
25.755592865414087,1569.9710816156608,1
26.389818445841513,1816.1890588712436,1
26.389818445841513,1816.1890588712436,1
26.07487743695583,1629.8111647379142,1
24.378125317891488,1513.0829595041018,1
24.378125317891488,1513.0829595041018,1
26.389818445841513,1816.1890588712436,1
25.24533821741744,1483.2656726252776,1
24.378125317891488,1513.0829595041018,1
26.07487743695583,1629.8111647379142,1
25.24533821741744,1483.2656726252776,1
25.320827591724935,1502.8433322918158,1
25.437414332798596,1655.8823816489917,1
24.378125317891488,1513.0829595041018,1
25.06557570948746,1545.5597870063525,1
26.321587689717717,2095.315751434539,1
25.06557570948746,1545.5597870063525,1
24.75142517089853,1586.3905482005816,1
26.389818445841513,1816.1890588712436,1
26.389818445841513,1816.1890588712436,1
26.389818445841513,1816.1890588712436,1
24.378125317891488,1513.0829595041018,1
26.136919218121136,2033.0209404241782,1
23.876383161544766,1600.2246446919185,1
25.24533821741744,1483.2656726252776,1
24.378125317891488,1513.0829595041018,1
26.321587689717717,2095.315751434539,1
25.437414332798596,1655.8823816489917,1
25.06557570948746,1545.5597870063525,1
26.389818445841513,1816.1890588712436,1
26.389818445841513,1816.1890588712436,1
26.389818445841513,1816.1890588712436,1
26.07487743695583,1629.8111647379142,1
26.389818445841513,1816.1890588712436,1
23.876383161544766,1600.2246446919185,1
23.876383161544766,1600.2246446919185,1
26.389818445841513,1816.1890588712436,1
26.389818445841513,1816.1890588712436,1
26.389818445841513,1816.1890588712436,1
24.378125317891488,1513.0829595041018,1
25.24533821741744,1483.2656726252776,1
25.24533821741744,1483.2656726252776,1
25.24533821741744,1483.2656726252776,1
25.686144279031225,1802.6509478699904,1
25.06557570948746,1545.5597870063525,1
25.320827591724935,1502.8433322918158,1
25.24533821741744,1483.2656726252776,1
23.876383161544766,1600.2246446919185,1
25.06557570948746,1545.5597870063525,1
25.320827591724935,1502.8433322918158,1
25.320827591724935,1502.8433322918158,1
25.48281607483375,1689.811491222356,1
24.69191350583685,1474.5893783879023,1
24.378125317891488,1513.0829595041018,1
24.378125317891488,1513.0829595041018,1
25.24533821741744,1483.2656726252776,1
26.07487743695583,1629.8111647379142,1
25.24533821741744,1483.2656726252776,1
26.389818445841513,1816.1890588712436,1
25.24533821741744,1483.2656726252776,1
25.320827591724935,1502.8433322918158,1
24.378125317891488,1513.0829595041018,1
25.320827591724935,1502.8433322918158,1
24.69191350583685,1474.5893783879023,1
25.24533821741744,1483.2656726252776,1
26.07487743695583,1629.8111647379142,1
25.437414332798596,1655.8823816489917,1
26.389818445841513,1816.1890588712436,1
25.320827591724935,1502.8433322918158,1
24.75142517089853,1586.3905482005816,1
25.06557570948746,1545.5597870063525,1
26.07487743695583,1629.8111647379142,1
25.06557570948746,1545.5597870063525,1
23.876383161544766,1600.2246446919185,1
25.06557570948746,1545.5597870063525,1
25.24533821741744,1483.2656726252776,1
25.320827591724935,1502.8433322918158,1
25.437414332798596,1655.8823816489917,1
24.75142517089853,1586.3905482005816,1
25.320827591724935,1502.8433322918158,1
25.24533821741744,1483.2656726252776,1
25.24533821741744,1483.2656726252776,1
25.06557570948746,1545.5597870063525,1
23.823546346028706,1554.4399440300208,1
24.823206647237157,1488.9955155563098,1
24.823206647237157,1488.9955155563098,1
25.48281607483375,1689.811491222356,1
25.437414332798596,1655.8823816489917,1
25.48281607483375,1689.811491222356,1
25.437414332798596,1655.8823816489917,1
25.755592865414087,1569.9710816156608,1
25.48281607483375,1689.811491222356,1
25.320827591724935,1502.8433322918158,1
25.48281607483375,1689.811491222356,1
25.24533821741744,1483.2656726252776,1
25.24533821741744,1483.2656726252776,1
26.50309680591937,1634.5498830091697,1
26.444467445656073,1560.1394407462817,1
27.010926273890902,1809.6585355710727,1
26.50309680591937,1634.5498830091697,1
26.85113509124494,1720.333752037261,1
26.50309680591937,1634.5498830091697,1
26.50309680591937,1634.5498830091697,1
26.50309680591937,1634.5498830091697,1
26.3874917529879,1683.3855964255076,1
21.66778603508368,1994.5717833947879,1
23.66597110203344,1620.6659682106715,1
25.28372107997086,1261.9370080542308,1
20.41902673509395,2103.5121090721827,1
20.78202712800777,2106.461723149989,1
19.16914098335036,1953.5659596335631,1
21.66778603508368,1994.5717833947879,1
20.927160580952943,1886.7976374935847,1
18.538286752411807,1890.9543238591891,1
19.030801831758993,1554.5158244681102,1
19.16914098335036,1953.5659596335631,1
20.536575571696005,1825.6953254353743,1
19.16914098335036,1953.5659596335631,1
18.772678584144273,1745.4021841299277,1
24.930877780914273,1310.0417822611075,1
19.517691744290914,2101.3029225182277,1
21.66778603508368,1994.5717833947879,1
19.527034081353065,1931.2974073004466,1
21.66778603508368,1994.5717833947879,1
20.41902673509395,2103.5121090721827,1
22.395721308390307,1814.3231652688723,1
17.415715789794945,1678.9814017724734,1
25.533241237293623,1229.2989313614112,1
24.101634790783862,1458.7560974073153,1
20.269646292021775,2064.0763424348575,1
22.601132193065837,1757.666622103427,1
22.601132193065837,1757.666622103427,1
22.601132193065837,1757.666622103427,1
21.299172059694968,1913.7912772607547,1
20.031210004366358,1876.1977672588569,1
20.536575571696005,1825.6953254353743,1
22.601132193065837,1757.666622103427,1
20.019560856289388,1825.4961974930507,1
19.380494144984652,1556.0161553334933,1
20.536575571696005,1825.6953254353743,1
22.2628228293525,153.73586937901786,1
21.286601426866355,231.30074218032172,1
18.41921863555916,417.5468504440527,1
17.66859118143725,354.18697893736174,1
21.30068677266445,257.3269203316908,1
23.042625575595423,169.26568076131156,1
21.23669905132715,231.4197093260031,1
22.545568175542996,213.38714361307433,1
18.79571215311688,416.29552170750907,1
18.655585940678918,344.0693289053183,1
19.294018893771693,1075.85104256985,1
19.43063098362512,759.9507801246385,1
19.145465469360374,1022.5197382282953,1
19.919727977116906,1063.367330284093,1
18.042921603167486,517.3806183051805,1
19.294018893771693,1075.85104256985,1
17.78156115214034,663.355574758027,1
16.424819105642825,667.8250812005739,1
17.29169088510372,963.0316242587309,1
19.409396160973472,986.2651087355356,1
0.0,0.0,1
18.632550085158584,1151.858233661626,1
24.900523042678913,663.2649347197752,1
25.051009609081177,664.478645474885,1
25.37461640040084,556.4109355222921,1
25.37561473846432,600.8852019917707,1
24.568155670166107,680.0452142965536,1
25.22637583414712,860.5500765156488,1
25.48966274261477,657.3629386734705,1
25.084408590528767,980.5694006395082,1
25.317664718627952,869.4229617726545,1
26.556842104593954,952.0614340913038,1
18.040180619557702,521.6555416595678,1
18.422069195733627,874.5310388517122,1
18.040180619557702,521.6555416595678,1
18.784659757112195,633.6233995866518,1
16.793382541338644,1033.9230790745955,1
18.4199249108633,810.5187311780195,1
18.040180619557702,521.6555416595678,1
18.782013914320203,627.7633987378816,1
18.771075275966098,663.7311473500471,1
18.422069195733627,874.5310388517122,1
21.125827619764493,1826.8141791236144,1
22.526551992243014,2584.101934732173,1
26.489590793185812,1437.4064214539271,1
26.34773337576121,2343.6729617428523,1
25.601559135960656,1748.6105978500586,1
27.239226383633138,2195.957646520112,1
22.614958500862144,3272.691615672086,1
23.156179504394572,1951.9623376440745,1
20.259589481353714,1754.752886296485,1
23.221875863326204,1946.4314028632384,1
22.56402104695644,2109.703310580228,1
23.50468934866103,2171.5909697127086,1
23.383968713548427,2027.7521654975158,1
23.571520344416342,1893.6055012058955,1
27.95452124277756,1318.4420622896891,1
27.594943618774437,1421.7295542371016,1
26.628223526783472,1730.7832211267691,1
27.688630421956418,2152.382948250745,1
25.51612868838839,1616.0013087105494,1
26.950979536007594,1753.8382641982776,1
25.009294673374768,1845.447034389947,1
23.221875863326204,1946.4314028632384,1
23.44250185224746,2183.0791838478785,1
25.88854454888235,1721.4721187960845,1
23.175458382115266,2089.973852784608,1
25.003666814168298,1855.3449854266387,1
22.158345037793367,1838.2543630909663,1
25.51612868838839,1616.0013087105494,1
22.56402104695644,2109.703310580228,1
25.624371719360397,1644.377820939992,1
25.51612868838839,1616.0013087105494,1
22.56402104695644,2109.703310580228,1
26.950979536007594,1753.8382641982776,1
23.50468934866103,2171.5909697127086,1
24.51107508341471,1860.6735363614303,1
25.624371719360397,1644.377820939992,1
23.221875863326204,1946.4314028632384,1
23.156179504394572,1951.9623376440745,1
23.221875863326204,1946.4314028632384,1
25.003666814168298,1855.3449854266387,1
20.35116370519006,2691.4361536514502,1
26.6285806655884,1450.8308812987548,1
25.624371719360397,1644.377820939992,1
21.754364522298147,2436.3277524721366,1
25.009294673374768,1845.447034389947,1
25.003666814168298,1855.3449854266387,1
25.88854454888235,1721.4721187960845,1
23.383968713548427,2027.7521654975158,1
26.594731221880238,1278.7583403300982,1
23.383968713548427,2027.7521654975158,1
25.009294673374768,1845.447034389947,1
25.009294673374768,1845.447034389947,1
25.009294673374768,1845.447034389947,1
26.91784831153018,1424.0942604851466,1
25.003666814168298,1855.3449854266387,1
23.383968713548427,2027.7521654975158,1
23.935217952728294,2046.5910218667727,1
23.175458382115266,2089.973852784608,1
24.51107508341471,1860.6735363614303,1
23.383968713548427,2027.7521654975158,1
20.446231178001142,1712.149497867797,1
25.88854454888235,1721.4721187960845,1
24.555228978937237,1817.1314716350776,1
23.383968713548427,2027.7521654975158,1
26.663743233680748,2121.638157219861,1
24.555228978937237,1817.1314716350776,1
25.690616099039744,1424.72187876818,1
26.240955924987816,1387.6736953866225,1
26.56691147486373,1399.1589292895537,1
22.614958500862144,3272.691615672086,1
25.601559135960656,1748.6105978500586,1
25.601559135960656,1748.6105978500586,1
25.601559135960656,1748.6105978500586,1
25.601559135960656,1748.6105978500586,1
25.667745098169405,2142.8347982477885,1
26.628223526783472,1730.7832211267691,1
27.099593836163706,2159.5085196208697,1
21.59732805433731,2701.623231918786,1
24.736864071800653,3137.813896687005,1
25.601559135960656,1748.6105978500586,1
27.489589627583825,1553.353358806346,1
27.161356226603175,2272.480767966483,1
27.144917000664634,2085.9686404478293,1
24.20062454686024,1540.2403630327922,1
27.397642117454893,1582.910862566207,1
27.95452124277756,1318.4420622896891,1
26.05168248812356,1751.0450117301684,1
22.32340386002153,1703.8624554884177,1
21.59732805433731,2701.623231918786,1
25.079285911277452,3761.5447200846415,1
25.84388541115652,1786.6846144211036,1
23.692912901015518,1695.5318532895785,1
26.628223526783472,1730.7832211267691,1
26.628223526783472,1730.7832211267691,1
26.628649246483576,1944.5335574459773,1
26.446072276433313,2221.967608482812,1
26.446072276433313,2221.967608482812,1
22.827377997504357,2651.9812688243132,1
21.943469074794223,1368.2873107504588,1
25.429690297444665,3633.8141046476107,1
25.079285911277452,3761.5447200846415,1
25.94261320255424,2101.197094471429,1
25.079285911277452,3761.5447200846415,1
23.692912901015518,1695.5318532895785,1
24.730007457733166,2666.4855971944075,1
22.486307216825935,2235.7966683816653,1
22.614958500862144,3272.691615672086,1
24.456640215273296,2434.0292222809535,1
23.408605363633967,1435.777191818927,1
24.665447065565274,1890.537761898015,1
17.757410890628137,1763.773769886468,1
26.237606418494067,2704.516221584056,1
25.079285911277452,3761.5447200846415,1
26.303429328070763,2630.108327419732,1
24.736864071800653,3137.813896687005,1
26.237606418494067,2704.516221584056,1
26.130302882194542,2461.459775270198,1
26.130302882194542,2461.459775270198,1
26.237606418494067,2704.516221584056,1
26.237606418494067,2704.516221584056,1
27.082874321215115,1473.9303149294597,1
27.082874321215115,1473.9303149294597,1
26.740704663594613,2762.1044076990825,1
24.456640215273296,2434.0292222809535,1
19.959632915920736,1674.9670289468509,1
20.133351716541085,1542.459905893777,1
24.04809145805166,2324.958891422723,1
27.95452124277756,1318.4420622896891,1
25.924432196440534,2020.911101998065,1
27.95452124277756,1318.4420622896891,1
26.9409413231744,1364.360255004142,1
24.0119821275984,1872.8485599171859,1
23.50697987874355,1053.2724604022246,1
26.628223526783472,1730.7832211267691,1
27.258300558726035,1596.2187506270152,1
23.613193342420857,2339.3516734254104,1
26.108650620778405,2406.8743221473437,1
26.34773337576121,2343.6729617428523,1
27.161356226603175,2272.480767966483,1
23.571520344416342,1893.6055012058955,1
19.634372965494833,1489.035473020051,1
23.50697987874355,1053.2724604022246,1
25.924432196440534,2020.911101998065,1
23.06857745830831,1720.2089659881335,1
27.95452124277756,1318.4420622896891,1
24.456640215273296,2434.0292222809535,1
25.429690297444665,3633.8141046476107,1
20.701294493063926,1895.5416090798121,1
27.082874321215115,1473.9303149294597,1
26.05168248812356,1751.0450117301684,1
27.489589627583825,1553.353358806346,1
23.63860812717013,1090.7723426830512,1
22.827377997504357,2651.9812688243132,1
26.05168248812356,1751.0450117301684,1
22.944962649875265,1565.5685260903579,1
23.89737873077388,2175.9433493029815,1
26.663743233680748,2121.638157219861,1
26.108650620778405,2406.8743221473437,1
26.34773337576121,2343.6729617428523,1
27.90057248202237,1966.8778672826033,1
20.66895169858583,1648.9643387508136,1
23.568031777275962,2459.7713917505484,1
17.757410890628137,1763.773769886468,1
26.56691147486373,1399.1589292895537,1
26.34773337576121,2343.6729617428523,1
26.663743233680748,2121.638157219861,1
26.950979536007594,1753.8382641982776,1
26.628649246483576,1944.5335574459773,1
24.751951132880322,1765.6013600539904,1
24.751951132880322,1765.6013600539904,1
22.614958500862144,3272.691615672086,1
27.099593836163706,2159.5085196208697,1
27.082874321215115,1473.9303149294597,1
27.133877709332637,2321.581565589879,1
26.803368042454622,1827.6722252380591,1
19.55149411095516,3152.860035003398,1
19.55149411095516,3152.860035003398,1
22.680861849662563,3797.483761609767,1
27.489589627583825,1553.353358806346,1
26.628649246483576,1944.5335574459773,1
19.959632915920736,1674.9670289468509,1
21.59732805433731,2701.623231918786,1
20.43986277457998,2447.505031527255,1
25.316469192504883,1540.6371623289328,1
23.254007593790675,1982.1199335169536,1
26.066878659797453,2236.8705652665835,1
25.924432196440534,2020.911101998065,1
25.924432196440534,2020.911101998065,1
23.577083206176724,1908.8121809077006,1
23.577083206176724,1908.8121809077006,1
25.489891364357675,2213.8048082601767,1
26.240955924987816,1387.6736953866225,1
26.594731221880238,1278.7583403300982,1
26.594731221880238,1278.7583403300982,1
27.239226383633138,2195.957646520112,1
25.51612868838839,1616.0013087105494,1
24.661051262749652,1776.6784138989192,1
23.926668633355064,3995.6568673264724,1
23.193973101991617,1524.006170035575,1
20.160874355144983,4032.958992571805,1
25.079285911277452,3761.5447200846415,1
25.079285911277452,3761.5447200846415,1
26.066878659797453,2236.8705652665835,1
22.526551992243014,2584.101934732173,1
26.91784831153018,1424.0942604851466,1
17.674701309204124,3146.340918542121,1
20.760278214348773,2214.135323466037,1
20.56869015693661,2027.8911337268096,1
26.628649246483576,1944.5335574459773,1
26.66416231791186,1395.8884149801474,1
22.827377997504357,2651.9812688243132,1
26.237606418494067,2704.516221584056,1
22.614958500862144,3272.691615672086,1
26.130302882194542,2461.459775270198,1
27.95452124277756,1318.4420622896891,1
27.594943618774437,1421.7295542371016,1
25.94261320255424,2101.197094471429,1
25.601559135960656,1748.6105978500586,1
17.757410890628137,1763.773769886468,1
26.803368042454622,1827.6722252380591,1
26.130302882194542,2461.459775270198,1
20.145118808746304,1933.0655865382892,1
20.145118808746304,1933.0655865382892,1
23.50697987874355,1053.2724604022246,1
23.77161814371749,1166.4462506782752,1
24.38652018592478,1405.8658711623889,1
20.133351716541085,1542.459905893777,1
22.504656364804248,1207.9454891395312,1
20.86610777113168,2744.7177402686816,1
25.944892229352718,1345.9071673464518,1
22.614958500862144,3272.691615672086,1
26.628223526783472,1730.7832211267691,1
19.728221611181937,1806.7321151506644,1
22.950306193033896,1539.0045203280192,1
22.614958500862144,3272.691615672086,1
26.05168248812356,1751.0450117301684,1
27.594943618774437,1421.7295542371016,1
25.601559135960656,1748.6105978500586,1
25.601559135960656,1748.6105978500586,1
23.62832493637552,1446.8139901768905,1
24.456640215273296,2434.0292222809535,1
22.614958500862144,3272.691615672086,1
20.66895169858583,1648.9643387508136,1
25.94261320255424,2101.197094471429,1
24.730007457733166,2666.4855971944075,1
22.792101881239148,1749.3650436413031,1
23.254007593790675,1982.1199335169536,1
25.924432196440534,2020.911101998065,1
24.69836578369143,1460.261900724147,1
26.130302882194542,2461.459775270198,1
23.571520344416342,1893.6055012058955,1
23.926668633355064,3995.6568673264724,1
27.082874321215115,1473.9303149294597,1
26.803368042454622,1827.6722252380591,1
27.95452124277756,1318.4420622896891,1
22.680861849662563,3797.483761609767,1
25.94261320255424,2101.197094471429,1
25.288065670154765,2255.383831263755,1
26.489590793185812,1437.4064214539271,1
22.811913195523346,1985.8470305812102,1
23.613193342420857,2339.3516734254104,1
26.108650620778405,2406.8743221473437,1
26.663743233680748,2121.638157219861,1
26.108650620778405,2406.8743221473437,1
26.663743233680748,2121.638157219861,1
25.288065670154765,2255.383831263755,1
24.333380684485803,2377.5531172764045,1
23.613193342420857,2339.3516734254104,1
25.690616099039744,1424.72187876818,1
26.34773337576121,2343.6729617428523,1
24.788583682133606,2471.929129959319,1
25.540374785778567,1586.6592273127776,1
23.7603425343832,1918.259029091571,1
24.576254622141562,1739.3491908919555,1
25.079285911277452,3761.5447200846415,1
21.307330067952478,2172.6797640335303,1
24.38652018592478,1405.8658711623889,1
25.43753649393716,1726.5313200664264,1
24.730007457733166,2666.4855971944075,1
24.456640215273296,2434.0292222809535,1
19.69394673947943,2071.209289879773,1
19.04925446943804,2505.8804944169265,1
20.701294493063926,1895.5416090798121,1
27.082874321215115,1473.9303149294597,1
19.385657746451272,1641.2761963915568,1
23.196094894409214,1370.8617843699199,1
26.237606418494067,2704.516221584056,1
24.90032704671222,2695.686370880578,1
24.736864071800653,3137.813896687005,1
26.73767623901375,1865.716048331235,1
25.94261320255424,2101.197094471429,1
24.751951132880322,1765.6013600539904,1
22.614958500862144,3272.691615672086,1
23.571520344416342,1893.6055012058955,1
19.925676409403536,2286.8968889128905,1
18.629236954210455,2349.078451098178,1
20.567327978096785,2049.4780436169845,1
20.567327978096785,2049.4780436169845,1
20.567327978096785,2049.4780436169845,1
22.32340386002153,1703.8624554884177,1
24.626401731703027,1281.0273438703757,1
24.697383605109337,1862.017840893243,1
22.88475447262033,1529.8614621174079,1
23.825044759114576,902.6923745882253,1
23.379469426473065,1354.617510737155,1
24.0119821275984,1872.8485599171859,1
24.314218457539994,1203.3722706150752,1
20.32690569559736,1741.7880341422301,1
20.567327978096785,2049.4780436169845,1
19.04925446943804,2505.8804944169265,1
19.04925446943804,2505.8804944169265,1
24.90032704671222,2695.686370880578,1
27.082874321215115,1473.9303149294597,1
23.379469426473065,1354.617510737155,1
17.674701309204124,3146.340918542121,1
25.601559135960656,1748.6105978500586,1
25.924432196440534,2020.911101998065,1
24.736864071800653,3137.813896687005,1
25.601559135960656,1748.6105978500586,1
25.601559135960656,1748.6105978500586,1
24.883758560816432,1200.9005218755942,1
22.950306193033896,1539.0045203280192,1
25.601559135960656,1748.6105978500586,1
24.736864071800653,3137.813896687005,1
26.303429328070763,2630.108327419732,1
24.736864071800653,3137.813896687005,1
22.526551992243014,2584.101934732173,1
26.628223526783472,1730.7832211267691,1
26.237606418494067,2704.516221584056,1
22.136219533284475,1547.2105450939875,1
22.076449466887027,1978.7115611147624,1
26.628649246483576,1944.5335574459773,1
26.628223526783472,1730.7832211267691,1
24.626401731703027,1281.0273438703757,1
26.91784831153018,1424.0942604851466,1
24.456640215273296,2434.0292222809535,1
17.757410890628137,1763.773769886468,1
23.408605363633967,1435.777191818927,1
19.959632915920736,1674.9670289468509,1
27.099593836163706,2159.5085196208697,1
26.740704663594613,2762.1044076990825,1
24.90032704671222,2695.686370880578,1
24.751951132880322,1765.6013600539904,1
26.446072276433313,2221.967608482812,1
24.788998375183553,2085.2700218569976,1
27.39732591134532,2068.6106838297587,1
20.113798157374106,2368.106853963111,1
23.577083206176724,1908.8121809077006,1
26.130302882194542,2461.459775270198,1
26.05168248812356,1751.0450117301684,1
27.594943618774437,1421.7295542371016,1
23.577083206176724,1908.8121809077006,1
24.736864071800653,3137.813896687005,1
27.204535329909618,1773.5291317116958,1
27.049666129218224,1993.5887798678618,1
24.736864071800653,3137.813896687005,1
24.20062454686024,1540.2403630327922,1
18.95617515775899,1616.983719916318,1
19.505711986400456,1527.4435885262233,1
22.32340386002153,1703.8624554884177,1
26.950979536007594,1753.8382641982776,1
26.91784831153018,1424.0942604851466,1
24.314218457539994,1203.3722706150752,1
20.701294493063926,1895.5416090798121,1
20.113798157374106,2368.106853963111,1
24.456640215273296,2434.0292222809535,1
26.130302882194542,2461.459775270198,1
26.130302882194542,2461.459775270198,1
23.13522360059949,1219.4759964954596,1
19.69394673947943,2071.209289879773,1
27.39732591134532,2068.6106838297587,1
24.788998375183553,2085.2700218569976,1
22.614958500862144,3272.691615672086,1
20.061999681260886,1797.9391336452704,1
22.614958500862144,3272.691615672086,1
26.05168248812356,1751.0450117301684,1
27.136317295498372,1448.2073791336757,1
24.18998533884684,2252.849113942359,1
23.571520344416342,1893.6055012058955,1
26.983680760860466,1331.011046470378,1
23.389105309380454,1172.1550419938308,1
20.195929590861,1725.437325240348,1
20.66895169858583,1648.9643387508136,1
24.736864071800653,3137.813896687005,1
26.303429328070763,2630.108327419732,1
26.237606418494067,2704.516221584056,1
25.94261320255424,2101.197094471429,1
27.594943618774437,1421.7295542371016,1
25.94261320255424,2101.197094471429,1
25.079285911277452,3761.5447200846415,1
25.079285911277452,3761.5447200846415,1
24.456640215273296,2434.0292222809535,1
26.803368042454622,1827.6722252380591,1
26.56691147486373,1399.1589292895537,1
26.130302882194542,2461.459775270198,1
23.577083206176724,1908.8121809077006,1
20.133351716541085,1542.459905893777,1
19.505711986400456,1527.4435885262233,1
24.69836578369143,1460.261900724147,1
22.27889467875167,2250.780355931495,1
22.27889467875167,2250.780355931495,1
21.779360326131155,2524.6224671613913,1
25.489891364357675,2213.8048082601767,1
26.446072276433313,2221.967608482812,1
26.628649246483576,1944.5335574459773,1
24.314218457539994,1203.3722706150752,1
18.689121500651083,1633.601133526538,1
24.788998375183553,2085.2700218569976,1
25.489891364357675,2213.8048082601767,1
25.127499321179585,1450.2453885984164,1
19.634372965494833,1489.035473020051,1
26.066878659797453,2236.8705652665835,1
25.569399823082847,2243.1674234580737,1
25.697605705261253,2132.5977638375502,1
22.160967072196627,1834.012665600751,1
24.788998375183553,2085.2700218569976,1
26.446072276433313,2221.967608482812,1
25.489891364357675,2213.8048082601767,1
25.489891364357675,2213.8048082601767,1
20.139410432179773,1573.7702853989344,1
22.520783643369384,2025.5959227692824,1
26.05168248812356,1751.0450117301684,1
21.248628764682394,2065.350898356412,1
20.508263796851793,1930.4255887877684,1
20.508263796851793,1930.4255887877684,1
19.640833097515667,1491.9784039270621,1
23.201414020244897,1552.992516012166,1
23.936089558071558,1585.1009793591243,1
23.175458382115266,2089.973852784608,1
26.130302882194542,2461.459775270198,1
23.057481673269592,2497.2176931810122,1
27.204535329909618,1773.5291317116958,1
22.526551992243014,2584.101934732173,1
22.136219533284475,1547.2105450939875,1
24.736864071800653,3137.813896687005,1
27.688630421956418,2152.382948250745,1
22.50815724266903,1885.3228583943587,1
25.489891364357675,2213.8048082601767,1
26.628649246483576,1944.5335574459773,1
23.571520344416342,1893.6055012058955,1
24.661051262749652,1776.6784138989192,1
19.69394673947943,2071.209289879773,1
23.75302728017175,1633.096837253545,1
24.314218457539994,1203.3722706150752,1
22.750468826293968,1846.4351527404528,1
25.429690297444665,3633.8141046476107,1
25.429690297444665,3633.8141046476107,1
25.429690297444665,3633.8141046476107,1
23.201414020244897,1552.992516012166,1
24.474563392411028,1420.547512174819,1
26.108650620778405,2406.8743221473437,1
23.613193342420857,2339.3516734254104,1
27.161356226603175,2272.480767966483,1
27.161356226603175,2272.480767966483,1
27.161356226603175,2272.480767966483,1
27.39732591134532,2068.6106838297587,1
27.39732591134532,2068.6106838297587,1
23.577083206176724,1908.8121809077006,1
19.959632915920736,1674.9670289468509,1
26.05168248812356,1751.0450117301684,1
22.160967072196627,1834.012665600751,1
22.160967072196627,1834.012665600751,1
25.43753649393716,1726.5313200664264,1
23.89737873077388,2175.9433493029815,1
25.489891364357675,2213.8048082601767,1
23.89737873077388,2175.9433493029815,1
25.429690297444665,3633.8141046476107,1
22.614958500862144,3272.691615672086,1
25.127499321179585,1450.2453885984164,1
22.614958500862144,3272.691615672086,1
25.127499321179585,1450.2453885984164,1
20.66895169858583,1648.9643387508136,1
23.441358566284237,2368.4413179766875,1
23.577083206176724,1908.8121809077006,1
25.055712636311853,2093.041711301778,1
23.571520344416342,1893.6055012058955,1
26.303429328070763,2630.108327419732,1
26.303429328070763,2630.108327419732,1
25.429690297444665,3633.8141046476107,1
26.6285806655884,1450.8308812987548,1
26.91784831153018,1424.0942604851466,1
25.489891364357675,2213.8048082601767,1
23.568031777275962,2459.7713917505484,1
23.441358566284237,2368.4413179766875,1
26.130302882194542,2461.459775270198,1
26.303429328070763,2630.108327419732,1
27.594943618774437,1421.7295542371016,1
21.40802620251975,1927.88896784303,1
20.133351716541085,1542.459905893777,1
21.40802620251975,1927.88896784303,1
20.56869015693661,2027.8911337268096,1
20.32690569559736,1741.7880341422301,1
23.89737873077388,2175.9433493029815,1
24.751951132880322,1765.6013600539904,1
23.541057960192347,2083.6967647087317,1
23.156179504394572,1951.9623376440745,1
22.56402104695644,2109.703310580228,1
23.28816085088829,2031.3285708439093,1
22.56402104695644,2109.703310580228,1
22.614958500862144,3272.691615672086,1
25.489891364357675,2213.8048082601767,1
23.631663612083173,1053.103227914546,1
26.066878659797453,2236.8705652665835,1
27.082874321215115,1473.9303149294597,1
26.130302882194542,2461.459775270198,1
26.73767623901375,1865.716048331235,1
22.811913195523346,1985.8470305812102,1
25.60977658468579,1649.0842148673278,1
23.175458382115266,2089.973852784608,1
22.159610817167504,1844.5602998149138,1
20.44403423468276,1747.3598726105433,1
22.159610817167504,1844.5602998149138,1
23.28816085088829,2031.3285708439093,1
22.159610817167504,1844.5602998149138,1
23.89737873077388,2175.9433493029815,1
25.489891364357675,2213.8048082601767,1
20.16251758843464,1807.2467416536551,1
24.456640215273296,2434.0292222809535,1
20.66895169858583,1648.9643387508136,1
24.456640215273296,2434.0292222809535,1
27.082874321215115,1473.9303149294597,1
26.803368042454622,1827.6722252380591,1
20.16251758843464,1807.2467416536551,1
23.577083206176724,1908.8121809077006,1
26.628223526783472,1730.7832211267691,1
24.576254622141562,1739.3491908919555,1
24.576254622141562,1739.3491908919555,1
24.314218457539994,1203.3722706150752,1
27.132412641188694,2341.094900668834,1
26.34773337576121,2343.6729617428523,1
27.489589627583825,1553.353358806346,1
22.526551992243014,2584.101934732173,1
19.959632915920736,1674.9670289468509,1
21.633547963851584,2130.483773351882,1
19.330024246942457,1509.8604232084494,1
27.489589627583825,1553.353358806346,1
25.489891364357675,2213.8048082601767,1
23.50697987874355,1053.2724604022246,1
26.6285806655884,1450.8308812987548,1
25.450326008266927,1432.8998893511039,1
25.94261320255424,2101.197094471429,1
20.32690569559736,1741.7880341422301,1
25.489891364357675,2213.8048082601767,1
23.94639175732931,1322.3634444188815,1
26.446072276433313,2221.967608482812,1
26.066878659797453,2236.8705652665835,1
25.690616099039744,1424.72187876818,1
24.555228978937237,1817.1314716350776,1
24.555228978937237,1817.1314716350776,1
27.489589627583825,1553.353358806346,1
21.40802620251975,1927.88896784303,1
20.66895169858583,1648.9643387508136,1
27.258300558726035,1596.2187506270152,1
27.688630421956418,2152.382948250745,1
22.160967072196627,1834.012665600751,1
21.754364522298147,2436.3277524721366,1
22.114831270490413,1959.9626779567939,1
27.161356226603175,2272.480767966483,1
27.161356226603175,2272.480767966483,1
26.73767623901375,1865.716048331235,1
22.614958500862144,3272.691615672086,1
25.94261320255424,2101.197094471429,1
20.133351716541085,1542.459905893777,1
26.412178876664882,1484.2231504630786,1
20.446231178001142,1712.149497867797,1
26.303429328070763,2630.108327419732,1
26.303429328070763,2630.108327419732,1
26.303429328070763,2630.108327419732,1
26.303429328070763,2630.108327419732,1
27.132412641188694,2341.094900668834,1
27.161356226603175,2272.480767966483,1
23.25905108596345,1224.7227512311679,1
23.201414020244897,1552.992516012166,1
21.779360326131155,2524.6224671613913,1
22.382168648459754,1300.3059744846564,1
26.108650620778405,2406.8743221473437,1
22.32340386002153,1703.8624554884177,1
23.571520344416342,1893.6055012058955,1
19.766160129365517,1935.4841306817275,1
23.19113429841542,1088.8664990675193,1
25.569381332397427,1404.2085342120868,1
23.571520344416342,1893.6055012058955,1
26.91784831153018,1424.0942604851466,1
25.94261320255424,2101.197094471429,1
24.736864071800653,3137.813896687005,1
20.828289413452183,1774.1660632204753,1
25.489891364357675,2213.8048082601767,1
24.333380684485803,2377.5531172764045,1
27.161356226603175,2272.480767966483,1
24.333380684485803,2377.5531172764045,1
20.828289413452183,1774.1660632204753,1
20.828289413452183,1774.1660632204753,1
19.55149411095516,3152.860035003398,1
19.881216303507472,2048.9413857471686,1
23.613193342420857,2339.3516734254104,1
25.429690297444665,3633.8141046476107,1
24.736864071800653,3137.813896687005,1
21.45148133171932,2119.527664781783,1
21.45148133171932,2119.527664781783,1
22.614958500862144,3272.691615672086,1
23.577083206176724,1908.8121809077006,1
20.133351716541085,1542.459905893777,1
21.633547963851584,2130.483773351882,1
26.663743233680748,2121.638157219861,1
26.34773337576121,2343.6729617428523,1
23.89737873077388,2175.9433493029815,1
23.89737873077388,2175.9433493029815,1
23.89737873077388,2175.9433493029815,1
20.061999681260886,1797.9391336452704,1
24.018707983834418,1056.2590517115336,1
27.161356226603175,2272.480767966483,1
23.613193342420857,2339.3516734254104,1
27.133877709332637,2321.581565589879,1
25.288065670154765,2255.383831263755,1
26.108650620778405,2406.8743221473437,1
24.736864071800653,3137.813896687005,1
25.429690297444665,3633.8141046476107,1
24.788998375183553,2085.2700218569976,1
22.27889467875167,2250.780355931495,1
27.132412641188694,2341.094900668834,1
27.132412641188694,2341.094900668834,1
27.132412641188694,2341.094900668834,1
22.614958500862144,3272.691615672086,1
21.633547963851584,2130.483773351882,1
26.628649246483576,1944.5335574459773,1
26.628223526783472,1730.7832211267691,1
20.160874355144983,4032.958992571805,1
24.697383605109337,1862.017840893243,1
24.999086761474587,1874.2233596753817,1
27.161356226603175,2272.480767966483,1
27.133877709332637,2321.581565589879,1
20.428986934587044,3507.7357374143344,1
20.139410432179773,1573.7702853989344,1
25.94261320255424,2101.197094471429,1
27.95452124277756,1318.4420622896891,1
25.601559135960656,1748.6105978500586,1
22.750468826293968,1846.4351527404528,1
25.924432196440534,2020.911101998065,1
19.505711986400456,1527.4435885262233,1
23.926668633355064,3995.6568673264724,1
20.56869015693661,2027.8911337268096,1
27.39732591134532,2068.6106838297587,1
20.56869015693661,2027.8911337268096,1
25.94261320255424,2101.197094471429,1
24.90032704671222,2695.686370880578,1
23.28816085088829,2031.3285708439093,1
24.751951132880322,1765.6013600539904,1
26.91784831153018,1424.0942604851466,1
26.108650620778405,2406.8743221473437,1
27.161356226603175,2272.480767966483,1
25.187076399061425,1080.228836090539,1
18.689121500651083,1633.601133526538,1
18.689121500651083,1633.601133526538,1
26.663743233680748,2121.638157219861,1
26.34773337576121,2343.6729617428523,1
23.381681605747815,1873.9395856868964,1
26.9144904772441,1269.0238624822837,1
26.944189114040796,1350.7087871443969,1
26.130302882194542,2461.459775270198,1
24.456640215273296,2434.0292222809535,1
26.740704663594613,2762.1044076990825,1
25.94261320255424,2101.197094471429,1
20.760278214348773,2214.135323466037,1
22.32340386002153,1703.8624554884177,1
18.689121500651083,1633.601133526538,1
18.689121500651083,1633.601133526538,1
26.663743233680748,2121.638157219861,1
21.8351618607839,2323.261593283389,1
26.663743233680748,2121.638157219861,1
27.161356226603175,2272.480767966483,1
23.383968713548427,2027.7521654975158,1
23.89737873077388,2175.9433493029815,1
24.730007457733166,2666.4855971944075,1
26.130302882194542,2461.459775270198,1
25.924432196440534,2020.911101998065,1
23.577083206176724,1908.8121809077006,1
26.663743233680748,2121.638157219861,1
26.108650620778405,2406.8743221473437,1
25.94261320255424,2101.197094471429,1
27.39732591134532,2068.6106838297587,1
22.614958500862144,3272.691615672086,1
26.740704663594613,2762.1044076990825,1
25.444387928644858,2041.4515368652087,1
19.191626445452414,1329.7991238546115,1
23.926668633355064,3995.6568673264724,1
27.133877709332637,2321.581565589879,1
27.133877709332637,2321.581565589879,1
27.584131177266443,2130.7071231317263,1
24.730007457733166,2666.4855971944075,1
22.740316574661847,2057.903376222823,1
26.34773337576121,2343.6729617428523,1
25.63494199117025,1931.1785146605712,1
24.38652018592478,1405.8658711623889,1
26.925881910324108,1451.0273121309024,1
26.9409413231744,1364.360255004142,1
26.240955924987816,1387.6736953866225,1
23.571520344416342,1893.6055012058955,1
26.34773337576121,2343.6729617428523,1
21.45148133171932,2119.527664781783,1
21.45148133171932,2119.527664781783,1
21.45148133171932,2119.527664781783,1
23.383968713548427,2027.7521654975158,1
25.51612868838839,1616.0013087105494,1
26.663743233680748,2121.638157219861,1
23.926668633355064,3995.6568673264724,1
20.259589481353714,1754.752886296485,1
26.628649246483576,1944.5335574459773,1
27.688630421956418,2152.382948250745,1
24.576254622141562,1739.3491908919555,1
26.489590793185812,1437.4064214539271,1
26.451901008969344,1439.0353009116393,1
17.674701309204124,3146.340918542121,1
22.798686746450585,2578.5663507890445,1
22.114831270490413,1959.9626779567939,1
25.28845720291139,1744.8200553667289,1
21.414066468141016,1641.065944732402,1
20.66895169858583,1648.9643387508136,1
25.98736760174785,2439.322837443326,1
23.89737873077388,2175.9433493029815,1
27.133877709332637,2321.581565589879,1
22.526551992243014,2584.101934732173,1
26.663743233680748,2121.638157219861,1
21.40802620251975,1927.88896784303,1
26.91784831153018,1424.0942604851466,1
25.288065670154765,2255.383831263755,1
25.699402674922283,2350.6556086253863,1
19.191626445452414,1329.7991238546115,1
27.204535329909618,1773.5291317116958,1
26.663743233680748,2121.638157219861,1
26.91784831153018,1424.0942604851466,1
24.19472919040254,2423.27014058945,1
22.811913195523346,1985.8470305812102,1
23.571520344416342,1893.6055012058955,1
25.63494199117025,1931.1785146605712,1
25.28845720291139,1744.8200553667289,1
25.699402674922283,2350.6556086253863,1
25.569399823082847,2243.1674234580737,1
25.127499321179585,1450.2453885984164,1
25.913701205783468,1463.0727738153678,1
27.03079418606228,1440.1354312908393,1
27.489589627583825,1553.353358806346,1
27.133877709332637,2321.581565589879,1
24.333380684485803,2377.5531172764045,1
24.333380684485803,2377.5531172764045,1
26.663743233680748,2121.638157219861,1
21.700998497009323,2136.021070928548,1
21.253651555379236,2131.8789877009135,1
25.94261320255424,2101.197094471429,1
26.303429328070763,2630.108327419732,1
26.897671190897654,1307.3215641092997,1
25.079285911277452,3761.5447200846415,1
27.112451807657862,1716.8156512093287,1
27.489589627583825,1553.353358806346,1
26.91784831153018,1424.0942604851466,1
23.383968713548427,2027.7521654975158,1
25.489891364357675,2213.8048082601767,1
26.91784831153018,1424.0942604851466,1
26.91784831153018,1424.0942604851466,1
26.9144904772441,1269.0238624822837,1
26.91784831153018,1424.0942604851466,1
25.697605705261253,2132.5977638375502,1
25.697605705261253,2132.5977638375502,1
25.98736760174785,2439.322837443326,1
26.34773337576121,2343.6729617428523,1
26.740704663594613,2762.1044076990825,1
26.925881910324108,1451.0273121309024,1
26.925881910324108,1451.0273121309024,1
27.161356226603175,2272.480767966483,1
26.663743233680748,2121.638157219861,1
26.91784831153018,1424.0942604851466,1
25.601559135960656,1748.6105978500586,1
23.383968713548427,2027.7521654975158,1
24.51107508341471,1860.6735363614303,1
22.159610817167504,1844.5602998149138,1
27.132412641188694,2341.094900668834,1
20.995167103520146,1948.0299733590823,1
20.56869015693661,2027.8911337268096,1
20.56869015693661,2027.8911337268096,1
26.108650620778405,2406.8743221473437,1
25.569399823082847,2243.1674234580737,1
25.699402674922283,2350.6556086253863,1
20.446231178001142,1712.149497867797,1
27.239226383633138,2195.957646520112,1
22.159610817167504,1844.5602998149138,1
22.159610817167504,1844.5602998149138,1
22.159610817167504,1844.5602998149138,1
22.507117684682214,2022.832673789237,1
17.674701309204124,3146.340918542121,1
24.730007457733166,2666.4855971944075,1
22.798686746450585,2578.5663507890445,1
24.736864071800653,3137.813896687005,1
24.456640215273296,2434.0292222809535,1
18.388435300191304,2147.1343308698874,1
26.663743233680748,2121.638157219861,1
26.34773337576121,2343.6729617428523,1
22.159610817167504,1844.5602998149138,1
25.78179489317398,2243.077871204589,1
22.614958500862144,3272.691615672086,1
22.614958500862144,3272.691615672086,1
25.98736760174785,2439.322837443326,1
27.132412641188694,2341.094900668834,1
24.816542289370545,2002.053023130868,1
26.91784831153018,1424.0942604851466,1
25.98736760174785,2439.322837443326,1
27.553712844848633,2115.0816276681167,1
24.697383605109337,1862.017840893243,1
22.614958500862144,3272.691615672086,1
23.571520344416342,1893.6055012058955,1
26.34773337576121,2343.6729617428523,1
26.34773337576121,2343.6729617428523,1
23.571520344416342,1893.6055012058955,1
25.003666814168298,1855.3449854266387,1
23.577083206176724,1908.8121809077006,1
25.28845720291139,1744.8200553667289,1
25.699402674922283,2350.6556086253863,1
22.520783643369384,2025.5959227692824,1
26.34773337576121,2343.6729617428523,1
26.34773337576121,2343.6729617428523,1
25.667745098169405,2142.8347982477885,1
25.95392341613774,1943.119984866355,1
20.26361202913182,1821.820088477109,1
20.26361202913182,1821.820088477109,1
20.26361202913182,1821.820088477109,1
26.489590793185812,1437.4064214539271,1
26.95109965006509,1365.5977666389686,1
27.161356226603175,2272.480767966483,1
23.55164882272919,2090.1754990231734,1
23.50468934866103,2171.5909697127086,1
24.456640215273296,2434.0292222809535,1
27.239226383633138,2195.957646520112,1
25.94261320255424,2101.197094471429,1
27.39732591134532,2068.6106838297587,1
19.04925446943804,2505.8804944169265,1
22.370454194810634,2024.496347458337,1
22.614958500862144,3272.691615672086,1
26.34773337576121,2343.6729617428523,1
22.614958500862144,3272.691615672086,1
26.446072276433313,2221.967608482812,1
22.370454194810634,2024.496347458337,1
24.456640215273296,2434.0292222809535,1
26.663743233680748,2121.638157219861,1
25.326042683919297,2426.258393378232,1
25.294597730449595,1673.1555283081275,1
17.387636938549292,2165.300358833049,1
23.156179504394572,1951.9623376440745,1
20.446231178001142,1712.149497867797,1
20.44769058227547,1582.5731575500708,1
21.414066468141016,1641.065944732402,1
22.158345037793367,1838.2543630909663,1
25.444387928644858,2041.4515368652087,1
22.158345037793367,1838.2543630909663,1
23.55164882272919,2090.1754990231734,1
25.98736760174785,2439.322837443326,1
24.456640215273296,2434.0292222809535,1
25.435395767575244,1801.2457646441203,1
26.740704663594613,2762.1044076990825,1
25.294597730449595,1673.1555283081275,1
23.571520344416342,1893.6055012058955,1
25.28845720291139,1744.8200553667289,1
23.577083206176724,1908.8121809077006,1
27.161356226603175,2272.480767966483,1
23.189510599772177,2244.8593273770553,1
23.175458382115266,2089.973852784608,1
23.28816085088829,2031.3285708439093,1
23.189510599772177,2244.8593273770553,1
27.95452124277756,1318.4420622896891,1
22.614958500862144,3272.691615672086,1
22.614958500862144,3272.691615672086,1
24.456640215273296,2434.0292222809535,1
24.456640215273296,2434.0292222809535,1
22.614958500862144,3272.691615672086,1
22.614958500862144,3272.691615672086,1
24.456640215273296,2434.0292222809535,1
26.91784831153018,1424.0942604851466,1
16.881602223714253,1655.251228065465,1
23.571520344416342,1893.6055012058955,1
26.108650620778405,2406.8743221473437,1
24.555228978937237,1817.1314716350776,1
23.7603425343832,1918.259029091571,1
23.571520344416342,1893.6055012058955,1
27.239226383633138,2195.957646520112,1
26.446072276433313,2221.967608482812,1
21.307330067952478,2172.6797640335303,1
25.16127814090612,1646.9052217912417,1
20.66895169858583,1648.9643387508136,1
23.571520344416342,1893.6055012058955,1
25.540374785778567,1586.6592273127776,1
19.07073906792533,1512.6165047299605,1
25.444387928644858,2041.4515368652087,1
25.061451975504497,1750.2159111213427,1
25.28845720291139,1744.8200553667289,1
24.697383605109337,1862.017840893243,1
25.51612868838839,1616.0013087105494,1
18.785521697166985,1500.8521050226432,1
24.736864071800653,3137.813896687005,1
27.239226383633138,2195.957646520112,1
25.98736760174785,2439.322837443326,1
26.91784831153018,1424.0942604851466,1
27.161356226603175,2272.480767966483,1
25.697605705261253,2132.5977638375502,1
24.938816890010173,2335.0773274910193,1
24.938816890010173,2335.0773274910193,1
25.51612868838839,1616.0013087105494,1
27.161356226603175,2272.480767966483,1
23.571520344416342,1893.6055012058955,1
26.070185470581066,1479.8968330037337,1
23.577083206176724,1908.8121809077006,1
26.73767623901375,1865.716048331235,1
25.94261320255424,2101.197094471429,1
24.456640215273296,2434.0292222809535,1
25.65510594050096,2241.7755916726333,1
26.740704663594613,2762.1044076990825,1
23.926668633355064,3995.6568673264724,1
23.383968713548427,2027.7521654975158,1
27.082874321215115,1473.9303149294597,1
24.736864071800653,3137.813896687005,1
23.44250185224746,2183.0791838478785,1
23.44250185224746,2183.0791838478785,1
22.159610817167504,1844.5602998149138,1
22.159610817167504,1844.5602998149138,1
25.489891364357675,2213.8048082601767,1
22.507117684682214,2022.832673789237,1
26.9409413231744,1364.360255004142,1
24.90032704671222,2695.686370880578,1
22.380176847409018,1806.3756309461337,1
26.489590793185812,1437.4064214539271,1
26.95109965006509,1365.5977666389686,1
26.070185470581066,1479.8968330037337,1
26.9144904772441,1269.0238624822837,1
25.061451975504497,1750.2159111213427,1
26.6285806655884,1450.8308812987548,1
25.63494199117025,1931.1785146605712,1
18.821865336100302,2399.0400031220656,1
24.424032812407575,1774.9907940637809,1
23.175458382115266,2089.973852784608,1
23.175458382115266,2089.973852784608,1
21.307330067952478,2172.6797640335303,1
21.307330067952478,2172.6797640335303,1
23.936089558071558,1585.1009793591243,1
23.221875863326204,1946.4314028632384,1
25.63494199117025,1931.1785146605712,1
22.160967072196627,1834.012665600751,1
22.56402104695644,2109.703310580228,1
23.50468934866103,2171.5909697127086,1
23.571520344416342,1893.6055012058955,1
20.061999681260886,1797.9391336452704,1
20.145118808746304,1933.0655865382892,1
23.221875863326204,1946.4314028632384,1
25.697605705261253,2132.5977638375502,1
24.424032812407575,1774.9907940637809,1
26.91784831153018,1424.0942604851466,1
26.95109965006509,1365.5977666389686,1
27.594943618774437,1421.7295542371016,1
25.699402674922283,2350.6556086253863,1
23.057481673269592,2497.2176931810122,1
22.507117684682214,2022.832673789237,1
23.571520344416342,1893.6055012058955,1
25.697605705261253,2132.5977638375502,1
25.63494199117025,1931.1785146605712,1
25.63494199117025,1931.1785146605712,1
21.633547963851584,2130.483773351882,1
25.63494199117025,1931.1785146605712,1
23.571520344416342,1893.6055012058955,1
22.614958500862144,3272.691615672086,1
27.39732591134532,2068.6106838297587,1
25.319812711079976,2472.002894432519,1
25.601559135960656,1748.6105978500586,1
23.383968713548427,2027.7521654975158,1
23.383968713548427,2027.7521654975158,1
25.319812711079976,2472.002894432519,1
17.127516329729986,1659.8647058021766,1
23.383968713548427,2027.7521654975158,1
25.294597730449595,1673.1555283081275,1
27.489589627583825,1553.353358806346,1
20.66895169858583,1648.9643387508136,1
25.697605705261253,2132.5977638375502,1
24.333380684485803,2377.5531172764045,1
24.555228978937237,1817.1314716350776,1
25.601559135960656,1748.6105978500586,1
24.424032812407575,1774.9907940637809,1
23.571520344416342,1893.6055012058955,1
23.571520344416342,1893.6055012058955,1
23.571520344416342,1893.6055012058955,1
25.624371719360397,1644.377820939992,1
25.51612868838839,1616.0013087105494,1
25.51612868838839,1616.0013087105494,1
25.319812711079976,2472.002894432519,1
24.19472919040254,2423.27014058945,1
24.424032812407575,1774.9907940637809,1
23.175458382115266,2089.973852784608,1
25.601559135960656,1748.6105978500586,1
23.175458382115266,2089.973852784608,1
25.32360810173884,2318.8981682073813,1
21.633547963851584,2130.483773351882,1
22.614958500862144,3272.691615672086,1
25.98736760174785,2439.322837443326,1
21.561816787719692,2235.3381931793433,1
27.082874321215115,1473.9303149294597,1
25.569399823082847,2243.1674234580737,1
25.63494199117025,1931.1785146605712,1
25.569399823082847,2243.1674234580737,1
23.221875863326204,1946.4314028632384,1
26.070185470581066,1479.8968330037337,1
25.624371719360397,1644.377820939992,1
22.614958500862144,3272.691615672086,1
25.657018103422956,1571.7544674885016,1
25.294597730449595,1673.1555283081275,1
25.690616099039744,1424.72187876818,1
26.240955924987816,1387.6736953866225,1
23.381681605747815,1873.9395856868964,1
26.070185470581066,1479.8968330037337,1
26.9409413231744,1364.360255004142,1
25.74790675753644,1864.895717055772,1
25.808439798066104,1554.453139008258,1
24.456640215273296,2434.0292222809535,1
22.158345037793367,1838.2543630909663,1
22.520783643369384,2025.5959227692824,1
25.60977658468579,1649.0842148673278,1
23.571520344416342,1893.6055012058955,1
17.127516329729986,1659.8647058021766,1
22.520783643369384,2025.5959227692824,1
25.90161074797311,1617.948398740266,1
22.520783643369384,2025.5959227692824,1
22.507117684682214,2022.832673789237,1
25.65425789242704,1601.3238027703505,1
25.109450798943044,1674.2478802811843,1
24.555228978937237,1817.1314716350776,1
26.108650620778405,2406.8743221473437,1
25.63494199117025,1931.1785146605712,1
21.307330067952478,2172.6797640335303,1
23.057481673269592,2497.2176931810122,1
20.113798157374106,2368.106853963111,1
26.489590793185812,1437.4064214539271,1
24.730007457733166,2666.4855971944075,1
26.9409413231744,1364.360255004142,1
23.571520344416342,1893.6055012058955,1
25.51612868838839,1616.0013087105494,1
24.661051262749652,1776.6784138989192,1
23.175458382115266,2089.973852784608,1
21.633547963851584,2130.483773351882,1
23.571520344416342,1893.6055012058955,1
24.456640215273296,2434.0292222809535,1
23.65264611891763,1942.1455346059543,1
26.070185470581066,1479.8968330037337,1
24.424032812407575,1774.9907940637809,1
25.676197440164117,2036.4002071332675,1
23.44250185224746,2183.0791838478785,1
24.85586141480337,1700.696156175111,1
24.85586141480337,1700.696156175111,1
25.51612868838839,1616.0013087105494,1
25.90161074797311,1617.948398740266,1
25.699402674922283,2350.6556086253863,1
25.78179489317398,2243.077871204589,1
25.78179489317398,2243.077871204589,1
23.577083206176724,1908.8121809077006,1
25.294597730449595,1673.1555283081275,1
25.569399823082847,2243.1674234580737,1
21.946535818917425,2032.92610198376,1
25.74790675753644,1864.895717055772,1
26.070185470581066,1479.8968330037337,1
20.66895169858583,1648.9643387508136,1
22.614958500862144,3272.691615672086,1
22.520783643369384,2025.5959227692824,1
23.571520344416342,1893.6055012058955,1
26.162789743596875,1431.4276993286353,1
25.78179489317398,2243.077871204589,1
25.32360810173884,2318.8981682073813,1
25.676197440164117,2036.4002071332675,1
25.697605705261253,2132.5977638375502,1
22.507117684682214,2022.832673789237,1
25.697605705261253,2132.5977638375502,1
25.63494199117025,1931.1785146605712,1
25.319812711079976,2472.002894432519,1
25.319812711079976,2472.002894432519,1
23.50468934866103,2171.5909697127086,1
23.383968713548427,2027.7521654975158,1
24.555228978937237,1817.1314716350776,1
25.63494199117025,1931.1785146605712,1
23.057481673269592,2497.2176931810122,1
26.125544484456384,1510.9274618339282,1
25.78179489317398,2243.077871204589,1
24.736864071800653,3137.813896687005,1
23.057481673269592,2497.2176931810122,1
25.667745098169405,2142.8347982477885,1
25.569399823082847,2243.1674234580737,1
27.132412641188694,2341.094900668834,1
23.175458382115266,2089.973852784608,1
20.113798157374106,2368.106853963111,1
25.28845720291139,1744.8200553667289,1
25.51612868838839,1616.0013087105494,1
25.98736760174785,2439.322837443326,1
25.319812711079976,2472.002894432519,1
23.383968713548427,2027.7521654975158,1
25.98736760174785,2439.322837443326,1
25.90161074797311,1617.948398740266,1
26.6285806655884,1450.8308812987548,1
24.456640215273296,2434.0292222809535,1
24.456640215273296,2434.0292222809535,1
20.503546142578216,1833.7727159273368,1
25.74790675753644,1864.895717055772,1
25.90161074797311,1617.948398740266,1
23.571520344416342,1893.6055012058955,1
23.571520344416342,1893.6055012058955,1
26.066878659797453,2236.8705652665835,1
25.98736760174785,2439.322837443326,1
22.507117684682214,2022.832673789237,1
22.811913195523346,1985.8470305812102,1
22.520783643369384,2025.5959227692824,1
25.444387928644858,2041.4515368652087,1
25.63494199117025,1931.1785146605712,1
25.17396443684902,1648.1306262325984,1
22.520783643369384,2025.5959227692824,1
25.51612868838839,1616.0013087105494,1
23.383968713548427,2027.7521654975158,1
26.070185470581066,1479.8968330037337,1
25.326042683919297,2426.258393378232,1
24.938816890010173,2335.0773274910193,1
24.333380684485803,2377.5531172764045,1
26.6285806655884,1450.8308812987548,1
25.65510594050096,2241.7755916726333,1
25.534804979960086,2152.182244510625,1
26.240955924987816,1387.6736953866225,1
25.63494199117025,1931.1785146605712,1
25.65510594050096,2241.7755916726333,1
24.456640215273296,2434.0292222809535,1
25.78179489317398,2243.077871204589,1
24.456640215273296,2434.0292222809535,1
26.070185470581066,1479.8968330037337,1
21.700998497009323,2136.021070928548,1
25.294597730449595,1673.1555283081275,1
25.924432196440534,2020.911101998065,1
22.56402104695644,2109.703310580228,1
26.91784831153018,1424.0942604851466,1
23.571520344416342,1893.6055012058955,1
25.676197440164117,2036.4002071332675,1
25.924432196440534,2020.911101998065,1
26.91784831153018,1424.0942604851466,1
25.294597730449595,1673.1555283081275,1
25.60977658468579,1649.0842148673278,1
24.555228978937237,1817.1314716350776,1
26.56691147486373,1399.1589292895537,1
25.569399823082847,2243.1674234580737,1
25.569399823082847,2243.1674234580737,1
25.78179489317398,2243.077871204589,1
25.569399823082847,2243.1674234580737,1
25.444387928644858,2041.4515368652087,1
25.924432196440534,2020.911101998065,1
23.571520344416342,1893.6055012058955,1
23.571520344416342,1893.6055012058955,1
24.555228978937237,1817.1314716350776,1
25.319812711079976,2472.002894432519,1
25.319812711079976,2472.002894432519,1
25.319812711079976,2472.002894432519,1
25.63494199117025,1931.1785146605712,1
22.56402104695644,2109.703310580228,1
25.78179489317398,2243.077871204589,1
25.78179489317398,2243.077871204589,1
25.601559135960656,1748.6105978500586,1
25.699402674922283,2350.6556086253863,1
25.569399823082847,2243.1674234580737,1
26.015971755981468,1604.3786413979274,1
22.520783643369384,2025.5959227692824,1
25.294597730449595,1673.1555283081275,1
25.601559135960656,1748.6105978500586,1
21.633547963851584,2130.483773351882,1
25.924432196440534,2020.911101998065,1
22.507117684682214,2022.832673789237,1
25.534804979960086,2152.182244510625,1
25.32360810173884,2318.8981682073813,1
26.91784831153018,1424.0942604851466,1
25.569399823082847,2243.1674234580737,1
25.408953704833948,2265.4788129043322,1
25.63494199117025,1931.1785146605712,1
25.786125672052833,1882.0256076764804,1
26.9409413231744,1364.360255004142,1
26.240955924987816,1387.6736953866225,1
23.571520344416342,1893.6055012058955,1
25.697605705261253,2132.5977638375502,1
25.676197440164117,2036.4002071332675,1
25.569399823082847,2243.1674234580737,1
25.697605705261253,2132.5977638375502,1
25.924432196440534,2020.911101998065,1
25.294597730449595,1673.1555283081275,1
25.697605705261253,2132.5977638375502,1
25.924432196440534,2020.911101998065,1
26.6285806655884,1450.8308812987548,1
25.676197440164117,2036.4002071332675,1
25.697605705261253,2132.5977638375502,1
26.91784831153018,1424.0942604851466,1
26.91784831153018,1424.0942604851466,1
26.91784831153018,1424.0942604851466,1
26.91784831153018,1424.0942604851466,1
26.91784831153018,1424.0942604851466,1
25.697605705261253,2132.5977638375502,1
26.91784831153018,1424.0942604851466,1
26.91784831153018,1424.0942604851466,1
25.74790675753644,1864.895717055772,1
26.91784831153018,1424.0942604851466,1
25.697605705261253,2132.5977638375502,1
25.667745098169405,2142.8347982477885,1
25.95392341613774,1943.119984866355,1
25.32360810173884,2318.8981682073813,1
25.924432196440534,2020.911101998065,1
25.924432196440534,2020.911101998065,1
25.924432196440534,2020.911101998065,1
26.91784831153018,1424.0942604851466,1
25.401033878326416,1776.2597136211139,1
26.91784831153018,1424.0942604851466,1
25.16127814090612,1646.9052217912417,1
26.91784831153018,1424.0942604851466,1
26.91784831153018,1424.0942604851466,1
25.408376798442816,2362.9298403870803,1
25.63494199117025,1931.1785146605712,1
26.91784831153018,1424.0942604851466,1
27.082874321215115,1473.9303149294597,1
26.91784831153018,1424.0942604851466,1
25.74790675753644,1864.895717055772,1
25.95392341613774,1943.119984866355,1
25.63494199117025,1931.1785146605712,1
25.95392341613774,1943.119984866355,1
25.95392341613774,1943.119984866355,1
26.05168248812356,1751.0450117301684,1
25.676197440164117,2036.4002071332675,1
25.63494199117025,1931.1785146605712,1
26.7913605795967,879.9643933784704,1
26.981068627039576,783.4206789743643,1
27.07631629308065,816.471450777028,1
26.58987628474381,835.500177742217,1
26.819657707214333,871.2624765944223,1
27.064153766632046,867.782295496438,1
26.8803221384685,810.7782647025327,1
26.842930213610316,814.589795471404,1
27.072775618235312,708.0585926782827,1
27.002891476949117,820.0369372975568,1
27.016817188262962,710.8602829289179,1
27.323917516072584,774.9874971818666,1
26.819657707214333,871.2624765944223,1
26.888282394409202,827.8093457233648,1
26.816117731730174,817.2399260115366,1
26.873864604808716,917.3981256794672,1
26.943760172526083,833.2767196011285,1
27.24990241439258,765.7147057366113,1
27.38152741326229,757.7310249221067,1
26.937698936462425,805.7894006383161,1
26.819657707214333,871.2624765944223,1
26.878229077657068,852.6219956588487,1
26.878229077657068,852.6219956588487,1
27.062428410848042,876.6922250401716,1
26.819657707214333,871.2624765944223,1
27.194189246495625,773.8996490847807,1
27.25359442574637,773.5823288571577,1
26.74655833774142,894.0744817268591,1
27.07441334194607,774.4981355976801,1
26.981068627039576,783.4206789743643,1
26.9414151327951,864.7111214709024,1
26.870743560791027,788.5487347852926,1
26.819657707214333,871.2624765944223,1
26.629687881469806,865.3129532944898,1
26.878229077657068,852.6219956588487,1
26.91618142657819,827.9545165610056,1
26.889991908603236,894.532256574605,1
26.920144526163767,848.1260471057634,1
26.878229077657068,852.6219956588487,1
26.981068627039576,783.4206789743643,1
26.878229077657068,852.6219956588487,1
26.878229077657068,852.6219956588487,1
26.878229077657068,852.6219956588487,1
26.819657707214333,871.2624765944223,1
26.819657707214333,871.2624765944223,1
26.878229077657068,852.6219956588487,1
26.878229077657068,852.6219956588487,1
26.44794098990309,857.650884242032,1
27.142537689209007,841.2662118684988,1
26.629687881469806,865.3129532944898,1
27.38152741326229,757.7310249221067,1
26.878229077657068,852.6219956588487,1
26.94648656845095,837.3327486228685,1
26.44794098990309,857.650884242032,1
24.628315862019917,1220.5875374388438,1
19.638798740931918,1450.4398077738028,1
25.502203835381465,997.0633208763342,1
25.945369581192267,1025.5193382513266,1
24.38786583741512,1027.1201588225108,1
22.879013609274807,1440.2188219141703,1
26.12597268422445,1063.0654178571444,1
26.66299209594729,824.510154129241,1
24.368974021629015,1229.9580544244986,1
23.569787491692466,1732.4909649800998,1
23.250235568775906,1678.771604598735,1
25.502203835381465,997.0633208763342,1
24.628315862019917,1220.5875374388438,1
25.945369581192267,1025.5193382513266,1
24.368974021629015,1229.9580544244986,1
25.502203835381465,997.0633208763342,1
20.75432845221627,1438.9186844241362,1
25.316753959655728,1119.9853986513358,1
24.075979359944654,1557.8184768569213,1
25.50101732526508,3303.454735131238,1
25.280045173281678,3144.644078613494,1
14.305501556396507,1370.758213849042,1
21.800576066970848,283.4628827881556,1
20.163157484266492,447.60753661510756,1
19.546833787141054,421.40726447222045,1
19.040969255235495,418.91986951348593,1
18.650839900970425,487.8620065760355,1
17.905798939296233,676.097144187663,1
16.553384283817252,624.0748770546655,1
17.06990633010861,1044.9365794670325,1
18.656667592790484,682.2188913833837,1
25.908397809664393,2242.8744293760997,1
26.163759485880576,2306.731746346925,1
25.91291168455092,2348.6746035527926,1
23.667293732254564,1456.9386027765017,1
25.04741741816207,3092.7370160829764,1
24.273905590124343,3601.519820095275,1
24.188088080996522,2450.431559981082,1
25.415248656691233,2416.758199037288,1
25.286493604611167,2653.2293491077166,1
24.799845455311015,3391.7611137044173,1
25.420285034179756,2565.2291595947486,1
25.524716949462913,2728.8504473876696,1
26.16668315614976,1961.105373502944,1
24.155147647857632,3168.913789839719,1
26.035435732205713,2256.923415513013,1
26.035435732205713,2256.923415513013,1
25.908397809664393,2242.8744293760997,1
25.908397809664393,2242.8744293760997,1
25.524716949462913,2728.8504473876696,1
25.420285034179756,2565.2291595947486,1
25.991452221643385,2234.3164354574424,1
25.524716949462913,2728.8504473876696,1
26.01254446241586,2146.779798717473,1
25.055017625239827,2756.4051084232074,1
25.665982082433914,2156.8384699535113,1
25.644626871744777,2401.7670385551196,1
25.420285034179756,2565.2291595947486,1
26.16668315614976,1961.105373502944,1
25.661550021171593,2000.2404086303454,1
25.055017625239827,2756.4051084232074,1
25.055017625239827,2756.4051084232074,1
25.524716949462913,2728.8504473876696,1
26.265800276256698,1982.8136198234301,1
25.547938378651907,2358.468216658805,1
24.273905590124343,3601.519820095275,1
24.79457644003412,3266.2117227923613,1
25.78202339975462,2106.171146781419,1
25.908397809664393,2242.8744293760997,1
25.644626871744777,2401.7670385551196,1
25.413180741809754,2287.9312381160003,1
25.665982082433914,2156.8384699535113,1
25.902373568216944,2280.386277289365,1
24.79457644003412,3266.2117227923613,1
25.413180741809754,2287.9312381160003,1
25.038484785291928,2500.1528233301383,1
24.796324329750178,2231.6437073063594,1
24.920901870727505,3038.660251350377,1
25.547938378651907,2358.468216658805,1
25.420285034179756,2565.2291595947486,1
25.038484785291928,2500.1528233301383,1
26.418299547831225,2024.8953074228507,1
26.16668315614976,1961.105373502944,1
25.790589135153255,1847.5664675247413,1
24.226784251286517,2898.899850250457,1
25.908965096106897,1865.0873087358218,1
25.420285034179756,2565.2291595947486,1
25.420285034179756,2565.2291595947486,1
24.79457644003412,3266.2117227923613,1
25.90826947045707,1936.976813526128,1
25.287802296058715,2712.161094696496,1
25.413180741809754,2287.9312381160003,1
25.537009692192157,2705.7831481110793,1
25.908397809664393,2242.8744293760997,1
25.413180741809754,2287.9312381160003,1
26.265800276256698,1982.8136198234301,1
25.039940253893576,3122.3376922321063,1
25.666134177313893,1973.252405227397,1
25.908397809664393,2242.8744293760997,1
25.908397809664393,2242.8744293760997,1
26.02926613489791,1822.7933019411307,1
26.01254446241586,2146.779798717473,1
24.073621141342926,1994.0871715557319,1
17.68580827713015,2053.84643450496,1
25.861562877231165,2712.5431530189258,1
24.0323388417562,761.9622841489057,1
23.389574623107933,719.2870944750051,1
19.780310284649943,1007.8967258345823,1
15.91220792134601,903.1878419232111,1
23.679166200425982,645.0954087090234,1
18.167688425381982,930.8807559323053,1
18.615542205656425,556.0492806148271,1
23.184459495544445,832.5039677333574,1
25.01249554951994,603.6815948796014,1
23.421362450009326,821.8128986668329,1
26.18371734619143,1289.6953530621272,1
25.91361114328555,1244.4665849220496,1
25.81994596539124,1316.3471490156394,1
25.880554317292706,1433.4070168447238,1
25.754514821370435,1214.6225728106242,1
25.93792395061911,1107.7453091752272,1
25.880554317292706,1433.4070168447238,1
26.18371734619143,1289.6953530621272,1
25.91361114328555,1244.4665849220496,1
25.91361114328555,1244.4665849220496,1
25.754514821370435,1214.6225728106242,1
26.18371734619143,1289.6953530621272,1
26.18371734619143,1289.6953530621272,1
25.91361114328555,1244.4665849220496,1
26.01736835903597,1145.3315138828498,1
26.18371734619143,1289.6953530621272,1
25.93792395061911,1107.7453091752272,1
26.19080095002147,1377.6245273661357,1
26.19080095002147,1377.6245273661357,1
25.91361114328555,1244.4665849220496,1
26.18371734619143,1289.6953530621272,1
26.18371734619143,1289.6953530621272,1
25.81994596539124,1316.3471490156394,1
26.13041426340743,1260.6488399219256,1
25.91361114328555,1244.4665849220496,1
26.18371734619143,1289.6953530621272,1
26.01736835903597,1145.3315138828498,1
25.88092779936619,1335.7396543037635,1
25.93792395061911,1107.7453091752272,1
26.102627385987205,1527.9933556925994,1
26.19080095002147,1377.6245273661357,1
25.93792395061911,1107.7453091752272,1
25.91361114328555,1244.4665849220496,1
25.81994596539124,1316.3471490156394,1
25.91361114328555,1244.4665849220496,1
26.18371734619143,1289.6953530621272,1
25.91361114328555,1244.4665849220496,1
26.009783935546864,1543.0352322768908,1
25.93792395061911,1107.7453091752272,1
25.91361114328555,1244.4665849220496,1
25.852745859550737,1344.5662155759078,1
26.102627385987205,1527.9933556925994,1
25.852745859550737,1344.5662155759078,1
25.880554317292706,1433.4070168447238,1
25.88092779936619,1335.7396543037635,1
25.81994596539124,1316.3471490156394,1
26.01736835903597,1145.3315138828498,1
25.880554317292706,1433.4070168447238,1
25.852745859550737,1344.5662155759078,1
25.93792395061911,1107.7453091752272,1
25.91361114328555,1244.4665849220496,1
26.18371734619143,1289.6953530621272,1
25.81994596539124,1316.3471490156394,1
26.19080095002147,1377.6245273661357,1
25.93792395061911,1107.7453091752272,1
25.91361114328555,1244.4665849220496,1
26.18371734619143,1289.6953530621272,1
25.91361114328555,1244.4665849220496,1
26.19080095002147,1377.6245273661357,1
26.01736835903597,1145.3315138828498,1
25.852745859550737,1344.5662155759078,1
26.25390875845244,1486.6630367946368,1
25.91361114328555,1244.4665849220496,1
26.18371734619143,1289.6953530621272,1
26.01736835903597,1145.3315138828498,1
26.13041426340743,1260.6488399219256,1
25.93792395061911,1107.7453091752272,1
25.386896705627464,1185.1272106182319,1
25.88092779936619,1335.7396543037635,1
25.91361114328555,1244.4665849220496,1
25.887365341186523,1270.1774247002345,1
25.91361114328555,1244.4665849220496,1
25.91361114328555,1244.4665849220496,1
26.009783935546864,1543.0352322768908,1
26.18371734619143,1289.6953530621272,1
25.91361114328555,1244.4665849220496,1
25.852745859550737,1344.5662155759078,1
25.852745859550737,1344.5662155759078,1
25.386896705627464,1185.1272106182319,1
26.18371734619143,1289.6953530621272,1
25.91361114328555,1244.4665849220496,1
26.19080095002147,1377.6245273661357,1
26.18371734619143,1289.6953530621272,1
25.91361114328555,1244.4665849220496,1
25.91361114328555,1244.4665849220496,1
25.754514821370435,1214.6225728106242,1
26.19080095002147,1377.6245273661357,1
25.91361114328555,1244.4665849220496,1
26.102627385987205,1527.9933556925994,1
25.386896705627464,1185.1272106182319,1
26.628738975524925,1306.988169254039,1
26.514698521296168,1347.51964435098,1
25.830516009860617,1341.8600082409125,1
26.508100879553638,1536.3244980585318,1
26.514698521296168,1347.51964435098,1
26.628738975524925,1306.988169254039,1
25.617057348180765,2841.4987668406707,1
26.08239257118919,2820.73682248709,1
25.861562877231165,2712.5431530189258,1
25.617057348180765,2841.4987668406707,1
25.617057348180765,2841.4987668406707,1
23.82329239618207,2089.2650902282935,1
21.82181440989183,1552.3729741584998,1
24.19698118482313,1041.3464427005988,1
23.69461090299825,2001.7392382037383,1
19.163055600875452,694.8446154606085,1
21.63324910004934,1648.2086375367385,1
19.070710436503134,1339.7316455852729,1
23.973993263244665,1423.55160117266,1
25.370369847615564,592.4550786626081,1
23.25394714143539,776.7559446406107,1
19.65742691887749,702.1868385386209,1
25.28627039061655,2029.0801495325309,1
23.66191714604696,589.496482909892,1
25.41189685397677,453.8502849650126,1
25.918993462456626,358.1655107450228,1
25.18307186762496,424.95846822974494,1
25.542273003714456,498.8614737999182,1
26.17799837324361,417.87130832788756,1
25.35983254114791,480.89131787535956,1
25.35983254114791,480.89131787535956,1
23.636108925229053,637.4497458350401,1
18.152450921800437,793.001086266015,1
20.91733560562136,435.51626131055167,1
22.976083464849523,480.26619553682616,1
18.660326258341513,311.24804616091063,1
18.961800299750507,642.1918615710478,1
15.28719046456473,536.2283036124448,1
17.528361430312714,535.372939707015,1
17.91140618097222,515.0047026586275,1
19.30790990193691,547.9076623928289,1
16.042805290222248,1317.6756843936187,1
23.843444464979143,471.5497314941626,1
27.568754927317343,1076.1344812822085,1
27.616733275519493,742.3514619481306,1
27.30367531549365,1019.3172067415456,1
26.26378854115808,852.4174548697214,1
27.37349954181252,884.6071630727987,1
27.453765858544273,799.7518263768892,1
27.50121009133079,835.0439190876226,1
27.6254326573125,1032.9582884919387,1
26.010858971732034,1062.1215485048037,1
27.572170193990075,934.5891967427473,1
27.560457302275154,774.0294642758112,1
27.69729569753008,866.2644147884588,1
26.449818706512474,809.4067543756704,1
27.232811652289513,1106.455341727708,1
27.005372381210293,1113.0822382879,1
27.381331322409892,1157.9796902847033,1
26.754060363769554,800.3982573759298,1
27.068114323086206,1127.8537891816836,1
27.289326879713315,1255.0251379620772,1
27.45036110877993,1209.8404660832625,1
27.496144049508246,934.4161793601255,1
27.159444913677135,1259.580318630908,1
27.505482892636905,1143.6937384319049,1
23.175458382115266,2089.973852784608,1
27.381331322409892,1157.9796902847033,1
27.005372381210293,1113.0822382879,1
25.87631759643557,941.3356788468103,1
25.933214805239743,1047.3682031047088,1
26.876666402816795,758.5255064081888,1
27.005372381210293,1113.0822382879,1
25.933214805239743,1047.3682031047088,1
25.941130193074514,1128.2532744121295,1
26.328244428281494,830.684740842555,1
26.688796153213048,771.4836865675192,1
27.040134851556104,1264.9604760122043,1
27.445305488223084,1312.7631552529078,1
27.16305316289271,1086.0190138232451,1
25.820837990442897,1029.6933695685607,1
26.26378854115808,852.4174548697214,1
27.4452482677641,1154.5730091643077,1
25.88081027666732,1164.345939458583,1
25.87761840820309,1021.8680992734174,1
25.998438612620077,909.131553770278,1
25.76289541456441,1109.6777513634902,1
27.19668392605257,1144.1942051064711,1
27.005372381210293,1113.0822382879,1
27.251074886322044,1252.8684929024917,1
27.20270669725204,1050.5395688128215,1
26.632067298889183,831.6192336392145,1
26.069568729400658,1153.2806091022235,1
25.88585513432821,1135.8292892586928,1
26.328244428281494,830.684740842555,1
25.76289541456441,1109.6777513634902,1
26.629201189676905,792.854477466319,1
27.4452482677641,1154.5730091643077,1
26.328244428281494,830.684740842555,1
27.37349954181252,884.6071630727987,1
27.124690204196554,735.0211747002344,1
27.19688674079049,1100.2487100672465,1
27.4452482677641,1154.5730091643077,1
26.821550392382107,775.64719393966,1
27.38652918780292,1200.3606863331538,1
27.45036110877993,1209.8404660832625,1
27.198098500569643,1295.729280264352,1
27.19668392605257,1144.1942051064711,1
25.701239811290407,1049.361896516059,1
27.441532495286708,1122.950398178075,1
27.37695183526904,1101.4222808193904,1
25.88081027666732,1164.345939458583,1
27.160994965689554,1285.3151753556472,1
25.76289541456441,1109.6777513634902,1
26.328244428281494,830.684740842555,1
27.4452482677641,1154.5730091643077,1
27.46837487750588,954.3126642715673,1
27.24704171816512,1103.2429307710868,1
27.46837487750588,954.3126642715673,1
25.88081027666732,1164.345939458583,1
27.4452482677641,1154.5730091643077,1
27.4452482677641,1154.5730091643077,1
25.88081027666732,1164.345939458583,1
27.31985447045531,1065.2635663759452,1
26.328244428281494,830.684740842555,1
26.320236354404074,1237.9077978443843,1
27.441532495286708,1122.950398178075,1
27.37349954181252,884.6071630727987,1
27.5097117469424,739.127551020358,1
27.160994965689554,1285.3151753556472,1
27.37695183526904,1101.4222808193904,1
27.4452482677641,1154.5730091643077,1
27.442101923624705,1060.14104262111,1
25.76289541456441,1109.6777513634902,1
27.510595864960635,956.1494335543852,1
25.710960430569116,1097.4645435821753,1
27.442101923624705,1060.14104262111,1
26.86526619139181,833.3232373010854,1
27.005372381210293,1113.0822382879,1
27.13235768049185,1238.8127714407187,1
27.419747797648142,956.9830901932459,1
27.4452482677641,1154.5730091643077,1
27.006598981221487,817.852728815053,1
27.51727903154159,968.1537158798914,1
27.118382935296893,1135.7602819812041,1
25.941130193074514,1128.2532744121295,1
25.87761840820309,1021.8680992734174,1
25.75141963958737,1127.4955540907126,1
27.507481935289263,890.9268908214311,1
27.319039758046472,1236.8549227726203,1
27.258356189727806,1290.6729698192817,1
27.118382935296893,1135.7602819812041,1
27.81826518665656,801.2205258023481,1
27.695420328776038,850.6686657678823,1
27.496144049508246,934.4161793601255,1
27.695420328776038,850.6686657678823,1
27.31672842237691,1031.4921408903342,1
27.444921271006308,1055.1922291528922,1
27.319039758046472,1236.8549227726203,1
25.941130193074514,1128.2532744121295,1
27.4452482677641,1154.5730091643077,1
26.328244428281494,830.684740842555,1
27.691858986096577,835.5458237242441,1
27.62721023559567,819.4938197743635,1
27.3843339443207,1213.5147199046355,1
27.319039758046472,1236.8549227726203,1
27.258356189727806,1290.6729698192817,1
26.86526619139181,833.3232373010854,1
27.496144049508246,934.4161793601255,1
27.754798392093505,805.1790863287191,1
27.384077962239644,1225.7420986902457,1
27.13933699925741,1043.5796611022693,1
27.40525538126633,1017.7784644078951,1
27.147352508262315,1223.7734094273787,1
25.88081027666732,1164.345939458583,1
25.88081027666732,1164.345939458583,1
27.507481935289263,890.9268908214311,1
26.010858971732034,1062.1215485048037,1
25.88081027666732,1164.345939458583,1
27.384077962239644,1225.7420986902457,1
27.445305488223084,1312.7631552529078,1
27.560457302275154,774.0294642758112,1
27.371878022413966,1003.1035065662603,1
27.16305316289271,1086.0190138232451,1
27.695420328776038,850.6686657678823,1
27.629249075687312,807.2787456226091,1
27.46837487750588,954.3126642715673,1
27.160994965689554,1285.3151753556472,1
27.19432104862102,1136.348102987979,1
27.68083534240725,832.8986287128668,1
27.21988929465971,1197.398849577878,1
27.3843339443207,1213.5147199046355,1
27.568754927317343,1076.1344812822085,1
27.45036110877993,1209.8404660832625,1
27.391850195990685,1223.9254534256202,1
27.13235768049185,1238.8127714407187,1
27.69521818161013,795.212668181632,1
27.16305316289271,1086.0190138232451,1
26.00220080481637,892.5235055398683,1
27.695420328776038,850.6686657678823,1
27.37349954181252,884.6071630727987,1
27.438588194413626,1081.8307332706195,1
27.60650623109609,746.3417023431997,1
27.131558736165346,1083.6212493490916,1
27.641824446784142,784.726653994296,1
27.438588194413626,1081.8307332706195,1
26.109353369253654,1161.700472981904,1
26.109353369253654,1161.700472981904,1
26.69134419759115,859.8551236104707,1
26.109353369253654,1161.700472981904,1
27.31985447045531,1065.2635663759452,1
27.162568346659384,1210.3791952144843,1
27.568754927317343,1076.1344812822085,1
27.505482892636905,1143.6937384319049,1
27.31997690200808,1228.5973660659533,1
27.162568346659384,1210.3791952144843,1
27.31985447045531,1065.2635663759452,1
25.998438612620077,909.131553770278,1
27.40525538126633,1017.7784644078951,1
27.160994965689554,1285.3151753556472,1
27.351847015486896,1122.5932732236129,1
27.19688674079049,1100.2487100672465,1
25.88081027666732,1164.345939458583,1
27.441532495286708,1122.950398178075,1
27.19688674079049,1100.2487100672465,1
26.91632288297012,1031.1542682361346,1
27.162568346659384,1210.3791952144843,1
26.00220080481637,892.5235055398683,1
27.24704171816512,1103.2429307710868,1
26.109353369253654,1161.700472981904,1
27.371878022413966,1003.1035065662603,1
27.24704171816512,1103.2429307710868,1
27.45036110877993,1209.8404660832625,1
27.37695183526904,1101.4222808193904,1
27.258266576131177,1049.0305542957526,1
27.258266576131177,1049.0305542957526,1
26.821550392382107,775.64719393966,1
27.31137881278994,1241.1042422067862,1
25.88585513432821,1135.8292892586928,1
27.198098500569643,1295.729280264352,1
27.62740310900142,784.6016556036215,1
26.91632288297012,1031.1542682361346,1
27.53701344692348,772.3121799540262,1
25.75141963958737,1127.4955540907126,1
27.160994965689554,1285.3151753556472,1
27.225844730271263,1275.8789591502887,1
27.384077962239644,1225.7420986902457,1
27.040134851556104,1264.9604760122043,1
27.436633284886682,1161.3184817146998,1
27.441532495286708,1122.950398178075,1
25.879203812281276,976.6758054506521,1
25.76289541456441,1109.6777513634902,1
27.252715740781866,1166.5171578538161,1
27.4452482677641,1154.5730091643077,1
27.320109419389212,1192.2315478336554,1
27.160994965689554,1285.3151753556472,1
27.040134851556104,1264.9604760122043,1
27.319246122572167,1217.4396671366435,1
27.13235768049185,1238.8127714407187,1
26.03125200271603,1107.6831638824683,1
27.632216453552246,802.3393459629755,1
27.198098500569643,1295.729280264352,1
27.13235768049185,1238.8127714407187,1
27.4452482677641,1154.5730091643077,1
27.16305316289271,1086.0190138232451,1
27.118382935296893,1135.7602819812041,1
27.31137881278994,1241.1042422067862,1
27.505482892636905,1143.6937384319049,1
27.31137881278994,1241.1042422067862,1
27.040134851556104,1264.9604760122043,1
27.13235768049185,1238.8127714407187,1
27.441532495286708,1122.950398178075,1
27.251074886322044,1252.8684929024917,1
27.31472218831385,1162.734587491725,1
27.188914871215843,939.9185076367597,1
27.188914871215843,939.9185076367597,1
27.441532495286708,1122.950398178075,1
27.290364428928967,1305.2105948340636,1
27.13235768049185,1238.8127714407187,1
27.439018322172615,1072.7681376051646,1
27.439018322172615,1072.7681376051646,1
27.197034992315878,1175.050169975732,1
27.16305316289271,1086.0190138232451,1
27.252715740781866,1166.5171578538161,1
27.31137881278994,1241.1042422067862,1
27.320109419389212,1192.2315478336554,1
27.13235768049185,1238.8127714407187,1
27.510595864960635,956.1494335543852,1
27.040134851556104,1264.9604760122043,1
27.198098500569643,1295.729280264352,1
27.441532495286708,1122.950398178075,1
27.31472218831385,1162.734587491725,1
27.193049833509633,1174.4848124694568,1
27.659637238429127,822.8771433245878,1
27.19668392605257,1144.1942051064711,1
27.503267542521144,1061.7811873566848,1
27.118382935296893,1135.7602819812041,1
27.695420328776038,850.6686657678823,1
27.50121009133079,835.0439190876226,1
27.198098500569643,1295.729280264352,1
27.659637238429127,822.8771433245878,1
27.56702101736363,842.6037997019033,1
27.320109419389212,1192.2315478336554,1
27.69666498502096,881.3252717268209,1
27.320109419389212,1192.2315478336554,1
27.19688674079049,1100.2487100672465,1
27.659637238429127,822.8771433245878,1
27.568754927317343,1076.1344812822085,1
27.351847015486896,1122.5932732236129,1
27.310817813873314,1251.213558764432,1
27.37695183526904,1101.4222808193904,1
27.251074886322044,1252.8684929024917,1
27.51727903154159,968.1537158798914,1
27.659637238429127,822.8771433245878,1
27.51727903154159,968.1537158798914,1
27.62740310900142,784.6016556036215,1
27.24704171816512,1103.2429307710868,1
27.517347590128622,790.2978554379682,1
27.659637238429127,822.8771433245878,1
27.40525538126633,1017.7784644078951,1
27.19668392605257,1144.1942051064711,1
15.201786994934082,912.303671987031,1
15.59106544677661,981.7074805509786,1
13.95659973709678,799.290028215621,1
13.95659973709678,799.290028215621,1
15.57244002602323,1140.52459299681,1
14.720639006296835,790.6115733098726,1
15.57244002602323,1140.52459299681,1
13.183963765038413,946.1853027355413,1
15.57244002602323,1140.52459299681,1
14.311208516901218,860.5223789822797,1
13.257563331799645,1036.5850076091033,1
18.780625870114307,1815.3772398841124,1
17.7940092086792,650.6306834530573,1
17.7940092086792,650.6306834530573,1
19.025982920328772,1150.7716521632415,1
18.780625870114307,1815.3772398841124,1
19.657088942754854,1748.5041812073928,1
19.657088942754854,1748.5041812073928,1
19.657088942754854,1748.5041812073928,1
17.536655564741693,1129.2660802614432,1
20.1517706259703,1097.044532002185,1
18.169328996870263,996.7589013290147,1
19.025982920328772,1150.7716521632415,1
18.285931748034898,1739.3232554208976,1
18.780625870114307,1815.3772398841124,1
18.780625870114307,1815.3772398841124,1
21.914703324261836,1515.6011626136046,1
17.536655564741693,1129.2660802614432,1
18.780625870114307,1815.3772398841124,1
19.025982920328772,1150.7716521632415,1
17.536655564741693,1129.2660802614432,1
21.914703324261836,1515.6011626136046,1
21.914703324261836,1515.6011626136046,1
21.914703324261836,1515.6011626136046,1
21.914703324261836,1515.6011626136046,1
18.780625870114307,1815.3772398841124,1
20.019560856289388,1825.4961974930507,1
18.780625870114307,1815.3772398841124,1
19.724654305286947,1123.322126270507,1
19.531457201639796,1229.2851515125972,1
18.780625870114307,1815.3772398841124,1
18.780625870114307,1815.3772398841124,1
20.802311470395125,1425.9739041340094,1
17.536655564741693,1129.2660802614432,1
17.78758649993364,1117.4678251158934,1
19.657088942754854,1748.5041812073928,1
22.533729056156062,1436.8441447627288,1
18.780625870114307,1815.3772398841124,1
17.7940092086792,650.6306834530573,1
24.62354289867261,1531.1871849012118,1
22.8233682814099,1400.323693455432,1
22.8233682814099,1400.323693455432,1
24.264927618844183,1472.0124460768443,1
24.264927618844183,1472.0124460768443,1
24.54230249192983,1223.0149216961604,1
20.880146804510446,1586.064670981143,1
23.50251837836373,1798.7375378620368,1
24.264927618844183,1472.0124460768443,1
21.385376693263254,1419.2812934529525,1
26.14785860909359,3334.579904378627,1
24.211323447454618,3120.9738038491946,1
23.67427222640424,3841.2559077155333,1
22.772080694460442,3206.7100264143687,1
26.371016915639245,3158.2609757792693,1
26.38281689131702,2666.192319990371,1
26.14785860909359,3334.579904378627,1
24.05198567708328,3940.673586727355,1
24.05198567708328,3940.673586727355,1
23.67427222640424,3841.2559077155333,1
23.67427222640424,3841.2559077155333,1
23.67427222640424,3841.2559077155333,1
26.225856876373314,2830.759157241557,1
25.131666943383607,3003.800400347684,1
24.05198567708328,3940.673586727355,1
24.05198567708328,3940.673586727355,1
17.956776192074813,2705.885966123317,1
17.83634444342721,1773.7541243445617,1
17.955337733314195,2291.266475619052,1
15.243059685116748,1993.1482195865851,1
20.742535386262148,2126.5756458055716,1
21.840690503801625,2103.645712883447,1
24.680026944478357,2278.963000328515,1
20.742535386262148,2126.5756458055716,1
22.25620203812923,2148.362842203353,1
21.330242700287783,2342.8631804895144,1
24.114382521311484,2224.1294689488154,1
16.427319502830528,3274.747253210519,1
14.361004092646624,2913.3694961678725,1
13.710844230651901,2346.9117812823993,1
25.176485845777734,2768.716157228921,1
22.524223299379685,3494.2015342426043,1
19.484689295733403,3951.1020675313216,1
27.83434686660769,1341.3771398377162,1
19.86884587605789,3185.9710261237365,1
24.27391048333584,2560.119510443185,1
27.489589627583825,1553.353358806346,1
24.583056668882023,3952.665385605071,1
18.937573616593,1160.465177894805,1
17.807011268252495,1654.6201229107123,1
18.937573616593,1160.465177894805,1
18.959049638112447,1456.0941800486785,1
17.807011268252495,1654.6201229107123,1
17.807011268252495,1654.6201229107123,1
17.807011268252495,1654.6201229107123,1
20.1833831151327,4387.928948552582,1
24.05198567708328,3940.673586727355,1
26.461659549531475,2402.6381045591575,1
24.42974829497166,3187.408906222556,1
18.058610759061935,1492.9642573010665,1
18.88240698859812,1148.0906948458892,1
15.193166224161814,1630.3044900309783,1
17.822325579325422,1524.0490891051036,1
15.996961339314794,1381.9848977040988,1
17.133690810203632,2496.271156520818,1
18.819244350086535,1763.5186359297973,1
20.056342358059396,4639.1217567038275,1
24.518352127075218,4082.005468012069,1
24.518352127075218,4082.005468012069,1
22.317565047435323,824.610219151948,1
23.558539115058068,1016.5237382065992,1
23.762569831399333,824.9383948755006,1
26.158745402381555,1611.6963930439692,1
24.021431859334314,1445.411936194871,1
22.946518092685267,982.2134308528642,1
23.172040239969874,1233.1425741326552,1
24.021431859334314,1445.411936194871,1
23.172040239969874,1233.1425741326552,1
22.68926695869078,738.7348197412233,1
20.128539368600627,972.9486040782671,1
22.511505677964976,799.4907170545797,1
21.066193481727964,874.5829433214407,1
17.771696090698242,1599.2304094147426,1
21.313182969526792,1119.8080264043551,1
17.646129279666525,1538.9133550238353,1
19.30785591337417,1220.331904293273,1
19.131272075794357,1379.2804263543826,1
19.30337247848513,1804.1223332297545,1
19.0667726755143,1372.3641790461284,1
21.754943466186603,789.4031859945993,1
19.30337247848513,1804.1223332297545,1
19.0667726755143,1372.3641790461284,1
19.878135002983925,945.3151196253042,1
19.131272075794357,1379.2804263543826,1
19.176896765293236,1796.9493798923236,1
20.874506123860726,881.8589307379465,1
18.826688580635278,1861.3044776034099,1
26.674322927565868,2208.8977813732367,1
27.557544453938817,1699.3936307739955,1
26.182167596528018,2623.50489273784,1
23.82185596954139,2441.122759879802,1
24.77243591944375,2580.998566747878,1
23.752788670857797,986.5598723304014,1
23.378583468812906,905.6044265639524,1
23.378583468812906,905.6044265639524,1
20.191292232937315,1431.5907627355796,1
21.191558032565638,1283.2966603350383,1
24.032346343994163,1221.8188539159041,1
21.697407414363056,1450.9347498428565,1
21.95177499820028,858.3716571342687,1
21.071147190440797,1720.6054933380824,1
22.127496408533204,1561.1657768499595,1
22.12887263827855,1119.918276370738,1
16.370513137181604,1628.4611418854934,1
20.491054153442406,2715.374328942273,1
20.431162028842493,2624.583323301051,1
20.628114863804456,1586.397279800151,1
20.946384461720754,2175.2634353947383,1
20.69909179475576,1446.264681221221,1
18.04128885771098,2682.810135931943,1
19.44655398414244,972.410906852458,1
19.44600708701398,2204.5676641177874,1
17.876529890118206,2666.992720962737,1
17.630618667602562,2878.723316640828,1
18.193175570170126,2908.960391582225,1
18.753421962962477,2930.0339788210135,1
21.065075422216353,2083.3336494874698,1
25.31142016516793,1911.4673443150264,1
24.06601957745022,1895.6533752393466,1
19.57254597056999,3034.396649153207,1
25.31142016516793,1911.4673443150264,1
25.00359772576229,1914.3843807291728,1
26.312563832600915,1273.4933093201857,1
25.8099375406901,1913.4214527916652,1
25.06877447764083,1699.191422016595,1
26.145406818389915,1370.5404818069678,1
25.939879071271037,1414.8294821393233,1
26.130248959859273,1371.3488549005729,1
26.145406818389915,1370.5404818069678,1
25.857701030483952,1708.5150711250049,1
25.785273194924343,1589.7062279295665,1
26.319422817230247,1348.9933431160193,1
26.08976172341238,1106.5245948743564,1
25.200859324137355,1281.0038633656245,1
25.69439221134894,2996.2270453583938,1
25.620433807373047,2775.8651047956687,1
25.629409578111506,2960.8142830443126,1
25.188662306467734,2539.1984254133445,1
25.92926771375869,2282.2072550666076,1
17.377732955084923,1768.0518373858672,1
25.880055046081566,1758.043990285371,1
26.029035949707065,1286.1525088560325,1
25.048790198878237,1302.8158664715033,1
20.045512220594617,2600.5760997545462,1
24.65705751157276,1642.6992610108596,1
24.791879496854847,1410.4886285972339,1
17.377732955084923,1768.0518373858672,1
20.25931085439828,2131.670464576457,1
26.29026468802192,1139.9457648408156,1
27.200558725992835,1725.2393744897586,1
26.003013653225423,1837.9921436321479,1
24.65705751157276,1642.6992610108596,1
24.65705751157276,1642.6992610108596,1
24.791879496854847,1410.4886285972339,1
26.87231216430672,1287.0949812245112,1
25.88578191333346,1912.9761502158385,1
26.003013653225423,1837.9921436321479,1
25.048790198878237,1302.8158664715033,1
24.65705751157276,1642.6992610108596,1
24.540052429835043,2279.370688648198,1
26.003013653225423,1837.9921436321479,1
27.200558725992835,1725.2393744897586,1
24.65705751157276,1642.6992610108596,1
26.003013653225423,1837.9921436321479,1
26.281151038721987,1548.287079484437,1
25.27672483656147,1905.0460726034385,1
25.174903755857258,2125.295986236308,1
25.024482663472497,1754.9412146222335,1
27.06088399642556,1882.723164559577,1
25.289826831483083,1185.0029759120685,1
25.88578191333346,1912.9761502158385,1
23.540031976410887,3440.088921041463,1
25.024994105384508,1603.4348092984897,1
25.03167118496367,1621.5055964898806,1
27.06396859486904,1863.622952998851,1
27.06088399642556,1882.723164559577,1
27.06088399642556,1882.723164559577,1
24.65705751157276,1642.6992610108596,1
27.06396859486904,1863.622952998851,1
27.06088399642556,1882.723164559577,1
25.88578191333346,1912.9761502158385,1
24.672360653347425,3450.55247917888,1
25.658286843476503,1224.6748439979297,1
27.133446290757945,1871.304322780345,1
27.133446290757945,1871.304322780345,1
25.041217700640402,2342.0129612099868,1
24.04412646823465,3115.541604162429,1
24.0119821275984,1872.8485599171859,1
27.200558725992835,1725.2393744897586,1
24.672360653347425,3450.55247917888,1
24.672360653347425,3450.55247917888,1
24.672360653347425,3450.55247917888,1
24.788876692454096,2003.584069014762,1
26.705576651436957,1890.7305046927672,1
24.672360653347425,3450.55247917888,1
23.540031976410887,3440.088921041463,1
27.133446290757945,1871.304322780345,1
25.230431543776433,1410.710864515279,1
26.283891599140475,1361.3906435680133,1
27.222106845795167,1868.6880514037352,1
25.024994105384508,1603.4348092984897,1
26.003013653225423,1837.9921436321479,1
26.53042210737874,2301.256147028182,1
27.133446290757945,1871.304322780345,1
27.133446290757945,1871.304322780345,1
24.66800407833523,2080.907762796853,1
27.06088399642556,1882.723164559577,1
25.024482663472497,1754.9412146222335,1
25.27672483656147,1905.0460726034385,1
25.024994105384508,1603.4348092984897,1
24.52965735329525,2308.1827916216594,1
24.656366093953466,1500.360176713441,1
26.705576651436957,1890.7305046927672,1
25.325969632466638,1850.687545539115,1
27.06088399642556,1882.723164559577,1
25.325969632466638,1850.687545539115,1
25.88578191333346,1912.9761502158385,1
25.88578191333346,1912.9761502158385,1
25.88578191333346,1912.9761502158385,1
27.067754901983847,1158.5019610833865,1
26.003013653225423,1837.9921436321479,1
26.029035949707065,1286.1525088560325,1
26.29026468802192,1139.9457648408156,1
25.230431543776433,1410.710864515279,1
25.024482663472497,1754.9412146222335,1
25.024482663472497,1754.9412146222335,1
25.27672483656147,1905.0460726034385,1
26.281151038721987,1548.287079484437,1
22.163820983424387,1556.5109819185477,1
25.325969632466638,1850.687545539115,1
19.6702898708391,2312.9728443932277,1
24.377780024210608,1681.7616604280215,1
27.06088399642556,1882.723164559577,1
25.880055046081566,1758.043990285371,1
25.415161349726702,1880.9752210986358,1
25.88578191333346,1912.9761502158385,1
27.131078847249398,1715.3255425405246,1
27.222106845795167,1868.6880514037352,1
25.88578191333346,1912.9761502158385,1
27.06088399642556,1882.723164559577,1
27.133156967163075,1605.0853289675456,1
25.325969632466638,1850.687545539115,1
26.003013653225423,1837.9921436321479,1
26.003013653225423,1837.9921436321479,1
25.30111502541439,1780.5995464336615,1
27.222106845795167,1868.6880514037352,1
26.705576651436957,1890.7305046927672,1
26.003013653225423,1837.9921436321479,1
17.44428895688526,2593.505204470132,1
25.024994105384508,1603.4348092984897,1
25.024994105384508,1603.4348092984897,1
24.380229221690797,2007.9147972178203,1
21.373569601553413,1963.167899103139,1
22.507210526643007,2826.716095955346,1
21.761131117079003,2821.573537589286,1
21.506265629662437,2805.7404242467624,1
21.761131117079003,2821.573537589286,1
24.44905110872702,1929.8007756483298,1
22.507210526643007,2826.716095955346,1
22.884828662872394,2722.373374552701,1
22.884828662872394,2722.373374552701,1
22.507210526643007,2826.716095955346,1
22.507210526643007,2826.716095955346,1
21.373569601553413,1963.167899103139,1
24.380229221690797,2007.9147972178203,1
24.565374247233137,1937.0808906864863,1
25.0610072544643,2103.7670828413707,1
22.249758883885022,2717.4277499329787,1
23.512875884618552,2417.067409307931,1
27.749911827511255,2466.482193024133,1
27.69350576854896,2134.591688216899,1
27.206625239054347,1881.1634935450297,1
28.69431052930429,1698.688437045787,1
28.846205457934673,1765.791625530694,1
29.005340067545603,1628.0388802301627,1
22.580839138939268,1912.3860940348845,1
20.007739533318443,2136.215072871421,1
18.88214748089132,1626.1037297558528,1
25.90959348554736,1444.919173420642,1
25.90959348554736,1444.919173420642,1
24.13090188442135,1636.4155940723163,1
24.685274650937117,1437.4946996581298,1
24.685274650937117,1437.4946996581298,1
22.380025609334325,1617.6815152179938,1
24.685274650937117,1437.4946996581298,1
22.380025609334325,1617.6815152179938,1
24.685274650937117,1437.4946996581298,1
20.58837033907571,2056.0550473642093,1
22.256413623264905,1887.406256796096,1
24.656698072524364,2090.952400864337,1
19.239633019765222,1785.1666815590602,1
24.656698072524364,2090.952400864337,1
22.817520214262515,1958.9847631764155,1
21.73191361860802,2005.3880333912116,1
24.133570925394736,1804.6362146746856,1
25.866814458937938,2111.3114364456874,1
25.866814458937938,2111.3114364456874,1
24.693267245170375,1781.571709365819,1
24.693267245170375,1781.571709365819,1
24.949544101291224,2020.1180286717158,1
22.82266297113324,1248.9540547144156,1
20.941460488059306,1572.9514814924937,1
23.25222966229478,1036.330953986619,1
21.003837786780593,1808.757141978715,1
22.12091603808932,1106.9195911299926,1
20.885222880045603,1336.691346765731,1
22.036199917512874,2020.6809610140067,1
22.036199917512874,2020.6809610140067,1
22.12622222900393,1412.636981160615,1
20.69256193372945,1299.5704717945796,1
21.635405330168908,1415.2754776191455,1
21.635405330168908,1415.2754776191455,1
21.6315556844076,1333.534919471715,1
21.635405330168908,1415.2754776191455,1
22.036199917512874,2020.6809610140067,1
23.130773113935447,2515.747324378465,1
23.256033960978243,1698.8215453934413,1
25.812706394684653,2678.134695441697,1
23.76167712211617,2024.7571326803904,1
26.26255492255808,3192.87628010032,1
25.629409578111506,2960.8142830443126,1
25.009850819905637,3052.366086096738,1
23.695853964487753,2670.5102592718345,1
21.573229964574182,1952.5036633026343,1
21.50720125834158,2093.9983882021647,1
21.50720125834158,2093.9983882021647,1
21.376055484347887,1850.8512981247645,1
21.573229964574182,1952.5036633026343,1
22.07349924029728,1471.385177971099,1
22.982993761698424,1906.2777131807547,1
19.69192134172488,1792.7961170685035,1
21.820008355599896,2012.2795596730452,1
22.982993761698424,1906.2777131807547,1
22.572085271562855,1665.5668959033233,1
19.69192134172488,1792.7961170685035,1
22.256413623264905,1887.406256796096,1
22.256413623264905,1887.406256796096,1
21.820008355599896,2012.2795596730452,1
22.575524075826024,1229.9847237777453,1
22.256413623264905,1887.406256796096,1
20.253207952326022,1888.3033178758365,1
22.575524075826024,1229.9847237777453,1
24.88294881184902,1606.4545147132617,1
24.62619895935063,2008.8156990718585,1
26.378391809174502,1739.123717696641,1
26.378391809174502,1739.123717696641,1
24.88294881184902,1606.4545147132617,1
24.25294965108236,1722.9204222571593,1
24.88294881184902,1606.4545147132617,1
25.572696535515092,2751.601547749017,1
27.00815584587332,2875.5634322774154,1
23.84738445736116,2405.900259317134,1
24.439434051513672,2214.768257738326,1
26.15484422047939,2067.836516351674,1
24.439434051513672,2214.768257738326,1
28.322997665405296,2099.106282741998,1
28.076656737150984,2331.9802515220385,1
28.076656737150984,2331.9802515220385,1
26.26255492255808,3192.87628010032,1
22.067726884064882,1709.8992250871402,1
24.577183757684224,1596.6117389511805,1
22.813086764017783,1442.5000146043044,1
21.625483608245872,1735.4160927247744,1
22.067726884064882,1709.8992250871402,1
28.076656737150984,2331.9802515220385,1
27.201081501353883,2194.7658292960864,1
23.63127270653132,1727.1424315881472,1
28.322997665405296,2099.106282741998,1
28.227235233422505,2047.0038473617774,1
28.322997665405296,2099.106282741998,1
24.135514484752377,1760.7245266449195,1
23.319125707944238,1541.845385731433,1
24.626892423629783,1203.8776434969645,1
21.882842494823308,1350.3710672270995,1
28.076656737150984,2331.9802515220385,1
28.076656737150984,2331.9802515220385,1
15.942505830707034,1512.9626363527518,1
15.978849350643486,1110.0516811024886,1
15.698380724589015,1291.4155356597644,1
12.885689608256087,1587.3370438825827,1
14.136543346586734,1389.7391788673144,1
14.136543346586734,1389.7391788673144,1
13.88833906991141,1203.0171684932452,1
14.136543346586734,1389.7391788673144,1
15.942505830707034,1512.9626363527518,1
14.136543346586734,1389.7391788673144,1
21.8085995529637,1066.6916228842479,1
23.94969718367969,969.6846649062376,1
24.261177873611473,929.008458555911,1
23.004911394472515,1083.9846663188678,1
21.8085995529637,1066.6916228842479,1
25.504325962066673,1906.1786279093963,1
25.56107196807858,1828.4987963747722,1
26.00886744746458,2021.5095475327712,1
25.504325962066673,1906.1786279093963,1
24.710432094997884,1993.4588156652194,1
24.968902065135808,1807.9427860688907,1
25.50101732526508,3303.454735131238,1
26.261148643493698,2741.55188053963,1
25.887071439954923,3234.5871262263995,1
25.896650799838028,2888.712794334863,1
26.210016398959738,2544.0784402203303,1
24.297085221608484,3347.3322026443225,1
23.47443773330201,3227.307212353919,1
26.55134904649526,3175.169781596635,1
24.46547308257135,5607.161280513976,1
24.991770627763515,3041.393865646098,1
25.959391053517663,2914.4730724405986,1
24.731637467278404,2886.263639481042,1
24.901491165161133,3896.3373050105315,1
25.896650799838028,2888.712794334863,1
26.08239257118919,2820.73682248709,1
25.617201594817345,3196.994916350816,1
26.425669818454367,3350.516260416482,1
26.1203767705847,2521.772757918809,1
25.271155374516866,2917.1357907366496,1
24.925210147433802,2951.4378950011474,1
25.219931141535426,2691.0694696020823,1
25.861562877231165,2712.5431530189258,1
25.861562877231165,2712.5431530189258,1
25.861562877231165,2712.5431530189258,1
26.28972746531167,882.2324581455927,1
22.899082165672667,958.0681368720274,1
25.156257671780054,953.4934319567423,1
26.531266487969333,1046.1979478609305,1
26.54886847904754,1038.8184607040625,1
26.53955621963894,1139.9176947784167,1
26.27344651903428,948.6000843357782,1
26.233696245264127,1161.0667563986522,1
26.268207853268336,1013.6569596838693,1
20.5373477935791,1117.465772480939,1
26.531266487969333,1046.1979478609305,1
24.015649096171046,907.5477689516287,1
26.268207853268336,1013.6569596838693,1
23.528715917799218,713.8878040027361,1
26.268207853268336,1013.6569596838693,1
26.54886847904754,1038.8184607040625,1
26.270570963905016,1051.63019597647,1
26.531266487969333,1046.1979478609305,1
26.28972746531167,882.2324581455927,1
26.409851181812826,998.2574142527322,1
23.528715917799218,713.8878040027361,1
25.41714473300516,1379.2047955107432,1
26.66503531138102,1543.3660641324263,1
26.7956316630046,1506.3130564999324,1
26.657344224717917,1485.2762751292926,1
26.739441781573817,1249.4452379655581,1
26.24689127604165,1464.4253671180945,1
27.056299827212342,1385.6442466389876,1
26.6452430725098,1441.6843175899726,1
27.007858106825154,1317.241177709077,1
27.056299827212342,1385.6442466389876,1
26.333888096279566,1695.2266998600703,1
26.451497922624867,1619.156208635543,1
27.381309551662866,1323.317409307931,1
27.12016385396322,1372.4885366868716,1
27.007858106825154,1317.241177709077,1
27.056299827212342,1385.6442466389876,1
26.157159539425038,1912.9038795840484,1
26.157159539425038,1912.9038795840484,1
26.408829807099835,1504.8751242470485,1
26.657344224717917,1485.2762751292926,1
27.012078857421898,1462.5456824910384,1
26.661098850134636,1630.3675293934089,1
26.665190666600324,1701.6857236635428,1
27.474951012929296,1207.7380761515838,1
27.474951012929296,1207.7380761515838,1
26.66503531138102,1543.3660641324263,1
26.54090270996096,1726.5281535696727,1
26.348143819847508,1641.5291063499194,1
26.41451176537413,1663.580716402505,1
27.043249248323036,1365.8540554356318,1
27.056299827212342,1385.6442466389876,1
27.06270556979706,1389.6859295677882,1
26.943258115980427,1384.12014469621,1
27.03034927933311,1381.5509349119407,1
26.80121974036814,1530.8269754063826,1
26.791413954192535,1373.2366941880923,1
26.24689127604165,1464.4253671180945,1
26.24689127604165,1464.4253671180945,1
26.32518737227832,1701.166865230773,1
26.661098850134636,1630.3675293934089,1
26.56999470392867,1499.6694855403643,1
25.249026393890404,1909.6789889049273,1
26.661098850134636,1630.3675293934089,1
27.290364428928967,1305.2105948340636,1
27.054903991134097,1410.2670520555716,1
26.67137925284254,1464.5752467226725,1
26.661098850134636,1630.3675293934089,1
27.007858106825154,1317.241177709077,1
27.186304823557577,1279.4183015835029,1
27.186304823557577,1279.4183015835029,1
27.007858106825154,1317.241177709077,1
27.06270556979706,1389.6859295677882,1
27.203416999181115,1415.6441099953395,1
27.192905203501425,1332.2778984915954,1
27.144499397277855,1428.203054518674,1
26.661098850134636,1630.3675293934089,1
26.661098850134636,1630.3675293934089,1
26.850683749163636,1471.7679701757174,1
26.80121974036814,1530.8269754063826,1
26.76712570190432,1468.4750184428435,1
26.661098850134636,1630.3675293934089,1
26.80121974036814,1530.8269754063826,1
26.661098850134636,1630.3675293934089,1
26.16767876942953,1976.3495631527644,1
27.056299827212342,1385.6442466389876,1
27.056299827212342,1385.6442466389876,1
26.16023825539486,1820.28224021313,1
26.66511969793413,1599.1642110061389,1
27.012078857421898,1462.5456824910384,1
25.785907618204817,1503.8566224288684,1
27.25886611938472,1311.6159111273032,1
27.12016385396322,1372.4885366868716,1
26.661098850134636,1630.3675293934089,1
27.319892501831077,1357.865565271352,1
27.03034927933311,1381.5509349119407,1
26.24689127604165,1464.4253671180945,1
26.810940043131552,1290.032253415559,1
26.943258115980427,1384.12014469621,1
26.24689127604165,1464.4253671180945,1
27.125972207387292,1436.615445466016,1
26.04215721554226,1683.719211072896,1
26.04215721554226,1683.719211072896,1
25.782948112487816,1773.7064816069346,1
26.998298263549827,1326.1603534233313,1
27.32669744491585,1311.9049787533027,1
25.782948112487816,1773.7064816069346,1
26.80121974036814,1530.8269754063826,1
26.41451176537413,1663.580716402505,1
26.348143819847508,1641.5291063499194,1
25.88854454888235,1721.4721187960845,1
27.313327619764607,1248.154573888753,1
27.056299827212342,1385.6442466389876,1
27.192905203501425,1332.2778984915954,1
27.00673605600997,1373.2130795728904,1
27.38092466081895,1420.1866991829615,1
27.203416999181115,1415.6441099953395,1
26.04215721554226,1683.719211072896,1
27.192905203501425,1332.2778984915954,1
27.640536350674154,1091.8187841784697,1
26.32518737227832,1701.166865230773,1
26.181669648488366,1501.9944913696986,1
27.12901967366537,1450.0287108134967,1
27.056299827212342,1385.6442466389876,1
26.791413954192535,1373.2366941880923,1
27.640536350674154,1091.8187841784697,1
26.555681434044516,1378.0726648878795,1
27.00673605600997,1373.2130795728904,1
27.186304823557577,1279.4183015835029,1
27.261506743658174,1394.3240202975016,1
27.03034927933311,1381.5509349119407,1
27.249617195129417,1237.4313406657916,1
27.06270556979706,1389.6859295677882,1
26.67137925284254,1464.5752467226725,1
26.661098850134636,1630.3675293934089,1
27.442457834879576,1160.0453376781684,1
26.795426078069795,1409.36698094127,1
27.043249248323036,1365.8540554356318,1
26.800120925903286,1452.8410144161921,1
27.313327619764607,1248.154573888753,1
27.313327619764607,1248.154573888753,1
26.24689127604165,1464.4253671180945,1
26.32518737227832,1701.166865230773,1
26.397730700174975,1554.6725437056762,1
26.034244420793357,1648.4022110712272,1
26.24689127604165,1464.4253671180945,1
26.24689127604165,1464.4253671180945,1
26.16604200998944,1733.5697494458896,1
26.66902406926738,1427.4502031516772,1
26.378959401448583,1536.4385180186969,1
27.249617195129417,1237.4313406657916,1
25.249026393890404,1909.6789889049273,1
25.418546719021265,1999.3904501211387,1
26.24689127604165,1464.4253671180945,1
26.795426078069795,1409.36698094127,1
25.249026393890404,1909.6789889049273,1
26.557909760651796,1456.9943964493018,1
27.06270556979706,1389.6859295677882,1
27.192905203501425,1332.2778984915954,1
27.058089192708394,1462.8022916626674,1
26.983680760860466,1331.011046470378,1
27.054903991134097,1410.2670520555716,1
27.192905203501425,1332.2778984915954,1
27.056299827212342,1385.6442466389876,1
26.181669648488366,1501.9944913696986,1
27.06270556979706,1389.6859295677882,1
26.16604200998944,1733.5697494458896,1
27.25886611938472,1311.6159111273032,1
27.439792696634868,1229.1311182093364,1
27.03034927933311,1381.5509349119407,1
26.32518737227832,1701.166865230773,1
26.739441781573817,1249.4452379655581,1
26.24689127604165,1464.4253671180945,1
27.186304823557577,1279.4183015835029,1
26.408829807099835,1504.8751242470485,1
27.261506743658174,1394.3240202975016,1
27.192905203501425,1332.2778984915954,1
26.933751133510043,1402.6769369852286,1
27.136317295498372,1448.2073791336757,1
27.439792696634868,1229.1311182093364,1
26.97160424236614,1426.0180227470141,1
26.795426078069795,1409.36698094127,1
26.795426078069795,1409.36698094127,1
26.933751133510043,1402.6769369852286,1
25.316469192504883,1540.6371623289328,1
27.043249248323036,1365.8540554356318,1
27.132711452907984,1445.4824298631888,1
27.229337231318198,1266.6280277085048,1
26.800120925903286,1452.8410144161921,1
26.949149431501098,1361.6166643810016,1
27.053786214192712,1438.5859042417746,1
26.557909760651796,1456.9943964493018,1
26.795426078069795,1409.36698094127,1
26.949149431501098,1361.6166643810016,1
26.94070549011235,1356.344518066619,1
27.198098500569643,1295.729280264352,1
26.3548005051083,1523.5802762222033,1
27.053786214192712,1438.5859042417746,1
26.97160424236614,1426.0180227470141,1
26.94070549011235,1356.344518066619,1
25.782948112487816,1773.7064816069346,1
27.06270556979706,1389.6859295677882,1
26.75242843627933,1451.549527050231,1
26.24689127604165,1464.4253671180945,1
27.261506743658174,1394.3240202975016,1
27.0054282506307,1321.833968908761,1
26.66902406926738,1427.4502031516772,1
26.933751133510043,1402.6769369852286,1
27.439792696634868,1229.1311182093364,1
27.0054282506307,1321.833968908761,1
27.38092466081895,1420.1866991829615,1
23.193788703282678,1976.1478610348445,1
27.192905203501425,1332.2778984915954,1
27.03034927933311,1381.5509349119407,1
27.203416999181115,1415.6441099953395,1
27.439792696634868,1229.1311182093364,1
26.32518737227832,1701.166865230773,1
26.67503354107896,1487.7612784516555,1
27.38092466081895,1420.1866991829615,1
26.04215721554226,1683.719211072896,1
25.813491185506223,1718.1587710988265,1
27.054903991134097,1410.2670520555716,1
27.192905203501425,1332.2778984915954,1
26.87833358446761,1442.3653528105956,1
27.136317295498372,1448.2073791336757,1
27.12016385396322,1372.4885366868716,1
27.03034927933311,1381.5509349119407,1
27.32669744491585,1311.9049787533027,1
27.229667441050196,1277.8018720459681,1
27.053786214192712,1438.5859042417746,1
25.51612868838839,1616.0013087105494,1
27.229667441050196,1277.8018720459681,1
26.94070549011235,1356.344518066619,1
27.03034927933311,1381.5509349119407,1
27.03034927933311,1381.5509349119407,1
27.06270556979706,1389.6859295677882,1
27.132711452907984,1445.4824298631888,1
27.007858106825154,1317.241177709077,1
26.998298263549827,1326.1603534233313,1
26.998298263549827,1326.1603534233313,1
26.998298263549827,1326.1603534233313,1
27.0054282506307,1321.833968908761,1
26.795426078069795,1409.36698094127,1
27.054903991134097,1410.2670520555716,1
25.813491185506223,1718.1587710988265,1
26.181669648488366,1501.9944913696986,1
27.043249248323036,1365.8540554356318,1
27.12016385396322,1372.4885366868716,1
26.181669648488366,1501.9944913696986,1
27.19958510928683,1256.1304315936309,1
27.03034927933311,1381.5509349119407,1
26.314218012491892,1429.0863096725684,1
26.159228294774096,1444.4678209733706,1
27.203416999181115,1415.6441099953395,1
26.933751133510043,1402.6769369852286,1
26.24689127604165,1464.4253671180945,1
26.998298263549827,1326.1603534233313,1
26.998298263549827,1326.1603534233313,1
26.662955573753095,1348.749697954629,1
27.054903991134097,1410.2670520555716,1
27.007858106825154,1317.241177709077,1
26.673809341148058,1483.7481200706702,1
27.439792696634868,1229.1311182093364,1
27.192905203501425,1332.2778984915954,1
27.203416999181115,1415.6441099953395,1
26.949684351966482,1448.3823671948653,1
27.0054282506307,1321.833968908761,1
27.06270556979706,1389.6859295677882,1
27.007858106825154,1317.241177709077,1
27.007858106825154,1317.241177709077,1
26.66902406926738,1427.4502031516772,1
27.053786214192712,1438.5859042417746,1
27.0054282506307,1321.833968908761,1
26.15483164106098,1486.2922027718764,1
27.043982323010766,1359.0490415703994,1
26.94080481529238,1332.1287788462382,1
26.94070549011235,1356.344518066619,1
25.88854454888235,1721.4721187960845,1
26.795426078069795,1409.36698094127,1
27.0054282506307,1321.833968908761,1
27.25886611938472,1311.6159111273032,1
27.056299827212342,1385.6442466389876,1
27.12901967366537,1450.0287108134967,1
27.054903991134097,1410.2670520555716,1
27.38092466081895,1420.1866991829615,1
27.03034927933311,1381.5509349119407,1
25.88854454888235,1721.4721187960845,1
26.795426078069795,1409.36698094127,1
26.75242843627933,1451.549527050231,1
26.75242843627933,1451.549527050231,1
26.933751133510043,1402.6769369852286,1
26.94070549011235,1356.344518066619,1
26.933751133510043,1402.6769369852286,1
27.043249248323036,1365.8540554356318,1
27.313327619764607,1248.154573888753,1
26.66902406926738,1427.4502031516772,1
27.056299827212342,1385.6442466389876,1
27.03034927933311,1381.5509349119407,1
26.04215721554226,1683.719211072896,1
27.054903991134097,1410.2670520555716,1
26.94070549011235,1356.344518066619,1
26.791413954192535,1373.2366941880923,1
27.04943406846786,1336.4965997647982,1
26.795426078069795,1409.36698094127,1
27.0054282506307,1321.833968908761,1
27.439792696634868,1229.1311182093364,1
26.94354645865309,1365.561761708234,1
26.983680760860466,1331.011046470378,1
26.94070549011235,1356.344518066619,1
26.94354645865309,1365.561761708234,1
27.056299827212342,1385.6442466389876,1
26.97160424236614,1426.0180227470141,1
27.0054282506307,1321.833968908761,1
26.97160424236614,1426.0180227470141,1
26.795426078069795,1409.36698094127,1
27.0054282506307,1321.833968908761,1
26.791413954192535,1373.2366941880923,1
27.247072633107507,1287.947100402091,1
27.192905203501425,1332.2778984915954,1
27.007858106825154,1317.241177709077,1
27.192905203501425,1332.2778984915954,1
26.32518737227832,1701.166865230773,1
26.795426078069795,1409.36698094127,1
26.75242843627933,1451.549527050231,1
27.203416999181115,1415.6441099953395,1
27.043249248323036,1365.8540554356318,1
27.25886611938472,1311.6159111273032,1
26.94080481529238,1332.1287788462382,1
27.132711452907984,1445.4824298631888,1
25.785907618204817,1503.8566224288684,1
27.263007524278464,1336.226929725383,1
27.043982323010766,1359.0490415703994,1
27.229667441050196,1277.8018720459681,1
23.578170606825097,2203.3147707593184,1
27.007858106825154,1317.241177709077,1
26.87833358446761,1442.3653528105956,1
26.408829807099835,1504.8751242470485,1
27.192905203501425,1332.2778984915954,1
27.25886611938472,1311.6159111273032,1
26.949149431501098,1361.6166643810016,1
27.054903991134097,1410.2670520555716,1
27.229337231318198,1266.6280277085048,1
26.998298263549827,1326.1603534233313,1
26.32518737227832,1701.166865230773,1
27.04943406846786,1336.4965997647982,1
26.94070549011235,1356.344518066619,1
26.949149431501098,1361.6166643810016,1
26.795426078069795,1409.36698094127,1
27.313327619764607,1248.154573888753,1
26.15483164106098,1486.2922027718764,1
27.043982323010766,1359.0490415703994,1
26.378959401448583,1536.4385180186969,1
27.043249248323036,1365.8540554356318,1
27.192905203501425,1332.2778984915954,1
26.67503354107896,1487.7612784516555,1
26.949149431501098,1361.6166643810016,1
26.94070549011235,1356.344518066619,1
26.94070549011235,1356.344518066619,1
26.94070549011235,1356.344518066619,1
27.192905203501425,1332.2778984915954,1
27.192905203501425,1332.2778984915954,1
27.043249248323036,1365.8540554356318,1
27.25886611938472,1311.6159111273032,1
26.94070549011235,1356.344518066619,1
26.933751133510043,1402.6769369852286,1
27.0054282506307,1321.833968908761,1
26.557909760651796,1456.9943964493018,1
26.3548005051083,1523.5802762222033,1
26.800120925903286,1452.8410144161921,1
27.0054282506307,1321.833968908761,1
26.04215721554226,1683.719211072896,1
26.04215721554226,1683.719211072896,1
26.915476059913658,1384.9994845700007,1
26.94070549011235,1356.344518066619,1
26.94070549011235,1356.344518066619,1
27.0054282506307,1321.833968908761,1
27.0054282506307,1321.833968908761,1
26.795426078069795,1409.36698094127,1
27.04943406846786,1336.4965997647982,1
26.791413954192535,1373.2366941880923,1
26.673809341148058,1483.7481200706702,1
27.0054282506307,1321.833968908761,1
27.0054282506307,1321.833968908761,1
27.25886611938472,1311.6159111273032,1
26.94354645865309,1365.561761708234,1
26.97160424236614,1426.0180227470141,1
27.192905203501425,1332.2778984915954,1
26.949149431501098,1361.6166643810016,1
26.94354645865309,1365.561761708234,1
25.28845720291139,1744.8200553667289,1
27.18687273661294,1280.7024464022857,1
26.795426078069795,1409.36698094127,1
27.054903991134097,1410.2670520555716,1
26.94070549011235,1356.344518066619,1
27.06270556979706,1389.6859295677882,1
26.87833358446761,1442.3653528105956,1
27.056299827212342,1385.6442466389876,1
27.03034927933311,1381.5509349119407,1
26.800120925903286,1452.8410144161921,1
26.949684351966482,1448.3823671948653,1
26.159228294774096,1444.4678209733706,1
27.136317295498372,1448.2073791336757,1
26.933751133510043,1402.6769369852286,1
27.043249248323036,1365.8540554356318,1
26.94070549011235,1356.344518066619,1
26.949149431501098,1361.6166643810016,1
27.054903991134097,1410.2670520555716,1
26.451901008969344,1439.0353009116393,1
27.0054282506307,1321.833968908761,1
26.94070549011235,1356.344518066619,1
26.75242843627933,1451.549527050231,1
27.043982323010766,1359.0490415703994,1
26.67503354107896,1487.7612784516555,1
26.795426078069795,1409.36698094127,1
27.136317295498372,1448.2073791336757,1
27.054903991134097,1410.2670520555716,1
27.0054282506307,1321.833968908761,1
26.933751133510043,1402.6769369852286,1
26.933751133510043,1402.6769369852286,1
26.94070549011235,1356.344518066619,1
26.94354645865309,1365.561761708234,1
26.94080481529238,1332.1287788462382,1
26.949149431501098,1361.6166643810016,1
26.159228294774096,1444.4678209733706,1
27.043249248323036,1365.8540554356318,1
27.290364428928967,1305.2105948340636,1
26.94354645865309,1365.561761708234,1
26.94070549011235,1356.344518066619,1
26.94070549011235,1356.344518066619,1
26.949149431501098,1361.6166643810016,1
27.2973369598389,1268.1533291947585,1
26.795426078069795,1409.36698094127,1
26.87833358446761,1442.3653528105956,1
25.791616588168665,1523.4618268918734,1
26.6452430725098,1441.6843175899726,1
26.9409413231744,1364.360255004142,1
27.2973369598389,1268.1533291947585,1
26.949149431501098,1361.6166643810016,1
27.054903991134097,1410.2670520555716,1
26.800120925903286,1452.8410144161921,1
27.0054282506307,1321.833968908761,1
26.795426078069795,1409.36698094127,1
26.97160424236614,1426.0180227470141,1
27.435468928019247,1418.3881551038962,1
27.054903991134097,1410.2670520555716,1
27.25886611938472,1311.6159111273032,1
27.054903991134097,1410.2670520555716,1
27.192905203501425,1332.2778984915954,1
26.933751133510043,1402.6769369852286,1
26.793305969238304,1353.4261479985457,1
26.94080481529238,1332.1287788462382,1
27.054903991134097,1410.2670520555716,1
26.94070549011235,1356.344518066619,1
27.192905203501425,1332.2778984915954,1
26.795426078069795,1409.36698094127,1
27.009515017554918,1477.0403064799052,1
26.998298263549827,1326.1603534233313,1
27.06270556979706,1389.6859295677882,1
27.043249248323036,1365.8540554356318,1
26.933751133510043,1402.6769369852286,1
26.795426078069795,1409.36698094127,1
27.25886611938472,1311.6159111273032,1
26.94354645865309,1365.561761708234,1
26.557909760651796,1456.9943964493018,1
27.053786214192712,1438.5859042417746,1
26.94070549011235,1356.344518066619,1
26.94070549011235,1356.344518066619,1
27.03034927933311,1381.5509349119407,1
26.94070549011235,1356.344518066619,1
27.054903991134097,1410.2670520555716,1
26.998298263549827,1326.1603534233313,1
27.0054282506307,1321.833968908761,1
27.229667441050196,1277.8018720459681,1
26.94354645865309,1365.561761708234,1
26.94080481529238,1332.1287788462382,1
27.319892501831077,1357.865565271352,1
26.94354645865309,1365.561761708234,1
26.94080481529238,1332.1287788462382,1
26.800120925903286,1452.8410144161921,1
27.2973369598389,1268.1533291947585,1
26.795426078069795,1409.36698094127,1
27.053786214192712,1438.5859042417746,1
26.810940043131552,1290.032253415559,1
27.399635145399316,1414.9248234939319,1
27.03034927933311,1381.5509349119407,1
27.0054282506307,1321.833968908761,1
26.800120925903286,1452.8410144161921,1
26.87833358446761,1442.3653528105956,1
26.94070549011235,1356.344518066619,1
26.949149431501098,1361.6166643810016,1
27.25886611938472,1311.6159111273032,1
26.949149431501098,1361.6166643810016,1
26.933751133510043,1402.6769369852286,1
27.439792696634868,1229.1311182093364,1
26.408829807099835,1504.8751242470485,1
27.0054282506307,1321.833968908761,1
27.0054282506307,1321.833968908761,1
26.75242843627933,1451.549527050231,1
26.933751133510043,1402.6769369852286,1
26.378959401448583,1536.4385180186969,1
26.915476059913658,1384.9994845700007,1
27.06270556979706,1389.6859295677882,1
26.949149431501098,1361.6166643810016,1
26.933751133510043,1402.6769369852286,1
27.0054282506307,1321.833968908761,1
27.0054282506307,1321.833968908761,1
27.0054282506307,1321.833968908761,1
26.800120925903286,1452.8410144161921,1
26.795426078069795,1409.36698094127,1
26.94070549011235,1356.344518066619,1
26.94070549011235,1356.344518066619,1
26.76989580790206,1399.4681581866485,1
27.043249248323036,1365.8540554356318,1
27.0054282506307,1321.833968908761,1
27.0054282506307,1321.833968908761,1
26.94070549011235,1356.344518066619,1
27.053786214192712,1438.5859042417746,1
26.67503354107896,1487.7612784516555,1
27.06270556979706,1389.6859295677882,1
27.439792696634868,1229.1311182093364,1
26.795426078069795,1409.36698094127,1
26.949684351966482,1448.3823671948653,1
26.800120925903286,1452.8410144161921,1
27.25886611938472,1311.6159111273032,1
27.040134851556104,1264.9604760122043,1
26.94070549011235,1356.344518066619,1
26.933751133510043,1402.6769369852286,1
26.94354645865309,1365.561761708234,1
27.198098500569643,1295.729280264352,1
27.25886611938472,1311.6159111273032,1
26.555681434044516,1378.0726648878795,1
26.915476059913658,1384.9994845700007,1
26.76989580790206,1399.4681581866485,1
27.053786214192712,1438.5859042417746,1
27.03034927933311,1381.5509349119407,1
26.934571965535497,1350.1760631811362,1
26.555681434044516,1378.0726648878795,1
26.949149431501098,1361.6166643810016,1
27.0054282506307,1321.833968908761,1
26.555681434044516,1378.0726648878795,1
26.159228294774096,1444.4678209733706,1
26.949149431501098,1361.6166643810016,1
26.949149431501098,1361.6166643810016,1
26.94354645865309,1365.561761708234,1
26.94080481529238,1332.1287788462382,1
26.94070549011235,1356.344518066619,1
18.211857414245628,364.19259831425956,0
19.060916360219323,1210.2133378398162,0
25.842162174648763,2962.813284994338,0
20.689785957336426,1135.524351896022,0
20.70780105590825,649.2851421248655,0
24.73312545189492,1134.5670342457038,0
27.25843980577264,484.50699895736983,0
25.79710090425283,1131.7818060528975,0
11.459497706095476,1944.1870681953174,0
20.74474847581655,1230.0633683812362,0
25.15884276496041,1455.206953735326,0
23.437930838266993,78.02994996425916,0
25.72832938432697,2180.589356274579,0
26.671351773811125,492.13731736061385,0
20.273436244328877,1206.6695548605662,0
23.215603013472105,1520.0645446789008,0
22.99535508332434,236.46581992623618,0
20.99645082522659,1309.3223914515715,0
23.708666667231796,1212.6363709580642,0
21.351897573471092,1276.8329650175315,0
22.224248790052002,1869.8730774235469,0
23.530408795674646,1133.4855452191573,0
23.5029902833881,1390.3869137179595,0
21.2144478056166,1231.7587666225177,0
19.26169865926107,1304.6134009968978,0
26.20686377323034,328.7979632627707,0
19.167379986798323,840.7923512172441,0
22.253281805250367,109.25387665746022,0
19.456419626871764,1326.0764524352294,0
23.790406057569726,888.5495483886938,0
19.038377624902978,34.039893002484334,0
22.7598252027463,1413.1180688750487,0
23.98290821422239,1033.4977403294783,0
18.539089059829735,1014.6771304321031,0
21.603238280614278,1223.3539640915137,0
23.792319234212243,104.75954115507413,0
20.238805866241478,193.01083758590033,0
22.38761598338249,1515.132308752511,0
19.724701908656527,797.6113192748766,0
20.824816785918415,1132.020772249673,0
22.424968973795615,167.32831001398375,0
23.633133867051924,1907.911636681531,0
21.381510416666686,1575.6065182399493,0
23.862043889363633,126.47429928300191,0
20.923108461168113,1263.403040171836,0
22.64300053914394,39.56082910415937,0
17.002345657348656,389.12694603321364,0
21.420429938180064,790.6262919318418,0
21.873448573218525,919.0505303454141,0
25.148801845974447,905.9752233338098,0
13.499383474279398,240.70049151894858,0
24.669595336914085,3242.2943830501777,0
23.100417921278222,1381.8825304519873,0
16.012567350599568,3292.4100875866156,0
24.671055655386,1498.393983395074,0
21.381510416666686,1575.6065182399493,0
23.926062569251485,3895.4121291649085,0
22.589174297877776,168.5714431118708,0
26.478049638536277,341.39743894455245,0
21.179255421956384,1326.4531984936934,0
21.314775955467894,995.6668138515691,0
19.16420257356441,732.8885018837194,0
21.915493265787802,343.8728980731707,0
20.448027229309048,1693.4790283453208,0
20.444401102217512,2021.551483125661,0
17.06708087921146,900.6859444093446,0
21.309761110941622,39.015275241110814,0
21.283407847086607,717.369952053998,0
22.411223220825207,1135.063205660556,0
21.92139099968807,56.71246051904966,0
19.447274462381984,1203.1400993478042,0
25.72136070816606,537.4348282825689,0
24.687790113506935,279.97932285187056,0
22.200609842936217,1140.6560882937652,0
23.167585627237997,1051.3181135070067,0
23.451568222045978,1282.1127519023162,0
21.45148133171932,2119.527664781783,0
17.034822809128627,424.1169065248709,0
21.197753813772465,1008.7130561482649,0
16.479671766644458,770.1241008949022,0
23.321424950493792,1053.3662334096175,0
26.786010360717796,1980.0913676631194,0
20.315246542906152,1793.371301890586,0
24.567667526669027,1924.9835617851954,0
18.43180907278355,470.9921151411276,0
19.003743108113667,1037.3514898133021,0
24.886776140001132,1077.892337740634,0
18.06816964944204,1035.7679992925864,0
18.510885874430414,29.33217659709264,0
21.978032816780967,252.50873789307883,0
23.59870872497561,131.93785101291945,0
20.060398271348788,1656.5059393655997,0
19.73186683654785,1327.9245167982322,0
23.381941254933736,435.33519357559493,0
20.991142845153888,189.40784484264663,0
26.073015721638967,1129.6485483658057,0
21.72793343861906,1177.887555958007,0
22.261434809366847,325.9353272628527,0
20.005002382066493,214.37802985427192,0
25.28810702815207,2344.1738009464484,0
17.398814039963952,1412.8629274677974,0
22.433733081817593,59.9576354038458,0
27.252465679027466,673.4018631291132,0
18.294090366363548,599.8481780302267,0
17.686541493733785,1738.1317287695151,0
23.21899995803841,189.84758183476737,0
19.040969255235495,418.91986951348593,0
23.574244223700646,1272.2363106918078,0
22.487617429097554,961.4730596554022,0
26.00058036645254,438.659001888011,0
15.913630803426145,343.4223763656359,0
17.48560507032613,298.8642498862486,0
19.210542488098213,1186.5087270748359,0
26.82044859992135,879.3321706366281,0
26.687283833821652,314.52381312963774,0
23.013014411926235,2278.9813026797515,0
15.728354219475136,2110.038568080638,0
19.42617933099922,195.17519027111342,0
24.288034534454425,107.66547247884084,0
21.744716580708825,369.8135621857386,0
20.13193259657487,1669.3168140959483,0
26.36854366726351,2340.152264387582,0
24.377219136555993,1750.2549298119288,0
15.801767444610675,1151.8936537217837,0
14.934763632880333,596.0026837897043,0
21.46569775475399,1001.5915751468877,0
26.52234020233152,2473.7153321516257,0
19.90970223744722,1118.6300113808852,0
17.402622397740686,496.856272966836,0
23.319016119965113,953.964759410594,0
20.74313430786134,168.71397271868994,0
21.046484724680624,340.8060751867037,0
27.09897603988651,452.10844725487044,0
17.668061669667622,644.2959018063287,0
20.70409317016606,208.54137539980223,0
26.7536532508002,1198.2410073291999,0
25.667281405131064,713.0722709011774,0
26.55552953084316,2273.622461409543,0
26.048111004299642,657.1889117371778,0
22.483531842912953,578.308862448905,0
18.53417453765877,417.4224704515677,0
21.69129264137962,34.7777239989977,0
25.693483532176288,1978.4083448362094,0
26.465896719473335,301.8094345938902,0
23.418273385365808,428.6598682415228,0
23.115295399559898,37.84413337824155,0
19.965980784098292,1262.430009247039,0
24.586723073323583,3179.6897731733065,0
23.924328393647215,1368.036356569503,0
24.467519166734462,139.88408520934394,0
25.88595237731937,1038.535632939313,0
27.35041131178542,570.2349290263395,0
26.749017333984455,361.27938032266906,0
24.460702332996163,87.86043971893598,0
19.455993429819785,1927.9034443211299,0
25.170932006835983,549.9579802167158,0
25.913230991363548,327.6516094815474,0
23.409457496360517,1155.1596567046386,0
21.45093169742165,1234.4202071439963,0
21.71382810274764,396.3271908473711,0
27.109115521113154,842.1814151119928,0
20.667604700724326,97.11539447424222,0
20.435161590576172,1132.9394139361125,0
13.822093343734764,1572.2833842050773,0
19.618509546915675,174.20889884350112,0
18.990367269516014,219.33030039188674,0
21.219346406724696,1456.4203292143088,0
15.693365106128567,1697.3178319644671,0
24.245750257704003,142.18311831471732,0
20.10725589479722,423.1713533413153,0
25.58939916822652,1820.2517375361663,0
22.443034628665885,1412.8147631895285,0
25.81097274053667,483.67162495968154,0
26.461010261204024,711.8542499851923,0
21.616989465193342,755.3988330077867,0
21.728314682931682,1303.3254340302688,0
25.28935300666336,2307.262242586587,0
16.881602223714253,1655.251228065465,0
24.98176449862393,735.8988717210035,0
25.848991057986268,4270.769596846078,0
20.975017166137718,1205.920603872512,0
22.294422948928116,1095.0875476014357,0
22.25176804860439,1180.0512492668372,0
18.77451628932249,1119.0551787626487,0
18.666374981042168,1556.0380525898677,0
27.066446205421755,741.6060350846986,0
22.09382508595786,156.73137158272078,0
19.46782503128054,1416.1855101597052,0
13.369981463750264,596.7005200695734,0
23.325678337944964,1287.794523687337,0
16.787112172444722,315.7615967106562,0
21.84242108461092,788.7600108992796,0
21.96142714818319,326.04203075287154,0
22.29632886250812,126.40680074808408,0
27.06771017710372,847.5526429724436,0
22.34697333909736,1445.7536160957557,0
22.037331199645962,2676.031064988349,0
18.41110772632419,614.4086204480867,0
25.586691104041222,2269.1371671867114,0
23.008222293853805,2091.5115557622653,0
20.514569037301214,1345.624622703765,0
19.57452191852383,1138.6563077580672,0
24.654017748151546,1198.015552760337,0
21.73937595912389,554.5315265667181,0
25.48045908610021,633.346472681735,0
26.074859873453818,856.787566841815,0
22.802165073818685,4229.4285751890875,0
22.151006663929422,3680.899386109088,0
15.213801797231099,1104.3957218539458,0
17.898565365019294,442.2908619057875,0
20.630858612060592,2261.182994396661,0
20.502403562496852,611.078225822423,0
15.78389180501307,243.0289804947119,0
22.996284818649315,919.3002030265073,0
22.644906171162916,414.0620872390013,0
20.772041575113974,218.39007064816764,0
20.719127273559536,420.6214144837599,0
15.536511198679648,919.7947762918214,0
20.45553245544437,130.62072992441466,0
20.637398408960394,1356.8753421318274,0
21.91428013425883,486.6522297274809,0
21.749561882019066,1253.3455386769515,0
22.223853365580283,1243.4689372789603,0
25.007976150512718,1365.6841486704093,0
25.68767837948269,585.8002647769193,0
25.099375820159935,2077.718083561633,0
26.956032583448632,2194.586974383567,0
21.359717058252386,784.2895060789327,0
24.109838422139546,106.09965846059133,0
23.219291453891344,184.1613173496466,0
18.7294243070815,1321.2101057183486,0
25.11637109120693,148.50354269263556,0
25.75322416800043,1131.4154684555274,0
22.601011212666833,1239.2508730303985,0
22.71188218087866,1315.063183010791,0
25.27257161935171,1839.6462768327933,0
18.04283153897245,84.17421653983403,0
23.413060336642843,1060.495857895587,0
18.170945061577697,418.32228824612906,0
21.220808204015157,1115.3979271661979,0
21.70345729192104,1048.26564788935,0
15.633258438110431,2211.676508934472,0
18.256224886576376,395.18998265383055,0
19.71436144510909,1329.4869109999877,0
22.985129292805993,1345.8597853791457,0
16.040754902129095,1318.3611750614386,0
18.281427054935023,1104.056437314723,0
26.695013459523523,832.7725499880056,0
24.93475870963863,1541.243010015462,0
25.471037610371923,503.4546822321158,0
14.361004092646624,2913.3694961678725,0
20.823422413780577,1247.9434058081847,0
25.98726794064703,682.0218756806593,0
22.205027698335243,211.7625072610121,0
17.777460034688318,366.52667895076087,0
20.661662673950218,163.9087803673487,0
22.97175258000692,1018.550527096961,0
20.25138759613037,341.1642842006426,0
24.786191363212424,1345.0394243013602,0
14.322472313122887,1180.3863987338286,0
21.955384402804896,1349.0042954694968,0
16.59218143357174,430.94736784813216,0
24.62762427153416,1581.6319368791324,0
27.11581144332888,1901.3880498718959,0
17.45736931694887,343.74727755901625,0
21.437057576035045,755.7659044873457,0
15.53146494815229,861.5614369523267,0
26.543356577555414,1193.311651052211,0
20.629588175754918,502.3702129733305,0
21.903794648912196,92.69850403187085,0
19.909723748101158,700.4894584429006,0
14.071198781331418,1292.4146063637477,0
17.54635309996428,854.2378850292902,0
25.659290907118077,1349.0287929784995,0
21.02395121256518,424.9900698673468,0
25.17877813066758,2858.395286650632,0
24.67644488016765,3049.917016924594,0
16.059140141805074,758.8749498140554,0
23.715309299566854,555.6011095654707,0
20.195911026001,1287.0948359381896,0
25.115308834257632,3093.810566515897,0
26.304725971928292,2343.085822464202,0
22.236871164495312,533.9916467678289,0
19.950104922340017,472.2176276159029,0
13.920583343505939,695.7896620046835,0
21.720461428606995,1293.9345061790686,0
24.3566610972087,1305.5388487887126,0
18.485610071817973,142.68396124360373,0
25.479985809326195,652.2104375076036,0
22.48413756234305,1196.7650771152717,0
21.220962778727255,1141.8111890566092,0
19.41034615834559,402.2583037626486,0
21.201801300048885,791.5128625941019,0
23.596712419721825,77.61757522938062,0
23.969826528761132,1320.0216338050109,0
22.735020432648867,798.4277203690748,0
20.417707648644125,383.49280208465865,0
26.88951390584316,1755.5610507738334,0
24.131709035237634,1093.4604525577765,0
20.73814708164764,293.8540622603636,0
21.461991119384777,978.2857976865511,0
21.158754421415836,30.95123246428777,0
26.754265297783775,1809.9583543848735,0
24.77589934666952,39.730158449385655,0
17.954924917221035,415.3898440313082,0
23.135321842540407,1759.5173202466708,0
23.761778132120753,647.1739716839533,0
12.820021438598644,726.7438367020826,0
23.468206942522954,1624.6646165859443,0
20.768643257834697,32.10116252419759,0
26.880186634437678,832.5049474847059,0
25.942345162043523,3379.5530393731337,0
19.162958919640744,410.81858128425887,0
17.331878987065068,3223.7945392739516,0
18.666895763079367,512.9389286052923,0
20.882600164413475,258.9548312139254,0
23.00842323303226,1564.489041269992,0
24.96604347229004,2107.7962003659945,0
22.129412092985945,2230.456226320241,0
24.25637071397574,1744.6376726042968,0
22.301433976491296,1770.0990483176452,0
26.689955012003622,1139.4443370413524,0
21.957510955245425,834.5035880815725,0
21.13345153949882,1368.7422022235137,0
19.228172450595423,1337.4212875973922,0
20.97655544281008,1098.7534269702178,0
22.31970378991332,1576.6152448963862,0
27.509756689360643,1260.0893162202578,0
23.029163342430536,139.71396982786467,0
23.50697987874355,1053.2724604022246,0
27.25886611938472,1311.6159111273032,0
27.24686050415039,809.4140596699457,0
21.713481027108685,1122.172844411109,0
20.84137996536458,1110.523079336856,0
20.09979441695748,290.88430926320365,0
26.25390875845244,1486.6630367946368,0
25.967716556125254,521.4251473557691,0
19.727435048421228,1253.7624582659942,0
18.734377082188985,217.68889278290084,0
25.82322750091555,1059.7333654772979,0
25.676592763264978,2059.826307744954,0
20.8723780132475,775.1714743685465,0
21.441541449228907,1044.4092422735434,0
22.795439894994104,101.51149034616758,0
25.445506562127036,1835.2287456404906,0
24.624575460524795,1610.0621864211303,0
21.97714179356899,1373.0363368999701,0
21.72814752983328,1167.94323250768,0
21.686609098646386,292.9787531506758,0
26.22166474660247,307.2391867649298,0
26.34104522864027,472.3785713326674,0
23.15314842859908,123.37739467737485,0
22.212590551376366,178.4358590852957,0
23.876268641154013,1384.302240611289,0
16.163326136271166,380.9637807321291,0
26.255910780935608,959.6303187322359,0
21.032245763142953,351.14099159953406,0
15.222874101003072,263.44056874630263,0
24.090027314140684,1293.5051962744933,0
23.47002179887562,1264.9943575274688,0
18.70900951567154,1317.6937147986632,0
23.220053185357017,377.15939879534056,0
22.701960945129372,826.7211437237005,0
16.34486271893536,1871.4284196507674,0
22.44183466876001,576.4861747634153,0
25.477131587929193,2442.4485273670894,0
25.102785841623927,331.2402449559908,0
22.7971175670624,121.63349688169767,0
19.25338019168737,1057.316438109849,0
18.95922902425133,1357.1593582641822,0
25.668067323593903,733.0600775789957,0
17.72482967376709,321.2176419806223,0
15.1622347289441,992.1063117694597,0
15.790181414286337,369.83032599208167,0
23.254680940840046,1808.1962361943465,0
25.56957349777224,262.54989281413367,0
21.45486221313479,681.1067208659391,0
20.02378200628823,587.4869644653539,0
23.359158651034022,1193.9582645904761,0
25.283829710218697,1434.475508333419,0
25.930575942993187,1932.197362930749,0
26.213491547413355,388.679970802043,0
20.242852510724788,1371.018131078456,0
22.202550506591763,1126.6638308775168,0
25.443246142069484,177.39952802774718,0
23.06768603605383,1564.2817996453982,0
14.854083116849324,924.0933142614107,0
17.726952616373694,378.4611567866545,0
21.21401903061644,612.9779711377363,0
22.23368851797926,1490.1660352956992,0
24.28574594568329,135.98115071770957,0
19.26299286866805,1041.3276448857528,0
19.239633019765222,1785.1666815590602,0
24.816542289370545,2002.053023130868,0
10.950689252217614,412.77051046607306,0
21.741531372070312,478.3074043702822,0
22.96159049140084,1314.5528331410628,0
19.240466574466666,1346.505251527999,0
25.005707870704555,1926.81255266187,0
20.719166056315146,1322.3218701791507,0
22.218870544433628,847.0301225793104,0
20.98261167208352,325.61912834760955,0
15.821165801539564,702.3609437060098,0
24.663605944315634,2222.7761119615775,0
25.198990069495323,2309.33135822532,0
22.883068611508406,1457.957406343196,0
19.982416804631555,213.80582898971846,0
17.538772299350853,522.8489384066801,0
22.134884619334343,1268.3477334689837,0
25.77712281545007,507.7505156409483,0
23.428764359156332,132.65116959926894,0
24.159667269388876,1333.6788609635573,0
18.91568798874374,422.1020832669478,0
23.250532192654077,1249.0379333507758,0
27.064153766632046,867.782295496438,0
20.939766366141157,987.6305617403726,0
24.37256313959756,133.40240419027617,0
22.751062500782552,989.7013500344495,0
22.546686267852806,104.00039404747297,0
20.6278596878052,1418.0904671561461,0
19.905942853291833,243.75206306693366,0
23.690632184346498,96.06902003404905,0
23.59905267026693,153.3889517199736,0
22.989753624244997,537.7055525791387,0
22.857154226303123,1159.5400989067298,0
25.237029016459473,1288.4634293627482,0
22.21336354856146,769.1314637672643,0
21.264587100346944,850.8870460104685,0
23.711307356092675,1500.8496612322074,0
24.004245482550743,949.3168488156538,0
15.223804897732236,819.1652305435877,0
19.68358542124429,1273.4351798903685,0
19.04018379847213,371.13056406495383,0
18.10500539143885,185.49066856620124,0
17.66296221415206,214.5914442848902,0
19.949566459655784,1117.3792600643378,0
18.168241024017334,910.4200422775488,0
22.81430760338202,121.83972150203992,0
22.281551297505644,631.8882636737566,0
23.811789660983607,1316.1623448145133,0
24.44382939806178,2089.593873174165,0
19.973432689242884,154.62206751224807,0
24.032811631096763,57.903741301272404,0
23.79747384389242,1338.729371131633,0
23.690456553867932,73.56830388424207,0
23.041781679789267,122.07962647197057,0
18.80139079623757,290.86734429118445,0
23.193973101991617,1524.006170035575,0
21.091728539900373,622.2779870044927,0
19.446020168728353,209.94002074119857,0
21.17771968841555,1203.5476833593589,0
21.729377683003747,1175.7143333565932,0
16.63415828280978,723.0093784641962,0
26.635102208455407,1240.885098279689,0
21.24657719930019,127.72133275983144,0
14.397684840666955,863.2226966333131,0
22.465237077077234,127.12591216084768,0
23.111294258965415,727.4494662892561,0
21.524828211466513,1279.946875573371,0
25.446261469523108,964.4047029328088,0
27.130640411376987,842.6463797700147,0
20.211071480645103,1438.583400846694,0
20.711361326994734,1253.6626726400596,0
23.41405220031743,297.5447818648558,0
27.161880974542555,825.4696697008352,0
23.628381029764796,1047.1029289078456,0
19.755720463505497,1035.6123156857234,0
21.02935415108999,730.0383754086237,0
16.91739115715029,496.0172630858164,0
18.97243461608889,1271.2101757538062,0
22.50925734383719,1465.6102702033263,0
20.67617352803552,765.8775381755571,0
20.50311546325679,1167.1621136378985,0
25.992813215068793,597.3022885632257,0
24.905640356881293,578.148473800395,0
25.292050933837913,190.32595008728316,0
21.669286570829513,868.8227280986051,0
22.633510896894677,1991.4179228257876,0
21.43955408732097,206.11696392414382,0
23.00686857132689,1782.0678062748652,0
22.670741441514735,250.19508302328398,0
21.72309519449874,1421.52683138964,0
25.90469850699111,1565.4857724916678,0
25.844450728098536,724.5174355816583,0
24.81457899184454,1472.5856751215201,0
25.17105382283529,1411.9471319031459,0
21.334634113311722,739.7777222108583,0
20.95697428385415,1241.5505170833808,0
22.74495468139645,949.9313056480627,0
20.15430214140156,150.78615099308303,0
22.582642593207197,156.43112436053565,0
21.220808204015157,1115.3979271661979,0
23.730043740366057,560.8284406375627,0
26.179674869113512,1333.0597363424044,0
21.685678312513573,128.76547947642615,0
21.70819615258108,1395.3424364340049,0
17.7890226421934,455.0597451638918,0
26.18667678833009,932.1757748734693,0
27.225844730271263,1275.8789591502887,0
15.906513609709577,644.4017820071916,0
23.54244257609048,87.36473396537114,0
25.14624212355841,2621.2557747971755,0
19.14582352108431,238.88458013651183,0
26.22457466125485,567.7497915935259,0
23.25693745468601,1332.4298046540957,0
18.739489582606723,457.1890018892031,0
23.97339769090928,1380.5507019173842,0
20.414681236878153,1348.7146206211787,0
23.62469086647036,1458.1644803297263,0
24.131709035237634,1093.4604525577765,0
23.740934452866043,1371.1064912390452,0
26.667505155290883,526.8771097075681,0
22.719573116302513,618.8006520282964,0
17.905153088691918,597.812042386506,0
26.471700414021825,406.0153931390982,0
23.32274216016134,1062.021174283002,0
18.650866444905603,85.36927104112912,0
21.981973902384425,224.49194342014601,0
21.70200680626766,727.7498960506658,0
29.009823862711528,514.8235455167036,0
26.880181390267865,997.184940428708,0
27.236049969991086,721.5458087634782,0
24.463472562847755,1262.5698119413596,0
15.152835210164426,395.01822069403937,0
23.929098463058494,1462.482844294284,0
16.037568155924475,377.417524160121,0
15.522906239827478,265.80130756017974,0
17.75848989839909,452.3705661308508,0
15.788511975606298,565.8616542827825,0
24.989038827684226,879.694548250411,0
25.16127814090612,1646.9052217912417,0
21.66834814283584,81.29102438804914,0
18.515244491012027,346.59898355719855,0
22.12887263827855,1119.918276370738,0
24.037740230560303,1520.689328016017,0
24.094332722255103,908.8515311491232,0
25.735218938191736,2070.8380870532733,0
20.743055407206214,219.59281042334845,0
23.11664988199874,111.61100939032842,0
22.633403396606468,1156.6642493021232,0
24.73031806367817,444.0076172363501,0
23.59870872497561,131.93785101291945,0
26.46371183395388,2481.9090075802546,0
21.74433828989669,183.38880762574485,0
19.66204973856611,1037.3932503175479,0
20.970169162750267,1262.8357604157668,0
22.320381418863974,1401.5338912617904,0
20.72760904100204,1091.9186070573073,0
21.252252515157124,232.00010210392287,0
17.436164792378747,1129.3554797780257,0
25.018279102870395,2054.3187677871924,0
21.678649361928308,411.9045406591635,0
23.728037558661583,1525.2645581972342,0
26.26871749030221,2215.4251456272345,0
22.988305606264078,1408.8970467459899,0
24.01754807366268,2509.8572641622764,0
25.76270430882778,1120.5200299632293,0
21.118942499160767,1146.1443498742324,0
20.47609587775338,1199.1044923674804,0
23.00109793345132,1398.600754142974,0
20.719127273559536,420.6214144837599,0
23.493415905180427,1448.8869503152114,0
26.069195620218977,1030.5007368337851,0
21.200985081990552,182.3328927170973,0
25.290055211385095,938.064888865922,0
23.295616866603098,1368.339960278247,0
20.97223013242086,225.4370570194464,0
16.16481488545736,566.5740303706865,0
23.503340127732997,1074.1848394286376,0
18.70900951567154,1317.6937147986632,0
23.02395782470711,1690.2339912962657,0
21.505724207560206,1144.3378821027022,0
18.685480372111044,1035.6066048156958,0
24.08171488444009,3475.5083031964045,0
23.0418613433838,94.01829615351964,0
22.129527860974463,1251.8471673142653,0
21.485318332248312,438.4480163466673,0
20.881877199808798,1282.7621594083053,0
21.24200729793978,1274.8026520025473,0
21.978710492451967,807.1161255252104,0
22.278638730730336,297.1908569347601,0
22.530414777813576,303.4005507838469,0
26.750252087911008,925.9749062370996,0
25.000523957752137,1161.5269675862532,0
24.215715733280888,73.08605760452558,0
21.66675910949715,38.8179093610983,0
19.73472281561959,178.47881913301757,0
18.596797132492156,379.2315654468279,0
22.819857915242608,1267.5213560473662,0
22.1317931811015,1328.2139420521003,0
20.704263305664142,1357.7410772454482,0
21.447430501665394,296.0372686397772,0
18.670749706692163,577.1188072871904,0
26.76377374860982,766.0525970172624,0
17.660099737984808,237.21736744162848,0
21.231748199462913,1315.3137832891684,0
24.977301360621595,657.2269767534475,0
20.736626455518945,912.0701000106077,0
21.502681605021166,797.6349636924009,0
21.94725116548085,1177.4341806781035,0
22.487875057402107,1422.3048061144095,0
22.625710847642665,1209.186409414981,0
22.95719767483797,773.7392529856901,0
21.83577415501634,881.6290169965963,0
21.0314874013265,2781.597007812236,0
20.2624774932861,54.27548363921453,0
22.28821194966639,155.71195706841758,0
27.00610535939535,863.1407476973276,0
25.059330695016058,925.8364185702543,0
25.791616588168665,1523.4618268918734,0
17.03758837382003,727.9982090008001,0
25.634318221242893,1444.6359135222178,0
22.485924418767297,1406.736914814685,0
20.486294894748255,1348.590020836566,0
26.311812814076745,343.2223580789309,0
22.712371868557454,2706.8728104245406,0
22.518982187906886,660.1704105746488,0
26.406905655633864,578.3754259359579,0
24.44672080145949,1117.4719974410277,0
23.225816106796344,1624.198411406253,0
23.662836894282634,1025.4706226300937,0
20.0548986752828,253.0401915323477,0
24.630063591751423,1483.0324284744006,0
20.709539604187057,1985.1800508808833,0
24.023821343316,3858.8774435233813,0
24.626974244551263,965.0370672356825,0
21.454782810917607,238.9413461100798,0
25.518825721740768,2615.440715850566,0
13.23868247138131,266.0264007758837,0
24.164847734239345,128.38162556407264,0
15.728246201409263,366.96875169989875,0
23.4737373352051,1094.5747390401107,0
22.237525558471702,1362.6135557901603,0
20.20461552937826,1098.6032605182868,0
20.349632279951493,1402.8936818253737,0
21.686310704549157,1412.9533439886313,0
24.20767977165457,116.46813601372052,0
25.975410975832006,630.09319901583,0
15.467332617441855,237.4006479990225,0
26.30885432208032,1601.8448442232352,0
25.00975471779151,1871.6529242706042,0
25.319812711079976,2472.002894432519,0
16.854257580590684,607.7553935360651,0
24.009454782803857,465.70937037584594,0
25.906678517659486,735.4672037076692,0
23.7229927274916,61.4324033272009,0
20.649797481960775,217.2326378535967,0
12.257746451241644,1352.1958783280593,0
23.230483839246915,167.38046035287192,0
24.692411041259845,2030.533798785184,0
18.88596637362525,992.5782874238233,0
21.444280242919888,1419.60054338095,0
20.01416231791177,152.81159505364707,0
16.2431795756022,301.08658298966697,0
21.889300070868615,434.78682711837104,0
22.77297899155394,487.65772655722907,0
21.17925838894314,1211.0716521751624,0
17.491073608398438,308.8319607090693,0
22.98372053418842,612.3525917541723,0
22.422954813639365,1203.6702193331462,0
23.778369124730432,135.80274284002593,0
22.912449830951118,314.9771511566382,0
27.563010470072413,923.3592756104212,0
20.568398849169398,1190.247998387788,0
24.1027473661635,1080.4174736153823,0
21.259230973985495,1415.783335269664,0
18.857012094770198,1272.2401961695891,0
17.78328719668923,440.13157189009,0
21.810826873779376,2003.3348210167628,0
27.38614698137559,1943.5383275162917,0
20.01000641716854,1334.748108686183,0
26.628913770403187,1389.930442721818,0
26.395373810662193,985.9664186846952,0
20.6819375779894,176.8165238213282,0
19.868196862841444,3643.910446019147,0
22.44226818084718,1873.3065955352527,0
21.496825091044172,1279.592660070632,0
27.134158252534462,1237.0856896054488,0
20.411740288367696,335.2262571465712,0
18.356687870732117,484.21680256840995,0
14.976100858052575,280.2875608217459,0
14.574441766738857,2296.8975573789817,0
23.448794380823813,1502.329242230628,0
23.02774781726663,3234.4977192592364,0
21.753542200724326,1130.6190796208125,0
18.905640591515464,1172.039140762065,0
23.01842510082099,1640.263375641082,0
20.048408444722497,365.36995396134665,0
24.04485950469973,1329.4702067982894,0
17.712579910843488,269.3398006272059,0
25.44756453831991,873.0163618933897,0
23.00842323303226,1564.489041269992,0
22.250669479370117,1430.8296114217978,0
22.95958528518679,1279.3493986141425,0
20.43943027920193,166.99608117458632,0
19.077667951583862,434.118971974824,0
18.601628176371264,253.2318204653006,0
15.763894653320335,1058.4393449139338,0
26.258590387414984,908.2114405941705,0
22.219537777370874,115.86678475258161,0
21.36611277262375,161.16178110358527,0
24.171359065541026,1918.4009552013617,0
21.385945945315882,1319.2844845366221,0
23.39440784454348,1107.378047705863,0
23.35932510693874,159.2238292109709,0
18.701829051971515,861.9950421166162,0
25.018279102870395,2054.3187677871924,0
17.086184120178245,244.5844456565123,0
16.132712487613503,1967.47257635114,0
25.72188987731937,516.3386322569589,0
23.72827090727975,473.78387004253676,0
19.527103254530232,396.7285647999983,0
21.48749138514205,1305.9031263005477,0
27.057453947800866,809.0188436221819,0
22.601625484890462,163.50229531643203,0
21.065528090794942,171.4190214884024,0
23.259380140758765,1804.6241968881827,0
21.989932155609154,1283.4054797899466,0
25.632887713114428,1875.2918362629157,0
26.82497653961184,1092.5980851065856,0
22.248152987162314,1301.876258851264,0
20.73338528257426,1089.0291489672404,0
26.980233813554833,50.24502128479291,0
20.68616320292159,1523.4279528271895,0
16.11440991295717,292.4628674995642,0
25.880483007431053,915.884190053914,0
27.352824385960844,1271.2729990493995,0
18.168121816597818,731.1831682932119,0
26.676182153489833,1937.4295890342933,0
25.975410975832006,630.09319901583,0
23.150758815947086,118.39655861375142,0
19.750652906629853,1266.4708688866835,0
19.252522510952474,1156.2662914406997,0
21.84646612008413,1112.5404059898597,0
26.66791501575051,918.0573716771345,0
23.486031059991717,1552.0699441444617,0
24.76403020222989,1488.6117920291167,0
26.528772790091352,983.4758423280458,0
25.28682734171548,823.6180402350168,0
23.832575654983543,398.36016371962836,0
17.5121652749869,1829.4407285761577,0
23.079642797399515,7195.243396611188,0
18.91903535891811,443.51239577052405,0
27.25662415822353,737.5105142605047,0
27.074617004394554,887.9925876867513,0
17.795210186051747,769.1430643212537,0
27.007858106825154,1317.241177709077,0
15.803996234469935,335.22273302194884,0
21.445000494094188,1653.3875137579184,0
17.915744347042562,515.8317431819181,0
23.737028137842856,1228.0378162872535,0
17.121253506342555,259.0366423141699,0
26.940220663282616,495.35982012865355,0
25.546032905578613,575.0002980243902,0
26.159588537111404,998.8661974680166,0
23.927676137288472,214.40970599767974,0
24.250828594631628,512.5719875108938,0
22.706830596923794,1433.366467059825,0
16.71151774724325,213.90075683710387,0
23.006371434529626,1144.8793977510672,0
26.16023825539486,1820.28224021313,0
28.067313236660482,1627.111510188554,0
22.440413502284457,1458.5711330187064,0
22.84839474360149,174.7284613561373,0
14.909783299764001,753.0357100081186,0
21.175626754760742,1113.1267517816764,0
21.393113708496116,688.2289618265371,0
20.075365567207314,456.8954415631037,0
18.166404215494822,592.6086649310331,0
24.780910177398198,2249.467381091092,0
22.54402700000344,88.46822083113004,0
21.44311445554098,1018.4479177009802,0
26.52725580709955,972.6913839590292,0
21.22407996162542,198.38123470661452,0
17.786681780898846,455.2145905804377,0
19.038377624902978,34.039893002484334,0
24.64975843429562,5279.566240311835,0
25.688460558936697,1077.858262510274,0
20.727846956253074,252.51505971071532,0
20.484818324336345,855.0182551157217,0
19.959188433046734,1189.0353307139617,0
14.418651670983763,1677.4337969732028,0
21.099329862140507,194.74602192756942,0
19.712763426039032,239.0525050472956,0
23.03655734592013,1857.9500697564822,0
24.733065364978984,414.0439003717642,0
24.429514094761487,2354.9896448862296,0
18.084947885785823,208.72135162470153,0
26.100713751051217,614.8818962287645,0
20.94866701761879,1705.4280608904105,0
26.357218805948946,2377.424948663686,0
26.755347400241476,1011.1784271907549,0
25.50724368070172,3215.376809985612,0
23.431019083658896,147.17613607761672,0
23.2755834155613,82.9790353786688,0
20.818353791670404,734.4172455382089,0
26.112659284803613,2488.55204582331,0
21.925865983963092,1341.9827863585692,0
22.226342630386398,516.9604018342237,0
25.876884856047468,1015.9316591930132,0
20.727212959622648,362.2769311082106,0
23.220996369255943,168.8489884149771,0
19.695930894215905,1364.9587973963958,0
20.704263305664142,1357.7410772454482,0
22.638466347588462,1721.4462317538005,0
24.497839148839375,144.4991238426905,0
23.458353206089612,142.45482608792594,0
20.244546508789085,508.5905686032515,0
26.182524935404444,606.0613177728395,0
24.238824560703392,2898.2769593608123,0
23.66920107205715,1222.4697142851096,0
25.277476882934593,2360.1543389272433,0
27.068114323086206,1127.8537891816836,0
25.137481762114078,1811.195202918027,0
25.83644696749178,3207.4125863623362,0
18.53651542663573,339.5883038651686,0
25.243834886096863,350.79171210644057,0
25.842162174648763,2962.813284994338,0
26.130248959859273,1371.3488549005729,0
23.950735134548665,378.466767073844,0
25.161375935872456,1496.7030294251185,0
19.222698647635355,295.20474821445754,0
23.232482256208186,1569.864292443965,0
21.911704776905196,65.64109847066213,0
17.280476385449617,908.9988216769437,0
14.343512590726277,258.1111833464842,0
22.21175298690798,209.49374586460402,0
22.972074961662315,195.22431939956954,0
23.468351243791176,131.83180689928344,0
16.864394972059472,245.81302404520324,0
21.949717966715525,1367.2136485588294,0
24.78687998453779,1420.7821235072356,0
17.79041416691797,516.9034086179475,0
24.736001768566382,2437.650409342025,0
27.06497154235842,834.8863244068365,0
20.00187825096981,194.6489445876818,0
13.846859428210166,1151.8464319419604,0
21.58956953533118,1081.8758577120047,0
24.137857146490262,2120.584231616233,0
20.527795046851736,244.1446006309729,0
19.494764264424703,174.775712938283,0
22.008330330481897,1384.5704838645202,0
22.894457435607933,2007.4803352367621,0
24.26756907376381,142.7245035779219,0
21.138923508081632,476.47380158421805,0
25.28935300666336,2307.262242586587,0
19.760471200943073,1091.5811069321376,0
22.33039584689675,188.0558960151415,0
26.310407129923533,2547.874060274337,0
17.81728686491647,2174.961087108825,0
24.698109054565464,1974.4738645863276,0
18.665220303005697,554.409892113183,0
14.409841156005825,1115.5179560196143,0
24.515411631266318,85.96906140563298,0
22.762744098239466,706.8719014537077,0
21.4633134365082,1357.3369354021293,0
20.223934659090958,1268.797923625682,0
22.67302209102752,1086.1126787972194,0
24.183888212839747,81.6280178737383,0
25.567129204008324,3907.126092166875,0
23.73839456770156,1173.8921299588424,0
26.47301901408605,1247.4197119486075,0
19.68961947758993,351.2079611432295,0
21.231145350138377,186.16184294340422,0
20.978067864312095,628.2114468526582,0
24.32694149017334,1502.3770675074798,0
22.899082165672667,958.0681368720274,0
22.424326833089196,169.115894288991,0
20.954161050584617,1168.9272567641478,0
21.65474948883059,38.41616287944127,0
23.71887461344403,170.13610229012778,0
21.180729484558128,1450.1184120785933,0
23.83866270156136,191.3016855728369,0
25.02720866203316,220.5309651803713,0
23.316242169577038,1619.1906526696425,0
26.491650279363057,393.9955651771765,0
26.506848398844454,1111.5772694360953,0
21.437754948933957,736.6100445401411,0
26.82273243798153,980.806086958621,0
27.57746531168624,1065.5403926980239,0
17.478221435907244,819.0980449330549,0
23.70827329423696,71.15779519197751,0
21.957965977986646,1370.9784790885192,0
22.65671361287434,1076.4028772723418,0
16.628306245803856,365.2496643376093,0
24.472376887003577,780.2845358860235,0
22.221119181315146,1461.4856809389335,0
25.291724459330226,1502.5602996361,0
26.820553186204734,1295.8988033246737,0
23.988445854187034,135.06959825870803,0
20.597193345569394,1055.8229915809375,0
16.132712487613503,1967.47257635114,0
21.688528248301793,1264.160127193902,0
23.19124819437667,1098.7698107969504,0
19.958758653913264,1292.8577110182982,0
20.724519560072224,1149.1352513444167,0
21.22516325491449,1095.0531780731421,0
21.386435021294517,82.61495158192922,0
15.867211198806785,275.4660107207041,0
21.012365516026875,851.6705267142992,0
23.261256980896064,687.2184395801763,0
22.168366050720238,1220.8430923533183,0
26.24388370513924,522.2737275075655,0
22.94203374385836,332.64710828778556,0
20.26052608489988,987.6419462275247,0
20.909773218064174,1418.3879874658328,0
24.032603654407296,2321.436752380107,0
27.21158390045167,1829.2745582771045,0
21.445805274115685,1109.7651243221503,0
23.437148030598962,891.6875243198614,0
25.42904419532192,1889.8780092608672,0
23.799473953247116,87.93891668436338,0
20.23707457648385,1346.5401723992568,0
19.133267153633938,1940.1233725261432,0
17.440523613823814,327.7775615465384,0
22.1359579722087,939.6381422888975,0
22.013089370727585,1441.151869298194,0
20.647087224324537,50.923765451882375,0
17.754327490390892,3450.3783218574267,0
17.475097274780296,333.36545229074767,0
22.480471052946882,934.7956374299268,0
26.298283831278468,1267.70463287947,0
21.785624104959027,1299.2796570074302,0
18.257467293016873,1195.1418414723616,0
24.917001236809654,691.1233037721853,0
21.502100699288576,946.322508902524,0
21.12475880251992,635.7167035352926,0
18.036262329419515,513.828852028821,0
18.99621162414553,174.6201746177416,0
26.7271244684855,387.0831102144461,0
23.28877983093264,61.33565008756925,0
25.578776180382988,2805.2884273242694,0
21.597460639035262,183.76680910703948,0
20.615817403793358,1113.1684675824386,0
21.868501395270982,45.261350275252354,0
14.55318126678469,528.3201977622251,0
22.310098902384425,1226.4083072554808,0
20.881877199808798,1282.7621594083053,0
25.303479272347886,2159.3368843209487,0
22.99996768266726,902.4157866847257,0
25.79612836837771,1203.3444613229972,0
23.95972874959307,3350.097951294158,0
22.82924194335942,284.0441882621985,0
15.545554945203946,948.2812106621008,0
17.13001051238092,1915.1485607039672,0
25.988159252348453,2934.6980758023005,0
16.174968655904138,235.42030230281165,0
26.19763813018801,584.5167681586485,0
22.598604456583644,1360.729400814746,0
20.54653150770406,125.73932930943776,0
25.394869349553062,1691.8447323155146,0
25.251100847456257,975.134023280118,0
18.688835539641218,2601.95199847338,0
20.75563082695004,1347.939577699874,0
27.185409376356404,1407.060813904975,0
23.28437436421717,162.47529611108115,0
20.962369132764422,1350.9174406540137,0
27.005453787909687,819.733523578618,0
20.04573553403219,326.5584975492697,0
26.165378506978357,351.57864242908767,0
25.822969055175804,351.13451331970504,0
21.29979370964901,1090.9124359500152,0
22.27645378112794,558.4434874367456,0
21.20828773180648,1140.2747899305564,0
21.23769776480549,636.0973536979894,0
21.031881314232237,65.2408123028021,0
26.00693622165261,469.85488832113555,0
25.04087865617538,1483.950544894908,0
22.853341568840847,145.0985901069384,0
27.68934100468954,529.9020826828222,0
21.929637368520105,497.01261595008185,0
16.97095816930141,276.29980892059615,0
26.144825792312645,189.0714772057276,0
20.156724336412196,164.89490196225455,0
13.942362509833515,345.46310156700423,0
22.981544700035727,170.13154626009276,0
13.423869341895681,328.8998462271433,0
20.723348236084064,1344.6351185452681,0
19.26924317677816,1452.056978644107,0
18.290632087597032,991.7822152387838,0
21.261224336335204,1945.486427099679,0
19.71436144510909,1329.4869109999877,0
21.014466857910122,1234.3161523353797,0
24.949214511447565,384.9354729068022,0
18.192643864949616,253.80302295205405,0
25.27883525750576,1685.9617054474097,0
20.515563987963162,1374.7208237659675,0
20.96258896191921,649.2717348050813,0
25.77420819600428,741.2145853054266,0
13.882570415072962,831.651766599391,0
24.298904991149925,1122.820378096078,0
20.14990556504989,556.1057560157518,0
25.68011203342013,1830.363263190959,0
25.68767837948269,585.8002647769193,0
19.903525861104356,480.0090610992651,0
25.240630213419593,393.43259185669234,0
24.919255320231116,139.4891522836428,0
22.779590225219806,144.44153457996657,0
21.75877160571872,237.85498812911322,0
23.423811128404452,1672.6588986825686,0
18.72803450084865,288.32298219320586,0
22.988160122765407,1432.759349049304,0
26.162366182153846,1130.0659820449096,0
21.43545494079592,475.51826834795287,0
19.74478095372524,278.63367721555045,0
27.25670649210622,1003.3475838613252,0
25.707241651746983,467.2283425938826,0
27.26313828362362,1477.1226726484042,0
22.993571288497435,489.9106740963202,0
24.794520859491286,1284.6670493495208,0
21.74130855741953,130.1909767102938,0
23.206471957582437,1504.331518710826,0
11.494966046015463,276.04233920690825,0
16.37632304600305,1151.0723613214236,0
23.04712123870854,228.5389833163958,0
15.96017481486001,1822.5737631332618,0
22.836960446393107,3976.717901231025,0
19.830825159284814,198.01325798151305,0
22.488759013584684,115.28724879143049,0
18.907938067118323,460.9368823480349,0
25.796187337239587,299.7870415460806,0
20.985543783505705,258.53354185936263,0
23.5831690470377,1224.2606252443534,0
19.48634236653652,1413.6156633507949,0
21.50627463658651,830.8633238088827,0
17.20271784464518,234.9212437879782,0
24.202794477674786,1208.49304348347,0
23.701115544637048,1212.7606466424209,0
20.72505110104879,1357.5403735053283,0
21.08458461761478,1237.8689318907004,0
23.55186042785641,32.238581032727254,0
25.032030822291574,1110.904243589614,0
25.760512115016184,1830.450982601617,0
26.592737627029464,308.4490418445807,0
27.258266576131177,1049.0305542957526,0
23.869957478841172,350.96060931799224,0
20.49516695340475,140.34924358246138,0
23.060761070251488,1091.1884352576476,0
26.271020361093406,1564.624742419694,0
21.471940294901515,1164.9696424615126,0
21.397659174601245,323.41285869595816,0
27.505852231112442,654.9355730426054,0
18.166045930650455,380.3724430513125,0
22.72842146555587,1412.2263386857253,0
25.882526720137832,2026.9197270285827,0
20.640104103088333,1513.2841549825412,0
22.122926108042407,1433.2099080097419,0
21.20804723103845,1370.9934473049384,0
19.55063114166262,779.3899819266538,0
24.94078424627139,660.607431830142,0
24.266821252732086,208.22818279382994,0
16.73246872311546,216.55725762364676,0
20.278436517715534,215.1424817752581,0
21.765080547332786,1107.4728712451201,0
20.227012379964208,354.13827821728995,0
24.25237440886326,81.2848031532507,0
20.677100594838464,496.97969555971434,0
20.445823923746843,1435.4610897612315,0
25.50250239652746,2037.7271778893214,0
17.91037737528484,558.9915335190038,0
25.969537171863408,607.5473956775407,0
15.24734955628719,862.8999114048223,0
25.136534182230662,1038.3945189428073,0
21.502563810348477,1201.2039393198233,0
25.61668430510025,2395.3186690819007,0
21.69538777669277,1230.2723571669799,0
19.721762355168664,1307.7203229081374,0
25.41697050730386,693.5438409459333,0
22.99664913359146,1422.7746248256904,0
24.069829771253808,2311.1744381499034,0
22.347853279113792,1307.4838489305716,0
17.80077237628757,389.48220834252646,0
17.81839391920306,713.4625583898763,0
21.692199042991433,1079.2040720593673,0
27.207012557983433,1278.5397775482875,0
25.92739912668867,820.2798224997263,0
20.302283382415794,146.19266688940337,0
26.494353230794275,950.9226910781603,0
23.973993263244665,1423.55160117266,0
22.741976515452052,1361.5219414245826,0
19.843432574801966,1146.6985091578704,0
27.03276744418673,433.69420319912246,0
27.124095058441185,816.7197078478079,0
21.732610479990683,562.6647591602544,0
19.907417233784997,82.30409845826436,0
21.458270372663264,1284.3371078383666,0
26.042817264133078,582.7260434639196,0
25.523768255445702,59.48500409838964,0
26.294105390518382,1036.4883549523097,0
17.474393208821652,422.57156297681144,0
19.792763773600313,399.43486899254134,0
13.55277108086483,623.0515807878713,0
19.531457201639796,1229.2851515125972,0
19.986913087632956,1099.7955024254065,0
21.690772430102072,1933.360137791608,0
27.179897367037256,490.6684726488333,0
18.97072357357058,789.4472263765077,0
19.092723535608457,1309.6351444732886,0
19.29779051674734,860.9099842619638,0
18.981719483269615,190.57325720903685,0
24.23781300713034,1063.8986274611693,0
13.777444175437665,853.5358019184808,0
22.485774135589622,1192.0948147785407,0
22.750690237681056,209.62911918875983,0
19.231708780924464,1351.5827998530608,0
20.562264520150677,524.9402418744306,0
24.274523989359523,124.79388788459111,0
20.972480577892725,845.8167210232954,0
19.699696658906475,1328.907904030059,0
21.95556877983944,1356.0357064020377,0
22.294422948928116,1095.0875476014357,0
24.76923586527505,3163.219471276973,0
20.736342639014822,1275.6798386585456,0
26.244970448811898,902.5405615579824,0
22.468879397710168,1271.3085606705886,0
17.788200285940547,594.448067994092,0
17.129967069625877,1082.6235458266478,0
22.481832679112756,503.74856293318084,0
25.758337116241478,2303.1379289936763,0
23.741433397928915,2025.8947096776706,0
27.388145171271447,1038.9400541794043,0
24.691957959261856,1510.4670159530383,0
22.853341568840847,145.0985901069384,0
23.762174811730006,1791.660469771598,0
24.757966677347895,463.6400163185339,0
15.440292014327781,1609.8821654927474,0
27.69912103595152,2257.7313452970725,0
20.365121692702928,1217.8748853516322,0
18.7269966534206,357.6544307183962,0
19.00103458828403,2140.0380626332503,0
22.69204141298934,1202.4592801940184,0
27.62721023559567,819.4938197743635,0
21.2880256334941,881.4960539352636,0
20.194139417012593,461.7111429583769,0
24.949284569422446,1454.8060677957278,0
21.8338549400861,175.63692927477172,0
19.568974431355855,1612.5667661440116,0
22.982993761698424,1906.2777131807547,0
22.84084520339968,170.17350793001464,0
26.032884964288485,1072.2792640340072,0
26.632106505499962,386.6739913832884,0
22.528577423095726,131.76294118282607,0
20.411843909469326,404.1341513406973,0
21.74144102732339,1523.9910006534797,0
14.88477918534062,1535.4379758250457,0
24.301515939500632,1234.5144979667407,0
21.213852310180698,1213.687085361455,0
17.129967069625877,1082.6235458266478,0
20.730115906397543,1302.4746298801642,0
21.95177499820028,858.3716571342687,0
23.16895886045512,991.902229191039,0
23.69080750601637,1173.2219427835685,0
19.530170218149806,1753.9652556192618,0
26.003864256540965,599.1564959299307,0
24.80215670267745,3445.795845986579,0
24.73750152587894,3327.3615099501353,0
20.718883026970786,621.7399805795889,0
13.653654140896265,644.385148586009,0
19.968486722310388,225.65946802613547,0
26.298283831278468,1267.70463287947,0
20.50845440052177,253.57003584620765,0
18.404190953572595,114.9733074021082,0
22.491840344383604,2064.970393480037,0
17.04044421968007,522.0611587178449,0
25.729049918230885,1822.3044395458442,0
12.700300259060327,248.07977005955985,0
23.68276023864746,174.9413877737265,0
19.080020745595334,1188.2784932863456,0
24.599274745131993,468.74221116421035,0
21.568072842328945,1569.1606819641333,0
18.167156526777546,565.4668182146291,0
17.0723441714332,957.982820273612,0
18.351612037119253,616.921850295041,0
23.961810207366966,1608.8236913096648,0
25.415483676062763,1414.2385803174716,0
22.12442723733409,483.59598666546157,0
20.786286211013817,858.1700295221548,0
21.960285723650827,1393.3864951145392,0
22.73653068542484,1291.1264643084746,0
25.913235600789392,689.6302893769483,0
9.7482274797228,570.0801357638578,0
20.896610220884725,3088.3432857703906,0
20.253207952326022,1888.3033178758365,0
20.757317479451558,1354.3945446622115,0
22.44533762048792,732.3101133119802,0
26.756934261322044,1332.168442012046,0
24.256361142794333,2052.9958538722735,0
20.88504002888999,2438.9030456554633,0
21.95851605733236,1284.3201726686698,0
19.590374803543114,93.21257174131681,0
19.334998067220113,245.9402650606375,0
16.01843080520632,382.1743063640337,0
26.481577610969566,400.0671252619963,0
26.558793004353845,1030.9109956037742,0
16.279489572842976,575.0202059757452,0
20.208552042643305,485.75457632658294,0
19.69192134172488,1792.7961170685035,0
19.731413630950158,1406.4526528131705,0
27.06207165718081,704.5002028357725,0
13.731672329372827,378.17252129432967,0
22.259819991500308,1440.4115274560195,0
20.77325808955186,490.15464708325675,0
21.23827906714547,248.4792701911669,0
22.033654308319058,177.2650338721018,0
26.3874917529879,1683.3855964255076,0
25.831907081604015,2684.050560743783,0
24.816493924458882,225.6385505211096,0
12.973343276977573,244.242445380662,0
26.751619028162054,957.7632144105177,0
18.069343860944116,1317.406059057687,0
16.06509424845376,386.3033846032362,0
27.191924428939842,1418.6570018541556,0
25.539979712168417,700.771123917077,0
18.50671571095785,278.1765058648329,0
19.100831117705752,1087.4613493692618,0
21.468187374538843,676.4817692351083,0
25.466838932037376,531.0731947433691,0
24.788759667532815,1342.9409757268172,0
25.684851698441946,1267.0512765657645,0
17.657489395141624,682.0404089998941,0
20.501457389195764,543.6121456336717,0
21.842305566394202,1333.9148432028037,0
24.042280133565328,174.17628020164778,0
22.125057050916894,1495.2141985308867,0
20.214612435537674,254.4248968374472,0
20.47438567479452,1449.4461163890105,0
19.704188919067406,1446.570207179759,0
26.400541923159608,1034.988642485116,0
15.676800028483115,377.8302453469973,0
19.6968236923218,243.22013631579688,0
18.323966280619345,1115.629401804183,0
23.05513488307139,3185.863517971013,0
25.46004262500344,2300.9144037973624,0
21.961481242709738,1282.9782783996802,0
20.454908625284872,1451.265592874263,0
20.292264617435535,949.12470951793,0
26.31947537149705,1877.9317520570498,0
22.47701864242555,1423.3101464819651,0
22.188996728261372,160.75449511525443,0
19.949359239850764,230.21796420333197,0
23.426204754057437,1163.714994491313,0
13.958447392781636,293.1572169077139,0
20.500474336412253,1362.0891392242652,0
24.631341835304625,1370.4600751411658,0
20.688757324218727,1358.709973098014,0
20.430701700846384,268.8878372323256,0
12.250474294026674,424.27491843817046,0
18.201709047953273,242.46481508133223,0
21.1502190589905,167.25708991405776,0
26.33929484685268,2064.909298719142,0
15.417353175236599,542.1242572378854,0
24.660490290323878,1302.3792773496848,0
26.228561740451426,471.7347666632872,0
21.137520090738917,1401.7262429010611,0
22.407440058390307,206.90472126123717,0
17.198150137699088,732.2457440209131,0
18.476789596345725,349.26831424352935,0
24.803938307585554,1530.2775323402625,0
19.89521098281398,2924.949881435607,0
18.004819781963647,1749.789018930171,0
26.35699161953397,276.33715123054793,0
26.14775993029275,759.7699955117445,0
25.0342533747355,98.99134636041929,0
24.987351936764185,382.11996555445006,0
16.816649960248924,1732.5976125907641,0
24.32671090232003,1577.1952427935344,0
25.91755002339687,664.4924364995699,0
20.832744489397328,900.1931853604059,0
21.841432225262736,1244.687114657138,0
21.22943687438965,128.48551645991614,0
21.771226819356286,1116.7512431752425,0
13.145263608296716,2739.8452393722278,0
17.54646978378298,299.5022356521826,0
25.568527857462584,1664.3836766493064,0
20.735057731911013,1336.99126988766,0
21.50525362226699,1098.1394022714835,0
22.961759821573935,1362.788219751094,0
16.115014203389478,229.0853604686003,0
21.239263153076195,993.296076358531,0
20.45391163825991,1120.5671027314406,0
19.957715606689533,1243.771475554679,0
20.23455390930178,172.84610197064688,0
19.97204286787246,1279.6579346072417,0
26.61611336072292,2382.1416988980513,0
19.21710572242739,1189.1549125325423,0
24.009454782803857,465.70937037584594,0
23.68453750610354,125.68447813508321,0
21.939134613672934,1616.64636507747,0
21.26950692070858,1004.5571185660104,0
21.473776690165266,1267.1436637651664,0
18.747424697875942,1334.0879276406508,0
22.071992333730122,1177.7255877864104,0
24.676250943270645,697.0830082905035,0
22.383354640007042,1300.4392057668906,0
21.21754048665366,656.743657590125,0
23.61663661003115,3559.5697879802924,0
20.992952791849802,194.03502419707587,0
25.19945510682612,343.75554770347884,0
21.732020448383537,311.649684609149,0
20.88280595938363,164.56760540721228,0
21.7450945536296,400.99321007845214,0
20.833408610026083,616.337646545146,0
17.636174915455058,94.90045607206632,0
15.24734955628719,862.8999114048223,0
21.473465061187767,289.79846164700797,0
24.679057834766525,700.7342062902193,0
19.749138768514,551.2455150496702,0
14.189145660400413,241.61350056645682,0
16.174608908759296,268.6150342237692,0
22.67408968607583,149.70583170769027,0
24.671263186136912,339.0757486235838,0
19.820996493384996,1295.7547612499934,0
13.327020726059459,1237.3174399149161,0
18.72976493835455,1260.6400370609504,0
26.556842104593954,952.0614340913038,0
26.758637728009944,1044.0166227531176,0
25.50575949350997,1915.0341346871596,0
24.167296473185274,288.2756188523512,0
19.79383799235029,391.3909874868136,0
26.305597718556783,562.8685213637094,0
15.047169409857872,696.3917061698179,0
23.904382112291216,966.9241987180452,0
19.734536170959473,1203.5472773027163,0
17.805815394719446,474.003874511693,0
21.949717966715525,1367.2136485588294,0
24.502779994866785,506.97667598841,0
17.897448476155603,281.2084041547518,0
18.873323927985325,1314.0199229132872,0
19.242750634087486,1196.634699405406,0
25.77420819600428,741.2145853054266,0
26.321577508108987,867.7574217331152,0
21.984724299112997,1301.9234657299262,0
17.932414061934878,491.51821881649306,0
23.363623237609886,148.96794855711272,0
26.00713824166189,2682.1790345024806,0
12.455152130126976,300.108448417161,0
25.41189685397677,453.8502849650126,0
20.13136239733018,299.8676791798811,0
20.946234594072678,1324.0363605332118,0
18.414120292663654,439.5229488622885,0
20.003998511178168,359.93633866426757,0
23.476189814673546,1510.744851828788,0
25.570396338568855,2499.611728639577,0
26.08313104538695,2233.593483270381,0
25.99347648620602,970.0222022843103,0
20.575049209594738,856.0684852313738,0
22.066873248418176,1100.89654922602,0
18.976162015474756,1346.116636694644,0
24.032346343994163,1221.8188539159041,0
20.160488552517393,2107.2522111248713,0
24.275148191906226,1331.1530470859748,0
24.46288985941146,1248.771440983985,0
25.05996494293214,3378.461015225623,0
18.721150243849934,1296.5301841509086,0
26.940904326666043,830.7269856345396,0
24.534285481770837,93.98599416134168,0
25.694515200014507,1025.2042830002051,0
21.06670073050043,977.6199616503458,0
24.696161813446963,88.64864409086515,0
25.944408247205956,1359.013763071273,0
23.590007400512718,156.04222640511802,0
22.163850402832054,267.10888072964957,0
21.70848908197314,1380.0440400850516,0
21.34516386455965,1145.44173032162,0
21.49725356631808,277.33500003931334,0
24.911382293701195,1396.849368513797,0
21.74538948624223,1153.4906670462829,0
20.055478090228462,3292.518784106944,0
21.455082575480162,1083.9186504494887,0
20.244546508789085,508.5905686032515,0
23.536422348022427,1302.6674881589156,0
21.159236327807093,1544.3727344286185,0
25.708278221554224,667.9996073257665,0
22.325140335213405,1338.1564140331488,0
24.784986477806456,1406.7356631171447,0
24.25468085253692,1986.5047007810813,0
22.187917181161822,1749.6568232786399,0
13.467168698992054,383.1814460468035,0
16.65765770420893,1839.0270553540927,0
20.782535171508812,1333.8836476218444,0
23.20601093150958,449.19935315964034,0
26.41252135482489,1018.2309754204492,0
27.25373762448629,2313.515064121459,0
25.41164550781258,1356.3307605695468,0
26.032317451194444,632.9829514038305,0
24.50553636904118,1813.4228594612819,0
18.730254189173422,1273.6684501182776,0
16.66963295406771,371.11812904593756,0
22.950309530894003,1123.795618118022,0
22.729810412724817,216.10876619932463,0
21.195598936080955,1063.4383678447944,0
13.73122113545736,366.13265127060225,0
21.10082143715448,1472.6928070199233,0
26.152602238125212,1652.554646880601,0
21.14345448811855,1098.5973633837443,0
15.911978912353504,646.9298049819212,0
21.379991352196896,1106.3724875461799,0
25.72832938432697,2180.589356274579,0
20.94202030726842,678.5915873956423,0
16.944440195295613,928.8239412021379,0
25.549816630436908,1295.6370346259814,0
20.162045415242517,1183.0996878456813,0
20.418311691284202,221.93565666792205,0
28.00021964831234,1475.6503522407752,0
25.412129290898633,2467.2142013919097,0
19.452307637532556,1209.3248263013106,0
22.67018534342452,173.2800610375147,0
23.45219737461639,1066.0579174768668,0
24.543293287043014,1609.0086445224028,0
21.482911500476632,692.6363490533571,0
16.944440195295613,928.8239412021379,0
26.07371648152673,903.8408592354994,0
23.502520385443063,1770.3564696025592,0
17.798517198915818,501.61717906710913,0
23.936089558071558,1585.1009793591243,0
19.98063529043492,1073.0521574628096,0
19.68306039548395,891.1488547932844,0
21.631763553619408,255.33686652896216,0
21.45904089609786,1217.9418548953277,0
20.888516574435812,1089.8167535674315,0
24.929445150163474,2417.9089747380954,0
25.30111502541439,1780.5995464336615,0
18.278765514440863,424.6883064520102,0
14.685953712463402,2491.9431962084514,0
19.79122310479488,781.6054120671491,0
21.467281253521264,216.0735137772303,0
26.056277847290062,868.4837937366705,0
20.44403423468276,1747.3598726105433,0
21.2444311141968,122.61225730297376,0
16.724084154764853,272.4893547606211,0
26.7550460656484,1107.4410609912616,0
18.049170501143806,328.3534616243582,0
25.218296305338583,641.8216869246702,0
23.378583468812906,905.6044265639524,0
25.211350559053017,185.10112613556197,0
22.260449186960898,76.53536722180654,0
19.036163353197537,1336.178266258214,0
25.633349403968225,914.9459794175367,0
20.534883593549637,2322.5490570080024,0
15.509017944335938,363.316868246768,0
18.816000874837243,1216.0844698559981,0
24.374515416887107,2566.6793853056174,0
21.51957212377482,1134.4037249695998,0
21.195598936080955,1063.4383678447944,0
25.400074664029205,1253.1054809701186,0
21.977652486165425,1325.257179142211,0
24.43337195714321,487.12759912130645,0
22.762744098239466,706.8719014537077,0
18.492810185750386,1320.8345443021994,0
21.246632830301962,1260.4484453809005,0
24.735927518208825,433.2327663910132,0
22.983389393488608,1101.040114463542,0
27.133346448625844,733.9406020951013,0
22.19186505048708,1360.745363683675,0
10.738334698147298,330.1939561974745,0
17.95587867101034,589.8475095641355,0
21.44876378377279,685.3568747651319,0
26.07218288519448,751.9692525279264,0
26.291399150424525,1786.9543999445182,0
24.696232136090657,2719.0382748853904,0
21.74616533915207,340.7797038566809,0
20.44150333404542,305.5475883197527,0
13.93623201419149,1202.8095170867186,0
20.728834043230336,166.9469632220011,0
24.462341158317827,871.9190701853971,0
24.37261377970384,1158.7546177220088,0
19.235743247138146,316.52291566250136,0
26.705576651436957,1890.7305046927672,0
15.284126112196248,570.8758577716093,0
20.93857780032687,1200.1052618038398,0
25.298462009429954,414.30664137122443,0
25.41680101336857,652.980846167777,0
21.83511565526328,487.3302251112204,0
20.719166056315146,1322.3218701791507,0
24.715552986992748,694.2872487020235,0
13.965430672963464,416.7456522595625,0
17.94922032886086,562.3209744703512,0
18.817716773351094,2375.0274449598533,0
17.954924917221035,415.3898440313082,0
27.474951012929296,1207.7380761515838,0
16.159459333066593,507.28084966656974,0
13.731672329372827,378.17252129432967,0
25.533931177312752,370.3106015932303,0
20.39277391433717,220.88524401304534,0
25.284649149576865,970.574361087058,0
22.492060407002782,3451.478817315076,0
22.569147537693937,1159.0755291294795,0
22.259162703014624,222.84432575223258,0
21.989985349443316,1402.2511959087592,0
22.24971139695913,1195.398979635213,0
24.66759942460942,1480.227825046752,0
19.660702959696494,158.59591663000396,0
26.997713406880735,1279.1280344140273,0
15.783823630923337,391.47652015206626,0
22.06193321545919,214.0450410556536,0
25.404677804311063,1308.5315160464984,0
17.034822809128627,424.1169065248709,0
17.807011268252495,1654.6201229107123,0
26.446072276433313,2221.967608482812,0
26.619976289287933,660.8582705270986,0
20.75432845221627,1438.9186844241362,0
26.161209678649982,576.9232258212309,0
21.195598936080955,1063.4383678447944,0
20.209560203552314,197.33534827945044,0
23.426204754057437,1163.714994491313,0
21.899328740437852,113.11413422343541,0
16.416760835193486,609.7314775001745,0
24.481529119279685,724.0236967813711,0
22.017194719667827,1210.6834769260627,0
21.212675984700525,157.31583610293677,0
26.26255492255808,3192.87628010032,0
23.711022313435876,121.38303443906118,0
26.225009254173074,2199.941706658576,0
23.131718174616537,1326.705195755933,0
21.635405330168908,1415.2754776191455,0
19.972198867797886,1293.5348272335273,0
23.86858002344775,739.7896766674261,0
20.358627537318682,1397.2650811087829,0
25.459977637396946,632.3199763905744,0
18.419083964029937,538.5337591182928,0
24.47350028933903,1445.9912225615722,0
21.711521085103357,731.9621264946203,0
17.535780326525355,441.7526096117239,0
14.909828546312099,1116.0266742121917,0
23.07367275122442,1217.4474678945285,0
20.786933644612645,266.20236486313155,0
21.285187445746544,321.58228084561637,0
19.72619667053226,151.79848000523856,0
27.187706883748376,1530.4143957805377,0
27.01094928317599,476.0166227829199,0
19.54650395711269,365.25931283948233,0
23.038159094916466,163.96976709482482,0
26.505850601196244,1362.6763455581408,0
20.98844477335615,371.65705189225486,0
22.290171877543173,239.08962011453917,0
19.714415981151433,1294.7800502192717,0
23.7162774165472,1403.796505929206,0
22.84688835144044,1204.4981762778502,0
22.725716908772824,1055.6820973765593,0
24.010029347737657,872.349534929965,0
22.096198644083017,177.21109539387038,0
19.03521658579507,395.4954713594656,0
26.583086395263706,3266.1216303717833,0
25.886788758777413,846.1007669579725,0
20.698092185126427,1193.395779283021,0
21.862288366045277,1392.2712028038245,0
17.51241299022331,417.4413651239615,0
25.831853485107445,1909.353525192712,0
23.535129006703755,131.66738376138022,0
22.317471122741722,1170.9778428089362,0
26.507138506571437,1310.3267148148757,0
24.935032145182333,831.4326301228742,0
15.937361256281577,328.8209557544928,0
20.4813386599223,245.19199580070784,0
21.702167038690504,160.40229499456694,0
21.625218645731707,233.28629955766013,0
23.43323720296229,92.15727895614911,0
22.47378212899872,1394.9372738611441,0
22.003378713698623,1259.375070036624,0
22.66832429741612,2562.870514394019,0
16.95917612711588,409.5231749129038,0
26.479480489095067,406.0686200868826,0
21.441940272938155,1013.8247653853635,0
23.728042584373895,122.89490997907926,0
19.668284193674765,1623.3638085436564,0
18.74108851599317,298.70162606355956,0
20.43143940678351,1426.79869830725,0
27.39564921061202,1383.9691139769297,0
26.406905655633864,578.3754259359579,0
24.557108921474935,1231.1657711875182,0
20.714711055049293,1440.223124624465,0
21.754364522298147,2436.3277524721366,0
19.344924743087233,416.63266047951987,0
16.45485331217452,261.9002096366625,0
25.867612457275413,869.1897697758417,0
22.84927991809269,168.92496198532393,0
26.311706343151343,3228.7736989569407,0
19.674632883071922,1044.8145836603385,0
19.41988048553469,259.2546500277262,0
21.872341137840635,1345.4350575816375,0
20.76222805447054,1367.160820217107,0
22.23094994516083,1106.0519188654166,0
26.27459857463839,1431.32827878115,0
24.426058882254154,6875.06759986398,0
21.495341166743515,1284.449835122798,0
21.88449071248374,1631.1618469667178,0
23.17457663218181,105.07240593550016,0
19.16652300285574,378.63199859974196,0
18.921357515123134,580.1461197447519,0
19.891984796524014,69.54115703818609,0
24.343663834080644,795.7376733433942,0
22.34350621277116,1317.6275908958655,0
26.009246232774558,668.8161499809961,0
19.657842678493978,73.21592122432996,0
21.67389379430699,2513.299793751214,0
25.406586447216284,1350.9736031305533,0
18.038145065307617,487.81906515476516,0
20.993522171747088,129.51322719571402,0
26.786010360717796,1980.0913676631194,0
23.4824368158977,1286.906269193862,0
20.871719879574243,474.4652852427702,0
24.741311407089256,1304.2759194981795,0
25.201154030693942,1680.7617180061084,0
24.195094507390877,1856.2856733810645,0
27.377510537041587,738.5017246019582,0
22.688112170879663,2386.0676817607623,0
25.144172048568805,697.2658902418356,0
20.200450515747093,326.92769989487937,0
23.66448074623389,1578.4833326947432,0
20.987199613783105,1200.3171712171775,0
23.80851771036788,116.48098081466962,0
22.92299207051599,118.64530742285062,0
19.02844560411239,330.2879340958338,0
20.37248648441198,547.101949156497,0
24.872069931030296,1959.3465633702021,0
27.320109419389212,1192.2315478336554,0
17.79683969285759,412.603330613349,0
19.932992076873802,1173.9897027623397,0
20.066272862752328,29.515129328940404,0
22.129412092985945,2230.456226320241,0
19.25690135955807,213.73191177961638,0
26.668005243937216,508.3059713256102,0
23.189981794357323,1129.688330740903,0
22.66518131891894,3559.4244420540076,0
15.607454298791424,390.80829993006995,0
21.540883636474632,1116.7422950279456,0
19.408810445997403,424.00924936053565,0
22.64186706542972,148.80779460189154,0
24.81064864264596,3626.7636574816447,0
22.612287166383567,179.00803014752677,0
21.212567954593283,51.01692751166631,0
21.606988366444966,493.5853637766581,0
25.74088403610955,3051.7983071517688,0
16.741502107892757,323.51604178664496,0
18.699232037862203,1092.5788477074843,0
17.0915201045849,1413.1633572292071,0
23.715070724487305,149.18761402485183,0
22.84839474360149,174.7284613561373,0
21.48318967819216,680.097129942153,0
25.363947380913658,906.1514742684107,0
21.986259953180934,675.8962914359312,0
21.964555603418603,106.43416717765142,0
26.79579512984668,481.7621976148825,0
24.849233404795314,1352.8066694748145,0
22.43994146982834,1690.8781424176436,0
22.520783643369384,2025.5959227692824,0
21.379738050518654,2552.3778133105975,0
21.978710492451967,807.1161255252104,0
18.911118150368736,406.6428959381323,0
25.98862697283431,3756.1954341840487,0
26.634125963846827,1152.6836872112494,0
24.31984179814657,2507.9131133866053,0
17.26227495102654,788.2592462014894,0
26.096068150656606,632.3545098316412,0
26.11522636413582,2726.951335371707,0
21.98683684666952,1337.5307962310058,0
22.22190977732339,502.0648993563395,0
24.243960806039695,1300.3896743070823,0
21.48214021258883,1469.5846259605628,0
17.546385447184264,107.21987933037092,0
15.714882060459729,513.7629665446024,0
20.676550420125295,276.57159865019133,0
22.742633033521315,1428.4325510275107,0
25.82322750091555,1059.7333654772979,0
24.02358500162768,2111.5993008029204,0
15.57244002602323,1140.52459299681,0
24.547710990905784,220.18640935537627,0
19.652904673985063,536.8443921220045,0
26.90247259140017,2185.6964834046107,0
24.062975184122763,68.18705126759816,0
22.73662995232479,728.9456024777631,0
24.979164084410115,697.2841143619756,0
23.732907640366307,1358.2157611858588,0
24.97195848163807,420.0377807032805,0
26.46465797424321,370.0436770927649,0
21.99876929918929,490.4365137231093,0
19.237638568878197,1402.0462900411826,0
23.657025485568624,143.9011365186911,0
18.88214748089132,1626.1037297558528,0
25.05620123545333,1552.1907590341311,0
26.441875500149195,2748.0301491927844,0
24.37261377970384,1158.7546177220088,0
25.741610590616858,1489.8232936870795,0
20.979266466413264,432.80093073961547,0
17.40103212992352,301.5594974171858,0
24.009680557251045,860.5772301566343,0
22.753567132495675,1311.5251407038909,0
15.978364324569725,815.5554763984422,0
22.99006648593479,157.4361592542868,0
19.567009968227808,2014.1513057064753,0
22.745643587465622,1003.462699056838,0
20.48832842508955,1204.097275437091,0
14.424082819620764,592.9340019833784,0
21.222789276970786,1363.098864258502,0
17.69680713306775,272.1839293849211,0
13.995011054145039,249.53661933657935,0
22.419351196289085,232.178279013608,0
21.883248705741778,1126.2346290063601,0
16.40448423113145,1104.5563302945834,0
22.064760008312476,1290.5479528021556,0
12.302685991923056,723.535676301692,0
22.075557539198144,1538.219422848199,0
20.949868138631246,1177.2198945295554,0
19.453514115015707,1180.0102263700705,0
24.624575460524795,1610.0621864211303,0
20.55598602294924,692.1391196560602,0
17.32444279988613,443.6948940169554,0
24.662342198689828,1293.8294827949744,0
21.589094495773338,1143.9012110244971,0
26.08976172341238,1106.5245948743564,0
18.73420112044721,401.72027126071265,0
13.938316599528036,3562.460963429187,0
19.32564497448152,1853.4872576606017,0
21.24984802972699,1344.269216806863,0
24.677460041752568,2812.597513945077,0
21.889367469151807,1328.2075792562705,0
26.64762186322895,1490.9522317361575,0
23.345610407420565,1081.2601193797332,0
21.239235996064735,1303.262692691062,0
25.77045052846273,2074.5508752774936,0
21.096915817260765,1268.8598752033454,0
25.974627249581545,523.3846090745668,0
25.087985928853357,355.65033257124236,0
23.485969559351588,1489.5348891627532,0
21.02636871337893,207.29567557689955,0
21.532587941487634,169.60283815977385,0
20.96251658121747,478.4486338507872,0
19.012461689540373,192.67314747092536,0
20.992204920450888,151.87255740282347,0
24.192753728230798,1762.6721642923098,0
22.96439459664481,142.26739555713942,0
20.549467976888025,1192.5286471855384,0
18.459671411060185,195.48244848964026,0
25.143683687845908,457.71785155055335,0
17.408665381537503,527.0185589802007,0
22.377686659495055,1445.836846531604,0
18.742054239908896,257.39306286094,0
21.529501124790784,1210.7183083903533,0
17.695885785420785,3386.7691874515754,0
18.042921603167486,517.3806183051805,0
19.937468394526718,968.796514720891,0
19.071570862664146,1729.3412841868144,0
19.20639741685659,275.38839802262595,0
17.790997197077843,899.7438408446054,0
13.538902091979992,713.5259032261114,0
21.704446474711176,1363.6666879069548,0
25.744113540649437,553.8626655947904,0
14.73169034322109,418.93141046283057,0
15.213272419682312,495.13534531113913,0
27.069713352344706,753.1527660798769,0
20.216844574610434,826.1430643510561,0
26.012417984008835,1106.826283783887,0
15.223133613949756,323.00379201886466,0
20.48056358924282,1244.4124788057547,0
22.00686331854928,1158.8993862282973,0
16.412472830878357,569.8468133818845,0
27.282601133982382,1273.0848349642497,0
26.3548005051083,1523.5802762222033,0
18.30062295595809,457.740676404212,0
21.337085596720385,1137.4012351047736,0
14.677927816481827,241.81088879821112,0
22.574136988321868,1993.0964492273074,0
26.561202621459927,945.3719899070005,0
23.209905640284262,625.1925051223974,0
21.495438239687985,1183.666613699172,0
17.529668299357127,551.9762530934553,0
26.007062784830737,995.6977672886591,0
25.8659441630046,290.04554525134375,0
22.91502522362606,177.66169533250144,0
20.85191755612692,1927.043449879859,0
23.942908541361476,75.46138838050176,0
20.15852018992109,944.858976454709,0
16.940989430745503,1816.8820895266276,0
21.98006647427877,1418.498066068862,0
19.615595209030857,4239.730552585099,0
22.466819826761935,1459.2354044329863,0
19.042228072728903,494.0845042478781,0
22.20528918675018,791.6114822041731,0
21.73379711574978,300.088078529809,0
21.26950692070858,1004.5571185660104,0
21.627434901187314,1294.8851555597525,0
24.174387868245503,3351.1102318775397,0
25.33159360885628,3273.791623116706,0
19.163055600875452,694.8446154606085,0
18.98075987497964,257.5177706789713,0
25.20417894216689,550.5535945307951,0
19.109680151939415,1280.3110003483039,0
26.635876803928,523.3953863394003,0
19.199621560838523,1246.8230918061477,0
15.989095306396507,258.69769677636435,0
20.222738361358665,160.84106713650039,0
25.43635322252908,85.06363332388212,0
22.993337504069018,344.3103551876288,0
18.529145346747498,442.95267835376075,0
22.61111927738898,2557.662804425929,0
20.773770268758142,2199.436538667653,0
20.36279304645683,1484.0426042687636,0
17.635093443734263,3036.5135900687915,0
20.381997309790734,660.3199362766485,0
20.756185150146507,206.4006447803717,0
26.38978390163851,334.62740182993224,0
22.47225127220156,212.30465248343756,0
19.55959877245357,844.0070196997862,0
22.69277908890342,1210.2404430520278,0
24.073517841762964,1300.020989776824,0
21.469071695539697,1475.4944711935264,0
26.711032909817163,2167.3690237116557,0
25.401691337868044,733.8970385503511,0
17.986615046748398,422.2943045210581,0
20.814028676350915,347.15383201954177,0
23.009525308853597,951.1681467306356,0
22.443839518229197,170.76356038567832,0
21.48789466575346,1433.3106920134765,0
20.74933213733493,1096.549724043582,0
22.039941406250023,1308.6939498793822,0
27.177863693237327,2261.852447689746,0
22.574136988321868,1993.0964492273074,0
24.078314187791648,1453.0633397412043,0
22.736800765991177,1581.3693039130908,0
21.03677046034079,827.8421096515398,0
19.98075616624618,135.0398480903845,0
21.20497548845077,490.9858301293593,0
25.675794393366004,3767.872174085353,0
25.787712938357572,634.5734082174043,0
24.751432868761924,529.5346051466207,0
21.066193481727964,874.5829433214407,0
21.09883201387197,1151.7725780617934,0
19.618060578240318,3477.2071883094054,0
20.969964773004676,593.3241739880781,0
21.033670520782437,337.8909833740931,0
22.74523095795604,1490.5660122644645,0
22.261117299397824,236.98415681836417,0
25.386300977071187,1709.4317011546832,0
19.28040396372478,502.3531287920218,0
21.298550144831324,241.27948731300643,0
15.008724330720497,946.5158030402403,0
25.013374351732693,774.7563242923956,0
22.00237363179525,283.91151204821875,0
20.239032363891567,221.54954150435736,0
23.58913528301099,1347.2346186649543,0
16.729477126925588,533.4604129206876,0
23.247917323642298,1333.2553774130088,0
21.85813052389358,1364.0251949441176,0
24.898851648966513,467.3482447874289,0
25.746908823649107,818.7912300240736,0
21.984152730305993,1419.8609858762961,0
24.835454718271933,4158.361737431262,0
28.13319915135702,689.308621735547,0
24.009680557251045,860.5772301566343,0
17.061705916967185,1036.8707187485438,0
16.2344687143962,348.71657639858535,0
21.911704776905196,65.64109847066213,0
23.110138829549157,1083.7786689412337,0
22.44533762048792,732.3101133119802,0
22.286824233443667,1114.1704514634353,0
24.00377250247533,129.72052842495253,0
27.133877709332637,2321.581565589879,0
24.288034534454425,107.66547247884084,0
26.94354645865309,1365.561761708234,0
25.917393620808923,760.1684190344553,0
24.203942394256615,928.7427335989217,0
26.30273537105984,558.2612052571516,0
16.16066882971569,578.4677833330373,0
22.23645476625677,301.34017840144446,0
26.307942485809406,862.8693118703108,0
17.743798510233603,365.8193320047598,0
23.03158872922262,1509.2085719120246,0
21.97997442881268,1305.5569127213698,0
20.63479696909593,1340.8406235289317,0
24.322437152156226,932.9956330370645,0
21.970184776110557,785.2457173180322,0
20.699412009829587,1526.3271972548705,0
21.46738197891807,1352.3862108599883,0
22.931117675417966,1652.2068314265948,0
19.42112014293673,451.84566527721694,0
25.289584308200403,2061.5429997455817,0
27.091872533162416,976.0689519357423,0
18.753004540337486,341.8075747799616,0
22.041766569349477,3504.7333210718375,0
26.332006779423523,2754.190225900386,0
22.964497248331725,138.31029906985572,0
25.332565434773812,5098.73224124429,0
20.84525070190432,1203.6539062869292,0
21.71830181545681,369.4182530057173,0
21.73968054453536,1105.7541266095382,0
19.769694026311186,186.9498014461737,0
24.049537065294032,218.19025352713874,0
21.448792394002282,1927.415751666997,0
14.177896471376755,2294.036009163831,0
23.354546589321615,1134.5263317239028,0
26.787458324432464,1019.3647637974958,0
27.022895822769556,2096.9460576784354,0
24.81765543619798,1142.0372247707587,0
26.631190978156212,945.1901584875326,0
21.112637681431238,1118.603122235511,0
17.218461502922935,199.42941591260245,0
25.35064528429956,5407.035206259463,0
23.724783487031004,1579.1842088114959,0
21.21754048665366,656.743657590125,0
20.179039255778036,1094.3964019429427,0
26.31947537149705,1877.9317520570498,0
22.94315935770669,396.5421587240439,0
24.211653988178,1287.9594832670432,0
23.4848018068256,592.2096453618745,0
20.240202416314048,1001.0062836122255,0
26.019692118962666,3142.218676210616,0
24.227745289272775,257.6655343186598,0
26.487143651644374,464.071382583354,0
12.47870989905465,319.9841015052538,0
24.16232395172119,986.4689230930547,0
26.542177878485802,286.89085021731665,0
21.761861546834325,1198.2044547807914,0
15.811379623413131,584.4856470834951,0
25.516548229399177,1388.2760450255614,0
19.487947320938133,295.8999395382147,0
25.71446486579049,1851.9429050397616,0
23.488261874516752,69.1659607004862,0
15.269364674886049,3173.496671767209,0
17.722569243113185,243.2433225226145,0
26.458749972449425,500.4432991158705,0
21.2262101332347,1113.4602472197753,0
25.138702108921166,1969.5753499877196,0
19.411255294746866,2531.9233953964454,0
14.99185242425824,285.5442807090025,0
25.788337961832724,1317.3358932149154,0
18.230829584030857,421.72576561686805,0
18.60900748923973,156.2118202459555,0
21.99950235684713,1418.7928706419211,0
26.569632705052754,929.6203896414976,0
23.225010626656683,175.59741139528563,0
26.66299209594729,824.510154129241,0
22.441706355412805,1199.651782215808,0
21.181031905280236,1170.201969147895,0
12.97073548634853,273.15941527602484,0
27.062290445963583,778.8533538591604,0
21.946535818917425,2032.92610198376,0
18.45829053606309,253.30524593708327,0
20.298706581479053,415.7067060482245,0
25.987941519419394,2738.301128895257,0
25.260020404391867,743.1231074046831,0
25.009197330474876,76.8730945896845,0
23.18816957473757,150.69449022528937,0
16.076149135165736,759.9060654651861,0
17.007389686221188,1046.9400703918677,0
19.97540668911404,1195.3452013444644,0
19.519802347819052,2809.753388912652,0
17.039838236028572,542.9174385976534,0
24.290154252228945,1355.460432172988,0
25.833422851562545,2850.323703886245,0
14.88217140833541,1198.8243207347136,0
24.544553693135583,48.87494146940519,0
18.665047731586526,950.6323345017175,0
25.429690297444665,3633.8141046476107,0
21.240585422515835,1455.8749765169364,0
22.194636027018248,1192.8269684326392,0
17.02884716457794,563.9920018625002,0
25.837097492924443,3035.966452957366,0
21.706367111206077,1299.0218296658736,0
19.39857324670868,927.5132238876562,0
17.198150137699088,732.2457440209131,0
26.698486935650863,840.3251662862043,0
22.975736589784958,1466.09510183451,0
28.44641062418623,2100.707390160535,0
21.490775760014856,1412.227508426879,0
26.240634536743244,2656.591717900012,0
24.66988544464118,1375.4571162175876,0
23.760116195678734,840.2334645402174,0
20.95825450332086,527.6057019841413,0
26.03522886796435,1623.0715781461936,0
14.662426757812511,566.225175560687,0
22.272041484287854,1355.297234655593,0
13.23868247138131,266.0264007758837,0
25.45856601170135,2686.694816501115,0
25.779639339447044,186.24093085644057,0
26.025526354047997,2340.545148403619,0
20.581384865442942,220.74862271663955,0
23.406496365865053,140.51380455610564,0
23.748477727716647,1124.7179999959212,0
22.243916066487657,1328.288902343486,0
21.211848619249167,1458.7203979503852,0
21.49636122385664,352.4807326507311,0
21.204278882344568,1135.080006719802,0
14.797015253702853,644.0156705689172,0
26.698792676572452,639.2228499066572,0
20.442425543164404,2104.0100611757975,0
24.756992467244515,349.69747513649276,0
25.538580513000568,174.4426645350199,0
16.614087638469698,768.6483047914247,0
20.227562770137126,1148.6724138271552,0
24.849355239350984,3100.2968631696444,0
25.896650799838028,2888.712794334863,0
19.775592939058924,679.0889658045511,0
26.693873977661156,1239.8929305386287,0
27.007768076116406,1445.2412843715888,0
18.18824055989586,280.05538210389426,0
20.597183322906517,241.9085845362883,0
26.954005351211094,444.2342191946249,0
24.461292468176964,2357.129161061023,0
23.632542274111813,1324.2559291434031,0
20.90315160751345,1299.7562706482154,0
22.92604738871256,194.88106370088866,0
20.922339057922386,668.7670655560236,0
22.735020432648867,798.4277203690748,0
26.662199380662685,505.33688515541365,0
24.81765543619798,1142.0372247707587,0
22.98825271243146,1024.00785386679,0
22.87441501617434,1020.5792605888586,0
22.818532834734242,250.0252470385771,0
22.413452039446156,559.627723695014,0
14.523596170213523,721.4553847920637,0
15.030481247674857,868.4354580950479,0
26.11494934445335,951.5827380132417,0
23.98276452488375,759.3206845235567,0
23.747046901561646,1974.9483175587397,0
26.313912385882816,1162.5934883963805,0
20.861276615990562,646.117524058793,0
22.72438284556074,897.4563971173505,0
19.654599428933807,830.4323449742536,0
18.28007439061213,814.7496886563043,0
15.039553225481939,741.6429825138788,0
22.218995737146486,137.02900037286093,0
19.41343785921731,338.54694366571715,0
23.445809989505335,1756.6072165977698,0
23.734677759806345,1408.1632092606765,0
22.206178665161133,679.8623919498663,0
20.974787394205748,1245.746855438922,0
20.462705795853253,1193.2031892251712,0
21.953502682277133,205.3889155399542,0
21.42426134745284,765.3516575705747,0
21.021596272786496,1263.807457686637,0
21.192682237978374,643.1421980273466,0
20.768643257834697,32.10116252419759,0
15.664679082234727,420.64114362118056,0
24.65188005012385,1034.2647776019317,0
16.79974780082705,791.415632517312,0
16.798078844282372,625.9367063653211,0
20.70930045445766,1160.614982993577,0
26.346868136572425,621.2967455398779,0
22.757012701034512,391.57146662590316,0
19.673493882721573,844.6510478865843,0
26.703188267460575,844.5972248923521,0
26.175609419080956,601.2499265384416,0
26.782444095611595,845.1659910392503,0
26.932676887512287,1452.648882569049,0
23.20305706659957,164.03774619219115,0
23.020046170552575,624.7464016091566,0
23.16777381896975,190.72483182070067,0
21.448727453322704,1295.0141400110465,0
22.440968322753918,1795.9661267709475,0
26.22920279251906,732.5029455136995,0
24.724662025302052,405.4180540156107,0
20.227724138895724,1277.1188810479384,0
25.7918799417061,2183.0576255929213,0
28.115871874491404,1552.108690888856,0
18.754064461037046,446.63533270475676,0
23.137011600676033,1466.4526551973563,0
23.968421060067612,277.9919773351889,0
25.805915971235834,2739.6462418150645,0
18.958532826105795,1324.603278936122,0
22.272304471333825,541.0092666756849,0
22.70686266422274,416.91121161100676,0
23.202363515783304,1028.2275497925025,0
23.312114651997945,50.32531246659566,0
26.383814253630476,977.9061496269445,0
23.96114025115969,39.769877494547856,0
25.91915177239315,734.9139012407999,0
21.750305695003988,773.6894160520773,0
24.11280075464498,3936.6254888486606,0
18.780539449055993,508.68023634073546,0
23.50771753360067,1733.885691316102,0
25.794429932979085,1879.4576309632998,0
26.392485555013025,907.4935063731413,0
19.496803826996768,1697.7505393337947,0
22.972186429572844,121.08877375838567,0
21.770634860084158,1112.2520312678557,0
21.737314160664937,903.8713805389147,0
22.992938190036398,153.31678912160208,0
26.78538008795846,476.3608694088202,0
21.170753993410074,2460.180108250354,0
20.263172149658203,1130.9062436234694,0
23.523012097676656,672.7480337035398,0
20.634579237302148,1254.1108101618033,0
21.530465380350734,616.5523014974336,0
23.98290821422239,1033.4977403294783,0
18.724166084058368,447.4325560044985,0
21.915493265787802,343.8728980731707,0
26.528447688067445,907.8903913509588,0
24.657439041137707,1762.6257285487395,0
20.75355733235682,271.8259364378195,0
19.15538027214285,1625.978042186473,0
25.13952217102053,1211.3208852720004,0
26.255275132921042,579.133824260209,0
22.729036479526087,595.5447301280241,0
24.394414838155114,122.69265651819516,0
22.229171280633807,193.9717054378729,0
22.46357866014756,3735.4591645312053,0
20.707445081075093,1287.4572061013919,0
26.26202036539712,1062.7239875507098,0
21.716646816855985,347.3276093613844,0
22.192892964680993,242.94675216195395,0
21.475701480441614,1361.015443505023,0
25.142162577311183,92.59137958404828,0
20.58829693264431,533.1889323901872,0
19.224173561732016,1114.065465332244,0
26.42847731454026,1961.270653457616,0
21.77827686733673,324.37779456493666,0
18.118086285061338,212.00965792057326,0
26.99705448150644,1874.3957735609752,0
22.205027698335243,211.7625072610121,0
24.23506161725078,947.8006109606962,0
25.02439951215473,1495.450191946004,0
25.772915538152063,2789.656468481992,0
20.518313344319722,1358.2290604722243,0
19.98016453495734,227.24118158337882,0
25.7525300343832,1096.9410136353713,0
27.753882980346646,1697.5388385367137,0
23.69948306613503,4477.068022639725,0
17.43654340108236,657.2365768265466,0
28.06515782674154,495.9184981894236,0
21.726957151624845,1383.1247881066543,0
21.45669056574502,1343.9193487179023,0
22.950309530894003,1123.795618118022,0
15.024234884756595,611.7913432430963,0
22.212106259663926,1219.1723890614253,0
26.846889359610373,951.6958341014127,0
23.50094935099287,1456.061658264373,0
17.398710505167628,302.44151949999144,0
16.740719549996527,353.1458385300379,0
21.737441582149984,1492.3244088899833,0
22.52043922886702,2294.0359644603473,0
14.772018814086891,327.6387758564692,0
23.61080618964303,192.5233721744757,0
27.05557820355449,787.6977108430605,0
25.081696923573816,155.23808896658232,0
21.573425865173363,2914.914642275546,0
26.25420573098313,2031.258695573781,0
21.707750574747706,1109.3404039752227,0
27.21290269427834,1509.0179674339038,0
25.808309968312642,1011.6477169108133,0
25.003865632556767,1766.9248625647765,0
23.454995238475362,1407.4225991976004,0
27.026311492919945,1872.5833080720645,0
21.535470882294646,2180.4027713846904,0
24.75253393385151,1253.6060892057162,0
21.19544336228148,1263.8263449084502,0
24.897929064432788,1573.2543438684684,0
19.730947854783835,1145.7826986920577,0
26.179471694098595,3580.7623162877303,0
23.530630512726646,967.7128389489393,0
22.511505677964976,799.4907170545797,0
21.545850442956976,1044.2295975994807,0
25.933335742615895,458.4133073699217,0
18.511280656472252,1087.7891786408168,0
23.11664988199874,111.61100939032842,0
16.716720199584984,306.3641309749823,0
25.700842723140113,868.644014747117,0
17.668056035924906,442.56663769600203,0
16.161391406589132,686.4469915640096,0
22.988804944356332,522.2401887190084,0
18.97552611033126,1277.7357518684607,0
23.45501062302361,166.7558409285288,0
16.538460950498234,482.97166898963263,0
21.729377683003747,1175.7143333565932,0
14.84431354999549,280.7214044046145,0
25.72897765636452,539.3857777130346,0
18.31127122821232,813.0723431718092,0
27.419747797648142,956.9830901932459,0
21.980855907093485,967.5844505440931,0
21.208080209470268,411.47795021650603,0
14.095033264160179,1186.7869131278735,0
14.54177096230643,782.0537023257951,0
22.49176008436416,477.7312658738833,0
23.59905267026693,153.3889517199736,0
15.693365106128567,1697.3178319644671,0
25.537787924872532,966.4009146404009,0
25.538139001528407,1358.7042175245028,0
23.53685631524951,122.27990180370618,0
24.94687150319419,1937.1932975959521,0
15.781445227728966,390.48863649484923,0
22.56936861673995,2897.3192989837867,0
18.76125647226968,277.11292058346083,0
23.47880392074586,376.0766059171896,0
16.76339602614894,1196.330033988927,0
24.92930453618368,1457.9477801930648,0
19.7367880503337,243.5274653148394,0
20.198751431419737,1083.484855295394,0
19.14171833992009,180.83351180074027,0
21.197520192464196,1170.3536629688483,0
23.93803176879885,102.69132703659345,0
26.29145115216579,733.6511805665235,0
25.06877447764083,1699.191422016595,0
21.924390411376976,648.8547854137163,0
18.259464836120628,376.81674659368804,0
20.923845783869467,1267.4059838068229,0
19.723752373915488,1589.4324973237258,0
16.290789177304248,617.8423248243074,0
17.077258984247862,337.58491724846175,0
24.25294965108236,1722.9204222571593,0
26.237921766801378,625.821598620389,0
23.931207795576597,151.77282020566275,0
21.739129108852808,1128.7208616745215,0
25.440359793769062,361.2739264976721,0
26.255910780935608,959.6303187322359,0
17.220100262569417,339.52181860921195,0
22.263651863733912,1328.954298795436,0
23.008222293853805,2091.5115557622653,0
21.463370656967186,51.783901454184544,0
22.104309305438278,1033.7014913570624,0
18.552916463216206,341.0172954213362,0
15.934799236721517,404.9296498310309,0
19.962877909342467,1371.8872040521842,0
26.017501025729757,3418.3651551615935,0
20.005085563659634,995.9899008285742,0
25.031675831476832,73.25920164701749,0
26.02119400589561,3567.8913898777705,0
18.410641173160514,878.9871752273779,0
22.988305606264078,1408.8970467459899,0
18.748889483827554,882.8106641781072,0
26.45843356450399,1509.4551078986865,0
22.892866309483907,2997.4843382847052,0
18.872600945972295,208.93230736372283,0
19.45714234246151,281.5627798449736,0
25.570898866653522,1089.440190048192,0
17.754615614149373,87.19611242530156,0
22.692829227447533,303.8198173057776,0
22.030746502346517,486.4432819199305,0
22.20485617319747,1391.8326690804702,0
21.030184104225896,963.1169706594686,0
17.625674456641832,1572.0251135539752,0
25.31709359860895,2104.0102735173446,0
24.144415579901818,88.63556832191755,0
23.704295651117945,1587.9623599362117,0
18.189132342422226,1162.360125036214,0
24.024334843953454,78.69741395232488,0
26.476099072969873,76.94710493204404,0
19.527103254530232,396.7285647999983,0
20.723258318219905,1099.0498892974597,0
17.410739698864177,728.6237224948148,0
18.80390118492977,467.2554962348681,0
18.969201562343528,1367.9084897052985,0
22.721219476064107,1465.7306343328696,0
20.36428000132247,471.9316296291094,0
25.20607827878473,757.0801794540624,0
20.232935969034827,206.62922486779502,0
23.46575094858804,199.44369495031646,0
21.728049108717187,1133.6876720201712,0
19.846602399421442,1254.2984232318145,0
16.77394715768321,179.12245988962462,0
22.426642001116704,876.2919202458601,0
23.66396039326986,174.72647205111792,0
24.243416086832724,3144.6570388984424,0
23.989621189662387,126.40860751387883,0
18.627267058690393,430.4310686897974,0
26.371016915639245,3158.2609757792693,0
18.408370862688344,529.5394256722669,0
27.067754901983847,1158.5019610833865,0
24.80811754862475,1447.334145010684,0
27.446658515930267,1247.1529290091735,0
17.777407900492392,954.2610540997724,0
22.73337802886965,666.3073197018842,0
18.789534664154132,503.5315684985857,0
19.324951227506006,1415.4910638940078,0
17.39438688490128,771.1753778171282,0
22.185839416041517,1528.0614987027388,0
22.478601536606277,1446.5051114570838,0
20.347022242773164,294.57452967879584,0
26.03692677815752,636.3322258007269,0
24.042280133565328,174.17628020164778,0
19.98624018714537,1340.9734487545234,0
18.51847631666402,341.7090445768576,0
21.96710385923035,813.8039566588144,0
24.218416086832633,83.24312120792676,0
14.311208516901218,860.5223789822797,0
25.960822757085225,2596.5674042713385,0
19.400169944763263,366.2103123974543,0
26.039168559180382,1874.626730383609,0
14.667249059677204,1012.1371567260961,0
24.49137056138784,1234.0558327746135,0
17.54018534819295,466.2071175884943,0
21.544265512319782,335.4374103259783,0
20.975990267153122,1098.6424878251296,0
21.72486807505294,1407.7023834001761,0
21.007883961995503,626.8805608165006,0
18.733989016215048,347.34131097910216,0
13.23868247138131,266.0264007758837,0
25.984439517290184,76.28109753248502,0
21.720543979463116,762.7776719641428,0
17.5180686208937,1661.4837318670493,0
23.598161618671725,175.73419660446456,0
23.74662418365483,1773.969837279294,0
22.28339199490017,215.92099666712096,0
25.609596391157652,863.634963334773,0
19.40974664875108,396.8380734336119,0
16.152266756693564,335.441362858985,0
27.69729569753008,866.2644147884588,0
22.54274950027468,100.14391020057012,0
21.49345502853396,662.4803811323385,0
21.581709448496497,5719.992779941533,0
22.286021592881923,432.92397707817366,0
23.285381317138672,161.4416919660311,0
20.008116698265155,1864.6684333693725,0
26.536215972900436,883.2855716359358,0
24.238866551717138,401.48706808802893,0
22.45695981979378,121.51315510389615,0
17.408168020003927,1013.0904063594083,0
22.123836771647177,355.97513318178466,0
24.00870098840619,135.92967838165572,0
20.775042123505557,401.1512666952353,0
21.71719075838729,1169.179287554,0
18.29400510333835,455.9808567177992,0
19.241151370424234,396.9700492930155,0
24.534962961408894,850.1064337801675,0
21.511526785956505,793.6106629681329,0
19.413139234270375,85.12717932579328,0
26.86707156499233,1684.225526453231,0
22.2221464369033,676.3552993547659,0
20.951063537597634,1033.2674056303244,0
21.53618881493287,639.4180774700384,0
23.6763591375107,3750.7205761980754,0
26.44564034144082,855.2437804651003,0
21.984988848368346,3237.7978719782573,0
27.37988232506649,977.1541215491037,0
21.936500644683804,1274.5141580712539,0
26.923006947835347,750.022013486598,0
19.417416350046835,44.799686224434865,0
19.941439271584557,1525.1152299356204,0
25.941619067721945,1021.0523463797311,0
24.84715847439236,60.86765676853467,0
16.411875172150474,547.4693819892149,0
18.390561766851533,286.29387617227843,0
16.485680400963986,233.79855677602103,0
23.2755834155613,82.9790353786688,0
22.00532284691218,1308.7457686674338,0
20.39277391433717,220.88524401304534,0
22.244303697528323,330.18948584911635,0
22.67302209102752,1086.1126787972194,0
21.69419974574339,1168.5813374829036,0
19.410042557893007,796.9456844043474,0
22.552486197153712,1225.3319479536754,0
16.870730612013062,228.35434302804282,0
15.140660151728923,1328.33101675031,0
22.51165120673903,879.0474727761488,0
16.77974630991622,210.42100042221358,0
25.41125887235006,1720.6413678836566,0
24.583854716474377,948.1225878011923,0
17.849250676896872,139.29895013687423,0
21.390486494700156,1339.0778906655055,0
26.50477932824026,2238.5506264877063,0
22.64656823476156,187.209647895072,0
25.572640593846643,2004.7940544795733,0
15.900718519422753,627.7062788617353,0
21.951247010407656,420.0430370878916,0
23.49906751541863,1254.1889369499427,0
21.746164512634266,1211.0194422316295,0
20.219460233052587,1170.6476405274611,0
17.408929538726852,878.9361797284822,0
21.99519206682845,186.92657798645308,0
25.514096577962277,1849.9521508824569,0
17.04380621816597,492.6577441405993,0
13.77254651387534,896.4004971098642,0
16.133192799886103,2159.2258483183127,0
18.945271717418336,1676.5032008301955,0
21.462150404188435,1212.891806663249,0
24.732973776923302,1027.7760893118125,0
23.65417717827694,68.83008480188657,0
26.33163986206057,961.5914270293455,0
19.595765262179953,154.28447798011115,0
18.97265841166177,1432.9511493456107,0
23.132881524827837,1678.3950895082694,0
18.037887191772484,818.879891933177,0
22.722549993949997,693.4176802646856,0
16.93752950032558,407.0680223417025,0
17.93639510472616,418.63139420864394,0
20.34124744203359,319.3863675009947,0
19.660848599388544,223.7491354357939,0
19.217785771687886,371.2084338080626,0
23.84185482660928,500.5256429326277,0
17.90993639628101,1043.9658805739623,0
14.22170187632247,374.1962097596865,0
23.280487950642907,77.61015445110608,0
26.474727997125342,440.08066207287123,0
21.23324139912927,861.866940559123,0
28.1418779422076,1763.1556510936957,0
15.648644463221217,371.424221248601,0
20.521535068088156,228.57910841820052,0
26.423805279201986,2091.575172544692,0
26.533638485995255,927.9988341045122,0
22.93690910339359,1400.27361810324,0
22.69754816691085,195.9609843802195,0
26.57815291086831,1179.7308631252986,0
20.243504914783387,166.58422798034957,0
20.827297560374006,1325.651024283145,0
19.595765262179953,154.28447798011115,0
25.685515737533592,708.7871029984693,0
18.96585644313268,1327.2071376454574,0
15.523030376434349,602.4200104188661,0
22.778495497930635,1131.970134378646,0
17.90993639628101,1043.9658805739623,0
24.159667269388876,1333.6788609635573,0
23.816945139566997,1946.0076510917884,0
21.47066438462997,1124.3600070488196,0
21.207388941446936,822.2565397631864,0
16.694338099161826,1985.3157147776824,0
19.903844239976706,985.3635065269212,0
18.77451628932249,1119.0551787626487,0
24.86216594378152,4810.002979637358,0
22.118250126308908,617.4561798584203,0
21.712394889195764,1448.4190389525634,0
26.973865774699618,877.9903844010572,0
23.045320871141257,201.61597877857497,0
21.336996963541367,1165.2677029382926,0
17.271936247083886,380.63332513091376,0
20.70556809107461,1419.805315138076,0
15.69237270355228,777.8922922920923,0
23.578111055162253,1744.2598350357753,0
17.16187184651693,467.6754705619555,0
19.69498767852781,1562.5133670878154,0
26.0715527621183,1360.6448069226485,0
20.203345023261136,1161.2952359032374,0
21.16847429275515,845.3448124241571,0
17.317126028878306,2131.751322002385,0
21.69708867754258,1516.0105422150832,0
21.677930132548,1146.4034289133292,0
22.132167410239163,3919.367962331746,0
21.444407757123315,1083.5000470292312,0
20.233274714152003,1162.0800204586726,0
22.967587407430017,1395.4834461223822,0
22.25712889035549,1237.4742671859008,0
25.783526122779108,1995.6532090913993,0
15.241346666547997,413.9571495365839,0
19.39999148050947,75.3600344073515,0
23.325742920585412,2057.936900110219,0
22.794081306457542,66.94770306465436,0
22.518982187906886,660.1704105746488,0
24.93029238382985,2518.5599148285132,0
23.815186719541202,1230.5291451525432,0
25.22793540954592,775.8235156547765,0
24.565789941641015,2470.303621889327,0
26.660451931423665,366.86021164176276,0
20.860446957179533,1515.1133134972793,0
22.38704620130136,136.13400310394576,0
23.865508969624898,73.56977537390996,0
14.659002134535058,808.7165996443968,0
15.559992408752464,1975.1605138194304,0
16.908255314827045,485.63344851252845,0
24.024334843953454,78.69741395232488,0
26.72525966432363,379.451979697917,0
17.402622397740686,496.856272966836,0
26.627016639709495,1201.2928769004088,0
24.80811754862475,1447.334145010684,0
23.48550426341876,127.50196531531621,0
24.69313914650371,2150.1232467603427,0
24.897909630669574,2213.384241611932,0
26.310052843447124,2558.3335205924254,0
10.210661642892035,1768.6637908231955,0
24.71429108513729,369.47089135763457,0
23.111587949026216,1365.7397821557265,0
26.457244703504784,2780.387163908456,0
23.741187349955283,714.5767182123403,0
24.818485055146425,1938.2163703453284,0
28.25512736638393,966.6773945104818,0
18.63502909342452,1331.018910558198,0
26.125209903717064,1080.0939694058638,0
16.76186286463883,813.2486835133772,0
17.436688571506124,1752.275132389043,0
16.23582908224182,521.1431093525629,0
23.47111841837568,916.5441960108022,0
25.15072000291616,1977.265608311866,0
22.68896636962893,631.3422814023237,0
24.179745292663597,83.1800594937544,0
21.551910596905316,757.9098090541105,0
24.042280133565328,174.17628020164778,0
18.73588100009499,255.14370277640631,0
22.509333308537805,1456.950862706874,0
23.888416650560202,412.282877416585,0
20.421296601068377,1114.2064936470729,0
26.491012378767437,414.6460041415434,0
17.288313961029075,587.2061520826559,0
18.13520916669802,1288.906612248395,0
22.219831902640237,1099.4632139813643,0
13.538730297666632,841.738794745181,0
22.49611992469204,417.3027098190527,0
20.165880669487876,155.10885492083838,0
21.716493154455122,1326.503318549369,0
26.238739602607552,619.0603680920343,0
18.189134343465184,417.4590341758471,0
20.232808120162417,1354.7392904770118,0
16.16496302286788,1094.2479453992587,0
19.13365404177938,2035.407100619052,0
26.32646597659948,1299.8540446173888,0
21.482365650600855,802.4107672285776,0
20.076427449120445,1340.9174576413375,0
21.020498609542926,1113.294374943946,0
19.322578207651816,2480.2950590860587,0
16.81213285128274,49.79354217765142,0
15.001411777072462,1627.065927536462,0
15.058039124806726,201.46520137903502,0
17.914901733398438,199.08232316491416,0
26.049756240844772,1989.661437274192,0
21.828365684690993,429.7682277869921,0
25.36177109612362,2580.830563605998,0
19.07104317102676,1785.9607085597258,0
13.902150408426905,346.201848984931,0
21.449263554527647,1622.5380420696479,0
25.70553505307157,684.1101616632681,0
25.90515325334343,2681.030356140111,0
22.507117684682214,2022.832673789237,0
21.484102344512962,147.79359549400618,0
22.748061434427882,1501.1207506072265,0
18.57621621025936,896.5501420211534,0
26.943446558172013,1287.768699974988,0
23.37720467249551,2103.0033573519927,0
24.923007583618187,425.99890828249266,0
26.64239098231002,979.5582823466997,0
24.190919312976632,412.26575970766356,0
21.427441596984863,5459.835086764071,0
21.815602000554463,1652.6973702025157,0
18.41888214747115,646.0582770418863,0
21.736426448822044,166.09938517329505,0
18.157905309340492,878.0266202997904,0
23.995784166124167,99.05116707203199,0
26.98630016644796,421.6241061699133,0
26.265837097168003,3069.4969490182143,0
21.31539701734272,1107.1614444267493,0
26.26255492255808,3192.87628010032,0
21.10082143715448,1472.6928070199233,0
21.966739824083163,27.92294025537778,0
17.920388793945335,119.23446208355237,0
24.88828052112035,94.93985101697255,0
21.93806779649526,1244.7872653615218,0
22.243916066487657,1328.288902343486,0
18.12522682421138,1230.1750488590937,0
22.234754244486567,1435.9698489320022,0
26.75592384338387,1251.8267601740104,0
19.734293619791686,1358.9164882909995,0
21.95000737508144,1134.8970055591803,0
20.083361244201683,60.604640097592366,0
22.55532658894856,1411.8558138620597,0
22.576632436116597,1460.00019908068,0
15.693365106128567,1697.3178319644671,0
26.45161122821628,394.6889907133322,0
24.12740955352791,1596.8018665921431,0
20.740203052096888,1117.438626290534,0
21.048110651086915,29.204276205275548,0
17.25381071302627,1313.2934056234103,0
22.68401006062828,1149.1164013755065,0
25.227862803141306,455.62685728189757,0
22.728087573581263,640.6613707554083,0
24.808415857950877,105.45745194074918,0
22.00174547831216,1254.7897890221816,0
20.254680252075218,1101.8590971839171,0
25.779439544677757,66.94943904993345,0
21.48122510910042,308.9340932678919,0
26.354258990287803,909.1893889021616,0
12.988377189636253,712.6181542885046,0
18.175363196578644,2485.5914346885424,0
21.21337708367247,1306.1040274810534,0
18.448711331685388,283.91800895449927,0
23.7958574851354,2238.979515434478,0
22.30404672622683,1403.9825469267112,0
21.705089470192263,1121.2569221865874,0
23.137011600676033,1466.4526551973563,0
20.713383293151878,1000.4785068344812,0
18.80925307273867,258.27770009753516,0
14.849420847211604,1677.9179804038745,0
21.717716217041016,1204.6729967009765,0
22.463823572794638,205.7670027029257,0
19.521711126963282,246.60806432483008,0
24.199782035464352,1983.0347940337401,0
21.574134885697163,1255.6044504058104,0
21.532696024576865,275.1261487614851,0
23.977783174868023,1105.5046141159278,0
25.869124772813564,1058.4343269479018,0
20.46934608068227,253.16122248885443,0
19.816889174088146,1747.9635745298606,0
21.0812596638998,139.8943185817938,0
26.19902244959121,1130.0097785901767,0
27.062428410848042,876.6922250401716,0
21.60327616267739,1244.3530380737525,0
22.28100436528524,1092.4956396233779,0
18.221429761250874,214.06437531230262,0
14.47426294599262,353.7952572118979,0
23.735598545982725,524.1107687365751,0
23.78264436721804,1560.9898611914855,0
23.519513702392658,1436.579000951026,0
17.14965550104779,601.6114175331335,0
15.798960904721923,349.7935540985804,0
25.8237762610118,1038.8401865970832,0
25.69484233856201,1005.7470843207578,0
22.45568307947235,3924.8286418628436,0
12.820087278456924,1255.984709413026,0
22.881528981526742,1543.8131734740477,0
21.476796433419906,1113.6890769016486,0
25.73522288004557,659.1594338428716,0
20.87095457223745,1054.0769517433387,0
20.156724336412196,164.89490196225455,0
19.16315635912349,435.14045029995253,0
27.509203673854017,954.403501750205,0
22.492226890281415,1489.260417224143,0
24.905762290954613,899.3718296301107,0
25.244146389431478,537.0904251944761,0
18.92242520650234,999.3025407206754,0
23.95407977634011,1387.2718855750304,0
22.602808125813795,1429.3141260754805,0
19.700093494762086,414.53721821424773,0
16.531335378576273,262.41432950017264,0
25.460160578852083,430.53755611297896,0
22.641773955027304,689.9280108523111,0
20.514276440938318,230.83590418216994,0
23.085894309149865,3038.313061745141,0
19.153638935089134,2372.8504039358836,0
16.719984414842372,266.3189627241831,0
19.408927059173664,257.5512051594,0
20.29248809814453,238.67161274072936,0
16.552772458394372,364.99938443419745,0
22.72149946424696,1303.8784086715918,0
24.25102729797368,132.49109387514403,0
21.515772596995077,683.0670952808599,0
26.00622982449005,515.5853450309972,0
16.77974630991622,210.42100042221358,0
18.960629558563255,1454.9331039201957,0
23.73861992245628,994.9833348405103,0
21.53432944161551,213.896539808486,0
20.806850687662802,942.8921535622816,0
15.851783979856066,1653.454796225999,0
23.227303001208213,513.9285221707563,0
24.159648895263672,123.43982309219648,0
17.099532572428416,346.68976888177207,0
21.727646011504703,1307.861459256385,0
14.97615860833065,685.0679561507444,0
15.778883128696009,897.5340396177511,0
20.68979443141393,1223.600816727851,0
20.20151488692676,388.2471181463938,0
24.73750152587894,3327.3615099501353,0
23.264688046773244,1452.0154193055373,0
18.50431056552469,1380.2667081367713,0
26.86940444663719,1228.0752517294627,0
19.912184551305927,743.2647466671209,0
23.6548737843832,108.15826133010198,0
21.535533905029297,303.4813597810011,0
25.867292658487997,3514.9979263555747,0
12.450787934802804,312.8222197305899,0
26.307942485809406,862.8693118703108,0
14.646149289166544,586.8655934941511,0
20.438215025644467,1561.5180552017432,0
25.959998385111533,3469.882690162633,0
21.637085215250693,767.7608288836221,0
26.471609624226915,394.41805034992507,0
25.73258519248361,1107.1082212042552,0
17.024646589491113,186.20998486993125,0
21.957753935314315,184.80222374317458,0
20.352612511316977,1465.7358720910293,0
25.850185304217916,1049.1726890218001,0
24.16715133455068,1054.6701669704657,0
26.066569169362367,1262.975183130477,0
26.473122301968658,365.51790386555007,0
24.26712951660153,5634.55725908396,0
19.917190987723302,505.87433278677275,0
20.4438398996989,1449.2056563508254,0
22.5007720152538,1282.752756775592,0
23.244573132197104,1115.7288223516684,0
21.960077222188374,1189.9906143557769,0
21.18311377631295,1128.3287040900927,0
23.998849441891707,2219.2156359565,0
25.343352588017808,879.9197122466306,0
16.342672948755762,179.19946536538413,0
22.196799497251163,1295.8250239503127,0
15.18523483276374,415.3290994477015,0
15.720320955912314,431.9797538232546,0
21.42228383150973,1390.983779729579,0
21.333590625581337,1243.5843318712455,0
24.473812993367574,220.69947123644164,0
18.657582194010388,809.6108481299619,0
25.582779661814413,1290.721428395484,0
22.03260284706397,216.9347375642996,0
26.381125669126163,846.8466147792082,0
21.403693771362384,238.10124099371245,0
22.88765424092611,115.76330736396123,0
23.53002548217779,77.28808820364286,0
25.757801339120647,3706.472840906356,0
24.491926447550497,1253.3094257127982,0
12.156772232055687,282.79203623649886,0
19.841957632700655,1332.0003494631987,0
23.62495765686043,893.3540813636522,0
24.68643264770509,463.9423906814795,0
20.84209708637661,121.20276019093801,0
25.13952217102053,1211.3208852720004,0
23.537556664149008,584.039752186511,0
20.510966873168968,213.29262554762175,0
20.064777991885194,32.160443068717015,0
20.723066329956055,226.91441774484923,0
22.158559912222415,1515.343245865081,0
22.229079182942712,1168.783982099269,0
19.30116678873702,591.8814994406442,0
20.02100067138673,1111.567792297576,0
18.35865468524753,287.25193888065627,0
22.963081750415597,492.50113666174224,0
19.242750634087486,1196.634699405406,0
24.231231371561762,1210.0617632281524,0
25.73893641365902,497.86156118032744,0
24.243162409464503,115.44228047249128,0
24.050967435483585,165.20996093866637,0
21.495159403483058,1306.3708588492614,0
25.627109418596547,907.7442482125501,0
22.882548673225187,1371.0642613482219,0
24.917001236809654,691.1233037721853,0
24.84528602759042,572.9687705647688,0
19.450111770629917,181.12716898438742,0
23.48767300230088,1483.5491895687323,0
27.19661310369321,1550.2193279576045,0
20.99546330769857,1781.5541297209006,0
25.049526309967064,143.6688572180014,0
20.656302025204695,71.35438993689824,0
25.822375763787193,1846.5940736245852,0
20.549062347412132,700.4495680343847,0
22.21744680160134,172.0567055058222,0
21.74538948624223,1153.4906670462829,0
20.663658184475423,182.74615407106688,0
22.898919757207295,100.42131394264509,0
22.03317137824166,1293.9442291867476,0
26.251605733235692,955.8585554373007,0
23.295892651875818,258.3975017082434,0
24.818171993891497,5059.357807786439,0
22.755882199605367,1483.9260324847442,0
24.580134010314907,3037.210532278989,0
21.05601018269863,2954.4780373584967,0
23.215085131880187,468.05146038648894,0
19.7815703074138,493.69882494327834,0
26.669395303726162,607.17318654177,0
22.466107145945216,457.31898471829703,0
18.92626625343604,1226.128247381423,0
24.679057834766525,700.7342062902193,0
23.022023455301962,1586.620201171611,0
19.958222007751488,496.39620334026625,0
25.37549203236904,160.61199903604796,0
21.459184159172935,1133.4226548683387,0
20.95422960917159,1229.7550931584578,0
26.54828260512579,2149.62894171593,0
15.417353175236599,542.1242572378854,0
23.295892651875818,258.3975017082434,0
22.528549564245964,760.8223341417055,0
26.942658451625277,903.4176290046911,0
20.667705313364593,1686.572708935712,0
25.41697050730386,693.5438409459333,0
21.2583728790284,932.0066355180483,0
12.100696436564135,274.06352460501006,0
27.135075314839753,1455.0265565526229,0
21.256957807995093,1307.4954047810775,0
25.460358556111657,2596.1081281316024,0
24.43842831566218,1324.1032294940692,0
22.23515175713436,677.8946042072515,0
17.48817291259769,421.08223289367965,0
25.261620685032483,787.8313034784536,0
26.615080695058793,3360.546533764575,0
27.25373762448629,2313.515064121459,0
25.520877297719323,2296.245281399463,0
24.724502377632405,1123.0438098323089,0
17.16678484000414,841.028277577136,0
22.229123942057356,1376.2988418352347,0
23.804131189982172,1490.6000167143088,0
22.106385374069305,1211.6955488931876,0
21.98952732086184,477.3215733480196,0
21.359717058252386,784.2895060789327,0
25.364242856930503,3403.5452052962523,0
26.756719066478524,784.2085331690054,0
19.420802688598656,710.3947669279318,0
19.688811733104615,186.52831465122512,0
27.015299592194765,860.2566838276128,0
21.213852310180698,1213.687085361455,0
15.440292014327781,1609.8821654927474,0
23.00363400777178,693.1650012743215,0
19.528077273898646,310.59207469341567,0
23.570378182151103,1682.371132822011,0
18.23788210550947,175.3298908483725,0
24.367051745683796,3446.878676117633,0
23.050316905975365,185.48620566842368,0
20.228933334350586,1124.0092970442515,0
26.500761604309105,734.4904437672834,0
21.15567550659182,544.6980193268995,0
17.916883299085896,160.43208241579345,0
19.7815703074138,493.69882494327834,0
16.154752717938322,580.1179155719022,0
20.99822074345184,855.1151610922556,0
27.391850195990685,1223.9254534256202,0
23.161852228073883,145.1615512382727,0
20.702289290655244,532.5617201637964,0
20.679261144002282,3021.78637385485,0
28.54093147913619,1602.947355062936,0
21.621651824315393,1169.967465848897,0
21.901890691121423,455.5436529230814,0
22.89726397196455,183.52345451829245,0
24.176929516262476,108.73881802079488,0
22.025348988285828,1379.9830421817046,0
26.548553297254784,2383.6486980330687,0
22.850353434729186,1452.1670348953944,0
23.450378163655614,167.91295707342437,0
21.485983361138324,1113.4491384041053,0
25.903059714181097,731.2831550848226,0
19.968268903096543,564.6889217209558,0
26.875577799479174,1446.7009276163321,0
25.107674853006984,876.1874556553106,0
20.358726739722897,1348.6289650213462,0
24.491926447550497,1253.3094257127982,0
24.71528015136721,91.77261665580083,0
23.691639167384096,1195.630502701972,0
28.820562253679554,1952.4689547729236,0
23.35932510693874,159.2238292109709,0
14.793568820045152,715.5403986584882,0
14.37649997529536,1059.4216778886062,0
21.235461595323386,670.0479395699243,0
19.490978353994933,178.1205318879824,0
16.576014268164556,1911.3011926424247,0
17.75848989839909,452.3705661308508,0
25.426576487223315,2003.1238652777415,0
19.785999011993397,746.4203618478517,0
15.323089969519401,904.3102867912988,0
21.45515006383266,1419.9429571640235,0
21.76176123846153,1354.4160172354918,0
26.909916231367333,755.4033443343382,0
18.78569912054604,1664.8734703671676,0
19.50161853366427,439.15904387948325,0
21.71017648379012,177.7143225085478,0
23.79145762125654,49.10316020366956,0
20.354810094833397,1495.710146428321,0
20.09060613844133,528.6597244453172,0
18.73198958502877,478.3216573309641,0
22.718193499247263,1117.716652156089,0
20.71960077285769,330.6021250796061,0
16.186714373694542,1391.6830763232451,0
14.195667123794578,267.9673962306719,0
22.754226684570312,1525.2938687813025,0
23.649014756173813,1353.0355475854617,0
16.290734386444115,258.41964483377745,0
22.2707168579102,731.2238261115293,0
24.353152290980006,32.745239139769566,0
27.413874052121116,855.2359312784414,0
23.059722942776204,348.88177067158034,0
21.48598442077639,338.2158026110869,0
21.211086739434165,494.2248061310988,0
24.693120151095968,91.02805033442785,0
20.503591050042075,1133.5335418593627,0
21.230210240682027,165.11671692249587,0
26.577268854777003,1233.308900893901,0
27.04502252520939,1351.622407139514,0
22.50671186736139,920.1369032275419,0
19.854797458648704,1258.7624758493644,0
23.78288192749028,78.97965312120725,0
15.05339414808492,541.3428999495248,0
22.802256611415316,192.617350072835,0
19.156782086690328,208.09804722783377,0
21.462321853637718,134.54064801451972,0
23.654004174691693,183.31258073565772,0
22.267216936747218,671.403963865016,0
22.400842285156273,1262.6081302773696,0
24.222375170389796,133.9249879133444,0
25.48170394897471,442.24635958788207,0
22.495290056864462,940.5419275176267,0
20.722585667504234,718.0077441048364,0
21.512244876225793,1429.62129116175,0
23.03655734592013,1857.9500697564822,0
15.937361256281577,328.8209557544928,0
26.27459857463839,1431.32827878115,0
22.483625030517544,130.29671907541564,0
15.146598474184714,922.8002138447504,0
21.20613223484588,1142.0184269559127,0
19.968486722310388,225.65946802613547,0
22.478123495313866,739.2873287212591,0
18.044024858020578,412.54599467036536,0
20.276484107971214,179.36769574997237,0
21.542381722586526,73.93968924996663,0
22.570872243245446,236.52910143253615,0
25.792969004313193,818.2994507264833,0
24.298600411415123,1470.5612219881755,0
25.573038083031122,1549.061988295291,0
23.873146523369712,2620.3260838997107,0
14.983536020914755,776.1377438914518,0
26.19567451477053,944.5264123391847,0
19.98813924789431,137.9235692333918,0
25.258101161321008,1118.0621132266265,0
23.508789422777,560.7077747595052,0
18.41121551990517,588.0520872783403,0
23.694136828467947,1877.9420040559512,0
14.171508407592796,454.0932223212462,0
25.218341355096697,98.70906993863393,0
21.94541214836977,1986.1308939766627,0
21.8784369786581,2639.64288756368,0
22.207165654500386,1273.913730682109,0
25.10000450346206,150.38356259581855,0
13.950635369618738,406.4782008540373,0
25.94922476609554,574.8748227965574,0
22.454186375935933,170.2499099087458,0
21.4026913151597,325.2377554785948,0
20.749666998121484,1329.0027201187354,0
22.792371599602006,253.3957406890135,0
22.734662037803957,1308.861163259719,0
22.174352264404263,253.42610553023627,0
20.98665898640951,1263.2460191857558,0
21.96960238502146,1286.7736116063338,0
21.462329546610533,1401.7564326536399,0
23.01609674029885,696.2493330251913,0
27.20270669725204,1050.5395688128215,0
23.239600626627634,176.61681100842765,0
25.82093596281834,1017.177522928689,0
26.949149431501098,1361.6166643810016,0
23.467046356201195,1162.5217318546515,0
12.941785642835839,404.90742102381995,0
25.234757677714015,1713.7610174727183,0
20.365121692702928,1217.8748853516322,0
25.474253352483117,382.8430742037039,0
25.312335480584068,193.4650249790888,0
20.435068543752095,1274.040006847356,0
21.22118381924105,909.7041569661836,0
18.968107265896265,168.54851767537406,0
22.206447299321496,1428.217296303485,0
19.29236318270364,38.72819692013074,0
27.16957852840426,834.7793303441744,0
20.963380559285554,1129.1458204400283,0
15.68604568905306,816.6136115801077,0
18.976050139918527,323.99849295732787,0
27.31672842237691,1031.4921408903342,0
24.442436325855795,1874.512401224349,0
21.384935654534274,174.96133297798445,0
24.360678011273592,142.93556362507155,0
18.00044164657595,2539.20099213836,0
24.963571246465108,795.139525831912,0
26.505148824055993,490.0855056953173,0
20.478144794040304,923.0430170905332,0
19.002202129364036,390.5003860604506,0
14.855165259043417,386.4879615616541,0
19.870835240682027,345.37876844522765,0
23.9215443293254,106.89963847515394,0
24.98928783301153,3297.9386754345637,0
19.661625925699923,583.1952214252691,0
22.41047799852157,1487.0372571062785,0
22.67951185438369,1066.49556458113,0
22.161473147074332,357.4374437343817,0
18.186697816848778,360.9682403516512,0
24.552559006519857,3189.648707212184,0
19.291320454632796,725.4440307628851,0
7.50248856721106,486.71894595143607,0
20.533494477044997,220.78495919821074,0
14.274958758884054,380.00334501383117,0
21.385945945315882,1319.2844845366221,0
22.99000944657763,163.06255832431128,0
20.44281065199118,852.5045409810285,0
17.77948444073013,600.3185257327299,0
20.242852510724788,1371.018131078456,0
25.335136667887355,3381.942563505147,0
20.722157176335656,1288.0593508493644,0
23.957664744059286,80.15477359411527,0
23.915555969874106,1295.9760472190123,0
16.81718552907313,1093.5409933340293,0
26.89182486100634,1121.4432872843486,0
18.820615947947886,2099.0283086907607,0
20.188614711055095,1057.7331900608283,0
18.665133685157457,1039.894495905612,0
26.389696756998717,901.3170272123556,0
24.55474249521893,1392.475870252822,0
20.78424015953425,162.08384260651877,0
21.964891506376773,1294.3793505441886,0
22.73319402270846,1382.2824850690108,0
22.569389129568094,1577.135053278182,0
20.129262238654633,1701.056812704776,0
24.518839057286584,1142.179732025836,0
24.473199039035364,90.7118439686041,0
20.353193102942612,1096.9958461832744,0
22.224802589416527,1292.0401066553336,0
24.741311407089256,1304.2759194981795,0
18.24203675587978,398.97491857526114,0
24.697766381722886,1045.5282449733954,0
24.945853487650595,48.52477535722066,0
18.577227131525717,183.78824442741683,0
27.070318714777613,608.9146330964307,0
21.216932187761643,1442.8522929560881,0
20.723348236084064,1344.6351185452681,0
25.623430324736148,1485.3153087210399,0
26.348143819847508,1641.5291063499194,0
13.76114457448324,817.1351820242147,0
19.663888072967552,1153.0436545622092,0
20.611806837717722,387.71079927799514,0
19.32599067687994,1592.9331004631263,0
18.90505077655496,546.8654565524797,0
19.495621617635152,801.2383215141039,0
21.028708606296107,1192.7083104860526,0
26.240955924987816,1387.6736953866225,0
20.58880581978042,3714.720838518117,0
18.532976586478128,831.813254208539,0
25.283829710218697,1434.475508333419,0
25.785091836111917,723.7119607639055,0
16.385454659234938,1112.7424024057132,0
17.769232197296958,1317.1299740683776,0
22.241798481796707,962.5072970998029,0
22.2628228293525,153.73586937901786,0
22.272304471333825,541.0092666756849,0
17.061177571614564,625.2383522701006,0
15.444232363578635,1144.4784708332759,0
26.168195395999533,1092.2434672724944,0
28.383245575733667,2204.919815809701,0
22.11173024707375,120.44074088451673,0
24.708666102091513,853.8280546676855,0
18.41710604617475,437.55738511798194,0
15.389438883463527,468.7956690799933,0
26.28594953748916,1879.7017008077842,0
22.00206128075007,869.2078858625631,0
18.481697690848193,422.69766777870467,0
23.75882511138917,2484.3115963053447,0
19.86222521464032,1242.3618331563216,0
27.437877697414876,904.3498381983976,0
28.30603088096342,1447.7432079624873,0
21.093155288696323,127.78323963401128,0
20.776147460937523,54.04524579760839,0
21.89575708177358,752.9139712464552,0
24.125422096252464,65.08001387235929,0
25.001509966169124,74.21547621605207,0
21.009479713439987,598.9441692840795,0
24.297532018025777,1291.9945761573058,0
20.88400364256745,959.7700655472021,0
19.314703294965966,1838.7484744202834,0
25.194499667485616,1854.0030799817782,0
19.97030328114829,299.72912073252013,0
25.1725726021661,56.77936673281003,0
22.21238574981686,1472.7935835730773,0
19.53704027599764,429.6626530599337,0
18.04394315083823,500.8245602261763,0
22.44073994954431,853.9241597068052,0
22.82779367588188,188.26320469496062,0
21.63258127154728,1495.072659851287,0
17.932414061934878,491.51821881649306,0
25.502665032280845,757.7933639299612,0
23.635085635715143,2071.2594956171256,0
26.076451343960287,901.6579583298902,0
23.489939467112265,118.6189547192793,0
22.94120612674294,1006.4596652996282,0
26.691809378729943,1007.5603097688894,0
22.238714366489035,1296.9279259454947,0
15.377799733479833,894.6435943257551,0
22.154345993768572,765.2298294019441,0
24.971273199717245,91.39248058316518,0
21.799112065633153,150.56952163693717,0
18.204115231831906,208.6538605403643,0
21.519005976782978,1325.9268447768432,0
22.737883377075207,1156.765897573207,0
19.6023026077836,1103.216373176549,0
16.021047119867262,317.29656532523444,0
26.705768203735374,1811.6531714808684,0
20.283794895807887,314.28762972471526,0
23.287819745805507,1558.4719821822387,0
21.49387708721747,153.03016156074813,0
25.64592190366801,691.7646870028715,0
20.687208603367708,783.7513282906751,0
20.520782725016318,1439.9335801613074,0
24.714583916134302,3219.1651545476657,0
22.980278311835377,1123.875786365245,0
22.482657510262925,551.3365015399198,0
23.71721854739718,870.2877506625395,0
19.458366457621253,160.54803207633307,0
18.047595769708778,410.55924147484114,0
26.058390341864765,931.7654080700617,0
22.420476531982445,235.07509455201438,0
20.202288182576524,769.2539960157613,0
21.69538777669277,1230.2723571669799,0
25.65510594050096,2241.7755916726333,0
18.79396793481078,896.7429704975824,0
27.13223975499477,818.18844825146,0
24.054210154215525,3296.1315073084575,0
23.600233650207542,1506.755512953971,0
18.665133685157457,1039.894495905612,0
19.27909924189248,332.80476257321646,0
24.837900058428488,95.87679877993871,0
19.695010333591085,225.64469725010207,0
19.526971493345343,422.82338887569716,0
23.224656147427083,83.77832993981649,0
26.988743809291293,2397.3264962446433,0
22.648293431599996,104.64347601053525,0
24.107079283396445,122.54824936506559,0
22.48255939483647,90.91547578689863,0
19.217148335774766,232.6396785688143,0
24.61589921804574,3760.916688294385,0
22.118055507114946,1144.9933543812972,0
21.4848565419515,132.65311420080474,0
19.042631288008295,470.24217695114424,0
22.460645929972372,1252.977748216365,0
26.945080618764962,1652.8879784059268,0
15.20328292846682,354.17876467225364,0
19.966258239746082,1290.3512015950423,0
26.98630016644796,421.6241061699133,0
22.24400464012507,935.45158654568,0
26.34788515908383,886.6475678992014,0
23.23347598484588,1509.7916990530234,0
22.98993118748524,1498.4148338448745,0
9.45865543506767,540.6332172465067,0
20.710968837031658,135.18208712456038,0
19.400705379909937,552.9426381003599,0
21.37480863641815,1147.2008571040374,0
18.037692769368505,410.1956196140986,0
24.70464570016577,697.0013275754194,0
22.46723383267721,1259.782333673213,0
21.480522422623267,676.0817177605371,0
19.986927604675316,517.9541006695966,0
22.000289626348604,1306.2410026800376,0
21.973928917778892,1145.2727064501983,0
21.771607547336203,1421.5493768465262,0
21.60777951876321,1388.608124853347,0
23.665209995616635,3488.198340685342,0
23.498019448304774,1473.689523340438,0
21.972887111845523,680.5218875419836,0
25.327522108289884,803.8640737545232,0
23.657025485568624,143.9011365186911,0
25.115308834257632,3093.810566515897,0
18.904756005605066,56.227889658186925,0
21.893668565296082,39.827183635209096,0
21.02593056815016,67.83792078611661,0
23.75052032470711,91.32042229292203,0
12.65945905049648,571.6727085423212,0
22.219606124030236,364.1859784733992,0
22.947319221496628,1312.9673495900374,0
25.24533821741744,1483.2656726252776,0
19.17989808624867,491.0754233610373,0
21.505113971594596,1350.3963470470649,0
27.5087875684103,1099.6878080081683,0
19.85906837155119,1744.8166728031379,0
20.298706581479053,415.7067060482245,0
25.523768255445702,59.48500409838964,0
21.746750979953333,1131.090153754924,0
21.696087455749478,355.955154449914,0
18.25409158070886,1740.1472151291114,0
21.50539337339859,2086.342249811862,0
24.65514564514166,55.19021004555036,0
21.08169499351868,1116.5196791302901,0
25.20417894216689,550.5535945307951,0
25.407117938995384,61.320815981600774,0
25.149124899364608,1418.9756706368667,0
27.12260788281759,1264.6983049821597,0
21.373569601553413,1963.167899103139,0
18.585937012566433,172.7598465990763,0
21.241016571610032,171.69492393848708,0
16.192953132860623,1215.0037929427367,0
23.46703915066189,122.77077958104421,0
20.86756807609845,140.94879925367644,0
20.38337375322982,139.27487731096556,0
23.43304347413965,2292.994142324899,0
18.027467091878236,365.384873748992,0
16.920214843750045,581.7634321760873,0
26.87912185305646,1057.8380495321494,0
22.505240149725125,1466.715839506362,0
26.304725971928292,2343.085822464202,0
21.4848565419515,132.65311420080474,0
21.470846324496847,1369.0071634959918,0
21.707021543714745,1311.9906380784255,0
23.79401378631593,146.6925039899092,0
21.714519966973228,1386.6262108099204,0
21.633547963851584,2130.483773351882,0
15.688678493834345,1589.6600976598006,0
15.968421898947895,1167.1419262897712,0
23.630420515272363,1415.3912745427829,0
22.24253732893203,1216.9084258389216,0
21.45411502696851,146.06696069357207,0
20.21831435970239,1098.7843655061465,0
17.2735951105754,568.1383058440427,0
19.176680119832383,39.64156732079793,0
23.545828367162642,3198.7057670962554,0
23.881452996390237,1270.8048008393985,0
18.66921309011957,60.93222722527791,0
25.69904819064675,2077.729415894721,0
21.469929772836167,1468.8534855854255,0
16.66669438074507,882.9515434813242,0
20.209730211893714,1149.460152537797,0
22.408470328648946,1262.7158544969302,0
25.778509747540568,667.809792609189,0
23.258821105957054,169.47038173792174,0
25.548055126048837,2651.69152692077,0
18.428530502319347,503.3495210122805,0
23.180940458509724,127.6875071239214,0
25.153238042195653,235.30043363687804,0
18.63587430318205,35.79403907177259,0
23.035798168182396,84.02500003692914,0
18.145264380318736,754.0993958723287,0
24.32013503180616,943.0765330803137,0
21.086614863077784,1124.128465355609,0
20.192645764350914,1851.6871154319983,0
17.30334657033285,1962.267213315938,0
21.23459873199465,270.4698674392443,0
22.992919964260523,1066.0215958964568,0
24.57841361716953,1844.922457636569,0
19.969473775227925,1087.4375261378032,0
24.519034264304423,865.7385975134115,0
24.075979359944654,1557.8184768569213,0
18.469949870639425,271.4800432336073,0
20.592241795857717,183.02798718330672,0
25.228359238306666,361.3758653413992,0
25.900044814745627,785.1041264843683,0
23.204773124059102,133.27754736063292,0
26.64092843191969,1364.4784808170539,0
22.740316574661847,2057.903376222823,0
22.97451041085384,110.35810113069822,0
18.29467629326723,503.99387329933455,0
27.13223975499477,818.18844825146,0
25.10000450346206,150.38356259581855,0
24.244724019368505,1670.8009213220816,0
25.900299620016995,2940.170039237712,0
25.455855941772484,2098.7581655394774,0
14.399864104299866,704.1154474031667,0
16.14906487464907,249.79767650482466,0
19.344924743087233,416.63266047951987,0
24.007700983683264,29.320028425429356,0
22.77434476216638,679.1042804729681,0
19.161524836222327,427.8519012045603,0
18.157905309340492,878.0266202997904,0
26.148838085598413,420.3268893074732,0
19.544537162780784,786.3050855707864,0
22.660496466500433,1194.1547065984946,0
15.412628973098037,567.2436252248029,0
24.554745483398506,1427.6950366806727,0
26.294252303152348,552.5683768105249,0
20.708368873596214,159.28862691042235,0
24.516774590810144,105.47028184053708,0
10.26561232672799,454.29628789541533,0
20.713128450181785,396.13600522396376,0
18.538779061300772,2078.5838484775763,0
21.454782810917607,238.9413461100798,0
21.719923001244013,300.80010444042495,0
21.73240575790402,1282.080684603427,0
26.72358943621316,789.0890657913427,0
22.966077295939158,932.1248054516058,0
23.314256366093957,1908.6727879953128,0
24.974854286511743,930.9447303426008,0
22.827904637654626,1105.005052686904,0
17.56551031536526,379.55312132952025,0
20.85014336903896,422.16458246228507,0
24.963239076402488,3267.613694817994,0
25.401567967732717,407.10927248117736,0
19.982843844095896,305.8254092943411,0
18.29615400405163,444.1042587172728,0
23.896892293294286,1365.2159169327956,0
22.512612597147665,126.37923732516576,0
24.2140000661214,779.727798701499,0
25.512258360121052,685.4761883628111,0
23.476854340235434,133.4108456980925,0
24.41230894724532,1322.4289685499411,0
22.676263507207295,188.51401358959487,0
18.72911944919167,1256.2179461133223,0
26.663743233680748,2121.638157219861,0
19.94419854482021,1249.9802753340941,0
20.63097200393679,1396.268998087619,0
16.157031758626317,1042.4809984874469,0
27.62045583724978,623.9295497548322,0
17.427827362787184,459.4495415699225,0
20.4636220874209,1149.485912920211,0
21.898920440673862,209.52402874944022,0
25.948812050289632,355.46678751823714,0
24.89877392450967,1549.0883447241526,0
21.41715450864848,586.5039087843637,0
20.445153102168376,760.1233989011984,0
26.73121521472939,442.6246702682715,0
22.159610817167504,1844.5602998149138,0
22.951530710856105,1403.5894170415145,0
25.724617709053973,2086.7635354411345,0
23.27426888147994,115.86747020599653,0
20.86373742421472,188.76684904215148,0
22.201163652208095,1208.6010396492225,0
24.535063354896806,827.7496032428484,0
22.197276178995764,971.9464749109487,0
22.401478703816736,248.62010479090026,0
11.716485722859716,294.6365818392973,0
22.478720601399743,1437.950980664466,0
23.003982374403222,1919.8590673517924,0
24.64804152029535,1768.2602301251632,0
20.440955280122296,1256.4257502567511,0
21.022718418969077,1476.2322016072017,0
23.804608408610022,3303.1990274798613,0
26.22983455657959,443.0833503615599,0
24.015649096171046,907.5477689516287,0
25.920136272546017,564.9984113883714,0
23.055514987309778,97.32043072697927,0
26.287379678090474,3285.489541293357,0
26.841738592133424,439.8516312253218,0
20.7114570476391,151.1638171982508,0
23.003982374403222,1919.8590673517924,0
20.74313430786134,168.71397271868994,0
17.53108647664385,187.13260889169982,0
23.074831081572086,118.039366604064,0
25.93096128521546,4140.171413124774,0
23.93865631951229,1322.1716254961234,0
24.84786496162417,69.80784684536268,0
20.740126228332542,470.36399021861365,0
21.415286818004745,627.9327876877527,0
15.272072683061879,794.6704745304327,0
21.916264682345968,217.15561375138572,0
9.749728280526597,1726.4835804712516,0
23.815186719541202,1230.5291451525432,0
18.115117009480798,680.5311448883753,0
21.941553097679503,1199.4503334176284,0
20.46712805430093,1227.9606506240111,0
19.97432013617623,168.60054880497268,0
21.971139208475734,1297.279861570571,0
23.50468934866103,2171.5909697127086,0
23.759742627825062,1762.7979487192374,0
18.160212947704167,1306.0065887880069,0
20.657558854420984,135.3583529603224,0
20.22149175008144,224.61614087340644,0
22.504066467285156,1104.216125608657,0
21.010992134942,2204.5662783097964,0
19.25611381530763,1889.353678376649,0
20.81857624962214,1765.8549591910582,0
19.241281255086278,195.68575248238852,0
25.48971381717263,2960.167151690696,0
26.94871662987606,890.6007602822523,0
21.66883475894025,250.75025558588317,0
20.198840713501056,1097.0559239399176,0
16.01587950388597,267.2635845851641,0
17.4363026512994,387.6370124530535,0
21.054696602291585,1603.4539274883014,0
22.614958500862144,3272.691615672086,0
25.64815832773843,2358.778686077569,0
22.225902529116013,1213.5576203477126,0
17.724715656704404,89.53233882901479,0
26.925881910324108,1451.0273121309024,0
18.446775245666572,1956.1288587760669,0
26.373540735244774,2221.077256650899,0
21.202352868943024,1158.0667912971717,0
21.757470862070704,1287.1436223399382,0
15.51496086120602,353.70356291649153,0
21.280855623881052,341.1313489091139,0
22.17800155215798,578.3738352370004,0
26.491012378767437,414.6460041415434,0
13.150933086510918,614.289299399827,0
23.632542274111813,1324.2559291434031,0
24.78933886573435,955.2418410789709,0
20.502403562496852,611.078225822423,0
25.170580895741864,1243.1699566554767,0
26.047981111931108,1362.9791297030192,0
19.004899936252173,388.7782402348261,0
22.47821154745793,1069.705114514802,0
18.658856675119182,312.09134012577346,0
28.135246785481797,1288.726639748786,0
21.994522285461414,1302.1322980534774,0
24.429514094761487,2354.9896448862296,0
24.746792729695642,90.44883102295209,0
22.550622205381046,196.02483585593512,0
21.09620954195657,310.2258339535933,0
21.681378512912318,1101.8918126833182,0
24.703073804806422,1004.124861956809,0
20.716869290669763,1147.8402845573169,0
22.495047744115197,1295.7948789012175,0
13.50724658966061,1234.7549878072482,0
23.02866155836324,142.10354983923247,0
23.98580206328745,436.16444319603255,0
22.958605521065863,7086.606432498667,0
22.269239838918054,687.8404214989881,0
26.97254571245429,760.5392530572157,0
26.197870997893574,443.62554401275924,0
15.383806588914695,2046.6561622929316,0
26.299389948989415,619.4435216498117,0
15.79924377672603,1001.4930672955255,0
18.54208444867811,2317.982260884021,0
17.81076373259225,2061.5495227288943,0
22.842720286051474,1264.8101419222098,0
20.718386745452904,1295.1812714349967,0
16.84410724639895,347.10562303778937,0
19.908766841888507,717.3411779117326,0
22.9936756981744,1501.9278720032912,0
22.59481973648076,1392.4389600765448,0
12.745711008707758,226.61663293955138,0
22.20114005759922,160.7494696986418,0
26.13146016156236,1270.6320181500655,0
25.850754324595187,961.6403475415449,0
23.421104231334823,886.5074597310762,0
23.242924414740685,178.91489416477492,0
22.41910006205245,1186.8417307746154,0
18.29919554392501,247.8214547049742,0
25.565556871323395,2032.3265425872546,0
27.216251203748925,1445.363570750926,0
22.54294703448261,93.54027062771131,0
26.64762186322895,1490.9522317361575,0
27.082874321215115,1473.9303149294597,0
21.591851593199237,1422.4603146326285,0
21.946810446845177,266.0472437751036,0
17.288844718185146,926.6403250407915,0
24.037472661336324,628.5528101038675,0
17.322305774688743,2071.08817696688,0
23.004925275732035,525.0154554855566,0
24.715552986992748,694.2872487020235,0
25.039805136786583,2037.434865535472,0
24.032346525646346,155.19243925926497,0
24.601121584574457,1275.1908570539695,0
25.318409538269066,587.1586695325117,0
23.48483727773032,140.42028859374335,0
19.44812563941599,1147.7057121705752,0
23.21518661181136,1374.930907787059,0
21.978032816780967,252.50873789307883,0
21.674650828043696,843.8351869594793,0
20.915384092785132,27.219359577868474,0
13.733143742879236,380.22621423122695,0
21.67507308324184,701.5906803321581,0
19.965264468722864,1122.9559749376517,0
20.389354875352694,367.1173684310656,0
23.172915522257483,437.02116683242133,0
16.91863339742025,253.45636978862098,0
26.689668655395508,938.1930425774793,0
22.5315141677857,206.18202984449675,0
20.13039270288806,981.0046896350126,0
22.426593081156398,1264.0878155839187,0
26.157104675858136,816.6760176431875,0
16.794587389628134,928.5180315386991,0
23.045320871141257,201.61597877857497,0
23.69368202013851,1552.8237044822913,0
24.971328512827597,92.42625236627866,0
21.713727823893237,236.04210540768912,0
21.796478525797568,166.4749465894442,0
20.97803478240968,1100.9624049079162,0
25.55361561245394,276.3059593748789,0
19.44250870457404,1096.8863599014026,0
22.744989967346214,1286.2068459403258,0
26.88074193883824,909.4578146946172,0
23.251471667819544,1377.1100088965636,0
21.01899077097579,1132.0175871264678,0
23.396061515808128,1114.3867567193251,0
26.16600052271133,734.3176499020796,0
22.276434892596683,1535.1159766328078,0
22.681747293472313,622.5262478005628,0
22.564647656395323,616.4817631256323,0
19.89902736345931,710.2226026367883,0
17.290292025369297,782.1827203047018,0
21.728826635855228,157.2552181792002,0
26.073787053426145,832.5399279606085,0
23.637907918294275,117.6322147261839,0
23.75052032470711,91.32042229292203,0
18.278483009338345,408.079390228961,0
21.19398327451762,1052.5866307329875,0
21.19892728593618,691.8489530694227,0
21.06187845865884,559.8776459705572,0
21.234426116943382,714.0453539800386,0
24.06601957745022,1895.6533752393466,0
21.164334644990902,1064.301368595336,0
18.971375656127975,260.50886586425116,0
18.991251528704595,218.14853400108626,0
24.89877392450967,1549.0883447241526,0
25.56780464865949,2458.9870989334327,0
21.16581550174294,63.254975528691304,0
22.816197278764548,172.2972624015551,0
26.060589090983115,1331.750658155654,0
17.781793919316044,545.9249138843755,0
24.501802460352565,1461.4529766154033,0
23.71887461344403,170.13610229012778,0
25.91755002339687,664.4924364995699,0
18.416144454173548,566.9917285454015,0
19.807346829501057,2087.0341517042857,0
21.001204744974757,1347.784531117652,0
20.74313430786134,168.71397271868994,0
20.16125621795652,545.3415930282812,0
18.41921863555916,417.5468504440527,0
19.282554626464844,258.7031990301352,0
22.457633378770595,557.4403077375631,0
17.30024381365098,909.8613418650369,0
20.97085278828945,695.2783063065748,0
23.021509265899738,1430.8437973272544,0
26.291399150424525,1786.9543999445182,0
21.991979694366478,1301.7160043132048,0
22.87853366306848,2737.7641879033786,0
19.969473775227925,1087.4375261378032,0
15.038230441676262,2181.376621873353,0
24.237774070103967,66.66226759669591,0
23.79401378631593,146.6925039899092,0
23.00284903844198,1358.094979823802,0
25.617057348180765,2841.4987668406707,0
18.467312961154562,298.50469604251197,0
21.612104165112555,1310.2514863025885,0
25.787113920847617,1759.4693608593684,0
25.55319406191512,1330.4158642899733,0
23.275014257430996,1236.2095385801535,0
21.44413846333822,1156.4273804437858,0
21.91270052591966,606.3390716922025,0
20.745379066467308,1335.9217911970359,0
21.978479321797693,1380.449135602687,0
20.760599655575277,323.59237671015075,0
23.041781679789267,122.07962647197057,0
26.67089633033396,256.795530022357,0
17.458615875244163,239.7844240081053,0
23.424743016560853,1145.6268399965506,0
16.407310024897242,805.2644252788763,0
23.6763591375107,3750.7205761980754,0
23.46973539988204,118.81861910340596,0
18.292426565921744,430.9511862706881,0
23.089234067144844,1087.7555727970343,0
20.100102678934775,256.38054385897925,0
20.630103524525964,578.2583959412317,0
20.486294894748255,1348.590020836566,0
22.016935532181378,743.0312119436006,0
19.497431373596157,161.37307211873343,0
19.962288792928064,206.02432340500167,0
22.004923836390162,1458.8967084896308,0
20.378070714738612,1081.9181844603759,0
22.238405770966494,109.51959043857862,0
23.220163175794823,325.4346147191267,0
16.400000508626306,431.82048276183417,0
21.551536814371786,207.79446959612181,0
25.826594416300395,1478.9087370049697,0
21.936751619974757,189.57903683302214,0
26.7550460656484,1107.4410609912616,0
26.0113284840304,2530.5174410354834,0
24.89877392450967,1549.0883447241526,0
24.036918131510447,25.960583986018193,0
25.741260517968044,4015.542493016694,0
19.468650554475346,691.0728707921247,0
20.418243390037958,147.52261415240577,0
23.25062851376009,169.09719333169272,0
25.22167108626593,523.888793588851,0
25.724251564343774,624.6570803236704,0
18.507354434331262,1294.1343382012587,0
23.993052260080958,384.4229772698622,0
14.020467094138837,870.6926897179823,0
21.440966633387973,1302.9669046413642,0
20.740844027201376,1398.160428554986,0
26.659806982676173,566.8262809526663,0
25.91045013003884,1150.0710256409388,0
16.91465800603231,945.1421283197145,0
21.348434946272164,214.7067643713694,0
24.47006286338535,453.1245201837759,0
22.031759233827984,1159.483135492776,0
21.78430010477706,1402.2127062093955,0
19.171155865987146,198.66554141161254,0
20.48000435299349,1103.299376369689,0
21.462057857024377,1143.6099492025119,0
18.26064887576638,1110.627152771924,0
20.47219994862877,134.77432429907134,0
25.034475060665216,1515.465517343257,0
19.17125806808474,376.5356697153788,0
23.347510353724203,2105.438199640487,0
13.799860466851158,645.6851668667535,0
16.195261478424072,1788.186021895383,0
22.534845924377464,324.14336204645446,0
19.246287600199366,1432.6199561369162,0
15.978364324569725,815.5554763984422,0
26.91784831153018,1424.0942604851466,0
18.780539449055993,508.68023634073546,0
21.344666801558617,804.8489436518888,0
26.03785622914637,2368.1248098623496,0
24.83181449042428,1675.9402386855822,0
20.740968958536826,277.0792700361948,0
25.956725891431233,527.6287838828306,0
24.872069931030296,1959.3465633702021,0
21.9801277478536,1455.1423683774215,0
18.91950035095215,1188.9792948972922,0
24.764384603500332,1443.8243404042464,0
22.85298265174589,1405.8000341069442,0
19.576055033066666,2853.4021645796042,0
24.905640356881293,578.148473800395,0
25.915207290649448,330.3777769219618,0
24.67743799118773,686.5293055784445,0
17.57004689110653,325.3065057110529,0
26.957949415842677,833.5412673663835,0
22.93853610356649,121.41460627434064,0
26.72122697541215,331.4780786645155,0
22.27829520614057,752.5787286472063,0
19.757662868499835,986.5008935343961,0
24.910996850331685,432.05764219281485,0
26.977202005097354,437.69541084883025,0
21.20326182047529,163.53929117438605,0
23.74377459773308,430.10067641851714,0
22.993990198771144,121.59681767341901,0
11.895021692911769,287.4303877365332,0
16.249130503336573,1226.1591039609652,0
26.51550111770632,352.82864868757537,0
21.551509662702983,711.1479684722166,0
25.503052965799952,1650.4862725746375,0
15.81651395161947,1106.3472934078914,0
24.91901925982853,1587.4027654540282,0
21.24790534973141,1116.3915850233775,0
23.03805701644336,309.5366552483778,0
16.792722320556663,252.55474895355513,0
21.907574113210103,148.03245365736296,0
21.72287388425883,1113.3763834845763,0
22.566011325518275,228.2301679265242,0
22.56793889999392,1307.5148656975966,0
11.478035545349144,433.1077158462744,0
20.698415738060362,1208.9844390761596,0
24.927285925547324,180.8102026593428,0
22.927720076949527,1397.137057782386,0
16.378239431835368,1625.3328815114241,0
26.059174337841284,834.8218433570604,0
16.792722320556663,252.55474895355513,0
22.684893480936694,1095.1806277048331,0
22.226129241216825,427.52816230175307,0
19.465348180135095,1434.1093122970801,0
21.464639191400465,133.14959108946135,0
26.380832354227778,808.3553805958967,0
14.9594082919034,797.67451882479,0
22.25922698974614,889.0269964945059,0
22.278255478541098,1424.4819402706366,0
22.40915756225587,1327.7085766207915,0
26.606768947177443,522.675030679677,0
26.08533932367959,2686.107330770467,0
26.884450107150656,1283.3803862344962,0
21.465469455719017,1324.8281076562148,0
18.656549425478374,491.59594699857047,0
20.43943027920193,166.99608117458632,0
24.166490243982366,99.8327255260687,0
22.817520214262515,1958.9847631764155,0
17.786268443153062,574.5293207478265,0
18.816000874837243,1216.0844698559981,0
13.22494741167344,299.2431528877955,0
26.00261475245162,872.3123379063348,0
14.24908373797382,314.9441041064005,0
19.29779051674734,860.9099842619638,0
24.211323447454618,3120.9738038491946,0
27.318581676483177,1071.617622674678,0
20.711242475963843,111.28884628531743,0
13.661686325073276,1216.3691639911872,0
19.59841403961184,344.73979920265486,0
22.350799496968648,817.964364589427,0
23.96623774634469,241.74814745900443,0
19.161524836222327,427.8519012045603,0
20.286710811796695,319.3657591950636,0
21.985264518933434,1169.9417427193862,0
20.364259126451316,1326.3449043047171,0
24.32694149017334,1502.3770675074798,0
25.675794393366004,3767.872174085353,0
19.447274462381984,1203.1400993478042,0
18.78373743693038,63.40113356826116,0
21.132618469662134,2656.959038974021,0
22.528492705027304,649.2473676812391,0
19.666818798289626,327.3558288824301,0
24.832903435116748,3495.8945818257075,0
26.06400303310818,1690.545898677085,0
24.931157366434775,187.13928833720496,0
21.471820211410545,1313.8812676083785,0
16.686587905883812,1123.276118935321,0
20.626377320289635,1236.741897464965,0
25.42292906443282,294.8568098258715,0
23.483227030436183,174.70095008728316,0
22.279173999362513,79.80184331652929,0
26.868867015838646,2358.9130423974734,0
20.002156476621337,308.1050075602274,0
25.54767443339034,141.20794162270835,0
20.42450459798181,1169.2939110111934,0
21.77827686733673,324.37779456493666,0
21.213673925399803,1048.9665500831347,0
27.05539712905886,1395.2476724993926,0
25.366563597179663,2199.1954602312785,0
18.278783769960796,101.44379809615423,0
25.985201406478893,261.07391417143157,0
13.079400449329,679.243274779294,0
20.477238697475855,1436.6053760063392,0
22.652157629103897,124.81042072293569,0
21.701091305414877,1426.2233421218139,0
26.876666402816795,758.5255064081888,0
20.502403562496852,611.078225822423,0
20.071415726343787,227.14324742672255,0
27.072775618235312,708.0585926782827,0
18.01789194742844,329.8032924544554,0
24.350072779478865,2927.4622544657927,0
26.0922951404865,413.52045238134673,0
26.130777189466755,2003.629800678466,0
27.159444913677135,1259.580318630908,0
21.977888806660985,948.1302618992071,0
20.038196606106283,84.1045498859625,0
20.005085563659634,995.9899008285742,0
25.432603817894346,1384.9526129674655,0
21.715729840596623,792.7979163837175,0
21.444631989797017,676.0889075708131,0
17.174586529201974,2720.526140929435,0
20.773719406127952,885.2541081619005,0
21.198510453195297,1165.661890805934,0
26.535450112378157,836.8561796855669,0
27.04504282209615,361.00085899350455,0
13.503281414147636,276.75368711468985,0
20.21582112312325,1351.771411300872,0
22.90815887451174,38.432796300623906,0
23.721026833852136,164.69437331077864,0
23.170234934488974,1500.1156523835402,0
26.655510838826558,534.7682878386717,0
20.69629336992898,43.682691456053746,0
22.46602881976537,198.99129569647124,0
20.24455677214121,1288.645607234214,0
22.199975232724796,1220.6792652618628,0
12.106611347198509,283.32586661097815,0
17.726952616373694,378.4611567866545,0
15.04977140426638,781.6000998031835,0
20.990808343887352,1182.3671802890044,0
22.98131226433651,1370.3529432427626,0
21.09883201387197,1151.7725780617934,0
18.160212947704167,1306.0065887880069,0
24.863839848836278,1128.0590452265483,0
20.724977656773206,1291.391652823661,0
20.4908095504299,1409.5852270734053,0
16.41032776832583,323.7484067690115,0
19.257835995709513,522.7636441600065,0
19.717943082536976,218.51619035122206,0
19.220754665798665,503.4069314610701,0
16.286424043443446,2303.0990406882506,0
21.205640284220408,1113.5338813078147,0
19.202299478318935,224.58890155074408,0
24.761322593688988,81.24079629895498,0
20.428986934587044,3507.7357374143344,0
23.325675053066732,891.5197782230119,0
21.252370325724314,151.098203660224,0
20.713200346628867,587.4851465236883,0
22.16094413333468,681.832776219819,0
20.991554196675622,166.93790704128554,0
26.218442402945698,1049.6940061461669,0
20.723188018798794,136.37114390847495,0
23.730602776562705,1243.2156585168582,0
25.996407445271814,328.1037554156523,0
20.945985730489156,227.51534432289412,0
26.151582972208644,1086.0496468853694,0
26.570222382318434,801.0636091243963,0
24.73033716567147,2646.1290240299445,0
21.248249802766054,1316.3868159067374,0
20.545187250773097,235.37107631680777,0
26.477520932091636,2479.8672020446998,0
21.719488398234034,1431.2084585439902,0
21.477935126975694,1267.3395171773177,0
20.219160941152893,413.4876251232367,0
21.249997965494856,1100.2293013047915,0
20.802986168138943,2291.0874716949206,0
22.024231020609534,1313.6973798286658,0
20.869105204829452,723.5984176408987,0
24.758281277387596,894.5948638033609,0
23.22762028563261,165.52868187544158,0
24.32013503180616,943.0765330803137,0
25.538139001528407,1358.7042175245028,0
19.741078843010825,449.1958439361792,0
23.208116277058934,958.8959187280874,0
13.21040838559469,466.02754369494727,0
23.011742740207296,178.42115163919738,0
25.972989614804646,639.3547363590936,0
26.451354837417625,792.7758403134088,0
26.50309680591937,1634.5498830091697,0
23.329399158841056,1528.7163302314025,0
17.16678484000414,841.028277577136,0
20.96252657572427,1261.6168677818519,0
22.732699171702052,1430.3052917134505,0
24.411098946465415,77.52831727382947,0
23.607881387074826,41.503620148871434,0
24.80215670267745,3445.795845986579,0
24.841229917321925,990.1589721452932,0
16.565490277608262,1061.1525259923678,0
21.861210487002438,2238.308344782565,0
20.46926941644574,187.93221637723258,0
20.95497199164504,1093.2879641663772,0
23.955359667823416,1361.0243842017394,0
20.01050765627906,1131.8775497388583,0
26.042212104797386,326.3212040078383,0
21.96110420227052,152.8057165455561,0
22.22304363250737,1349.353258312915,0
19.731515757242846,155.29716089484504,0
17.799117533365916,492.9537221801024,0
21.91362936231826,229.08435091492942,0
21.728740575578513,1475.9099900734168,0
23.237447834014915,165.78410267946532,0
17.215967008802693,366.4830185484629,0
24.74833068847653,105.59202805278112,0
16.200300413189495,2247.2394526016456,0
24.487668100992835,1004.0706440818052,0
24.021142101287865,207.88354501244834,0
24.47391418880892,424.74843263742736,0
24.65986129876336,1847.458571941827,0
13.938316599528036,3562.460963429187,0
20.70326385498049,1355.188456178878,0
26.294793428693538,1100.9565711033088,0
24.69531995985244,476.12914145109465,0
22.935504425896568,464.76957649109175,0
13.373294798533152,554.5456789445619,0
23.20305706659957,164.03774619219115,0
20.87095457223745,1054.0769517433387,0
25.021014361911398,2365.978763253663,0
26.57070937686501,2210.0891962659102,0
19.541515633554127,707.482893766139,0
20.959259216873704,1403.5556510102492,0
25.956534811166648,541.2454351794462,0
23.215679967971084,1516.5340125572425,0
16.491034444173238,268.34557280061057,0
21.473403358459507,1291.890320183013,0
18.781683569243455,398.6807771038752,0
21.71062485831129,1128.4192398202163,0
19.708324898613853,468.2665772747736,0
21.570075046314912,893.5520432901125,0
20.278543379812504,1617.3220656823855,0
23.973275375366256,105.25456145522405,0
18.919967651367244,364.40017521498015,0
26.823274140130877,882.2458282124738,0
19.610319709777855,246.55532539007476,0
21.212373846548587,1412.3816534888488,0
23.860444005330407,212.12440803763678,0
23.24510451422799,1349.3999063980323,0
12.795845356693974,660.9248787176351,0
12.156772232055687,282.79203623649886,0
23.742962455749478,1331.1331614863616,0
24.0528934337475,1981.9422036421042,0
25.193969345092796,4173.803788424704,0
22.85366444057894,68.97453293320943,0
21.65486297607424,169.74184736726096,0
26.209083175659146,308.26531797764113,0
24.703073804806422,1004.124861956809,0
25.779337713453515,236.4810042094927,0
22.747911919487876,224.35374632594397,0
25.932882563273154,627.874252201293,0
24.97234475877559,612.5152677309255,0
19.811674690246605,241.47514328477195,0
26.605158896673288,1941.3143701863032,0
19.32564497448152,1853.4872576606017,0
26.281151038721987,1548.287079484437,0
26.465896719473335,301.8094345938902,0
15.69237270355228,777.8922922920923,0
22.547771284315388,1080.9996731590968,0
22.906247428611493,1953.6557354044658,0
26.42097371419277,2377.880529315446,0
22.071200413174154,1499.568280578826,0
19.04260660807296,149.96092096087744,0
23.70499356587726,151.69026032206824,0
27.03232933680215,901.7880044889192,0
21.174959543016257,923.3823239814977,0
23.495724232991563,626.9086942088346,0
22.279371152605336,187.4039068829756,0
18.290550632965903,476.96184814092925,0
17.519815352468754,490.6491272163134,0
22.271861295346923,1488.1475240003806,0
17.769480994895673,288.1147719931345,0
14.072867965698322,2111.7929935466987,0
25.402376005384667,806.3312664639692,0
21.706861568632632,161.6608582448702,0
21.47400611241659,1160.3423401725036,0
21.906367097077577,1110.4694426071387,0
21.968477561257146,1403.5209089529258,0
23.608714199066185,1183.5467785608512,0
24.922389475504588,1156.6149488103133,0
16.693451658884726,1912.9324749123793,0
23.073102124532113,1532.1855328988772,0
23.519331596011227,1089.962732793067,0
24.79354597727462,1540.330153704856,0
22.222337150573765,543.8559547078352,0
23.381419047602947,1020.4909525823335,0
15.420340991020225,833.8561028253774,0
22.75533580780035,999.2690280091505,0
23.301557119687345,5208.68115201709,0
24.329128996531153,1074.9993629765254,0
21.73845504413964,325.0508315872889,0
26.4517263363569,1300.109945983861,0
24.751184479395533,1940.884024651025,0
26.62711768377403,878.2066710304956,0
26.69421316782632,943.1679479789476,0
20.874506123860726,881.8589307379465,0
25.46673116683968,579.096690566514,0
17.253084564209075,1434.840348364089,0
21.250446732838952,928.7264578056078,0
16.754221725463992,1171.2715186190349,0
21.907574113210103,148.03245365736296,0
22.239705128139917,1412.9933759581786,0
26.190136337280308,1166.6583500814181,0
24.354502402411583,146.52596116182616,0
20.73617995933256,1458.6801126610976,0
23.50731832716201,875.017245115016,0
26.25697455824462,569.1408745956163,0
22.732893308003668,1125.2215251338225,0
22.679656791687023,1846.3873572659236,0
21.022718418969077,1476.2322016072017,0
25.32925980885824,4369.760871679757,0
19.946236431237367,1328.4998953354102,0
24.172941843668696,58.34647715208341,0
22.22175861994424,1298.223522306655,0
23.56895827187435,1033.1393413257342,0
15.993863042195699,306.5399050724249,0
23.464251727149644,953.9473325025778,0
24.894556458791158,145.91507315752318,0
21.343550148877227,1335.3841498505813,0
13.919816462198924,810.7830218982439,0
19.448921934763632,1425.1412570488196,0
22.996151133946057,656.7882940184812,0
21.73966888036483,1405.0286158930999,0
19.37473601840793,291.3427025091391,0
23.649014756173813,1353.0355475854617,0
20.618763621648156,509.36398357269576,0
23.187604159400564,175.79666599747947,0
22.212205158580446,989.7047549497823,0
19.453764613469502,1149.1400048148375,0
22.07140693664553,1370.4975180339557,0
26.25219197128763,864.4392348837595,0
16.426048533121786,608.6809530865888,0
21.466359498765712,1163.22405338404,0
27.3971996598774,1226.526935399745,0
19.2138008258961,205.31326606986335,0
24.54196079395433,1141.3428157579642,0
27.44410148196755,1160.080906749938,0
23.414960861206055,115.77076912042905,0
23.226826540629077,698.9001974475126,0
23.155717574225548,1073.7783208501082,0
25.92100937583234,812.0150983345251,0
19.288220850626658,372.3288185906153,0
15.815665520562106,1555.8676466357451,0
16.400000508626306,431.82048276183417,0
22.379456011454295,1711.7306374025088,0
26.560624059041345,784.1956213128309,0
19.648675900413878,343.93088966724684,0
23.690965906779013,1333.1901699316245,0
22.419214008472636,1233.779419959758,0
23.348972765604685,48.8109707844,0
18.718472046322347,281.63308724877646,0
20.41781609853109,815.1428893220167,0
18.98473814505121,1186.4051043998938,0
21.74768494500057,165.34491330501845,0
22.188996728261372,160.75449511525443,0
20.006764788505336,1377.944909782384,0
22.433583922613252,197.95756489155104,0
17.09069120770414,358.3629287790995,0
17.54841779073081,426.12734511611274,0
17.523493158249607,817.583014072154,0
27.392426109313988,983.2679972064237,0
26.014381345113122,936.2743653368692,0
23.22074597676601,1056.5191924583655,0
21.336996963541367,1165.2677029382926,0
21.273896153767907,175.71453824755957,0
24.4368149439494,607.0110172044973,0
23.21899995803841,189.84758183476737,0
22.635991032918298,218.81068199989608,0
25.02075938804478,405.4689526569586,0
13.90527663230904,1116.972648353551,0
25.889295323689794,978.4571833920221,0
25.300882063971642,705.9646926831941,0
24.53554395039879,28.688826413128865,0
22.73448015848794,1320.676621795867,0
25.287249458073916,3125.77767744777,0
26.150377810442876,1034.5609270047885,0
25.027755143907314,60.10639369604398,0
13.807319657007838,1588.440173120473,0
26.596894915898645,1858.1159308564406,0
21.254185803731332,1323.5033795249205,0
25.408376798442816,2362.9298403870803,0
21.142932868003868,934.7399294388036,0
22.19380507469174,1353.8491323601943,0
21.197396373748802,954.3539479386549,0
22.94175215827096,1736.765139551137,0
24.574835940769788,2088.892244548772,0
22.684715922673547,1423.8296940934401,0
21.507533151132122,1216.0872861754638,0
22.347912603711336,3321.1925670516234,0
13.988299306233728,357.1005247544985,0
27.350159639300784,1135.501560569976,0
26.53874092102052,537.1127173316221,0
21.050881611217164,934.4218790542822,0
22.951017506917253,2255.0168901693564,0
14.248070271809866,275.2555765223246,0
18.423202314830974,592.011180521224,0
20.617234039306652,682.7573783707361,0
21.207896875452093,1189.1274832200747,0
25.88197458055282,356.9983325910311,0
24.83785127003989,2255.367603899215,0
22.983856932322226,877.956044675086,0
22.448552885509628,1152.398151160453,0
11.992779350280784,290.79536423203757,0
21.22686165173849,1363.5439172398787,0
24.058226733737513,1698.510349543069,0
21.006171740907632,1265.160453320716,0
26.19080095002147,1377.6245273661357,0
19.044518089294513,382.5651004922133,0
20.544299300511682,492.1033166360598,0
22.681747293472313,622.5262478005628,0
20.465949630737327,209.33311879751494,0
21.41711304493441,693.4564195584993,0
25.099805291493794,147.60112837073615,0
14.077802639915888,1153.9383240055781,0
20.720547612508142,216.2498019647341,0
23.865508969624898,73.56977537390996,0
23.518958769904316,455.2733942877989,0
22.19250076144357,1629.08755317447,0
25.784358406066872,1187.8042377543193,0
20.946650971306724,602.7769602846842,0
22.20968399047848,931.1159446847181,0
20.90315160751345,1299.7562706482154,0
18.30889981587734,292.1118780982237,0
22.234533352322046,866.0074666154127,0
24.026620301746277,1300.790880621646,0
18.273317909240745,496.8565560888987,0
21.485983361138324,1113.4491384041053,0
19.90829798380537,1307.3932200681907,0
15.93345397313442,222.28875458357146,0
23.370320165725047,961.9978562009077,0
25.228085356492272,529.3010815989713,0
25.035572083791124,2134.2000931513053,0
21.200985081990552,182.3328927170973,0
26.82234636942553,943.5676455509405,0
22.75343152152169,727.5138765585165,0
22.477198028564544,1340.0751993071776,0
23.11987372504342,81.14612177130986,0
26.16142536799117,1729.9597382557135,0
26.30787980821401,586.9059421133737,0
25.11630447850081,3590.7187730085593,0
20.721716260910057,894.2980885517339,0
27.196859886532764,710.4947388183813,0
27.070609170419175,874.4940020155649,0
25.426576487223315,2003.1238652777415,0
25.291214370727573,282.6506651949625,0
22.245762973361536,569.3352788698415,0
15.777689350012565,955.6866183888654,0
23.6763720194499,888.0747452389936,0
20.49490403069393,161.42923832056334,0
22.561762306017783,1271.4876875292998,0
26.226142041823493,1881.5626248728972,0
20.737595070732993,278.4022286545973,0
20.489238357543968,1105.9727117430907,0
24.01095497494657,1066.8098896753531,0
24.961767646593955,804.495503009532,0
22.703702163696335,176.18662566063216,0
25.25414150555929,1008.4653206181268,0
21.56637222983619,1033.4828615200263,0
19.53042087554934,252.90766432997992,0
26.822160975138388,834.8339244734983,0
22.258079942067468,1066.7277544748526,0
17.792033211390162,633.5955604922514,0
20.970511372884175,1144.5476979028922,0
23.97265561421716,140.11458754656127,0
25.947625944349454,877.9594123375158,0
22.21143485705062,1379.528951646064,0
26.234765352521663,549.8512916278581,0
28.75544164748419,1893.6618722986918,0
21.161846256256126,1160.9571732592326,0
27.384505208333337,1260.7911869895202,0
26.123170550664327,930.6645400833826,0
21.53974445484306,805.8298908185701,0
22.657505974402795,919.8122255515794,0
26.7301226615906,1260.59385091183,0
22.526946534050865,1376.159411669944,0
22.472163758133433,1073.1154911231738,0
24.93816195469276,1881.737378240798,0
17.458615875244163,239.7844240081053,0
18.427804276437485,426.5471108269434,0
20.986689949035735,1302.1536551427585,0
19.229072904586815,382.32541531441024,0
24.788391526540124,372.6192347717028,0
26.989662309126402,433.7725907575827,0
23.287819745805507,1558.4719821822387,0
26.419691834626406,557.6655350637178,0
20.694297042259848,1582.7336430561286,0
26.124021402994856,888.1060935568552,0
19.300357414427253,369.0080352139216,0
22.829162322150353,144.95303556439688,0
20.01000641716854,1334.748108686183,0
23.911060587565146,2246.38214409468,0
20.770746008555136,199.55024570343306,0
15.867211198806785,275.4660107207041,0
24.77386764950228,2081.8773403775435,0
18.10500539143885,185.49066856620124,0
25.224213354928168,794.9278324854116,0
20.244528961181686,264.9922192108374,0
17.13450260740342,506.8287372600775,0
25.870955801010155,1261.7944858979922,0
21.458190377553308,1314.98828232405,0
22.007640218734707,214.60775733110717,0
21.709810935126427,1390.0578588258963,0
17.38013303544784,288.7840762746077,0
21.145410610380623,153.08417827007582,0
22.24670817057296,1320.347343386386,0
23.223972379244344,463.7311518203955,0
19.719033336639427,429.7888696205359,0
21.449025817144502,1307.9839132737857,0
26.63809653388131,833.4951333713274,0
17.755243237813374,320.474606753562,0
18.098069074418845,451.9992850732546,0
18.454898947256652,413.1879217934351,0
22.747749004942023,1474.1058915865165,0
20.210236803690634,1167.9335132252913,0
22.91162293752035,193.1082911801081,0
21.751096637432397,796.0095152270536,0
24.698901112874353,843.7845900666456,0
20.21827737313731,1393.1555792700988,0
22.201882934570335,1281.2288522732001,0
23.22648270346906,1089.6641060721618,0
26.175327959927642,558.6192578088979,0
27.383651733398438,1174.49346631882,0
24.5033300611708,222.74030819651892,0
18.407765129285053,450.8216910075884,0
20.47855974833169,225.63391625997832,0
23.225106493631984,1088.647943736289,0
24.783816461002175,1418.9768217515689,0
26.04293695025973,1565.6966723513347,0
20.18006490071616,160.75331047293952,0
14.650822957356752,367.3142202210169,0
17.007389686221188,1046.9400703918677,0
16.542885193170264,554.9892902385931,0
25.536937332153343,1238.1354503345233,0
21.4619767143613,1148.663137854312,0
22.21876349978976,1292.0356586587172,0
20.880146804510446,1586.064670981143,0
25.11336357328622,1302.5828532886248,0
24.86216594378152,4810.002979637358,0
25.805635301994528,1346.244261414979,0
20.175036239623978,245.19819840905478,0
18.54371631689247,590.0250159215669,0
21.739620463053427,153.81075888988784,0
27.25268683433535,484.00027006981185,0
15.279986317952478,373.27816784498503,0
21.216473897298215,929.6204082679491,0
22.736336008707724,1446.7789947998267,0
20.664915702456483,694.6915246557932,0
26.892872474307126,1874.126755447362,0
19.11797844568889,511.3348707568388,0
21.1761772791545,56.00804537651349,0
22.366013521136665,1380.4525330674392,0
26.57390591656724,906.0272954416017,0
27.81497698183415,759.9545463931303,0
21.964067819383445,1147.8703886282187,0
26.853757143777557,861.8099063646536,0
26.42789332071942,1844.3748436879855,0
29.195638577900297,477.9016606521349,0
17.72113389514743,218.75333860633185,0
20.338275178273534,397.40709290025046,0
17.117192967732763,47.171507776949895,0
18.95938072204592,371.8635335576277,0
23.820372067557514,1443.4433251631003,0
21.207975352894266,1190.6972907495242,0
20.98100306193038,1260.3368096065265,0
16.899211778502547,607.7994711708765,0
27.071620741344702,868.3684475731592,0
24.684353038242932,1669.5060141396266,0
23.68861541748055,57.15816170093824,0
26.506069619314985,407.20034837839415,0
25.264192665947803,786.7540240299444,0
23.966267249697694,1619.8024719965201,0
22.445740058205388,763.7051053356867,0
23.505505225771913,128.6241829406958,0
24.218777672449733,153.3705264341574,0
22.736436462402366,576.3724416506033,0
25.9041126463149,801.9936539244394,0
19.16652300285574,378.63199859974196,0
20.502151234944677,1302.8753593575698,0
22.478219662290655,901.007463039134,0
18.823713116768147,1559.6699908387404,0
19.34311772982278,248.52875694749167,0
24.50073365876176,876.3212531816702,0
22.530414777813576,303.4005507838469,0
26.615080695058793,3360.546533764575,0
19.982583123666302,177.7395017456751,0
21.528627570470235,287.4731950473528,0
24.683755129859605,1281.00680261967,0
20.015765285491966,1256.0533776890975,0
19.65433872289833,840.7875232410173,0
26.654803848266624,2052.694742382739,0
22.735438141999452,1082.6116248976928,0
14.589094119601782,407.6473049831133,0
18.664295450846396,363.3004993211966,0
25.8906033833822,809.715394676898,0
18.18979154100606,1409.906924517129,0
25.700142860412598,1576.5905313205462,0
22.27417943036113,1353.113074601863,0
24.16067816416421,876.1647723626833,0
26.13146016156236,1270.6320181500655,0
22.475787417093954,153.26439663884452,0
22.754171413845484,129.13042754051497,0
18.81713129679366,219.15742084500602,0
19.482862130800868,86.45229861256887,0
26.466741498311364,397.31919467565825,0
20.073207589351796,1740.7936610293132,0
18.942714945475245,306.22158646700194,0
22.43863868713379,1263.415922225688,0
24.673823769887292,1351.4905542146903,0
14.695883433024164,357.3047712456923,0
22.98022747039795,1395.6525668513518,0
21.300582186381064,1215.6138688337546,0
26.19776504834499,1686.4141270529967,0
19.7367880503337,243.5274653148394,0
25.37428672427228,1747.1307151031237,0
20.01796663072372,243.18672046181968,0
22.186531379006112,1372.5396141421538,0
26.721619423230436,1197.6158700895053,0
23.55164882272919,2090.1754990231734,0
23.56423212687173,92.16828346369077,0
19.867960972256128,147.27607816574385,0
26.35224759843618,1380.217303336833,0
21.97706173790823,451.79793313262275,0
23.234506283384405,219.8496803652983,0
21.266576294671893,810.2727167319994,0
23.495413423195885,1352.0837098371726,0
21.980161841710412,1348.96664023516,0
20.195263735453352,225.37716552731803,0
17.002345657348656,389.12694603321364,0
25.490897892139685,2065.1607185613852,0
23.89276720682784,6005.077392609093,0
25.29128516868309,710.1178735506277,0
21.19531190660274,1104.940173031066,0
20.44101973639596,480.3498730075102,0
22.032696342468228,2937.1386066090804,0
20.998056171558517,1293.1529030215484,0
26.377165095011435,1089.0545666229468,0
17.46929766337081,355.06544336793235,0
24.882168791029244,1432.2074286651355,0
13.837719232064728,559.1236993682127,0
18.067639360672388,1455.7116039108973,0
23.41556828816732,72.86442890879918,0
24.52881039210729,110.1801216613989,0
18.230968800297546,292.137381435607,0
26.626629220871678,873.7078502785902,0
20.37122657299051,1354.1234776389342,0
22.882548673225187,1371.0642613482219,0
22.172187423706077,87.67055794713308,0
20.713200346628867,587.4851465236883,0
26.761184231440268,624.9134957802038,0
18.045724941435367,634.3552477669458,0
26.289117897881454,1684.0642847132426,0
25.066258207956935,141.25293567893317,0
25.058467483520587,2789.7691957664233,0
18.980280812581384,161.4266976725798,0
25.48775798252649,600.9204804908971,0
21.868501395270982,45.261350275252354,0
20.22556886672976,186.2413145613413,0
24.818335257636193,215.72407782194426,0
23.430252170562824,1185.3065907966834,0
22.41047799852157,1487.0372571062785,0
22.751709733185976,194.03124302742293,0
21.540122513543963,371.7848554265242,0
21.490273118630455,484.7650200140219,0
19.16749969873672,240.643755347703,0
26.420791527077085,537.920639665101,0
25.928663296169702,5966.559001059506,0
24.75142517089853,1586.3905482005816,0
23.363623237609886,148.96794855711272,0
23.002907371521076,1405.5668830883246,0
25.327938599056722,52.02351585147191,0
20.718672794765894,1105.642963947032,0
22.978679911295615,1402.3584917199355,0
23.558810806274437,3954.7178827237826,0
20.26263029310445,1001.8162213277559,0
21.251059468587243,658.4112316381674,0
21.38898564974471,2145.038795472358,0
29.195638577900297,477.9016606521349,0
17.63247201208975,1356.5699949872237,0
18.258842341105208,217.51272380468657,0
19.436579534742634,255.00587821123412,0
25.07187858157687,1392.6738992345076,0
27.131882206598902,851.6813933860998,0
20.628548200925252,673.1787964713316,0
22.748698665477605,1242.1065092098456,0
19.708286221822163,226.9415900122862,0
23.947187423706055,1438.4423911583167,0
21.709864906028486,1210.133579374526,0
18.037692769368505,410.1956196140986,0
23.552361482562503,133.28180909273436,0
26.13468414589215,595.2981159102659,0
22.921940951877218,1435.137946904872,0
26.601622731035434,997.148231418107,0
22.970076735814473,1364.31130468962,0
20.237229071723164,1270.0408592831832,0
21.023736381530796,3257.3849938821536,0
20.925553496678674,896.3164769124727,0
14.177896471376755,2294.036009163831,0
23.213411373562337,814.4563630234937,0
14.105491707060082,726.7948135745268,0
26.81797841389971,797.3053164791803,0
22.202057965596623,1416.3969874393683,0
15.038909212748194,473.13140407321265,0
18.193175570170126,2908.960391582225,0
21.697278467814158,674.3941910576563,0
24.269175193423337,113.55330869672109,0
17.077258984247862,337.58491724846175,0
23.014578596750937,187.35554888961127,0
25.945901489257835,1738.3528620016318,0
26.619976289287933,660.8582705270986,0
13.950635369618738,406.4782008540373,0
19.70117888450625,1459.8531842243415,0
20.44403423468276,1747.3598726105433,0
14.99132834925797,382.16189742204955,0
21.51061092558365,133.58921632287314,0
24.453274822235073,1324.2458447825652,0
23.992427126566554,135.14172732946685,0
22.28701403068777,357.9879112553339,0
26.33295524385244,2905.6479118776065,0
20.06643142700193,1941.2818297755462,0
21.88460147645742,1262.9984289419394,0
16.51972430547079,284.4938866805773,0
19.853000668117033,1078.1692609202605,0
21.700331271136236,302.5741323840361,0
25.678795870145166,2537.508846075509,0
22.75115451812752,207.2829760622721,0
14.731978433272502,1007.6220303785543,0
19.7594866646661,986.0525026929121,0
13.966897583007835,304.59009558079055,0
23.39662539164226,842.4290575098734,0
22.71501916249599,1464.812402428363,0
25.114240476820214,165.1686958980303,0
20.022363980611203,241.14278778550437,0
26.432698504130087,636.2435117375593,0
16.940989430745503,1816.8820895266276,0
22.927174186706566,190.21409824607184,0
22.93800471912732,1216.203217209552,0
22.91502522362606,177.66169533250144,0
14.946796671549464,1783.3750590693694,0
23.008222293853805,2091.5115557622653,0
18.423202314830974,592.011180521224,0
20.908661496197794,823.2119053613882,0
23.039762539333765,529.9027606856565,0
19.005066454852056,326.93544849870017,0
20.845371977488185,1163.3744619798404,0
20.219080649481896,1185.5105765175563,0
13.035233010186118,863.3922681224088,0
20.0211160341899,439.04353752848914,0
22.007861921522306,1284.6790522348624,0
19.256228701273585,145.53002715227416,0
23.632542274111813,1324.2559291434031,0
21.93886394500737,1667.7942097198707,0
16.574756703232254,954.8605874192457,0
26.614430787828212,3270.886150003646,0
22.79983527773902,132.5720779609423,0
26.74420431631586,346.61477506277373,0
22.76832248369857,125.10745301959325,0
25.301705169677746,1485.2017581474524,0
19.330707573168183,1230.5176302802306,0
25.866522010167444,3021.108024568532,0
25.30064078436959,40.776961297963155,0
13.291691557566367,674.4099229585867,0
23.71437596215145,166.95066243526747,0
21.736473337809286,496.16108536836913,0
21.531945619128976,285.6840759527426,0
26.75600511762832,843.6019316327314,0
14.405646896362327,523.117516936038,0
25.809026257197104,1941.574835033391,0
21.213207181294763,1398.5145509254676,0
24.62034406950977,6202.73739546654,0
17.099532572428416,346.68976888177207,0
21.250330119662806,1112.2559353720885,0
20.71942909703114,1120.1807342481356,0
25.433576491384827,4510.724560172532,0
20.480053260109685,1497.7304756653052,0
22.127496408533204,1561.1657768499595,0
15.720320955912314,431.9797538232546,0
26.707614835103357,372.77067899820617,0
16.462260659535787,367.6334440719824,0
23.087286183569177,184.03447494027427,0
22.108152190844237,852.1771848213415,0
22.470137821544256,135.4414567363005,0
23.770335133870446,358.7254405033331,0
18.189132342422226,1162.360125036214,0
26.047981111931108,1362.9791297030192,0
24.74134654998784,1795.6259891402465,0
22.229404862721765,180.48698902246764,0
13.66301088333131,2940.8762574207526,0
26.63091220366647,987.6909971248846,0
19.913296070805245,74.73616004106809,0
19.94380236538973,1963.9605626475554,0
21.709855016072595,151.42989978310874,0
16.29429424830846,458.48367810365966,0
22.392915503184042,1295.06548196194,0
26.33059293958877,2718.840946258281,0
26.034705946180566,579.4593215000372,0
18.922653134663904,1384.5039278280478,0
13.330718728267755,2155.308243633483,0
16.616652997334825,204.90468368050864,0
19.070332868171477,1451.3004876684886,0
23.66522587935134,2266.342350096677,0
22.933607864379894,2550.8154004823905,0
25.4707280840193,672.2005501401167,0
18.99703376204883,1447.1113652002555,0
25.18192825317385,69.75900828954984,0
24.583854716474377,948.1225878011923,0
21.2431602195457,162.5350050639849,0
19.02483711242678,264.46864456054976,0
21.244323984781943,3295.5874808144313,0
29.12484613306384,2063.040484489177,0
27.199978129069052,1405.9628032159549,0
19.26561656528048,1222.6909518253547,0
18.98570707815668,451.0867528629046,0
21.0812596638998,139.8943185817938,0
26.756719066478524,784.2085331690054,0
21.42001010576888,326.28228962538054,0
23.78533918592666,92.16464012977887,0
23.247917323642298,1333.2553774130088,0
20.185433394820677,570.763506741498,0
20.730897363026997,1259.9682927143317,0
19.202299478318935,224.58890155074408,0
22.921940951877218,1435.137946904872,0
19.84188621838888,203.87115404126456,0
19.960762490166587,158.81943777320197,0
22.246561384201016,699.3790909659605,0
25.28372107997086,1261.9370080542308,0
22.837550644647536,1327.550840378974,0
18.966958220799768,266.1821439873915,0
19.528205966949486,300.8617915224772,0
27.31997690200808,1228.5973660659533,0
24.942836331098533,559.1701388370733,0
15.664679082234727,420.64114362118056,0
22.9789760044643,616.2273034465055,0
23.895125608091007,746.7415638279657,0
18.16242732206979,428.27151790377906,0
19.234284246535537,342.7373662602644,0
25.669514765883946,733.8299795996885,0
26.25390875845244,1486.6630367946368,0
25.416226383996502,1601.8188901257258,0
18.462933113461474,443.4395588946085,0
21.083925444108445,1106.585250050996,0
21.72557511102582,661.3640084874372,0
26.16203519381014,1011.4486448478441,0
18.79153955247665,463.2363140594702,0
21.000368769963586,1491.7899116885405,0
27.388145171271447,1038.9400541794043,0
24.070894877115904,1174.305678160165,0
19.411255294746866,2531.9233953964454,0
22.123507012261257,1388.1169043493014,0
17.54018534819295,466.2071175884943,0
22.25957063039141,1029.1359022271376,0
23.691843843460106,1196.0304535937053,0
24.159648895263672,123.43982309219648,0
25.1583211263021,776.0727226745825,0
21.723252868652366,1124.1069108259421,0
19.00535585503826,2230.3901396703463,0
27.123995717366597,772.0163434755544,0
22.976296122868916,929.2213514458875,0
23.688624445597384,231.58360719797423,0
24.227664645512903,1311.0802516352874,0
26.153527377900616,1228.8761667918902,0
17.024115753173874,532.1070782851915,0
18.285931748034898,1739.3232554208976,0
20.38904251825238,567.3095740389566,0
26.13233506944448,1009.317369015191,0
20.677100594838464,496.97969555971434,0
18.41145213899165,1000.3338761639337,0
20.931259621514243,304.7427877795439,0
27.37349954181252,884.6071630727987,0
22.28055652436757,1777.8196491312724,0
20.453676160176656,669.8405191313963,0
27.566559410095238,1136.4140033733588,0
14.758141454060876,534.3591801833849,0
19.966258239746082,1290.3512015950423,0
25.444516638553523,362.2233241808157,0
17.662764326731406,536.7354981612901,0
26.286610115899066,588.0695030104856,0
21.60332100744597,792.9031446587782,0
16.289228587680384,332.60476663825324,0
23.74742724100753,1401.1755183350783,0
20.320139582951867,1445.6295341264945,0
26.692402394612657,1469.057590515588,0
24.71435437202456,1105.570857228015,0
17.377265317512297,879.7374784958105,0
23.68276023864746,174.9413877737265,0
13.71508887154721,478.3132605266314,0
24.076045131683372,1351.6504250478488,0
19.98565762837734,1088.1092816602927,0
14.159626388549839,606.0036800813417,0
26.03785357475283,528.3498995017748,0
21.153937806023464,1073.6365102243167,0
20.002793460422083,451.2119710457068,0
21.486875788370753,1390.8705160033446,0
22.22464695885077,1428.2809242617827,0
13.77094760470925,293.3306440722685,0
20.725617790222202,1483.5533469927054,0
27.187706883748376,1530.4143957805377,0
21.975521695172404,1122.65240103123,0
25.913544197688054,1907.3462232959014,0
20.634151430483257,1005.7723157119493,0
24.880968189239525,1820.689552278493,0
26.29221286773685,571.835753322814,0
23.602136657351537,102.22272649524022,0
21.490775760014856,1412.227508426879,0
20.708094982072396,154.14939150330832,0
18.779051762535516,34.503252060387624,0
21.95698191324874,1183.883030713771,0
12.23681570688882,272.477683426116,0
24.743796693711033,795.6669673335294,0
21.215879758199094,1465.069387854312,0
23.486171976725245,858.3318114292364,0
25.864800389607808,717.360579223607,0
26.684970792134663,2375.1630343508464,0
22.719912836286824,1152.9782459151488,0
25.113607660929404,2195.8526417624694,0
25.20607827878473,757.0801794540624,0
17.95655328962539,418.57227012631705,0
22.930617162916406,3715.861358494733,0
21.395352554321335,215.400912613843,0
21.45932545434863,1292.0688956987601,0
22.385491111951012,3284.2565149080497,0
23.520044369167806,231.49783611414244,0
16.878363198945067,1310.4911491286498,0
19.704188919067406,1446.570207179759,0
16.747417993256533,369.07417029259017,0
25.413142522176145,1427.8010658931476,0
22.224424298604333,1418.122981489871,0
26.368932596842455,2332.1882680070144,0
21.901581276787738,752.0815998327474,0
18.705300585428915,191.71232804772666,0
26.888892300923715,978.1955935072641,0
21.418303607759015,182.08469152567199,0
26.894134775797568,1482.9313129198295,0
27.190326150258386,1382.9076111328345,0
21.231265852186425,137.88155913469603,0
21.722842025756847,348.83787930128386,0
26.615544750072388,1610.9593443584185,0
26.167540627938763,925.2446897339563,0
20.47291378445101,1164.067585767482,0
22.864516240579064,759.8272234213094,0
22.23040606180831,1335.8917206537467,0
20.351603730519628,153.03560420987418,0
25.851321607165914,1428.1026206922274,0
21.18724975585934,650.3598734748106,0
20.99101859850765,3029.02896404383,0
21.73074137369798,1090.11716842768,0
25.170561051368793,1515.803993494485,0
20.735659263247555,1196.2379112851363,0
17.034590694951135,417.6341302704554,0
18.101732071240747,395.134170354579,0
23.79027368227645,105.40879964945127,0
21.681873130798408,1406.8008109938842,0
23.4183647791545,1086.5827098500472,0
23.546501767193888,1246.7990040790778,0
19.355105018615745,157.46549964067748,0
21.71382810274764,396.3271908473711,0
27.932770179299723,1632.1439936768752,0
26.534072147716188,2495.4763248574477,0
26.49710051925092,370.5716773879271,0
25.035526953803185,1262.0675235998374,0
22.07195398239861,2384.173580260251,0
27.196859886532764,710.4947388183813,0
25.667281405131064,713.0722709011774,0
22.175683169894796,1169.964407385562,0
25.979549927181665,1011.9225315761308,0
17.71502565656391,419.4702140998583,0
22.07864156299172,925.2059876930456,0
25.28071640862356,301.746536792491,0
21.355288470359085,1440.5194193136435,0
24.37261377970384,1158.7546177220088,0
21.708342135394048,1048.2275828730803,0
9.734388787405862,485.1552255463343,0
13.70054941530583,402.0456790935736,0
29.063935411893453,861.4536382269602,0
22.759644675977313,794.9900150310735,0
23.907469294621478,1792.2679863881808,0
21.51742285092672,284.28912982461264,0
21.810826873779376,2003.3348210167628,0
19.22549124823678,1390.110303462718,0
24.727183723449798,594.1879943024854,0
26.614841334025016,889.205810428832,0
22.367060624228543,942.0692965399961,0
20.206779813766502,165.15204385039618,0
17.416927738678794,816.2611283373575,0
22.60927905896648,743.3758050214986,0
22.268626220138003,301.13261640188506,0
17.226019360726355,902.1143659960966,0
26.66690935502976,1437.3310364794474,0
15.550865080862366,3042.1856798243266,0
25.115313148498558,3346.9758637261134,0
20.73044393630255,1100.1621156942588,0
18.56017138163253,149.71799105522445,0
26.231134329901863,388.4845495235663,0
22.976382700602244,126.17999762413312,0
27.231542914254305,696.640503407691,0
26.445050002589312,936.9827479135732,0
24.783302815755178,796.7133753013353,0
17.159058276089752,525.5190141510706,0
15.978364324569725,815.5554763984422,0
22.718552750232163,1469.147746266101,0
23.677139642503505,2270.2982060622912,0
19.35151046117153,490.9233123075705,0
25.288832728068087,1453.8014091562968,0
13.513258870442712,217.33866334078124,0
21.58885949452724,76.60000845906545,0
17.292954034516356,555.544921011899,0
21.952147165934264,1202.4604648363334,0
25.240382210413657,369.61573809501937,0
26.082052838360823,1669.5798046898585,0
20.483339436849008,486.2076163303595,0
24.96557531356808,829.9436390411596,0
23.279928970336925,27.833734453890813,0
19.16315635912349,435.14045029995253,0
21.37727087338766,1295.6460386526328,0
17.649969434738125,676.3450957846384,0
19.01316820780437,178.23259234545043,0
20.73673718770351,192.82581731793692,0
21.222409714592857,1110.2809131157142,0
20.367166137695335,138.73312324402144,0
22.23136556413442,1314.1239777219039,0
24.47006286338535,453.1245201837759,0
26.26871749030221,2215.4251456272345,0
24.179858854081886,1193.0032864224654,0
20.731864547729515,202.40686908480933,0
23.287587420145712,1115.0171503436309,0
22.999371562860006,1438.8180941354972,0
15.857565674958437,267.29472056147864,0
26.08436330159509,814.4407093536596,0
21.245868937174464,1400.612343848918,0
24.689609236944364,2410.1856693637114,0
25.350093334853113,3404.950194807027,0
21.50472655826144,1401.605044306491,0
24.736870786878853,536.1751437198858,0
22.71952946980798,509.76383388159087,0
23.04712123870854,228.5389833163958,0
22.95028101603191,946.0791394126157,0
21.535470882294646,2180.4027713846904,0
26.433005723499093,942.3982881021242,0
21.73968054453536,1105.7541266095382,0
20.70706965128585,702.6201717567186,0
24.5742907499656,2470.6715464603644,0
19.503436313975897,966.1405317496996,0
24.269698079427087,1366.5517091762763,0
24.568155670166107,680.0452142965536,0
12.794921038367534,1243.8767001044494,0
16.92233577304421,531.7240178596716,0
23.231931032453303,883.9731633674841,0
21.72322471255353,129.44922670838645,0
24.29581424488748,1792.7077010285598,0
22.499862016950374,123.26371744391729,0
21.736327471051936,1438.9704287063819,0
20.47748229197964,1225.7847458135825,0
22.239546907865076,1350.5698785197478,0
21.6315556844076,1333.534919471715,0
21.00892448425293,1094.8236927401763,0
20.52163244883218,181.2231510889273,0
21.190455161200646,164.77338299271872,0
22.46357866014756,3735.4591645312053,0
23.076960023244283,1524.0144103777152,0
27.508378044764243,1642.9427795123797,0
22.486940638224326,1164.0300199401122,0
20.737314751034774,579.9766339373331,0
17.448787816365552,316.7876012634974,0
26.971456691197034,418.2285040628653,0
20.90952968597412,1023.6832544219236,0
19.226289458501924,182.60147497174552,0
20.50140733264749,150.43554529664328,0
19.372076474295795,242.18615591642669,0
15.989095306396507,258.69769677636435,0
22.871780723617235,1091.7128965270263,0
23.71622594197595,124.03125017998029,0
21.46747031741677,523.6358277511339,0
18.764940970284613,455.88871911284735,0
22.83257250256014,1101.21445804951,0
21.010312743414033,408.86432752129843,0
25.632911583229372,1955.563929678176,0
24.92255013783773,98.63764867303182,0
25.612859344482445,4339.542240650628,0
20.223857286241298,1280.5739313375693,0
18.964894503638902,413.06002512690833,0
21.477175966898585,1407.0080563437682,0
20.416733824901087,377.3319356155138,0
25.901539920625225,742.7760370087366,0
24.089127959145458,125.6677851092558,0
18.476789596345725,349.26831424352935,0
21.25818669001262,2124.506694079612,0
24.819105647859146,77.43777409312536,0
20.52871818542485,148.8430134963732,0
21.03260822296147,1295.9563814115268,0
19.14915736014376,830.6926645350198,0
18.019547745675823,586.5499123942594,0
22.479587915208583,1459.6366629016143,0
24.467564448603866,1075.1391544949752,0
26.227312932695668,827.2625848662595,0
15.40469894409182,528.0417732906084,0
24.991633828481042,597.6969793450575,0
22.17800155215798,578.3738352370004,0
18.21897911911924,2316.698790342782,0
18.27771021525075,554.8634648334722,0
25.170851144336496,1526.813861728881,0
24.5487697405693,794.5186540496092,0
23.915375773111975,128.01591754076293,0
15.602494754488475,1431.2294356536609,0
23.318184630076075,1129.334003479455,0
26.71612927472148,356.6478759062033,0
22.944750086466513,187.27400601026824,0
16.65765770420893,1839.0270553540927,0
21.0812596638998,139.8943185817938,0
19.047654724121116,235.29747948167136,0
22.742039253598193,1124.4189187895995,0
24.7719327984434,232.2277322423201,0
27.437877697414876,904.3498381983976,0
21.553884972466392,227.80963853118232,0
23.43323720296229,92.15727895614911,0
26.983680760860466,1331.011046470378,0
22.239928181966206,202.13563069817832,0
19.964706321998904,1292.5341621052962,0
21.456373151143396,2176.1661849927646,0
20.508163822058464,1458.287731559251,0
24.5487697405693,794.5186540496092,0
17.547530779922283,378.8514070224505,0
25.805635301994528,1346.244261414979,0
21.782570428559325,334.1793909680586,0
23.823941670523766,1424.5590537798148,0
20.221198556362083,144.59639117238333,0
25.21462541610481,352.2361561667662,0
22.928452689974904,1652.0626738679152,0
22.115794277191185,426.8375754368048,0
15.383806588914695,2046.6561622929316,0
19.720098807595036,400.43631270644477,0
18.008184596470414,194.8959574115019,0
23.229676876646124,1181.038592756961,0
20.973115464752766,192.44543165085128,0
26.16250220537188,1051.7614416789752,0
21.553884972466392,227.80963853118232,0
16.72271679772274,360.7919707905989,0
21.162139723036034,1273.911160231803,0
21.20579579671221,679.957360775445,0
18.785103893280052,427.67115384456923,0
20.929207950168234,163.53491395828536,0
20.503542200724326,1355.7533591997367,0
25.991331491016297,3034.495302290891,0
22.511904732386313,1465.8840566885215,0
21.259637804384568,2846.885588766311,0
21.720386441548726,227.6154167961817,0
24.256802707248255,215.9730017196875,0
18.16027258010149,422.2236432146769,0
28.44641062418623,2100.707390160535,0
23.20776551564535,992.3261374246816,0
21.70991391268643,1362.8165468585235,0
24.23114842501559,113.07359188911725,0
23.334900209638818,39.134477080081,0
24.226784251286517,2898.899850250457,0
22.50665965610085,1385.6342330586654,0
15.889342880249046,404.26633954164794,0
21.29842710949123,190.36666751024535,0
19.48679986529885,1265.7527670275908,0
18.455932689848453,476.8954113137465,0
16.30018788540002,1029.8991173517447,0
15.883348810105076,2183.2694791269046,0
29.38054122924808,525.6885930907468,0
25.83444207509359,2437.364605070327,0
26.959395556979757,433.10539126512816,0
28.68137207031259,2233.5902199160796,0
18.419391928778793,621.7682816099863,0
25.28696248531344,1408.475481719945,0
24.61290479073159,480.0759375107031,0
22.041766569349477,3504.7333210718375,0
25.701956876118913,789.0660993766527,0
23.753080795750463,2980.590962619756,0
25.035526953803185,1262.0675235998374,0
20.76423726081856,1175.7962375890952,0
26.075117547171487,2727.869906277631,0
20.916670841640894,1101.0476320993644,0
19.045270199245863,862.4582670640688,0
21.22308777703182,148.4414234769087,0
24.910284932454488,376.065102220748,0
23.91458865271676,249.8356409382563,0
24.972900009155296,100.39496868965436,0
21.58602370059856,171.62356972811034,0
25.8659441630046,290.04554525134375,0
21.573229964574182,1952.5036633026343,0
22.040306504567468,126.4740794908743,0
19.27957141352647,1089.2330043029528,0
19.247558212280296,186.99741438147834,0
22.506050364176417,732.7154472481947,0
18.780284500122036,65.64353481051732,0
15.281565999984764,661.7810025822859,0
17.77603890101119,366.97822138783744,0
20.772496636708638,1280.6377902638656,0
18.639882024129236,283.6131908011179,0
21.301906295049776,461.9775384676199,0
19.66448465983069,468.8222900044661,0
27.119413630167685,720.9208726894598,0
13.259963544209825,1379.8753216874343,0
24.948355054855313,296.8767106544714,0
17.548348426818848,675.3232896339636,0
21.620071241590722,1374.9414131057006,0
27.15689182281494,1498.0450578045588,0
25.70708207350515,458.6124539386969,0
24.12701654434204,1952.2028349351626,0
25.332565434773812,5098.73224124429,0
23.28929413037423,1874.5855957281333,0
24.819105647859146,77.43777409312536,0
25.751803623546266,1404.3889537465316,0
22.955387475755515,1381.198857725833,0
26.357239765591146,539.9721905600767,0
18.274172083536826,323.60516190645507,0
21.853655588185347,1370.6177666794997,0
21.515875498453738,296.1141064774733,0
22.939343685574045,1613.4321697067958,0
25.85801242437128,636.1359998595457,0
24.745284525553416,96.99349925038625,0
21.733629428015774,199.7587203991156,0
18.833234391389055,335.96195727703383,0
19.691711362203023,1615.549244732831,0
21.88552061716723,784.9261917185526,0
15.823379184038174,2058.354419471,0
19.145465469360374,1022.5197382282953,0
20.585733879937095,2110.8802080166083,0
21.713649612818017,1137.051117421363,0
22.13265921274825,1394.9480213236552,0
19.996659692128503,1143.5972422373038,0
12.427889230516257,271.78634032723716,0
26.502581714448468,847.7966047835092,0
26.025526354047997,2340.545148403619,0
21.24491861516782,1275.2460509550315,0
20.045055065733038,412.7367071819048,0
26.615196906195763,1865.3291285049659,0
22.77092655323173,1061.3305762421828,0
25.400074664029205,1253.1054809701186,0
22.679656791687023,1846.3873572659236,0
19.741436682807148,148.05605709669402,0
20.70416815016,179.29976508137992,0
18.874848885006372,275.8934468042593,0
26.85113509124494,1720.333752037261,0
25.457782165209437,616.3488373172025,0
25.923411214919327,2937.8885783266765,0
22.647010149274593,1252.8539866220694,0
19.932992076873802,1173.9897027623397,0
22.090251314072418,1383.8661730301123,0
25.74210624694831,1894.3106800329429,0
20.76620081946959,500.3370352101069,0
23.098592037624826,118.58872026321698,0
20.772496636708638,1280.6377902638656,0
26.428544669681116,1128.4826256346446,0
21.182741928100597,1459.3199983250838,0
23.468206942522954,1624.6646165859443,0
22.93124335606899,170.19091993686965,0
19.453068397158688,160.21270379540732,0
25.029708480834984,410.191231222127,0
23.169872962103966,171.73149511334708,0
21.631539281209314,1381.4101189386588,0
20.019472800360745,146.3090971123915,0
14.259418106079124,1563.3465953182917,0
15.038565699259436,259.9154420208674,0
26.94354645865309,1365.561761708234,0
22.729639434814487,217.12357625481894,0
22.254861704508528,723.0317786347608,0
26.33295524385244,2905.6479118776065,0
26.047981111931108,1362.9791297030192,0
22.090685145060206,1240.0272533309203,0
23.173291905721044,1189.9469390523177,0
21.210017949884616,693.3592304599027,0
25.137481762114078,1811.195202918027,0
25.926799912886167,655.6521177303533,0
17.786354377052987,324.9901987623911,0
22.220185640123134,502.4487495434027,0
24.178013441297765,4299.569976330969,0
26.937651252746605,897.7050155412893,0
20.866132442156527,153.00616696593573,0
26.550531535678488,355.84578365204146,0
27.224194622039818,783.9355699729662,0
21.181359516490602,387.2799992573004,0
27.1555912653605,1276.1746503424388,0
20.220120655406618,993.5461029422025,0
20.82538204193122,132.81350657460501,0
25.74790675753644,1864.895717055772,0
22.666249720255564,132.59949609753897,0
21.456836389612306,522.7642439317445,0
28.453827031453443,1791.7121171962958,0
20.75612347920736,120.81990093109418,0
25.64674371083578,2242.4203686427813,0
23.951522586963847,1171.2999239575606,0
29.12484613306384,2063.040484489177,0
26.632067298889183,831.6192336392145,0
20.47054990132648,159.51516553876212,0
26.877262814839696,987.2786149394254,0
25.02238162812739,899.8945251118879,0
25.094152979417288,531.326819957469,0
27.139870897928915,857.3992408823709,0
22.817520214262515,1958.9847631764155,0
18.385718917846702,316.2983551633101,0
23.761778132120753,647.1739716839533,0
17.436688571506124,1752.275132389043,0
18.680137379964208,365.8351644885283,0
21.678345219294215,1092.789132894252,0
23.747901535034202,1202.1079704177123,0
22.2260961956448,1295.2607765805465,0
20.495037174224876,285.159927607749,0
22.434210968017624,29.782839865658772,0
18.529145346747498,442.95267835376075,0
25.36019848187766,1305.304099620555,0
14.80308844248458,926.2511961173753,0
25.37549203236904,160.61199903604796,0
22.975258763631246,169.4571644079428,0
21.21311143239336,612.6240946364145,0
23.709233149775798,3211.4448666584235,0
22.594610404968307,186.82131618377974,0
22.942712338765432,1392.1898573648673,0
20.317544321428272,1716.2926390778762,0
22.368878221511807,1691.6281662893039,0
20.60667388350879,973.8783955585699,0
24.44490430922741,376.043197513793,0
22.471405828566787,1371.9039678585273,0
21.6756889979045,1290.7876193535071,0
21.42219307510942,776.8714472663145,0
21.515860211407755,391.7394436907511,0
19.734901773361912,230.3060933959227,0
22.516884183883633,1228.1676650058967,0
19.84188621838888,203.87115404126456,0
25.839053726196312,2170.014419407819,0
20.756880315144883,567.2657981526594,0
17.592376963297568,217.62058213469794,0
25.50250239652746,2037.7271778893214,0
23.400493240356468,157.47234299895575,0
18.553660032484288,641.7543783795576,0
21.519750447858826,1979.8381336045009,0
19.696449693044087,1172.1618704509478,0
20.238805866241478,193.01083758590033,0
26.25544111078443,1425.5471684050303,0
26.132839245266382,1231.5808802854758,0
20.168854331970238,69.00039389846135,0
21.918413178126002,976.5601091098528,0
20.54039938184951,352.9506295931082,0
22.480698076883982,1381.7712113272887,0
20.753675503200952,1434.5645800244552,0
26.927586364746162,1988.1876640033465,0
25.799764297122067,2410.2062925708037,0
21.657972272237203,623.0158329021673,0
25.532965823582288,695.4429119837026,0
21.240065965198426,206.7305043351393,0
17.955337733314195,2291.266475619052,0
19.254966915355055,1286.5405462693911,0
21.943469074794223,1368.2873107504588,0
22.99600690205898,1122.3777726304274,0
20.280399435537845,153.28361541149428,0
19.716256554921472,1353.3007174741965,0
26.724432759814817,865.9627780329923,0
24.900055359349153,1910.8572088193637,0
27.19550425211588,846.7813886713724,0
21.22419040997829,1200.1912936579924,0
20.157830025167982,764.9869516503553,0
22.97682289547396,175.67795962211898,0
18.29034055074061,477.8571434330683,0
22.524318737453882,398.0771943938475,0
25.885833267938494,1005.6326359522085,0
25.89400447770663,2067.9120317113143,0
25.664778857761007,699.5197057735662,0
23.758586208636927,1858.7135605525714,0
22.985129292805993,1345.8597853791457,0
22.72078315333323,577.8787478816251,0
19.422541872660304,70.62222138163854,0
21.957753935314315,184.80222374317458,0
23.44979578653971,462.92279362795165,0
19.544935844058102,423.9030897629004,0
23.418209330240927,135.7967227709036,0
26.69761699040731,1349.9156653892737,0
22.927720076949527,1397.137057782386,0
25.026024807824058,797.2830876719694,0
11.213122304280603,427.59749740478804,0
22.96821291181783,1092.3775926244002,0
24.487782732645655,4230.468422920678,0
27.058444232032457,830.659066141818,0
22.962784512837743,1324.206811190818,0
19.782600657145167,312.42657154915145,0
18.045317188898707,487.93971240637114,0
17.781240179599877,625.6213307392339,0
21.413676622178798,124.39364642021467,0
23.526621119181357,1511.8912577640754,0
18.817716773351094,2375.0274449598533,0
20.471296850840247,847.4672555935125,0
24.165357081095408,1917.9684750747424,0
27.13223975499477,818.18844825146,0
21.52146852281362,197.0893785369139,0
23.37860369826808,1740.549792350505,0
21.701341247558673,1943.2694248866778,0
23.747736982865774,1620.986264945243,0
18.69024918874112,332.9487264168005,0
25.122662321726466,982.5112678122263,0
11.207481511433969,232.71872922894767,0
15.055226449405495,1486.4894717943412,0
22.467599487304767,994.2042723309736,0
20.312106795538057,793.7425903987627,0
21.85289219220482,1135.5151951324683,0
27.630892753601074,871.8872115027647,0
20.4995731495045,1086.911161245082,0
22.24410897457244,889.4199848186712,0
20.276484107971214,179.36769574997237,0
20.280591530270044,1343.846765161727,0
20.20646963119509,438.7050390255194,0
21.480048274993862,1211.3105028879386,0
22.478123495313866,739.2873287212591,0
25.519550832112657,1412.8105089080077,0
26.193661626180074,808.8160425436239,0
22.23832743962612,1367.5256639730674,0
24.279159482320154,77.3194774996977,0
19.68665286170119,1329.3186321866256,0
19.480788379245382,1194.3838790070754,0
21.72100245157884,1275.4263252031546,0
23.19124819437667,1098.7698107969504,0
14.745229101181053,286.9520492863398,0
19.41125444354435,1213.9664672326785,0
24.53986651102707,94.86858993885328,0
16.59218143357174,430.94736784813216,0
21.916636933220786,2382.5095862161857,0
23.566742243085628,2089.521580190633,0
20.012262916564964,336.5407221030932,0
25.28682734171548,823.6180402350168,0
17.780275884167963,1099.333700538848,0
22.575019190046532,1160.2404162299376,0
18.96666128370498,1202.374362201665,0
24.37751740955173,2046.7754498135787,0
17.820039714466475,1681.299672276948,0
25.68011203342013,1830.363263190959,0
22.195829592810753,1587.595616282199,0
21.863914966583252,1250.1321181666594,0
19.958758653913264,1292.8577110182982,0
19.492075709807523,1417.8253158938628,0
24.56927850814094,69.77323144790937,0
23.093635964772034,144.4772824656706,0
23.917992146809922,983.8587127637605,0
16.613826926549336,294.0560512256365,0
22.343070157369027,677.1150313329439,0
26.939308784121522,957.1621425461511,0
22.19829966227212,1527.0153701317054,0
22.239102473403477,1429.2547971021872,0
25.757817522684718,2036.8409313273173,0
21.461058129204673,826.596171410058,0
25.483662626478406,544.9596054863672,0
16.816649960248924,1732.5976125907641,0
22.94118289947511,580.2916482102613,0
22.513391113281273,1349.828858674739,0
19.46523239700889,202.97986716148665,0
26.472239235120014,385.9084144246321,0
22.186099079677035,150.734626502965,0
26.19233347574874,861.0644459736089,0
25.253893268469653,1004.2711578321199,0
20.989807837350043,1090.5420601379615,0
20.21230426364474,1115.2401462208968,0
26.46596086290151,372.91821539518645,0
21.56655478300877,1886.157919467662,0
21.48217824300133,1304.7982722532493,0
18.176167597915253,1046.2379351269942,0
21.45666675567628,1329.849731923316,0
26.822759485244774,1068.2080991577845,0
24.912985992431686,1473.8361284148436,0
20.242201677958178,1343.2368233811599,0
25.16756308139901,1478.332751245473,0
23.485969559351588,1489.5348891627532,0
25.62318872724262,799.8906455945711,0
22.948743438720726,1760.0492991518718,0
25.941008993295554,1875.3833331179362,0
23.172700182596884,119.71252486226369,0
22.933418899112326,1183.0483496200782,0
27.251991102430623,1053.9330884825927,0
21.224559958775842,1116.0547815274936,0
19.21136889457705,200.3542378556471,0
24.646005460951073,2113.075774909232,0
13.473927434285486,313.8549149048071,0
18.974451107449,330.2615441393595,0
19.460538927714026,1147.58594781277,0
21.714519966973228,1386.6262108099204,0
20.330111324425957,1343.1734040391189,0
23.698346964518294,1042.5649665307742,0
25.570885117848718,689.4895441841821,0
21.34823011292349,731.0224853467683,0
14.329072062174475,1887.7311356377345,0
24.995403385162376,358.20150822517684,0
27.191523700290304,797.8975519549589,0
18.204115231831906,208.6538605403643,0
17.924421837216357,2324.1977550101024,0
21.78430010477706,1402.2127062093955,0
27.002696246192613,853.4912548970918,0
17.638801556541807,1023.5022574674825,0
23.478029554318198,1447.117124499057,0
23.981094455719017,617.6959507179002,0
24.007700983683264,29.320028425429356,0
20.630103524525964,578.2583959412317,0
26.042817264133078,582.7260434639196,0
19.299821645563327,679.9934774648885,0
21.99440211543333,1204.4510029268008,0
24.468007833307468,397.25644588587096,0
15.264923561943874,813.6080957960825,0
24.119539373892337,1494.1949851822596,0
14.258244768778468,576.1930875491838,0
22.75115451812752,207.2829760622721,0
13.663584918067556,1186.4594861876708,0
19.001233673095726,401.0959275078516,0
22.193875122070324,794.5190787327032,0
15.097507463802003,830.3742639732103,0
20.736626455518945,912.0701000106077,0
25.705169084337058,2755.68008124945,0
19.192801253000937,1158.975270391677,0
26.038623646327437,2594.7296440613013,0
21.986553355625745,763.0128979694585,0
25.54059435526534,432.5729466986399,0
23.222063203291498,1483.5847288381797,0
21.949525353847434,1289.5971879374724,0
14.184175957573814,1817.9110333335143,0
22.43303292592367,2464.5635902893287,0
24.733487551820076,454.352126271699,0
26.569584510439938,1748.5494770121318,0
22.594610404968307,186.82131618377974,0
20.675532658894895,1084.636323900197,0
26.35477025645355,846.2255008530359,0
26.821241703739815,1213.4935304534179,0
21.987966791788722,328.1059831392508,0
15.662871226558025,656.0632966470461,0
20.411843909469326,404.1341513406973,0
23.478756417168483,169.61714327451995,0
26.244970448811898,902.5405615579824,0
22.98500378926599,174.67894479749015,0
19.25690135955807,213.73191177961638,0
21.707899030049703,425.4128903162222,0
21.37396815617882,136.28861382720282,0
16.823187033335387,1835.5482712399703,0
20.212629078052714,1308.6589917552215,0
21.73680542839901,1112.9312187444907,0
17.73790308634443,232.57642686483672,0
20.948357439041217,1183.8488250982505,0
24.48122770521377,142.51383468625357,0
21.4438486735026,1767.2326460492354,0
23.911060587565146,2246.38214409468,0
27.505852231112442,654.9355730426054,0
20.667167282104515,156.70723542687705,0
20.582574886745874,700.4058666538934,0
19.94324194590257,1147.009883822177,0
23.816169754664145,1038.3169732999545,0
18.333807468414307,279.3172940623503,0
19.09314124495893,505.9403449308615,0
19.6023026077836,1103.216373176549,0
14.797015253702853,644.0156705689172,0
24.167296473185274,288.2756188523512,0
16.79041988584737,586.959467084382,0
25.382650584266344,1385.0516088318568,0
21.721500968933128,772.1668265771608,0
26.86707156499233,1684.225526453231,0
26.23288426399239,3123.2256896805507,0
20.221637253534254,511.21709197876265,0
23.19119596935451,1338.194933534835,0
22.57235347606519,2520.691961796258,0
19.950353664822046,531.1799503874521,0
23.718726645575657,98.95382523653318,0
26.41938443865098,537.9929363739233,0
22.3433874039423,1335.5762705218535,0
23.50754486532776,2295.811434091304,0
20.723188018798794,136.37114390847495,0
20.753978497374305,943.8920885336141,0
15.781445227728966,390.48863649484923,0
21.671546554565452,272.8878229868155,0
17.164011662800988,1497.0190718781691,0
22.536330223083553,1064.0408441436034,0
21.277925003899497,1142.817129195903,0
27.229667441050196,1277.8018720459681,0
22.979124252884503,621.7207059275846,0
19.98181438446045,272.7811455738287,0
23.701450983683287,353.92274409649184,0
26.552951158796134,1358.7184816610556,0
21.43412947478123,1339.657381923173,0
26.038225004408105,1376.8660023820144,0
23.449608898162865,3016.601205618356,0
26.767052768525673,1304.9980521213752,0
22.49121038263496,1419.63474154589,0
22.87285512288412,1150.7454261195403,0
24.52213789621993,4896.324966849063,0
22.625710847642665,1209.186409414981,0
8.72462170918783,546.7465378355722,0
20.46200974204328,226.84273943421653,0
21.4438486735026,1767.2326460492354,0
24.546656968858485,206.24837353942206,0
19.209011840820324,1319.7959706198912,0
23.204829661051463,2520.2051967394095,0
19.940984833546167,1272.2297504555922,0
25.818577914767843,1161.055770517562,0
25.29440580297404,544.3330638122301,0
15.803623506757958,1524.6147185575705,0
22.795439894994104,101.51149034616758,0
24.568587512061754,2120.580923558448,0
19.997186915079794,390.49242884037307,0
20.211070844862263,1249.0904226910811,0
26.823203267806605,1031.8243660044413,0
26.54221438301937,517.681469024394,0
23.67480443318692,3153.2229676854354,0
24.04551213582363,60.63054204103757,0
23.27824792861935,1410.0716754805785,0
26.21339766184491,93.19026470300962,0
19.13096453348794,1154.6009451162558,0
16.544086922539634,2257.247325779174,0
25.593070300781278,1319.6519136440497,0
24.506096564398888,2128.0610084545356,0
21.48217824300133,1304.7982722532493,0
22.50716822942104,126.88895389554311,0
26.05188585917159,591.1128565680723,0
21.4619767143613,1148.663137854312,0
21.724187787373864,276.04716718313506,0
22.20185741242915,569.2621886741857,0
27.381309551662866,1323.317409307931,0
22.005490001042745,1927.2481210541468,0
23.46596861339748,197.31837585685065,0
20.746968841552757,584.2333927762251,0
24.548942275274385,4225.781404228184,0
16.881124750773154,1388.7873299431544,0
23.897572771708212,63.2000088703375,0
22.794081306457542,66.94770306465436,0
25.654047671231353,698.2503764343004,0
17.903504002889065,487.9567332577448,0
27.826780827840196,1195.9707483660918,0
21.95629350167735,1156.6502347600203,0
16.95917612711588,409.5231749129038,0
26.288650931194127,2543.2837128650885,0
16.659974092425784,543.6715826403837,0
26.548553297254784,2383.6486980330687,0
26.411445554097497,997.8457957517843,0
25.80773069063821,1919.608742744897,0
22.23442448207311,1322.745402158473,0
23.318184630076075,1129.334003479455,0
17.662773492601218,410.20879224059394,0
25.447030554877472,1863.993846626256,0
19.350372235915245,1293.4423916053515,0
21.620283047358157,1130.3663745534163,0
14.24908373797382,314.9441041064005,0
16.276880783504964,533.3480656158666,0
25.902389260494374,1746.0586063575488,0
22.67591925726998,111.64758801576902,0
15.1622347289441,992.1063117694597,0
19.794002469380757,399.1151906561594,0
22.400842285156273,1262.6081302773696,0
24.303424135843954,96.86335623380948,0
25.41670252482095,497.36163467285445,0
20.93830494350857,896.9832405459623,0
21.62960594495138,1213.6603787553054,0
22.96274184121029,498.7892329704504,0
23.22300703260629,166.7725674819689,0
22.944750086466513,187.27400601026824,0
16.115014203389478,229.0853604686003,0
26.532096572149328,1144.4886483263713,0
20.29248809814453,238.67161274072936,0
26.759651438395224,1166.6337706160289,0
14.788438892364525,287.2462801646929,0
27.381331322409892,1157.9796902847033,0
23.43471603393556,976.3356864464025,0
22.9528322492327,342.3120684933405,0
26.224586323329447,1121.3561750960093,0
22.06977158387508,774.9063938867788,0
20.910598585340722,62.94151842710782,0
18.42961260477705,1006.9709613930921,0
16.479463032779563,531.9030292343836,0
17.932414061934878,491.51821881649306,0
20.29147505583586,1285.1847454917174,0
21.807070668538415,211.62051409599593,0
21.13699738184613,1246.1650192749244,0
22.186277770996128,1202.658642829631,0
17.033529178301478,877.9568493377905,0
20.36588870154486,130.3033724438887,0
15.152001105414513,314.2895221721869,0
22.608868217468284,85.78233868000318,0
22.713266865412436,1091.3059458148223,0
16.37632304600305,1151.0723613214236,0
20.49097309112551,1341.7239308368903,0
14.561874326070154,407.2695530962687,0
20.304939206441304,714.3057331454496,0
21.065494186159242,1948.9348836254817,0
15.786872704601535,1173.8225191843253,0
16.680085796780077,551.6389392328005,0
21.704445081768654,130.27580529568007,0
19.65778304735818,593.9564749610166,0
26.4321451610989,2536.738776416753,0
19.53134384155277,187.3070567857962,0
23.850637160407246,1859.6130728733283,0
21.413676622178798,124.39364642021467,0
15.858678942015672,545.2017903339605,0
27.06497154235842,834.8863244068365,0
20.64278519544655,1326.3259202253562,0
21.473850677952612,1266.5506422531348,0
15.784666203517531,354.9552977096777,0
22.90469220479332,83.22240114328672,0
24.367461140950525,2205.8338902902346,0
21.761861546834325,1198.2044547807914,0
24.733487551820076,454.352126271699,0
20.23159224192301,431.2340885412436,0
16.148119681222113,300.94973445055297,0
18.802037175496423,456.87131285784056,0
26.826385503752647,332.3316320788603,0
25.552675223350548,2748.5013946902495,0
21.728314682931682,1303.3254340302688,0
22.47225127220156,212.30465248343756,0
22.871780723617235,1091.7128965270263,0
20.862719027201365,304.14811223861983,0
19.509505208333337,1409.733679891799,0
23.748292052440206,432.1354523312788,0
20.00353115399679,1368.1126058113318,0
14.267361471388028,1204.3957009923201,0
23.100417921278222,1381.8825304519873,0
23.931328074137355,56.70542717096616,0
25.846051345775322,1466.9821903121215,0
25.99206417401632,614.6049693238477,0
20.36901929518757,960.8890160929899,0
21.95866701035277,483.40228647110274,0
23.461559655931296,90.57167992112447,0
25.943658977084738,340.5728310358267,0
22.9804599761963,167.8939729940634,0
18.300486882527707,363.5997965943556,0
22.933130264282227,1114.6593511116248,0
21.822190009223107,2954.818029702876,0
25.519550832112657,1412.8105089080077,0
21.255033182214788,691.2042394292097,0
24.735319437299495,825.3815069806318,0
23.54554980595907,59.48035121080686,0
24.610268847147665,2123.2098758232337,0
20.695359563827594,1197.3197802912932,0
14.674173503451868,558.7581366312246,0
17.29491158591378,574.7911229741316,0
26.26255492255808,3192.87628010032,0
24.74227568797579,743.5133650910597,0
17.920388793945335,119.23446208355237,0
18.992347017924033,264.2730444681387,0
16.038725062779065,969.8260322224836,0
19.654599428933807,830.4323449742536,0
20.539534028371236,1353.4564644109946,0
24.71094588325144,1086.402323843215,0
26.63422228495284,987.8242097806673,0
24.989269934760273,4587.580383570168,0
16.14835740725198,413.7539461266737,0
23.215783108605308,1656.5825834882003,0
26.13348477681484,824.0592077386121,0
22.100226275126147,282.952015103076,0
23.482869608262035,1517.2816485178214,0
21.71809893007628,1424.9366417538863,0
24.971888926534973,837.0936334144811,0
13.259864310062312,1097.705908865903,0
22.22632917746523,675.7171496760587,0
19.722447035047765,1146.8475319456797,0
19.908678627014183,411.89783886191657,0
19.477149158053976,248.34796488401702,0
21.290872101556715,405.5319361400347,0
23.01536839803066,130.27788400766661,0
24.257337915329742,1864.3715798866492,0
13.990388043721623,286.14023402449897,0
20.027739461263025,221.75031602499297,0
22.397375149197046,175.6362363707762,0
16.88028827243386,688.6680431675653,0
23.19624290466311,1039.5235501241427,0
28.256173833211278,2008.7072372448188,0
23.478044637044263,205.69034740445426,0
15.843209679921529,589.6254487347345,0
27.565926083651505,1821.670719237302,0
21.611012355486594,482.1410037588816,0
21.72967157363894,1122.9021891963225,0
27.225844730271263,1275.8789591502887,0
16.69007724126186,2647.122815997575,0
25.386896705627464,1185.1272106182319,0
23.706876015663113,1447.3326623451453,0
26.662385736949886,833.2463026058416,0
24.09038096836639,4858.839516342852,0
25.803639348347986,2532.30264484999,0
18.529145346747498,442.95267835376075,0
21.24810619354247,922.2301699232797,0
23.194583574930846,180.24085536715796,0
17.15742320307976,696.3530562829714,0
26.100417970184594,1117.6992774021369,0
20.40882255236312,538.2640816282968,0
24.149043867323087,1770.0112059724074,0
25.822375763787193,1846.5940736245852,0
25.537364260355673,153.607372940753,0
21.136133236355306,159.52599868295005,0
21.89724248250326,1268.75870749471,0
20.503489794049983,1283.113126457904,0
21.482637312917973,1285.3872373711806,0
19.962288792928064,206.02432340500167,0
21.085497962860813,1301.0758057248336,0
21.19973526000979,516.1709308635931,0
23.50778968447736,858.07411074755,0
17.799117533365916,492.9537221801024,0
21.237749899001358,647.1228457998972,0
23.020046170552575,624.7464016091566,0
20.257186871483214,1093.6730287980777,0
19.96708498001101,1161.5806303930026,0
21.249463835216773,195.1021038007479,0
20.555929650200767,279.3814733636122,0
18.069343860944116,1317.406059057687,0
24.982096463983794,695.857618750308,0
19.166615231831884,430.5042333912592,0
18.482776578267476,151.87288895366004,0
25.213584420619895,2463.8469673704844,0
25.698050912221277,855.3313322376947,0
26.269156630834004,3893.7311515223723,0
28.192463740596054,849.1274759185056,0
20.01050765627906,1131.8775497388583,0
17.155203406016028,804.2228825402002,0
20.738997819688564,1101.897862554763,0
16.025647523668056,377.39022523281386,0
21.54444936116539,181.19835555670073,0
25.179567738068442,3028.520137817834,0
15.512359661526148,901.8847651791315,0
21.984940385818504,574.3750341248254,0
19.237638568878197,1402.0462900411826,0
25.09519146283469,809.8763756465654,0
25.510211435953806,918.2778865110616,0
25.867292658487997,3514.9979263555747,0
21.72906010945644,1267.3192441475135,0
23.282806206472003,1567.5193078827601,0
20.478062566121423,682.1451604377966,0
23.087371964888177,166.18408709881118,0
24.727004686991393,372.62585461256316,0
22.238714366489035,1296.9279259454947,0
20.48610649108889,1354.2285606276732,0
22.224751620822474,161.28675341722777,0
18.731939570109034,149.9467685830336,0
18.754906749725365,2625.304159523223,0
25.74827878134596,344.41768825170806,0
25.292167494032185,731.215023250554,0
23.426204754057437,1163.714994491313,0
21.749918944747378,414.8811854433756,0
16.006367407904747,372.9596965026598,0
22.56402104695644,2109.703310580228,0
19.959188433046734,1189.0353307139617,0
22.42672550060138,202.61048972723296,0
21.102051501803942,49.38920289394666,0
25.686144279031225,1802.6509478699904,0
25.66118342081711,164.94601667043975,0
16.42214567396377,874.564350397561,0
22.487066284815455,212.53407821175864,0
22.692951520284055,1473.1663025927287,0
25.77872329994483,3342.7832506608706,0
21.72590232262246,784.0949863207082,0
22.10512293324325,1378.1419962656241,0
20.461551458185397,1162.5881463300925,0
24.486321449279842,3011.5959987056,0
26.09084492885711,729.7333747160177,0
16.034902032216394,331.7680664372187,0
20.52871818542485,148.8430134963732,0
14.722950363159214,343.67847517249396,0
18.29061802595095,748.7578846525888,0
18.201709047953273,242.46481508133223,0
19.12835107461001,940.3308227669935,0
12.012379264831566,273.5901519667845,0
17.009760344262247,832.0612132560949,0
20.708913739522302,1127.899964154933,0
16.658239555358932,500.79771950957587,0
21.087187312199546,190.262616426919,0
15.531749582290672,252.75458842632582,0
20.68913049243747,1308.7169274699431,0
22.467999799323877,1483.6993485700827,0
22.84684260572709,1104.4019728910666,0
26.927586364746162,1988.1876640033465,0
22.09813896814984,1294.4648608576995,0
20.98164414299856,1100.2735465776664,0
22.504529359605556,1341.3345113408309,0
19.012461689540373,192.67314747092536,0
23.815840475899904,1296.0148498427611,0
22.964690215499388,636.2051710498075,0
23.51111671715455,1362.0139330637198,0
22.604140456517598,86.99932769057561,0
22.98791688283285,1485.4004204284888,0
21.212675984700525,157.31583610293677,0
24.04809145805166,2324.958891422723,0
24.683237171173175,2568.6320520949107,0
24.472619152069115,143.53914260980895,0
24.19302865891234,1209.6996948134642,0
26.949684351966482,1448.3823671948653,0
25.864887226952362,3905.263968558286,0
18.590089607238838,312.63898015138915,0
22.031671505882684,1366.956186295722,0
24.48971950068625,1157.9550549399596,0
23.198051848234968,1036.0518738639098,0
25.667745098169405,2142.8347982477885,0
23.535715781317833,1209.02775675175,0
20.88111762470669,1290.634517372821,0
19.266194279988667,40.19229561207105,0
18.413293536504113,2079.5272596192103,0
26.692077396534103,1215.8102773141604,0
25.984370216956506,546.7888534080724,0
21.10160392125448,200.7388666283827,0
23.711307356092675,1500.8496612322074,0
14.718061542511009,873.0195954453687,0
26.22469730377196,1587.7222463500243,0
25.90826947045707,1936.976813526128,0
22.735438141999452,1082.6116248976928,0
19.368869823879663,268.23150441167166,0
13.445441023508693,389.25190717098525,0
26.23654144605007,1922.928032280181,0
24.7770603873513,760.4755841207246,0
19.541515633554127,707.482893766139,0
25.176200394403395,732.6616875838976,0
19.937468394526718,968.796514720891,0
23.472368250137777,1353.598785401557,0
21.239235996064735,1303.262692691062,0
23.150594329834007,135.92357635614684,0
21.565769502851765,932.0209816109876,0
26.102627385987205,1527.9933556925994,0
18.034572508840824,735.6837399315576,0
23.47844143491801,115.75479507562925,0
20.480053260109685,1497.7304756653052,0
25.348250678733564,553.8779318344335,0
16.541685104370117,1451.229196788047,0
22.067020829518697,1857.8083857905608,0
19.73045608555833,382.3751740169268,0
26.508379641446197,698.706612737153,0
15.65066403283015,281.59602806088736,0
25.571143651891703,1945.5201782297831,0
13.693036270141647,1008.7319396447878,0
23.06288559928771,1132.03908205149,0
21.478342663800277,244.2692898225527,0
23.752788670857797,986.5598723304014,0
20.909257719251855,247.78863117215445,0
19.153638935089134,2372.8504039358836,0
22.459355109078558,1447.4396303307753,0
20.6347098456489,673.2868745934705,0
22.27179369926455,1789.2457515012961,0
21.852848254309833,49.55555200693418,0
25.398583189646445,44.56948191044141,0
25.44226879929056,1701.2837350380164,0
22.845050623303337,1093.0000886332732,0
16.139505640665675,342.1651169669371,0
19.73608996073409,146.33107259986213,0
11.064018503824855,1448.1216564786178,0
22.206447299321496,1428.217296303485,0
19.673409907023142,35.423011333916676,0
22.716940816243493,624.3183285009603,0
22.939094543457088,1012.2911080729704,0
20.224951564904416,1255.1265403640014,0
24.773508644104027,105.350606889699,0
22.735438141999452,1082.6116248976928,0
21.072923469543525,171.57387808081916,0
26.91784831153018,1424.0942604851466,0
22.171037928263388,224.37323704478553,0
23.735349782307992,163.63689005491545,0
21.765080547332786,1107.4728712451201,0
22.118360887254994,545.868989826415,0
23.65417717827694,68.83008480188657,0
23.222464815775595,1376.4251664292556,0
18.226019541422545,260.8541220438223,0
22.348108757866783,751.6652464878301,0
21.1761772791545,56.00804537651349,0
26.636139690514824,628.5964481544237,0
23.59270251945219,390.9550204884749,0
21.148036098480247,1156.655435265277,0
20.592241795857717,183.02798718330672,0
19.32571881612148,850.7056616258363,0
26.425824141502403,837.6304104935865,0
22.725420393767195,387.90138885495475,0
23.562740368313257,1839.5799517643195,0
24.463496483696872,378.37824672577193,0
21.78997128804525,601.4600813400488,0
25.321224572923484,1130.6317009043437,0
20.729917992485923,1343.6040773999434,0
25.1780814244197,446.34137749788573,0
17.54461486453107,110.36139801261236,0
17.921413852550472,451.30915641901305,0
20.794745755663087,1041.136578471635,0
21.233349042950294,1203.4705922019225,0
15.777689350012565,955.6866183888654,0
18.549378225538533,1014.8581422877054,0
17.889980210198303,388.12294677016547,0
23.254680940840046,1808.1962361943465,0
18.952989055492253,489.9515405308943,0
19.9401601579454,248.00533875939658,0
21.702284055767677,1587.769635767911,0
20.509137090047204,171.54165804502776,0
26.454778989156125,378.45354974386504,0
26.699599780458414,913.2206186663847,0
17.473597462972066,329.20672819135,0
26.489590793185812,1437.4064214539271,0
20.11051828596328,58.75611007330228,0
22.30166850090029,5758.485411108706,0
21.529398218790732,182.4796617042761,0
22.499862016950374,123.26371744391729,0
20.7003740628561,1366.2608385097724,0
23.47803678159363,122.3130233597498,0
24.659006403362923,3273.684494943593,0
20.452460289001465,1318.1821823131781,0
23.25939213936789,2122.0507889997702,0
13.33932151794437,506.36161565897277,0
16.117920600043476,289.9605937313776,0
21.853193815549275,1532.7250406157714,0
26.57354602813723,806.0933470737676,0
22.594610404968307,186.82131618377974,0
22.35244170143494,1325.285275281642,0
22.245314746432825,1366.3792058837157,0
20.696708695093776,1196.624413878892,0
24.219525273640954,85.21176949260045,0
22.9966705799103,155.16388863441756,0
18.938593482971157,1225.9892418992263,0
19.686237430572533,205.4938010883074,0
19.241151370424234,396.9700492930155,0
23.647189027835168,1033.9021094155055,0
22.85285893394837,53.309612722371114,0
22.95800902048751,187.83265426871588,0
26.496751172614836,378.49130928633025,0
21.255862808227562,439.933688194726,0
23.236548713401532,1519.9110329162818,0
21.952178637186705,580.1188878726701,0
23.321135139465355,1711.1797526490432,0
20.425553258260152,1365.969163180564,0
16.51972430547079,284.4938866805773,0
18.937573616593,1160.465177894805,0
21.471367454528774,1159.225788713668,0
24.974741756554863,724.6123000991087,0
16.25832747353445,339.7384181630354,0
23.24825789133706,1346.0676044237357,0
26.389818445841513,1816.1890588712436,0
20.90148452123003,1104.5839682233077,0
24.7933392116002,1394.8460228752833,0
19.067519901416915,2277.2423036408168,0
23.179109191894554,452.2800080489855,0
27.06771897210018,872.9353219282369,0
21.74252365960018,360.53629294154456,0
18.201709047953273,242.46481508133223,0
23.190647633870412,164.07304704305938,0
23.274037827385825,66.94718152401258,0
22.553816378558167,3588.908758760665,0
26.22192628897875,568.8262291264276,0
23.70470913618044,1412.6886770140868,0
19.380903116862044,921.5290367614965,0
23.516983074612142,1369.579498470996,0
22.37148812611906,830.5477693688612,0
23.671948687235556,93.77726614591886,0
14.898267576429532,746.3237762462835,0
14.722950363159214,343.67847517249396,0
24.857937300772903,1148.4992474329215,0
26.003013653225423,1837.9921436321479,0
21.710841866695603,1260.1210892212134,0
19.241902560279527,1148.9547796559077,0
18.2679913657052,639.4427686941366,0
23.964615996678674,1584.8987594258529,0
22.978596994611962,713.34465295193,0
21.455082575480162,1083.9186504494887,0
24.61709906260171,79.68325615045835,0
22.714158912941286,1460.536372662757,0
26.691903969093687,688.3752800535898,0
26.261822539109517,593.9495794486742,0
21.772431945800804,130.34970760462096,0
24.895824414207823,685.4641854774694,0
21.12796263164944,1327.3542083811503,0
18.4331503691497,1236.990206689809,0
21.441243171691895,2119.5749238145095,0
21.034245215521935,333.10590013978293,0
10.659531748552922,1765.086051822875,0
21.50797569638206,1139.7198334347945,0
21.003787358601926,1100.3859907400351,0
18.15613699413484,358.4312394273024,0
17.97075734138491,311.62608116981795,0
21.97911367416384,1120.626968146537,0
14.521552658081077,637.8456138086061,0
27.44502326117623,622.585912049983,0
25.503837008354026,1800.8460782479983,0
22.59586202038662,1198.8074898731452,0
22.28339199490017,215.92099666712096,0
21.40197673373757,1264.0806779277068,0
19.96114981680205,1355.4766371857863,0
13.76114457448324,817.1351820242147,0
22.123520787557027,1412.1952027094108,0
26.450491672092028,436.65776848909667,0
18.631300862630212,86.66687533376027,0
21.746750979953333,1131.090153754924,0
23.151742638482006,700.5906634044389,0
21.678345219294215,1092.789132894252,0
25.985448879665796,537.2255302977304,0
18.275005594889308,150.2553008508425,0
24.0119821275984,1872.8485599171859,0
19.53042087554934,252.90766432997992,0
23.905388768514,1480.36122769234,0
26.781531243854147,991.7527221154909,0
25.415248656691233,2416.758199037288,0
27.122774855295802,1305.7787314069014,0
24.50786784035813,2746.0495762538653,0
22.054830840781904,187.3455390345793,0
21.474880654471292,1410.4621604096633,0
18.666628955659462,401.01453736541083,0
25.573038083031122,1549.061988295291,0
24.69945138295492,987.3942255985479,0
21.22988090515139,1128.15579846618,0
27.04502252520939,1351.622407139514,0
22.685273583730122,1240.777195246194,0
26.377545801798533,960.2626718592386,0
19.264415359497093,171.10501676914504,0
25.880644416809105,1305.3648926329356,0
22.278255478541098,1424.4819402706366,0
18.88214748089132,1626.1037297558528,0
19.323347245601212,1643.1172423076373,0
22.944514687856042,733.1398993742208,0
26.689280645052634,866.055500508521,0
14.418565766016684,563.0957119178514,0
21.489715300665978,1277.8283029806357,0
19.450111770629917,181.12716898438742,0
20.211070844862263,1249.0904226910811,0
26.875473531087266,1400.2130784105998,0
20.195190330788023,1502.0559996378165,0
21.996292527516687,1394.2194625746947,0
19.05263509397156,360.24011001107505,0
20.986689949035735,1302.1536551427585,0
21.193263308207236,1147.1370428812247,0
12.825139844985245,610.7948355388384,0
17.242528692881308,46.57637402531911,0
21.22028487523403,155.71250841138175,0
26.970751615554548,1046.4614674460631,0
24.266342099507654,150.19940286991408,0
24.551920064290357,2133.6597770464164,0
23.975290679931618,260.2360814821463,0
22.20409800211587,679.0383502852659,0
25.15072000291616,1977.265608311866,0
18.91298014322922,222.97089249012282,0
21.734784236098847,365.2599461388331,0
21.671272878935838,1348.3754217636329,0
21.223759269714378,1372.2292453062278,0
25.96737515376168,465.6401917350035,0
15.799383036295637,360.44186428305915,0
24.820852129387163,1598.4173797082644,0
23.75649361080599,1277.7990296494704,0
27.127981917063437,919.4915600132684,0
19.53042087554934,252.90766432997992,0
25.870042339960776,3273.8695040356856,0
13.715540949503577,496.6984137904387,0
15.928274938795255,422.24888950702956,0
21.49110679626466,738.1160527479391,0
24.50320142110195,504.41649258253386,0
24.65581728617343,1253.8796298217517,0
23.34538935555355,215.53206890938094,0
21.47083922492135,1246.620368958686,0
23.220996369255943,168.8489884149771,0
25.71266781489055,175.93370452639869,0
20.83656622064177,1287.7498313796264,0
22.977195411258265,1428.5898551356536,0
21.261991210210965,856.7129530024271,0
19.04566388924917,876.8605373811464,0
21.284703372773663,360.1847670984011,0
23.717820103963277,1364.9635657679778,0
25.96612180074061,717.9228149366121,0
23.68276023864746,174.9413877737265,0
21.03346850077321,319.664162398551,0
22.04071406944132,1568.5401454579574,0
20.85101679847355,1425.603744388793,0
20.844053045908595,144.92525234935096,0
19.20239637465704,301.8477417540293,0
24.208111381530784,992.9279655229788,0
27.216173214382593,1871.7195883404952,0
25.81297868092861,858.6310006689768,0
23.3030886809031,1968.154758961175,0
17.15772741635641,203.35400179145148,0
26.264631707327737,1198.1824047875148,0
18.621054558526907,443.5521781456213,0
23.02116853925918,88.97070288774778,0
20.06606169806588,433.7231561553221,0
16.18238569895425,583.1070959579687,0
15.796492876325374,417.45133400080016,0
25.998755921257896,1325.1818463217955,0
19.956957880655978,302.8504706930857,0
21.444631989797017,676.0889075708131,0
26.02024376278837,3214.304727317069,0
21.73379711574978,300.088078529809,0
24.726353173028883,883.7331429135542,0
23.21673959096273,1532.0760130893927,0
22.260285186767533,1400.30993968365,0
13.950635369618738,406.4782008540373,0
20.533791351318428,1246.5723127138358,0
20.501457389195764,543.6121456336717,0
20.849242298186823,547.0176868152361,0
21.729479726155603,1227.8784483682853,0
21.265259202321374,187.96562850591948,0
19.260597854190394,1393.613007665847,0
23.66597110203344,1620.6659682106715,0
24.504604866391162,1005.3662702452879,0
21.965502728356284,1274.1098001610976,0
27.52664448420211,1727.3234322678786,0
18.510885874430414,29.33217659709264,0
15.509017944335938,363.316868246768,0
20.151290512084984,244.27395761129668,0
22.817652281125334,1249.2448546004039,0
26.80121974036814,1530.8269754063826,0
19.80060839797511,2714.756172896598,0
13.475206120808934,355.2675925206881,0
26.08861021465725,909.4541080307703,0
25.051948801676417,3536.7694281053286,0
20.764712778727244,1193.6636164796096,0
24.362568791707417,74.80550259468366,0
21.97806991294584,704.5307129633169,0
19.900663993472165,479.8947691929083,0
22.130709206111874,1324.5230659854155,0
25.497987683614156,567.9649084818105,0
26.050666321648464,673.0093926202993,0
23.804919145818417,4825.638786704514,0
22.474534752633872,1119.367223979209,0
26.799052667617843,743.5343533766012,0
26.053833950890464,3752.036873997424,0
27.009515017554918,1477.0403064799052,0
19.67032394409182,1306.4952015888434,0
24.0450449625651,188.7263551366072,0
14.722950363159214,343.67847517249396,0
14.43527443900939,2011.524044723485,0
25.238501763343777,795.3692421328764,0
18.435244496663415,969.398316742156,0
25.26751337051394,1995.4356409620982,0
23.802357080247646,904.7588825237493,0
21.781535932752888,698.55167791364,0
23.088170088526226,709.3729943048696,0
25.515282885233603,150.02600178239157,0
21.52246701982284,1436.909113825534,0
16.435826237996423,317.9808862519007,0
20.719185076819542,133.373756707881,0
22.252111636267784,1272.0906220388156,0
24.749902131822353,384.0085908782225,0
14.745229101181053,286.9520492863398,0
24.567667526669027,1924.9835617851954,0
15.676800028483115,377.8302453469973,0
21.61108935144216,1167.5458781432849,0
19.203442404005273,405.77838271972945,0
22.725475168228172,4712.6430206012465,0
18.156479560004357,910.5719521653394,0
23.810219610305126,101.76733955857564,0
21.463370656967186,51.783901454184544,0
22.638643323458155,1764.0807747852546,0
27.443808986522527,1342.4272060405951,0
20.491401714748804,251.97877436992934,0
22.48872774442043,1319.4859817635756,0
23.506244659423828,943.7822595250349,0
21.212567954593283,51.01692751166631,0
23.194139664261456,175.53263604757598,0
22.973255623711452,178.19674015161803,0
21.45486221313479,681.1067208659391,0
21.809104248971664,1321.898196638797,0
26.872443241543294,786.005233229373,0
22.71475906372075,208.2309320580702,0
23.724650955200218,1435.5641648184996,0
14.307172605726464,213.85577768204024,0
18.69611050287881,1915.6068161141616,0
20.68630741967098,1133.3970695745688,0
22.739818530612524,1321.8209415685874,0
21.996066806934493,1426.977959276412,0
20.43934584118074,397.43572175619414,0
21.346444119347552,701.5699453663568,0
22.000315729777014,1057.4283532809955,0
19.783476712968593,802.0024567854147,0
24.109838422139546,106.09965846059133,0
26.50031852722168,979.0287546825151,0
18.24285207677775,362.5002063822489,0
23.989970681606223,507.48695880291274,0
21.2293934716119,1103.3712521207076,0
24.843211606536215,1515.9129619610053,0
23.125253154613404,1730.3255282354098,0
15.201786994934082,912.303671987031,0
22.22076769934762,738.4107641887407,0
23.631663612083173,1053.103227914546,0
17.765865686204734,961.6959884774427,0
21.8724521682376,617.8788997244577,0
25.65403534571334,668.3125205349664,0
17.50080579121908,396.56186550972274,0
24.54471867879232,214.23718035337737,0
20.681770960489928,1304.3000593793136,0
22.377969619206056,1452.4695992481452,0
19.417014231826386,404.01301607606223,0
23.044702529907227,1072.7131262433272,0
21.44765116373702,177.93373093125632,0
25.858420882401674,625.45078322408,0
25.59074228604635,144.59052756545356,0
18.045724941435367,634.3552477669458,0
21.164334644990902,1064.301368595336,0
24.441729323069296,2282.925416530345,0
23.72916437784835,1500.9690269839507,0
21.09620954195657,310.2258339535933,0
19.7808834530058,373.8331764948111,0
18.393873023986828,514.2065033328275,0
17.654371833801292,470.9272913646441,0
16.520299106174093,161.4271335315447,0
18.305820592244515,450.58161839959433,0
24.976697699228907,68.52641403791715,0
20.726329978307092,1353.0593708169204,0
22.154323832194052,220.9511816513281,0
21.45738906860356,178.41810062644294,0
19.11396401723232,235.80198437092116,0
19.937092989967027,641.9187866162996,0
23.894637680053734,2212.029547245477,0
24.81770477294924,1029.9409449112159,0
18.97033253624329,1207.892601193164,0
18.97818222045902,1442.7494749438506,0
14.046089373694542,1318.570707739566,0
25.39325290754732,2668.4609770786506,0
18.727000331878685,270.3256838035326,0
15.858678942015672,545.2017903339605,0
23.09614524841311,183.01963508245757,0
21.959720468521084,1526.0683491837722,0
26.806260935465502,2198.9165328454715,0
26.478049638536277,341.39743894455245,0
16.66732559204098,573.1172345590334,0
20.741780296961508,1114.701417089675,0
27.381309551662866,1323.317409307931,0
22.259802246093784,602.4325162183981,0
26.495287195841513,1409.6806764614325,0
21.566414867303365,1767.6348172139865,0
16.895550028483115,2055.7636812340957,0
15.397079616122824,972.1939794730882,0
22.99842685063686,696.7606663715582,0
20.988472057524234,1146.2343566131335,0
24.48975798288984,135.9246604156237,0
19.97914387385049,969.892539830182,0
20.67887681325277,1422.6289510738593,0
24.27341053124627,1163.4720459592086,0
21.2282916296096,1202.9583051812392,0
22.488816918267162,156.91039413330367,0
23.286177783542257,278.1257227074843,0
20.442653819492932,738.097504527543,0
19.81146385758018,1030.7777419697982,0
24.976697699228907,68.52641403791715,0
19.86848775369151,814.7312223922949,0
29.079968966859724,797.6252071571092,0
24.844922637939476,171.89005464432051,0
21.64908351898191,3402.789798380111,0
26.943446558172013,1287.768699974988,0
21.047930392097044,966.8650262069444,0
19.153740755716967,453.28670442220977,0
16.06509424845376,386.3033846032362,0
20.519550751194856,442.0440055441599,0
22.90073316473712,1763.519943506692,0
15.152835210164426,395.01822069403937,0
18.72227803184876,202.3296773445349,0
10.746998905000225,1520.927165449832,0
25.752387777964316,335.94111055252364,0
22.15550147547873,1191.1002106976252,0
26.272287168956893,3069.4741241645556,0
21.472854709625267,132.9286180448275,0
24.287097549438442,456.8990588199835,0
21.015597491794153,55.88630288955976,0
27.066446205421755,741.6060350846986,0
21.373958100212974,1274.8266354214888,0
22.965517116728336,355.6887514900904,0
25.478556373791832,656.2792629015188,0
20.37248648441198,547.101949156497,0
20.06808032500436,919.7796478879194,0
20.94948198723074,1696.2545558821898,0
22.60639191562052,1614.9494171154242,0
21.277684865446247,1785.459522904132,0
19.216938432057702,193.19953844067862,0
21.942569518507582,1512.3554252099734,0
26.697582764095785,811.6996929061155,0
26.640616416931152,474.78369698045066,0
21.347880093256663,1326.4756023895484,0
17.703055238723778,194.63814497110656,0
26.98295201460519,440.3798550379019,0
25.757575077480794,856.8544805061559,0
27.051174206203882,1701.0137707006675,0
18.43997753688268,1761.5733861934882,0
20.814028676350915,347.15383201954177,0
21.97997442881268,1305.5569127213698,0
23.78358961741128,413.25589716551116,0
22.131488206651454,123.50180074689199,0
27.379493014017783,1220.4883515846473,0
20.781443373362265,448.0553351354342,0
22.959654108683253,596.8407139193754,0
25.317664718627952,869.4229617726545,0
21.678649361928308,411.9045406591635,0
23.47725917498269,1587.9894167196494,0
25.05445607503259,3894.9637420487147,0
25.584434382120833,1055.9958599519473,0
20.978781848483663,147.30148464557936,0
24.038598929511238,1289.9182632577163,0
25.139336663705365,879.8758134257536,0
26.626147312588216,1432.934702188943,0
24.718603650261343,836.7043480288725,0
26.527659749984764,539.7210352134447,0
14.674173503451868,558.7581366312246,0
22.15917655097121,1216.1168687057238,0
19.93369674682623,1337.9924118530494,0
19.355105018615745,157.46549964067748,0
20.40224617322292,486.5714058291655,0
19.760200530407474,1891.2487298261863,0
26.178146362304688,641.4144381892423,0
22.386269652537806,800.3792546701173,0
22.09373546794609,1591.7698040616256,0
26.574611051154875,1310.4851514112693,0
26.4384647369385,1989.0956066560489,0
20.742507129245325,160.9657526027899,0
23.055232832166894,3508.8053502154094,0
20.70711542765298,282.2576805960875,0
26.060538482666004,3386.997309328292,0
15.643384393056238,883.5837960254888,0
17.03947707282174,224.68632534262946,0
23.537803692287923,1130.2485957753402,0
18.515906633649593,1295.0826257478934,0
25.943038135104757,965.5620574962835,0
17.544962268405527,651.8632590782385,0
25.404657618204737,595.79393714783,0
20.49144681294763,1229.2939841758948,0
21.770016805330954,2801.67412832496,0
21.004161453247093,1247.3213195812446,0
24.314218457539994,1203.3722706150752,0
26.756361738840724,966.3638442766409,0
25.43601559533016,1392.3187039804202,0
21.692199042991433,1079.2040720593673,0
23.06288559928771,1132.03908205149,0
22.68926695869078,738.7348197412233,0
19.548977907498738,354.83411401626876,0
20.195263735453352,225.37716552731803,0
19.209382258521202,178.77392545459082,0
24.742104514439916,114.68686238047887,0
19.145465469360374,1022.5197382282953,0
22.71801534710505,1342.279371620391,0
19.69498767852781,1562.5133670878154,0
20.37026142392841,1289.8089408886176,0
25.009850819905637,3052.366086096738,0
23.71223391997512,1416.7244404566031,0
21.382959408230306,378.2417297374945,0
20.503767338505497,1092.8260579716903,0
25.847005674574177,480.645884574626,0
24.196142609914148,649.6375061583261,0
26.381721044469828,1846.1493484687549,0
23.728391538347523,158.87813717243483,0
24.758193906148335,991.0718321811895,0
25.82631926763628,1958.2928277563792,0
16.78398079039556,990.9015230846147,0
22.809408533005524,1464.683842660163,0
25.8040226506252,1163.7014679622393,0
17.145819123586023,861.1022688460092,0
25.82505601247152,1050.262869150613,0
21.212567954593283,51.01692751166631,0
20.938509745068075,2320.5048672866565,0
24.52965735329525,2308.1827916216594,0
20.484804927941582,1324.4405359041434,0
26.035326258341513,1936.0948100697738,0
23.490234947204613,1028.8865908992034,0
20.959167204962853,253.88829484698584,0
23.908857741179304,1285.8861356985312,0
23.585943595568324,888.2756352436285,0
23.471468058803623,1366.8318733584624,0
14.53192494710288,301.6155369591456,0
19.908458237420973,292.21590310451796,0
23.243562226068434,168.66724640247634,0
19.049322001139387,537.8826603305082,0
27.411247348785423,1381.7424558114749,0
23.131211217244527,1705.4311752331,0
23.144782320658408,1073.1072619569045,0
21.20300272161319,1288.6730477225524,0
22.995250214470786,1467.813973129962,0
25.78868210736448,1764.332310111497,0
26.162685012817406,1572.268553824399,0
17.68613528145687,1411.0640145849925,0
26.681436157226585,381.3765019190054,0
22.481077448527003,67.94584617135335,0
22.271608924865745,1480.6624695670348,0
24.986235827491384,675.155055524085,0
23.252306874593103,150.18496737000754,0
20.716581689743805,175.34017637488654,0
24.641733662287436,3034.4486802828055,0
20.74638737269811,146.93120941636374,0
25.824633807227713,2209.1924965393287,0
20.37236564071094,2185.2151125681144,0
22.67911663963679,91.60890132305433,0
16.606434281667134,756.5281249594431,0
22.941922251383517,842.7937448036413,0
20.813630994160974,977.5253802549581,0
23.962457513809227,1192.2104924928885,0
22.980361980862142,1435.5453521024924,0
23.86860505563243,4074.677434564803,0
19.1669715881348,1026.057288796876,0
21.529891132173077,1250.9746298205596,0
23.9215443293254,106.89963847515394,0
24.732973776923302,1027.7760893118125,0
22.942657634190198,168.53911504266074,0
19.455635245641133,1263.0960613500815,0
27.309819857279535,1205.217127503131,0
20.002008692423544,1317.5304129731398,0
24.742104514439916,114.68686238047887,0
25.060447629292867,451.3431347918253,0
18.724689229329442,235.3913605224829,0
25.453010601467554,527.2781372081976,0
22.985781361506554,1306.4701229345542,0
19.908766841888507,717.3411779117326,0
17.9167887528738,453.4351199877005,0
20.993474720142558,1296.937678755496,0
17.476149495442712,586.6482116293649,0
17.523493158249607,817.583014072154,0
21.90809537569686,337.93493062374404,0
24.75934732225204,1237.205751986478,0
20.691348763668202,1360.9482243668776,0
14.001993933178198,2092.260439695094,0
24.051860904693626,234.45626422879508,0
21.210250473022484,1249.3492707621795,0
26.162186516655822,1068.9008876692992,0
19.334998067220113,245.9402650606375,0
23.45520156224569,367.92733222362807,0
16.4738861719768,960.9694339346628,0
16.94294456090688,948.352620751832,0
20.853700150383816,1131.7656755459052,0
22.880731201171898,1098.328542710517,0
16.693451658884726,1912.9324749123793,0
17.257485961914085,2022.4297575664264,0
23.717552381573284,1448.2854723942023,0
20.740203052096888,1117.438626290534,0
24.510562247560813,2253.574696184371,0
23.267061964670802,305.5488884460669,0
26.321587689717717,2095.315751434539,0
22.232325685941305,1044.2203924071532,0
23.321854443020413,830.567338318799,0
15.553284200032579,390.74246659991553,0
25.7313661917662,516.2863552582006,0
23.942200597127282,104.25884723779966,0
22.55895794459758,95.87458223221113,0
20.70877903302511,199.5266906928759,0
23.06768603605383,1564.2817996453982,0
24.017658593919577,133.2288987946253,0
23.22687029983058,1566.7597323667746,0
20.354810094833397,1495.710146428321,0
26.79320484236183,1346.045964212392,0
22.383776982625363,417.3049785208445,0
21.249030801021718,1260.9212741267424,0
17.303780015309655,291.72843024251273,0
22.69063124656674,169.60142627475074,0
17.53781856254301,532.3557451379041,0
17.662764326731406,536.7354981612901,0
21.24668955121723,651.4563418936472,0
25.965687485897206,469.0781950962286,0
17.933055143003116,497.1096523117762,0
18.663758468627975,446.0352778446417,0
21.09883201387197,1151.7725780617934,0
27.377322832743403,540.7741189014654,0
19.281215831211682,1319.1232875001174,0
22.15917655097121,1216.1168687057238,0
20.19399207433065,137.30017542955687,0
26.232200604393427,616.8862588715295,0
22.659951570298972,282.7869139623385,0
20.626377320289635,1236.741897464965,0
21.24668955121723,651.4563418936472,0
21.74050682385763,1111.880418659423,0
26.896623667081144,1771.501780302499,0
19.543245506286553,558.9849621069174,0
25.210414377848394,334.6219852578383,0
24.52478586832683,33.8919915270548,0
23.518958769904316,455.2733942877989,0
22.644906171162916,414.0620872390013,0
21.74791711171474,1438.3159920584899,0
22.315695381164574,1293.815673143838,0
22.71904883384707,1129.3923452508193,0
21.33232643170794,187.09403351065924,0
20.163486099243244,369.06045377371123,0
25.648232338645244,2486.04249283788,0
22.922813245985253,1069.2591413867217,0
18.753004540337486,341.8075747799616,0
17.546017358817323,766.6724815976362,0
27.258356189727806,1290.6729698192817,0
19.775026999579552,97.61208742973615,0
21.94930006663003,1426.299770177577,0
23.551490119651476,3171.1447395395976,0
20.540338205408204,883.4755912434797,0
20.806850687662802,942.8921535622816,0
22.244218098033514,1370.309886337493,0
23.242599459047653,1525.3944292676192,0
18.050452573371672,1323.6893460166198,0
24.975110944112203,729.7979190957288,0
22.783611679077183,253.17128077266028,0
27.135876019795774,1487.315778435443,0
18.167156526777546,565.4668182146291,0
21.24108606974289,1299.732175470565,0
15.788511975606298,565.8616542827825,0
22.25922698974614,889.0269964945059,0
25.823937443324496,2092.428878695939,0
24.792958354949974,1220.6575095665198,0
18.53280882713119,846.7139050376157,0
19.471650150844027,287.6721069228392,0
18.0025122035633,1483.6609296512347,0
22.445503398350354,269.0789334487658,0
20.620561207665332,132.98604712006858,0
26.18758476452956,909.0205959987383,0
25.65877558390298,614.9507172417383,0
23.332299455006932,101.21978893992711,0
21.467167393366537,1295.340840519641,0
22.216037187122254,1243.899126352046,0
17.631501412391685,1146.2509341549617,0
26.046579191419823,3360.7966832828265,0
17.4127421176795,586.3107115041952,0
24.157160377502407,137.40506470320037,0
23.121653747558582,1797.730409355138,0
26.360983626047812,3427.2810339939338,0
21.75351438522341,1361.3325551163894,0
21.455082575480162,1083.9186504494887,0
18.027467091878236,365.384873748992,0
20.322497758411203,1760.787253082965,0
26.42665083143453,2519.3284273159247,0
21.736034647623683,826.716282219861,0
26.252696649233542,673.8951511692743,0
18.629217645857125,277.40256190416625,0
21.2539098421733,1254.4378310453635,0
23.94802288479275,1294.852134586547,0
22.924641291300475,1183.7488308560592,0
22.5626375834147,1544.9973277759295,0
22.953414246530258,1312.701736391757,0
24.915883080164633,791.3859158766012,0
19.434901537214046,213.35199177381804,0
26.538663287040492,1021.371175349925,0
17.956776192074813,2705.885966123317,0
20.871771192550682,1791.5571041416865,0
19.73404668172202,365.89210182544997,0
21.82103454127457,1452.303827555154,0
21.69022356669109,1187.4286316346866,0
22.817520214262515,1958.9847631764155,0
21.52120933532717,4070.291013271783,0
20.265185546875045,1297.756370903228,0
21.493106842041016,1216.402661801551,0
20.076311654755557,1923.478633911584,0
15.386870066324946,818.7805086385946,0
15.906513609709577,644.4017820071916,0
22.967991129557333,1179.9096584331733,0
25.302099355061898,3212.2695788752776,0
21.558937221103236,173.02619367954543,0
19.528077273898646,310.59207469341567,0
25.653660438174256,2953.0587390076857,0
25.96477936638729,1704.205442966197,0
20.460519000462057,1133.5458576690894,0
20.936249139573818,153.50997895119002,0
21.182523822784503,2163.193085045789,0
24.447300665719183,90.65842330572416,0
19.355413237072185,1286.292847992156,0
21.175626754760742,1113.1267517816764,0
24.789405822753906,1258.2722574484092,0
23.325742920585412,2057.936900110219,0
21.986243290371362,195.7744628202658,0
22.28934776669462,216.6506804537516,0
22.621217332946003,712.6877352606992,0
20.239180421829246,450.15285983798316,0
19.131272075794357,1379.2804263543826,0
21.77922147115072,493.23183000204375,0
25.39325290754732,2668.4609770786506,0
25.88097640143502,1694.9934333574515,0
23.569787491692466,1732.4909649800998,0
20.190533945295556,881.6771402966718,0
16.52548704147341,463.85526359197905,0
20.495059267679892,1264.9963170301658,0
23.01260490417485,117.97484830138494,0
19.226967536078575,1263.14422190306,0
17.925030008951865,299.6166281413775,0
23.493801159328825,1344.420869649623,0
20.227472432454476,1433.1098914158088,0
21.505634562174464,1399.1000399005156,0
23.590512136429084,105.67661821958829,0
21.707021543714745,1311.9906380784255,0
24.06986224916244,1289.4608795654517,0
21.700375846580187,1343.5608640324813,0
19.643439653184714,33.51766690728475,0
25.769152471754296,1068.5108385991794,0
24.9239135253124,1465.6543105852347,0
26.261664432949544,1389.0727132570487,0
21.736367003123007,1378.9785325538855,0
25.161976309175884,1228.727520258401,0
21.229831314086937,1245.717012138341,0
11.269019381205226,549.0744605672102,0
26.866479492187466,2195.681177825902,0
21.723252868652366,1124.1069108259421,0
21.978479321797693,1380.449135602687,0
22.01818343268502,1877.2270388912898,0
24.12991621834891,1996.7946976434928,0
16.332944806416833,3229.0331617009383,0
20.075365567207314,456.8954415631037,0
20.769589201609335,1351.1614993226272,0
25.985073582331324,346.01118862745574,0
21.044855417524104,769.2947991204004,0
23.87561814444416,1429.1368283343058,0
18.515906633649593,1295.0826257478934,0
21.957822259267232,477.56055444595626,0
17.646129279666525,1538.9133550238353,0
18.613920810487514,169.49621290085128,0
28.63947385152187,1635.166705400918,0
19.44482663472496,519.8512718093137,0
23.961489216486655,117.62093082186986,0
21.2444311141968,122.61225730297376,0
22.65400164922079,133.41901153442672,0
14.787397285744078,506.3439130794745,0
22.635991032918298,218.81068199989608,0
20.989103571573935,1268.6484351765853,0
20.725617790222202,1483.5533469927054,0
19.060714817047142,798.6826568853597,0
16.64550754662713,253.05914580938628,0
27.95452124277756,1318.4420622896891,0
15.322914907667382,1255.8587647986155,0
17.754891633150862,1464.6247632813197,0
19.823572826385544,1307.4539497506362,0
22.728918117947046,1490.6050831091147,0
20.064841651916538,510.2863766264658,0
22.219164657592728,1349.659469724868,0
21.2620363507952,158.87232199427893,0
17.037494525202987,725.3031328332166,0
20.464559809366904,1343.6146348726493,0
23.757658168247815,103.71543169138242,0
25.675794393366004,3767.872174085353,0
25.780340938079064,663.5949730884771,0
26.628913770403187,1389.930442721818,0
18.124766127268515,1069.9596300732833,0
16.536105785947882,575.753000379775,0
25.995132332517414,567.9546155047159,0
19.601189756393467,1419.544351102088,0
25.12481845219935,95.25328576681424,0
21.167277590433798,309.6288003039103,0
25.48642978668215,3714.075040818427,0
26.06400303310818,1690.545898677085,0
24.22324941725958,1266.7847841989737,0
21.65486297607424,169.74184736726096,0
24.25210554334859,1662.4066166591388,0
19.78476686979593,813.340035082076,0
22.1359579722087,939.6381422888975,0
26.56594321422091,3193.3878555905562,0
22.522177187601756,3243.220248074506,0
27.302179145813,1606.00590407965,0
16.435826237996423,317.9808862519007,0
19.363739974410464,149.4880288851004,0
25.406586447216284,1350.9736031305533,0
18.74815864562993,817.6958866429071,0
22.03863064448035,1015.3467886161546,0
25.669707605573876,2777.7953080844622,0
22.992651355627856,1434.1179922234755,0
21.719841893514,1293.8026085507613,0
26.873864604808716,917.3981256794672,0
24.45525813247218,1278.050740064357,0
22.851183191935206,48.04369881865789,0
27.44336437323159,876.0257631551962,0
26.319081242879292,1132.1232996892672,0
21.653040880145454,188.55301737901976,0
21.884268160219563,246.0676550876837,0
26.406341595119898,2195.8671219658595,0
25.361091050647588,764.2467737209539,0
25.143683687845908,457.71785155055335,0
18.48594404856368,445.45147642609885,0
20.248667578603715,1619.407539070819,0
11.453025224473834,337.98700273153594,0
20.71808115641278,912.2308760893087,0
18.234023507436177,384.6029907476645,0
21.974924341837607,1176.9634827983123,0
23.967048899332667,120.58601230499555,0
19.74732243464541,1135.513019562934,0
26.190437650680565,565.3087094437818,0
16.854665083355428,312.99545318004897,0
18.703716770807887,443.2592362177115,0
21.98881301879885,182.9771816742163,0
22.318719754900258,1307.9017445456725,0
21.230210240682027,165.11671692249587,0
26.878284602695032,768.3295987558107,0
26.569872474670376,798.5056348156671,0
15.940894190470317,1403.1742557894927,0
26.05611818631496,2321.7450164270144,0
17.17038508521199,542.6129892480116,0
18.009418060666064,1845.8586826932174,0
23.052607949574792,1503.2452762138587,0
21.84646612008413,1112.5404059898597,0
25.05272866506425,2067.0334406208735,0
19.038233566284134,69.62995678303052,0
22.471471341451036,1356.8012759101134,0
23.02395782470711,1690.2339912962657,0
23.28789418538412,405.314509571765,0
26.944016756330257,3220.571999253009,0
22.728551972218042,1339.7327482712012,0
22.96098466096106,1357.8886434447509,0
22.561234410603845,168.8535705220442,0
13.535920533679814,1126.0294362914306,0
26.339694595336937,2099.3192389619094,0
26.296380615234398,1927.2458560776454,0
21.482255490620958,430.8833673608046,0
19.917072061392048,456.5070018183928,0
21.89724248250326,1268.75870749471,0
23.013175582885765,1086.278666557048,0
14.758141454060876,534.3591801833849,0
17.80609744389858,125.34116283175756,0
22.037968289410685,194.31013316032698,0
18.98171538328512,1149.7965909552317,0
23.30429046948757,57.026580722306264,0
17.012498092651413,290.7875448477011,0
16.710091739230677,2758.703120799039,0
26.025703866141214,728.7494435918073,0
24.44905110872702,1929.8007756483298,0
22.2335227224562,248.6204773199301,0
22.383354640007042,1300.4392057668906,0
19.16749969873672,240.643755347703,0
23.98200950622561,136.65641918895057,0
22.97067488468059,785.0773230206709,0
26.396466191609704,860.7280112814645,0
25.744831127590658,549.6132791053991,0
22.283964729309048,218.5941159736853,0
15.758126672108972,2554.305081070636,0
22.685862159729027,1335.0746564578753,0
23.280487950642907,77.61015445110608,0
19.760471200943073,1091.5811069321376,0
23.75302728017175,1633.096837253545,0
19.74375597635907,355.82619980094245,0
21.341834386189817,586.1571289610605,0
25.428318277994833,381.06863647815993,0
26.627113596598292,1031.5277062368136,0
26.05375347137459,829.1543580603342,0
20.72183648568614,1482.7968895446998,0
20.511185229266175,1344.9683904659491,0
26.009783935546864,1543.0352322768908,0
25.789906074887256,1984.6121229243022,0
19.615315659840974,1136.5278705966216,0
18.196345477633997,29.51274141785909,0
22.73319402270846,1382.2824850690108,0
20.491887210664288,412.5609517109137,0
22.509767892625632,268.95935908076575,0
23.00913174947101,1138.0456507217627,0
15.969942212716148,324.301623554204,0
23.20307804743453,1508.5292503249389,0
23.19113429841542,1088.8664990675193,0
20.045055065733038,412.7367071819048,0
22.942231909434042,178.74604910728743,0
22.492060407002782,3451.478817315076,0
25.312813967750174,3348.4483703982573,0
16.167142677307083,306.83044791338256,0
21.218962923685694,1107.4644222867232,0
21.172393163045285,337.85666599986365,0
18.95431713528103,156.2631174933653,0
23.568031777275962,2459.7713917505484,0
20.51727574666336,131.2002547096949,0
19.927997034246346,137.39692866918853,0
17.77971229553225,331.4851306390505,0
22.24282184176974,370.7709692430239,0
16.352841393832136,842.3242315661649,0
24.88388094902041,1494.1718325030547,0
20.567857330564493,1362.652045489524,0
22.00788235134553,920.2392630290727,0
22.53115290006002,197.53618240473082,0
19.733175743950767,1428.3298447739821,0
16.31840643882748,831.0801878583173,0
22.28339199490017,215.92099666712096,0
19.73593843248159,1394.2158117902022,0
19.959341409471335,1365.973819793437,0
23.9442818323771,204.28018719074538,0
22.973581174092487,1600.2237580728274,0
26.946413930257165,1240.10837897775,0
25.705036629570884,2292.469230295394,0
20.634579237302148,1254.1108101618033,0
24.80015327135726,1252.8440624487143,0
25.502665032280845,757.7933639299612,0
21.744571213495135,1171.116460860942,0
23.69114851774998,2701.6843713831645,0
22.25167586008706,1329.7290995728713,0
24.25637071397574,1744.6376726042968,0
18.008184596470414,194.8959574115019,0
19.472299618191187,286.3733924936991,0
27.38087668948708,1202.9204487812262,0
24.775876511467857,1845.961251111005,0
26.25928363800051,783.069130779479,0
23.226860151103892,432.5811833154898,0
17.60176222059465,970.6570178282003,0
21.532835376623893,891.9385530066232,0
14.575720609937434,371.81815579650214,0
28.227235233422505,2047.0038473617774,0
22.262146568298363,1357.2897657763701,0
25.747768998757465,359.560322762702,0
21.93324635823575,1522.5278668117267,0
21.73390212588839,297.33903408167174,0
20.539645846684778,160.3212513041239,0
14.355102094014455,734.5136411499719,0
16.50773887104458,3853.8334563386184,0
17.579041629367453,420.4206213366728,0
26.716666842729637,402.8200551879149,0
21.250196826819263,1117.6325537276011,0
24.37352049691333,90.10205865022947,0
26.231098959181054,614.107441903327,0
25.518825721740768,2615.440715850566,0
19.44250870457404,1096.8863599014026,0
19.484689295733403,3951.1020675313216,0
23.75184427897136,114.3174178909998,0
22.223136520385765,173.80211949465087,0
21.002330115989366,608.9272096764784,0
21.359416743687234,829.8614367854337,0
22.093661837144396,1343.8008248817664,0
20.768643257834697,32.10116252419759,0
23.70985521169814,1452.1616294991713,0
23.968082597520606,803.5291329037885,0
24.010170237223292,1368.6844378721457,0
22.756547599368673,175.9181588899832,0
18.67618569268126,837.3138725769262,0
20.47315184275311,159.26117897150328,0
15.047169409857872,696.3917061698179,0
18.004819781963647,1749.789018930171,0
22.722644551595067,172.2306281339865,0
21.18613342709017,478.3810198318701,0
23.211303091049217,2947.351627798055,0
26.409465154012082,239.78796675917914,0
23.624363199869777,101.75843984005262,0
20.736079682244224,1381.2375485908728,0
22.699490392775772,197.1990920614939,0
22.22770325645564,2209.1732218873244,0
20.002793460422083,451.2119710457068,0
22.74266444697531,425.2363935124617,0
24.45772399902353,881.8298362207155,0
13.070754078456332,1895.7307979476195,0
22.279357881899216,187.16626316425612,0
20.445128271314843,947.6911284041147,0
20.354915740754905,933.8874712598066,0
25.899182165236766,853.8218297075967,0
20.457696533203205,206.2354654085379,0
26.238800938924157,2197.7409616124373,0
14.062757819039462,409.5581144106131,0
14.575232351393936,1258.9576922368747,0
18.72991862826882,451.5616938483458,0
26.112659284803613,2488.55204582331,0
22.18033402760824,822.3601773392896,0
19.40967341989716,762.9401840281229,0
20.70196476890925,1190.3329387318831,0
23.259380140758765,1804.6241968881827,0
22.57684845490894,1462.4517977249366,0
22.72078315333323,577.8787478816251,0
27.555170404343357,1905.554991961692,0
21.251059468587243,658.4112316381674,0
20.676851103040974,1206.882749499057,0
21.161678250630757,329.8619396996241,0
20.332365541987997,753.1136915099363,0
21.19544336228148,1263.8263449084502,0
18.28405387515113,464.37721029040625,0
17.03356030782072,355.8594591927271,0
21.95792948404943,1334.414412082408,0
19.939600591948533,1024.7725814592582,0
17.618318557739258,763.5993331682424,0
26.623571544223466,1123.4226010751468,0
18.253580538431834,1568.4997968387347,0
21.181359516490602,387.2799992573004,0
28.17718093306928,1786.2403772783023,0
21.816764450073265,75.83338469383527,0
17.79175039553178,535.36588773248,0
25.41144488425482,1841.6041851055365,0
21.892018334070883,242.3101000499468,0
21.540883636474632,1116.7422950279456,0
22.188996728261372,160.75449511525443,0
23.811789660983607,1316.1623448145133,0
24.539086702134966,1396.0967741918307,0
25.66358639399209,1151.709702612136,0
25.791050450007162,294.5644453179579,0
25.771799500783345,55.46730458853055,0
21.737314160664937,903.8713805389147,0
18.170731299264105,364.06182199833205,0
23.69101963043215,846.6685161006193,0
19.35151046117153,490.9233123075705,0
22.753011110093894,522.4059417855482,0
25.47253057389031,354.6025127184134,0
23.01109472332581,1365.510300548051,0
22.549082930882776,97.43828028557111,0
26.249164729648157,1402.2627294075232,0
18.70153671547223,491.91832989570906,0
26.394334093729697,1817.536317558263,0
20.03962491883175,322.15488031623175,0
24.247405094570638,124.68528077122976,0
21.74967932524504,1145.096187294696,0
21.93412424723317,1326.6541406523925,0
19.148866087740203,1352.8738588106376,0
20.962919671194925,314.1649186622839,0
26.036658223470113,592.814673484538,0
18.196345477633997,29.51274141785909,0
20.411740288367696,335.2262571465712,0
22.246098136901878,235.0726135086756,0
25.943481911553306,1094.0319605183345,0
26.08815679550173,2327.826035023902,0
20.59567709145722,715.3569616389017,0
20.973869180679344,1351.8943607818824,0
25.003953956835176,1959.1062001895648,0
22.614958500862144,3272.691615672086,0
24.383299900236636,1202.7632042777282,0
26.454509989420558,360.7181131851416,0
19.222912025451706,214.58399742958358,0
18.79153955247665,463.2363140594702,0
19.334150822957383,3081.1565898370486,0
25.035689417521155,169.10461038467696,0
16.042805290222248,1317.6756843936187,0
25.088512892237816,452.0978972327452,0
20.13039270288806,981.0046896350126,0
21.02410723368331,1132.57828801987,0
19.202085113525357,477.05288678524306,0
18.95617515775899,1616.983719916318,0
13.821435264304796,1415.782351793025,0
18.473731931050622,236.0779687773924,0
22.220271682739224,1487.6586318027717,0
19.168636717619734,446.7061914515238,0
26.49284761746725,1165.0808051240188,0
18.552368259429954,33.40518176672269,0
16.071345265706384,2143.2464167487365,0
20.10725589479722,423.1713533413153,0
21.48122510910042,308.9340932678919,0
21.210364187331493,298.11143204686454,0
18.527940270839622,577.3995973181467,0
20.217986742655512,195.68804353592208,0
21.456312433878566,414.75277841207793,0
25.74817882719492,540.5498862278204,0
27.142537689209007,841.2662118684988,0
20.816631767077354,1692.6319979142886,0
22.964465713501,117.60746762273122,0
17.519735772269144,217.87219941732695,0
25.960886304806536,3065.989420564149,0
17.986615046748398,422.2943045210581,0
21.517978541056323,680.2728109073381,0
20.818125279744436,1549.2637798201781,0
24.989608519417914,49.44029152509977,0
20.95027878372764,580.4669305693845,0
26.38663523991903,2628.81395295379,0
20.913976923624716,1112.9355251800757,0
26.273951903979025,2173.8910347234946,0
23.929692586263002,128.222090007041,0
23.22607849968807,1492.6116660248977,0
25.20721473693851,2884.2866428208094,0
20.7324682235718,557.3398701858263,0
20.949868138631246,1177.2198945295554,0
15.763894653320335,1058.4393449139338,0
19.716256554921472,1353.3007174741965,0
20.011274773733987,155.713335425828,0
25.289584308200403,2061.5429997455817,0
16.142041397094772,1112.1387712669116,0
21.774954449689005,183.59328135964682,0
22.00861292238585,1475.4847481858474,0
21.440987705049054,678.127542884324,0
22.07864156299172,925.2059876930456,0
22.24213493542794,373.17421361920645,0
23.38738562266036,206.98806345579436,0
25.47344731224905,1484.1507829737407,0
24.39553879631893,132.40355700371077,0
19.01504176457729,466.34516567108443,0
23.439384078979515,1061.4172413956862,0
22.905279493331932,184.3276701879244,0
21.1822598593576,1338.3143737923842,0
23.735598545982725,524.1107687365751,0
27.118382935296893,1135.7602819812041,0
19.704441642761253,1369.2499294888717,0
21.720304672806378,182.75355994818023,0
26.874266878763876,1303.4704335045558,0
22.000289626348604,1306.2410026800376,0
22.09280507636788,906.1636894952993,0
25.302099355061898,3212.2695788752776,0
24.83503126416889,4185.0794821989275,0
21.831810696919774,1116.9595092546683,0
13.951559689170494,1395.2806450438243,0
26.307526888166194,2892.6406733703357,0
21.000368769963586,1491.7899116885405,0
25.31016983758832,727.9097147297601,0
25.22637583414712,860.5500765156488,0
22.72078315333323,577.8787478816251,0
21.950385284423874,819.4313913595419,0
18.772602208455453,211.27966120955756,0
15.937326107603155,865.9595221292715,0
20.733993678622824,149.79694858310035,0
20.97797939416131,578.9506144833307,0
17.54635309996428,854.2378850292902,0
22.075557539198144,1538.219422848199,0
18.772602208455453,211.27966120955756,0
23.43904022640652,1486.6535857331496,0
20.367166137695335,138.73312324402144,0
17.51516440255307,176.08612477896025,0
21.795913759867346,85.3715099405985,0
20.59567709145722,715.3569616389017,0
18.254369765636966,1337.7297043812018,0
24.041408030192088,110.01436114427854,0
24.00019411029234,1068.2551160466414,0
24.46180215411715,376.5606254350882,0
16.286424043443446,2303.0990406882506,0
27.25302293950864,1168.9054079365474,0
22.752122253026755,1359.4508141290885,0
24.7697297626072,1321.860392392848,0
21.45152206420903,1036.182408035968,0
26.424706437852706,1242.2356650244933,0
24.89288251472243,815.1723451924066,0
19.285823122660304,835.1021826278906,0
26.712285418388205,2003.543802351926,0
25.00802992714779,2259.0030476462584,0
27.180133914947533,1360.3093519818526,0
25.353553840849145,752.4937063467245,0
22.502926572163915,737.7064719807844,0
18.41121551990517,588.0520872783403,0
19.65433872289833,840.7875232410173,0
24.245750257704003,142.18311831471732,0
22.265342807769798,1420.073834062789,0
20.216844574610434,826.1430643510561,0
24.80600814819337,335.7789263140898,0
20.86373742421472,188.76684904215148,0
23.660281674067278,39.282568545315755,0
22.71632566741016,956.7298635852079,0
27.251074886322044,1252.8684929024917,0
21.970535850524925,1129.912164808486,0
11.442263412475597,1291.6496515285712,0
24.97535012937061,806.4215898525457,0
22.528492705027304,649.2473676812391,0
23.798689460754417,95.12486010906507,0
23.67128192760333,1377.6654645812255,0
27.249617195129417,1237.4313406657916,0
25.991170501709007,2843.6446160089713,0
21.50720125834158,2093.9983882021647,0
23.54244257609048,87.36473396537114,0
25.46607074737551,2246.122837812875,0
27.222106845795167,1868.6880514037352,0
21.843201527451072,712.1632702660303,0
21.473850677952612,1266.5506422531348,0
24.448728020985925,826.2290701281767,0
11.453025224473834,337.98700273153594,0
20.689418570200587,146.501869709466,0
16.39407368009057,917.6214531075697,0
26.59246519447396,386.73515319940856,0
18.430535790859153,3781.6590376209956,0
20.72661941846212,1168.7913022947055,0
19.342978903982385,233.31683576223662,0
23.01109472332581,1365.510300548051,0
22.290055131912254,49.21215474722196,0
20.941592268510306,1294.7465859365207,0
26.022517189612756,3044.329040498708,0
16.133192799886103,2159.2258483183127,0
26.397590429132663,2822.8213794541102,0
17.798292113187074,485.2980755281191,0
21.28687083986074,1143.096093834613,0
21.515875498453738,296.1141064774733,0
20.22045042855399,625.7175289106111,0
20.438247378667256,262.2073374700289,0
23.802357080247646,904.7588825237493,0
17.416085709465904,556.8932227802019,0
20.49969454056179,1493.5311198246222,0
26.91618142657819,827.9545165610056,0
14.877330875396751,982.440081239913,0
20.73617995933256,1458.6801126610976,0
23.260298241509417,1347.2177803528052,0
20.753210194905648,1158.3419337880355,0
22.01876602172848,816.6619509470205,0
18.292179361979265,350.34807473537734,0
21.10305406252553,1292.2234132897597,0
25.942352655198818,952.0644217741232,0
16.926502323150658,279.55624163267424,0
22.347379297680334,1435.2604866039496,0
18.003279240926133,1992.765580118869,0
25.303845024108853,820.9401860844831,0
27.01987959543868,942.3619627964239,0
20.22641385396321,250.57204142329505,0
19.470995385306253,1340.0698795926314,0
20.910610824161154,162.22697198507598,0
26.28875058492025,1328.5052932810527,0
20.258681375009076,1218.2125419389945,0
22.297508403233167,1183.8337004196387,0
24.773272927602136,373.3795367192965,0
22.2184344821506,1516.6947215807181,0
16.17221768697101,346.9658687722426,0
17.563374031914634,98.51541072246839,0
21.598434829711948,1190.8333942305785,0
20.695115343729697,911.6534784447889,0
25.631742277599642,2073.2232525956374,0
23.748877970377634,133.15418809768966,0
26.656507928030862,755.0187155616026,0
15.257035390536032,2547.762074322675,0
23.253522491455158,1375.3702685248595,0
25.692117055257143,1921.2173305463534,0
14.449811999003089,1241.7964868259173,0
27.346988405500156,1638.2535554480296,0
25.40446868472634,139.3879175197821,0
22.696843931410115,1430.4929569375258,0
24.66643305884469,1291.3007482897979,0
27.377759410716862,743.6713211250047,0
21.04163191053607,340.90843498823455,0
21.566868718465116,1775.869441033576,0
22.696875508626306,797.0758423220854,0
18.655747286478686,404.65703308698943,0
27.38740247090658,1279.1655704390746,0
12.777854283650754,827.0028613519411,0
24.78393477415426,1196.570393444274,0
23.462427252310363,1108.9813008916121,0
20.982274945577046,1250.9584024560195,0
25.75573480394155,2092.3318274330836,0
14.132658188431321,849.9767377984266,0
20.225098419189464,1341.78883284447,0
19.461359172397238,169.89510953542998,0
24.970394764524542,1625.9635210048896,0
24.412862836397608,2084.4647817325335,0
26.495287195841513,1409.6806764614325,0
21.232557392120384,1180.2244082104903,0
21.10716875848317,1315.8896982681495,0
20.79903910601581,46.29041329142858,0
20.031964450412374,246.87894880888274,0
23.913752365112373,1153.4127190720778,0
20.250126563178185,1266.8140128266555,0
25.99797178904214,1232.7024720620852,0
18.814213180542026,100.69371089455892,0
20.510909652709984,1342.7778825175506,0
18.444958146413228,269.1636279237013,0
11.478035545349144,433.1077158462744,0
19.713842169443808,1209.8645314585906,0
25.908542569478413,1194.761429728244,0
23.389507706960103,98.13538640854169,0
18.87985973847225,2712.9796229314547,0
14.256211671375127,293.5340672743063,0
26.31989836516209,1370.5696769070369,0
18.724166084058368,447.4325560044985,0
18.974451107449,330.2615441393595,0
16.475374405472337,344.0215893101435,0
25.00988018399198,1984.2676118027907,0
22.16395975748702,559.0445928287248,0
26.691817537943564,2065.0266937923175,0
27.180003102620503,1711.4286318433028,0
24.74860106574164,1502.9382899415236,0
16.900827719948552,637.7842545521002,0
21.163509199354394,632.2740696382265,0
20.995290056864405,1375.2315089118224,0
26.163659304664293,1188.132577390645,0
20.969051085578087,159.48474481818488,0
22.718405342102074,664.6263271581869,0
21.961573855082236,1003.594842554305,0
20.479853566487634,1186.9580753159266,0
16.95917612711588,409.5231749129038,0
15.851783979856066,1653.454796225999,0
26.385546223322592,1662.415255607341,0
22.719501908620202,1334.3715414416533,0
23.880668788486048,644.8076486599188,0
19.71075828188947,1369.9556484830123,0
17.132725652058923,1671.2687842559558,0
15.952231582005822,379.4107928883772,0
26.05015109026874,5292.827595771525,0
20.586417392448197,1372.369591892932,0
20.527795046851736,244.1446006309729,0
27.37349954181252,884.6071630727987,0
22.259302902221634,190.2127236139517,0
20.97718149820963,1171.144057811473,0
24.16154025168646,1254.3082244705897,0
21.49382447136776,154.795137048934,0
18.976418749491415,216.4885967981558,0
14.781139866511012,355.1973558974009,0
18.4875290199563,262.0266534399729,0
22.955387475755515,1381.198857725833,0
25.231874254014826,676.9739806663732,0
25.809214528401753,852.2631719720106,0
26.798137410481786,492.3307642352324,0
26.741617275419742,926.6767062258463,0
12.989378396291613,591.4311267447214,0
20.711361326994734,1253.6626726400596,0
16.86588766915463,703.9410665642957,0
26.971456691197034,418.2285040628653,0
15.039954931085788,838.9391012501459,0
27.20304654439292,749.4792386901121,0
21.503350459204796,1204.1734166455012,0
22.471340274810814,1306.1824113142234,0
22.67352683657691,177.93901711818984,0
25.831907081604015,2684.050560743783,0
17.480929946899437,317.87976697203925,0
27.204535329909618,1773.5291317116958,0
20.976687509042222,1135.7428252708655,0
23.381941254933736,435.33519357559493,0
15.906513609709577,644.4017820071916,0
23.6332992871603,111.6185791802149,0
14.263542175293026,816.2997074436884,0
22.633344692654077,1417.9121598613006,0
19.056506983439192,431.6003143799048,0
19.45836806120701,1410.2737799298507,0
18.690193112691247,451.58425048110297,0
22.46641862657333,1508.2630261790496,0
22.652157629103897,124.81042072293569,0
22.961293520246272,886.848729850028,0
23.894166183471725,29.79306206223775,0
22.4794882739032,198.86848405120185,0
11.222429609298729,238.9798320841532,0
19.24068373044338,1334.6226334583503,0
24.20824227333071,427.67503559706023,0
23.7156854841445,1409.752127529357,0
20.813098667286056,1931.7696437251311,0
20.495037174224876,285.159927607749,0
26.179471694098595,3580.7623162877303,0
25.422194655736348,1321.9878345739585,0
15.64663149515792,600.7392153155546,0
25.240382210413657,369.61573809501937,0
19.413139234270375,85.12717932579328,0
26.7913605795967,879.9643933784704,0
21.99745224846737,1210.0169554364425,0
28.569264385746976,543.9849801373224,0
23.655844879150436,1240.7024323951941,0
20.26879049936929,262.92530521867087,0
25.277630651564834,249.1548106085997,0
25.671397569444423,401.6196697962027,0
25.882740698920372,1460.8644217264396,0
18.41851959228518,584.5609836292009,0
26.052089194095572,1920.3912213456374,0
16.772160784403525,610.1974219095449,0
27.218372917175316,470.7192152750235,0
13.83907234555204,3124.5731793355685,0
22.773714192708383,697.332148255084,0
19.85493332544968,230.51923960563948,0
26.833697128295967,844.923556597207,0
25.659664885203085,138.49398940918257,0
17.037494525202987,725.3031328332166,0
22.533436234792077,1218.1880444299918,0
20.94621510682282,204.12815809366515,0
17.822047932942723,1936.9810640823584,0
19.182683109101788,1322.4659532320243,0
25.072296396891318,794.6245193493108,0
13.119007067659709,712.4859698128442,0
19.792412000713966,354.4392742228251,0
23.41487175270362,1297.1772968780738,0
21.742256736755394,1123.0151325475913,0
25.17250241880072,815.5663281690817,0
18.47662196159365,466.3435712468367,0
14.780042720976326,580.0987266015749,0
20.920107495343302,1203.99753451464,0
22.982444699605367,153.1777165841799,0
24.349540024333578,59.81682315585424,0
16.941412035624182,1135.5959519755584,0
17.691595331827784,1105.5970236670714,0
26.040735393100363,571.0584864032011,0
24.04594128926601,1764.7663287830096,0
24.32430547078451,2335.1519450556975,0
22.9997110437464,207.39009678480437,0
26.751619028162054,957.7632144105177,0
28.694314002990723,2254.058995099042,0
22.38130340576174,1141.9314786803466,0
18.75156986095294,739.8948378872614,0
20.924169413248705,774.9978013348322,0
22.038608623686343,730.067935587142,0
18.28054550076706,1149.4127482187491,0
21.742230210480898,720.1435610663633,0
23.662836894282634,1025.4706226300937,0
26.050664679209376,910.5020284664373,0
23.677419638633808,629.8546463262777,0
17.92192489079065,502.54262685892394,0
22.999397532145167,235.23435071227362,0
23.547728572747644,1243.731234968875,0
25.58985103809789,624.0258522343378,0
17.913926657040918,541.4239734422903,0
23.484377585517052,1574.7342675935965,0
18.67501554489138,388.5629519831877,0
21.22997459642818,181.2044911098223,0
23.45707680384328,2849.624947459672,0
25.146878111989906,3857.701093704675,0
15.397079616122824,972.1939794730882,0
22.690936581293727,1600.6315432500583,0
19.53819535573325,444.4302923989039,0
26.13146016156236,1270.6320181500655,0
24.800698534647665,2361.5400277089816,0
23.124744478861487,1163.5030776273948,0
23.083088656834207,166.65299311396888,0
25.994794760810066,459.10087674972823,0
26.25420573098313,2031.258695573781,0
18.401336435171288,492.64689236995986,0
25.668067323593903,733.0600775789957,0
17.728140131632472,420.4101756226759,0
22.93800471912732,1216.203217209552,0
22.552205163461224,105.84626048919965,0
26.949387388963032,1431.8113520753127,0
14.316120119448044,1094.344732166503,0
22.20617425706655,1158.3082124602538,0
19.535174578712088,405.5186554801207,0
25.936196899414085,775.8117586385946,0
20.9663410822551,1413.373035193656,0
18.287952409710783,638.2272809755544,0
19.044210883898643,422.68778830883315,0
19.84283558792538,1373.9332675945502,0
23.114932441711403,148.199708015893,0
26.82191874186202,795.6903249037008,0
18.23777518272402,442.76715889689734,0
19.48228155771892,387.58673220989516,0
25.97569368453253,644.5228613924722,0
21.489244362160036,781.4392827462892,0
18.321681674321496,761.7763996135931,0
21.71809893007628,1424.9366417538863,0
19.964706321998904,1292.5341621052962,0
25.294218829826093,1306.6150292765838,0
26.408829807099835,1504.8751242470485,0
10.504397201538097,379.1278794419508,0
16.518245103624167,362.1647104632597,0
20.620561207665332,132.98604712006858,0
26.75290821923147,1006.2541633856039,0
21.271462800767722,2842.157349736665,0
20.57378936180703,764.4861161720495,0
24.297122119721905,1318.8747212302428,0
20.72183648568614,1482.7968895446998,0
17.03840916951492,550.5763299774866,0
22.95115533404885,442.32313037035277,0
27.442995730313385,640.484665335391,0
18.408195908864343,415.1844725024443,0
19.72875291072961,1223.6638337385398,0
19.567178980509425,1013.9179348957281,0
17.786248461405478,678.5461835574846,0
22.343364746608472,744.9566543113928,0
25.66209494272863,653.6869749438505,0
20.976044591267907,1243.1666001689177,0
26.252288945516,804.2041555058698,0
20.722157176335656,1288.0593508493644,0
19.187301413218165,642.4917958688478,0
23.52768526077267,419.0534062695246,0
21.371208445231105,228.3975005161505,0
20.49114718967013,217.45105162379554,0
17.508714365076116,1310.072668642972,0
24.740300114949548,3332.5128525507193,0
14.659152881304465,1235.03622114775,0
17.153075599670387,218.76544952509215,0
18.030555009005354,408.19604396936705,0
23.660148366292333,1276.4437243354064,0
21.975668949551107,183.89783129212668,0
23.50771753360067,1733.885691316102,0
21.723469161987396,151.487667859767,0
21.355288470359085,1440.5194193136435,0
17.686541493733785,1738.1317287695151,0
21.77158158620199,711.9827911269407,0
15.92665860211406,1005.1253445458154,0
15.643384393056238,883.5837960254888,0
17.564546294439424,37.877500803444875,0
23.222063203291498,1483.5847288381797,0
27.566837946573912,1066.9422715913993,0
19.42667922973635,331.6764354717474,0
23.288003412882517,1371.091347933982,0
21.960100746154808,501.58298462745955,0
22.984438400268573,347.04998582718184,0
15.438914354642236,1457.4324347090464,0
23.71539960790568,1585.3993192326766,0
20.320211227734887,2703.4723281872016,0
24.92085011800134,336.7440521728735,0
19.692810312906943,1315.9422919165831,0
17.732794698079488,371.79605364916137,0
19.75803670883181,191.11455679056456,0
19.955853580293194,1320.1368868362647,0
24.911360139113242,1566.784449667905,0
24.646005460951073,2113.075774909232,0
24.425720628102624,3167.998601497386,0
23.451008017857873,94.43404972669889,0
25.671994516584675,773.9872977149229,0
26.38131119410201,1135.573793948863,0
20.972367788244185,1337.516357005809,0
19.50957323710128,168.3621488523226,0
19.271138763427757,368.36117953178695,0
22.20934315787423,1314.1361221682769,0
22.21617999606667,363.6640280496817,0
15.406028027004709,1709.3037039053183,0
20.63136126200368,2032.5840532791358,0
17.52384749192464,452.93462351081183,0
23.38158187866219,1576.4485269796592,0
19.286997958591996,385.694266111825,0
22.911994328218327,2001.5590086590987,0
22.960914345943536,799.9520495545606,0
25.242006619771303,2509.0478070091945,0
25.003865632556767,1766.9248625647765,0
25.545564333597895,1345.3036293399077,0
26.009783935546864,1543.0352322768908,0
24.708666102091513,853.8280546676855,0
18.103592637869042,491.2001498055201,0
22.92291221618649,589.719866217349,0
22.193408160739466,1193.706896902297,0
21.92825330098475,1079.6188905846816,0
22.46939264933269,980.0093069684248,0
25.034434096018458,619.3238690507154,0
22.623216709946178,1726.8363878142577,0
25.876986349196727,1833.7051168095809,0
22.72887859344479,1129.4230639946204,0
26.432698504130087,636.2435117375593,0
19.126410511561858,516.2803947937231,0
20.960955465407608,1276.5817686927062,0
26.82518499692287,1391.894177348588,0
22.7117559750875,1221.0456699144584,0
24.996401458316427,662.1783867490034,0
22.980589460715294,470.6411480915289,0
22.684865411122644,42.87091344711591,0
26.490741397172997,449.3250817072134,0
14.15949282116361,1256.7224659037333,0
23.238413928803936,3727.3853428673488,0
21.23936926523851,180.00566661474517,0
22.999397532145167,235.23435071227362,0
23.940370120424234,2479.2497202765685,0
19.630907710393274,620.692861081336,0
18.90428421288209,333.77065584180167,0
27.048451360066792,860.5115532886724,0
19.45696750217013,1281.7893445503455,0
23.562255954742454,1234.704610706542,0
22.48872224313243,166.40849858639052,0
19.988463126288536,1151.364949346755,0
15.278227742513081,676.9757725310068,0
20.644704119364462,1391.7981654417258,0
23.487270468252746,1383.778546751712,0
17.024028296219683,552.5900058459978,0
20.379188685946986,1335.039478541587,0
23.45716130998403,78.4529827546816,0
26.880602773030603,1533.508856595729,0
26.87673675900413,1054.8490479600173,0
19.245738283793173,1339.5707130443793,0
22.819724082946777,1348.8040126871806,0
26.183495140075706,238.93542289850524,0
25.15072000291616,1977.265608311866,0
21.251349782943805,1309.4650179159385,0
20.006920115153036,1237.4049618851882,0
19.532783126831077,159.543772042964,0
23.016529575983668,1445.7946240913611,0
19.48353996276859,248.6401058745127,0
24.763425885714128,1213.0443982791644,0
24.365665425194607,3093.4791497897845,0
23.263835707165015,1092.9084315907699,0
21.145410610380623,153.08417827007582,0
26.998298263549827,1326.1603534233313,0
23.119770134819873,5852.658533306096,0
20.007996001067,1130.0098121177894,0
18.02616136868795,117.3490777623396,0
20.75355733235682,271.8259364378195,0
24.97535365422567,758.461427689765,0
25.73937377929684,4650.794033707354,0
23.193788703282678,1976.1478610348445,0
22.00513305664066,1680.168450624917,0
22.224651802910728,1414.0570208441954,0
21.306868943713937,80.01801818725873,0
23.249307330449483,191.2871755671244,0
19.1870651668973,305.0414666545134,0
17.415774917602562,808.2266643655042,0
18.699232037862203,1092.5788477074843,0
23.262350749969585,2068.6356581759196,0
26.81329253060477,845.9736153495054,0
26.424706437852706,1242.2356650244933,0
27.19668392605257,1144.1942051064711,0
22.7971175670624,121.63349688169767,0
17.94580880624278,234.06325355288794,0
22.70108502705898,1244.4567203533393,0
16.990970971849265,346.68033644673636,0
17.976740228562164,169.81797367451003,0
20.67927311791317,48.43553230283071,0
27.203082233005148,1375.6842695188266,0
26.908920047901347,891.9021867227297,0
23.515767590204916,124.48883503792096,0
26.63809653388131,833.4951333713274,0
23.96708097746881,159.65484529850295,0
22.228444035848042,316.16378277656844,0
21.218944009145105,365.4937863361578,0
18.933058198293054,405.2885368478041,0
26.428782217843207,523.5163465153913,0
22.927541669209802,176.5750542294722,0
21.67128111521407,1420.5352634203177,0
22.497108554840167,270.367950947259,0
21.38548706902401,75.65973773715307,0
23.596106020609568,2116.3144342612964,0
27.196929691456035,1126.6890026640635,0
20.96252657572427,1261.6168677818519,0
22.630161115858357,1813.8192191731673,0
22.72706056146916,1748.1090098631125,0
20.26067739633413,1742.7352078270656,0
21.20497548845077,490.9858301293593,0
23.654098637898755,599.9869972479086,0
14.176670893916366,700.1119226228933,0
25.701794348822716,1666.9855237018805,0
26.748175239563068,1441.856805981372,0
27.50121009133079,835.0439190876226,0
26.419691834626406,557.6655350637178,0
23.473733662423683,130.86875975248626,0
25.744831127590658,549.6132791053991,0
20.210054086755804,2346.75851538894,0
14.083041268807904,1623.1225065898639,0
22.721206982930482,1042.1005681168776,0
25.039267317454062,1465.2883492421847,0
20.225280936559102,1348.7262845051032,0
25.761744072323836,1319.8164522659522,0
26.0113284840304,2530.5174410354834,0
19.713800557454476,161.16356551763823,0
19.73129708123588,221.7381641280394,0
19.55149411095516,3152.860035003398,0
27.02925222714748,1442.6642701041442,0
20.707301394144736,1288.637858630393,0
14.471923909042857,907.8856565069894,0
22.14134972890224,829.8973634850721,0
26.047645399305623,511.8740282964449,0
22.605855003992758,50.921269507382405,0
22.550258149041042,136.33993715164473,0
12.012379264831566,273.5901519667845,0
14.967219198317764,488.0425415944796,0
16.241316201951804,354.24582734820655,0
26.233696245264127,1161.0667563986522,0
25.72552573945785,692.7525557589273,0
25.829913364757203,1945.5335110437613,0
19.968514661435734,1103.368860484336,0
22.449818351941303,3225.1234211039286,0
24.026620301746277,1300.790880621646,0
27.38152741326229,757.7310249221067,0
25.906678517659486,735.4672037076692,0
23.478044637044263,205.69034740445426,0
11.213122304280603,427.59749740478804,0
20.236614375644308,929.6931073081236,0
14.544489717483543,719.2876905214529,0
20.750225321451808,112.12607547757436,0
23.024523591995262,120.02599686500837,0
20.006953469300868,1897.3900944006186,0
20.853700150383816,1131.7656755459052,0
20.8023844189114,1414.7015556704741,0
26.847982104619348,838.182666153882,0
25.761729176839196,1107.266996802066,0
27.134137407938624,795.7858935010175,0
22.065333996396987,1722.1882648777705,0
19.59866194195223,156.63864165661147,0
18.90505077655496,546.8654565524797,0
21.076725133260084,165.8067002904158,0
24.697833792368613,2108.2983247947436,0
21.864849146207177,1096.8597203504783,0
22.499772008260152,1684.623141587947,0
26.319064712524437,911.7849029612283,0
25.8198642383922,940.2337938558798,0
20.192645764350914,1851.6871154319983,0
20.10011383036465,684.6596904110651,0
17.806036885579488,32.219906152461064,0
20.244590922764417,333.14023986575415,0
26.000234434339745,1184.4141528022033,0
21.004996914333788,1977.8935916733485,0
17.693794716729087,695.5305643391351,0
15.170465469360352,978.163515032504,0
21.94348989416062,751.0549843322973,0
22.46815897623702,157.38034695503524,0
21.223940229415916,228.18715572473815,0
22.97682289547396,175.67795962211898,0
17.90814369201661,1307.7926531445723,0
23.82308381398525,1715.095848591302,0
25.897657603309312,2549.0570411097747,0
22.21571311950686,152.96276360866835,0
20.761394675572717,1473.4365761291724,0
26.819744523366353,1049.174134434436,0
20.133223787943564,158.29495787737181,0
20.25931085439828,2131.670464576457,0
27.008756319681822,773.8520771276693,0
24.105408896340236,1413.9498703193408,0
20.7308640979586,194.79223415372184,0
20.109494304657005,30.02814650652219,0
27.19668392605257,1144.1942051064711,0
22.009451625965312,1418.6118140828353,0
18.921357515123134,580.1461197447519,0
24.0518027835422,193.0133074533682,0
27.007961739434165,741.1533750605325,0
25.972989614804646,639.3547363590936,0
22.163850402832054,267.10888072964957,0
25.702923456827875,2088.103567064975,0
17.47626275562112,353.5973288130503,0
21.69796997352887,744.2517437052469,0
19.160263236363733,1415.7036364090186,0
24.394414838155114,122.69265651819516,0
22.490108108520474,1376.2761697184783,0
26.159228294774096,1444.4678209733706,0
22.397375149197046,175.6362363707762,0
23.56792805989585,1090.587911010955,0
19.352278990215723,1122.168835998748,0
26.56700453758242,1132.528626174901,0
16.498670832316122,267.40543246385863,0
20.278436517715534,215.1424817752581,0
25.701956876118913,789.0660993766527,0
15.688678493834345,1589.6600976598006,0
25.063794477058195,1370.8107776951533,0
21.341771856943808,1137.9372447740775,0
17.399584108240447,770.1128095400076,0
24.563215192159078,1182.9229377221804,0
17.466657529558518,244.63979229447654,0
23.924905904134107,71.67776748654653,0
27.129687182108626,824.627444894288,0
21.243478322912154,1186.8471249949675,0
27.773959822881864,1279.3186314415675,0
13.738598362604762,306.6954322170954,0
19.69394673947943,2071.209289879773,0
21.625483608245872,1735.4160927247744,0
21.765166473388717,1127.9745072138053,0
24.250828594631628,512.5719875108938,0
22.758820427788635,2367.762685568307,0
12.996423657735193,1172.0489606272918,0
26.041439988878096,2036.218044162963,0
27.884838358561183,1606.798399986003,0
19.450912094116234,253.79484221455863,0
20.977744129725863,1363.918182255004,0
25.151656723022484,1457.5045153510314,0
21.47935108608675,171.36469930527022,0
25.1280058542888,773.3349882077913,0
20.209272921526917,773.0950087320547,0
22.016472540961388,1165.3215557348472,0
22.016086196899437,1338.2833719265204,0
22.488112942377768,1367.2635376465064,0
20.787928994496667,1414.532539249633,0
21.21617349695282,1299.9515503656608,0
20.24451535542812,1178.585742415164,0
21.45247976129707,224.64761957642844,0
18.427264785766624,332.49891251442244,0
26.409089660644497,516.6232556116323,0
21.432367261250874,1078.936138005231,0
22.447255979265492,1273.190994561885,0
19.02125854492192,395.7728415739279,0
22.869119262695335,2451.89075991628,0
17.73077273513337,298.26397523400595,0
15.59106544677661,981.7074805509786,0
22.726360448201547,1314.2625436198455,0
20.688578287760492,1386.0936805617553,0
22.718552750232163,1469.147746266101,0
23.231931032453303,883.9731633674841,0
22.977326995607427,343.4066891681891,0
24.415777969360363,420.03661468741706,0
21.96964729097158,1422.0302745711547,0
27.088523356119822,2356.6991247248393,0
20.302283382415794,146.19266688940337,0
24.10885359446206,156.2677294027548,0
17.160251951217674,1015.4348209511976,0
24.961006328037854,4254.83471229789,0
26.460192758065773,2367.5525233161193,0
16.283697100038864,334.5538273465376,0
20.716215133666992,1285.6760218751174,0
17.950205353328215,758.8413327944021,0
19.19451703230544,1071.219109745,0
23.314256366093957,1908.6727879953128,0
19.383431146659063,1749.2826402199012,0
21.984724299112997,1301.9234657299262,0
22.984074290593526,878.0865415942411,0
27.56991499265041,1650.9306959819537,0
25.198460197448753,78.25347110745717,0
20.790029780069972,48.18038344499875,0
22.503694690802206,647.1757560980062,0
25.303479272347886,2159.3368843209487,0
17.900891452365443,418.26197207090667,0
26.103825373119776,858.6883105349283,0
21.97364188830062,1369.9923351418715,0
23.744140815734852,162.11494878051093,0
24.989038827684226,879.694548250411,0
28.32027021465882,1976.8716551375132,0
26.630665150395203,756.46492913482,0
18.718125756581628,1237.5630185019713,0
22.627446746826195,1892.6439069223147,0
22.99635276794436,174.1597585391741,0
25.926941871643066,2857.755728812192,0
26.708014522454675,424.2769747984152,0
22.864724318186404,844.3386748444776,0
27.69222687615286,637.0254911493997,0
20.474490992228198,1255.4704517137748,0
20.3834858394805,264.1083829116564,0
15.790024375915607,1137.5951625418406,0
22.464027924007894,1262.7349764120322,0
20.553686014811205,161.98331937310508,0
22.47853233902549,1430.2811816346389,0
22.15092911493207,78.72436642763425,0
19.211480792363545,232.3727577936392,0
17.221880849202535,352.1328985702734,0
23.376748240435575,1362.755243481372,0
20.02196520169582,191.94630608079245,0
20.281794993082713,847.4295035016279,0
24.982218385354088,111.36291623232175,0
25.69833618446637,484.26840901491454,0
21.978765741984034,649.7229307901601,0
21.734057839711568,145.11006400105765,0
21.182572619120265,1098.895069957946,0
25.474477159409332,718.3426886808614,0
23.699739646911667,1456.3842907559615,0
23.006764348348042,1323.8753199588996,0
20.94202030726842,678.5915873956423,0
21.421094195048,810.5599924933653,0
19.400705379909937,552.9426381003599,0
24.63045439108828,1621.570856125329,0
25.64792676653184,2931.2287427496653,0
17.29491158591378,574.7911229741316,0
20.598147101629365,56.271605939839375,0
22.2628228293525,153.73586937901786,0
18.466661889212503,438.6498786520701,0
16.74620923995974,267.03265756485274,0
24.802778540717213,1424.463697524045,0
24.38380021594827,1316.738941521619,0
21.69022356669109,1187.4286316346866,0
23.30957438151046,55.8106273424368,0
22.50318245357937,1363.807943464492,0
25.035110346476245,155.46273887274077,0
22.483625030517544,130.29671907541564,0
21.631009112464028,146.40535861370375,0
26.62598673502606,727.744356543992,0
20.2313089224009,714.8960910749178,0
22.277961349487327,169.09829601762107,0
19.93496665954592,788.4416438650827,0
23.25445504365149,1174.3527546536666,0
19.008241653442383,1341.0406976949912,0
25.48043073018397,660.897654296134,0
19.71014620463052,1130.0985112797957,0
23.816169754664145,1038.3169732999545,0
22.07312704722085,442.100011558507,0
19.78483119540749,62.17774078366567,0
21.224416775173665,1143.2467147719603,0
21.264011001586937,58.914114536021245,0
23.508789422777,560.7077747595052,0
17.664355850219692,487.726961077426,0
24.040041065216087,1324.915607274745,0
24.630829356266986,652.5803551089506,0
26.17030503791682,1765.5102245521289,0
21.47528247833253,314.89926651236823,0
24.54958208121508,1155.7944573473674,0
21.7458391613431,175.88557005045226,0
23.150758815947086,118.39655861375142,0
26.52218473222524,3087.222342194293,0
27.36938056945803,1229.335886241172,0
18.711981462549318,883.8625483226518,0
14.310498174031636,595.1810486626367,0
23.347470568096867,1026.226189733718,0
23.7794009435745,1260.0489676010352,0
17.57097002665205,1350.6288722169143,0
18.95909207661947,3305.464149267648,0
21.66834814283584,81.29102438804914,0
22.803238296508823,174.25432875869086,0
21.967451180352157,801.6456261288862,0
21.94725116548085,1177.4341806781035,0
19.974408156783568,243.8626483094435,0
21.462321853637718,134.54064801451972,0
22.597203513554177,249.1657070827227,0
26.627594884236714,1157.3336690675956,0
19.352677168164973,1362.9294604074698,0
14.842216809590695,246.28196731326392,0
26.762705739339196,1240.0225147616607,0
17.663192049662257,635.6762394320707,0
26.67623672485354,1240.3474383067828,0
21.80554137229916,1263.3409917366248,0
20.740126228332542,470.36399021861365,0
26.092625236511253,1998.551663757537,0
21.881150040803163,829.8576481652002,0
19.954148669120627,1146.7352814984065,0
23.503635660807277,1140.5167773377639,0
23.29230790957058,1371.5508438658458,0
19.40972735087081,1222.8232145321113,0
19.794331910875144,797.9826450359564,0
28.147521417791154,1851.4013111603003,0
21.348434946272164,214.7067643713694,0
18.955401674906454,297.9426726710539,0
23.81174971262618,74.44846704718877,0
19.235625394185377,1334.4706490647536,0
23.990098412831628,1397.5759863865119,0
20.882908821105957,745.1621077966432,0
21.686310704549157,1412.9533439886313,0
19.035358974668725,1263.420303167079,0
24.343663724263536,79.39984351513196,0
19.963461176554404,1092.8441703331214,0
18.91642599105836,375.3631867480021,0
21.996066806934493,1426.977959276412,0
21.707403628031443,1339.7786065947753,0
18.823713116768147,1559.6699908387404,0
25.489131159022293,475.01142770168593,0
24.743124262491847,81.79013133165647,0
20.703740056355798,1332.7761635195952,0
17.192441749572765,1579.0662735712272,0
24.75149284544443,790.0726392876844,0
24.490992959340474,1387.7602785837394,0
19.57489762079149,1307.461936773036,0
19.744132486979197,1369.3754270684462,0
17.030249743991476,171.74166143057158,0
25.913230991363548,327.6516094815474,0
21.992403012230284,1452.5815963756781,0
25.866335127088746,4059.872411937688,0
24.474159848248576,1153.047245742057,0
26.255082808600548,872.5721843552332,0
15.2978123982748,694.1582530748586,0
26.63422228495284,987.8242097806673,0
19.470995385306253,1340.0698795926314,0
26.731996255171907,437.73102462408355,0
15.427827453613304,254.80206757900527,0
25.251250486020695,72.14369326946546,0
23.381716187795064,82.1669071924429,0
22.3646225293478,88.90252262470533,0
25.516301636468768,331.85992464539817,0
16.94080823262533,287.9484005284052,0
25.253770022922083,2516.352285445903,0
27.131804402669275,796.5682156395654,0
20.283644612630212,413.5715782654028,0
20.446231178001142,1712.149497867797,0
21.989460139804407,3417.4677290034037,0
23.98276452488375,759.3206845235567,0
21.70575572649642,1109.5742180955153,0
18.998023393419032,245.18518969533255,0
18.976162015474756,1346.116636694644,0
15.432723617553734,227.23705023643782,0
13.874027294582788,314.844631404851,0
21.975951696325296,1395.1535344135505,0
17.786354377052987,324.9901987623911,0
17.161655178404658,693.1775778543691,0
20.59093235261514,1287.3235315096122,0
27.576268323262525,748.7087108206491,0
16.863724090939513,357.31770545360854,0
18.972410448082655,1726.9357860100013,0
14.451098590427023,272.29914143798163,0
22.474765014648483,226.98190137860587,0
21.46627269926529,1220.9477618348342,0
13.752566562999391,1191.9554218661528,0
21.159107743776758,877.9623031627874,0
22.304576068454367,532.914546133254,0
19.027995681762718,166.47992357728293,0
26.110106969762796,3092.083574087594,0
22.93303467432662,1325.6833598029357,0
26.13112893634377,883.241888881896,0
16.03898614247646,630.2748627972345,0
23.212688191731786,126.27252638456632,0
20.481972984031415,1275.1404911291343,0
22.914142370224,967.344415189002,0
17.966563524518733,293.54925528285315,0
25.985201406478893,261.07391417143157,0
25.62919324239101,1101.4382436883193,0
23.498962338765466,519.9998140346746,0
24.77701318528915,74.07843768713285,0
27.12901967366537,1450.0287108134967,0
25.450385745366418,1787.102815510009,0
19.78556764390737,148.3290351938944,0
25.809214528401753,852.2631719720106,0
16.900922535083964,824.158971012805,0
23.016529575983668,1445.7946240913611,0
28.075321050275818,1809.1099120688182,0
23.960380737869798,831.454907358859,0
21.65474948883059,38.41616287944127,0
22.26274634997054,164.70800787327101,0
19.60395877777586,462.4457478534918,0
21.980441877577107,1278.4712061297637,0
26.067199354460797,1738.7520864617568,0
25.805536802609822,2900.070817024682,0
24.65188005012385,1034.2647776019317,0
17.475097274780296,333.36545229074767,0
21.477308890933102,1223.674458266471,0
19.04403680165609,376.92131549236586,0
20.09911573821421,802.9908098292093,0
22.45938439545813,1341.0013586294394,0
18.65531465439568,62.72640898940374,0
21.719113604227744,1125.432220102523,0
20.96803746223452,1129.8052787792426,0
19.291106342134015,351.1145159613829,0
22.2196875395598,1114.4984260213118,0
17.90794546339248,474.29854124901107,0
17.29514157221871,1111.3771915447455,0
21.74109447267324,1125.6549514841777,0
22.80055050320101,218.14159378526023,0
24.4562550544739,100.4191122960787,0
20.88541429837551,2521.5308934461814,0
13.489120483398438,220.4271152627211,0
21.23154305352108,787.9178158950548,0
21.75559346748122,1410.1212143909675,0
26.38872383965395,808.9183203887682,0
24.15069075690377,410.1928778004389,0
24.130708185831736,712.9976868641119,0
14.94610663519967,547.6298674952726,0
26.643802155388755,1817.9225295793754,0
21.52246701982284,1436.909113825534,0
21.108323139614527,1128.4252747904998,0
23.640020147959376,71.24701961991597,0
15.410912344190876,398.6707746994238,0
26.01701695124308,832.8143216681223,0
22.59838024401199,1617.55066067097,0
26.01254446241586,2146.779798717473,0
20.96979269981381,1136.9782730948668,0
23.53014568752718,94.7941884410124,0
25.639290675410507,1195.1373562228423,0
25.48045908610021,633.346472681735,0
21.00629717508957,767.4981400382261,0
25.490801394427308,366.4856746804457,0
18.27979296931511,467.54331588861754,0
20.320154698689805,704.6447999787073,0
18.62505354447802,815.4627986263971,0
20.980394890194873,1349.3616253149253,0
26.267298740810872,1295.545016230319,0
25.04807427724205,1841.193546355937,0
26.81742969354002,1477.4088382732612,0
22.976646465725366,1459.9987313163024,0
23.644455351652994,4826.101084054682,0
23.0226875305176,451.2663863610964,0
22.833499463399278,732.080098987792,0
23.43471603393556,976.3356864464025,0
22.729865752326077,1037.639376522277,0
22.50427126203266,664.7952094685774,0
25.412068009987877,1193.0735081445914,0
22.51260092599051,1576.5745721769076,0
20.98176879882817,1424.802821875785,0
23.101127391391287,1482.7936783444625,0
26.09331792195644,874.4806505751352,0
12.695563747264714,1132.2486817848426,0
15.788115346999405,531.0528546583395,0
21.458823580619594,396.0629932594042,0
26.744643338521314,351.5731886040907,0
26.140815304487205,822.6558573555689,0
20.47970441182457,1239.5716652285796,0
18.634500188994934,1123.086285592292,0
21.2551946912493,1635.7835315179568,0
22.249148146311484,1321.554017068122,0
22.27968922569636,830.9892013680677,0
25.70708207350515,458.6124539386969,0
19.818210644192163,166.42400324461272,0
25.53232208643209,1166.6707515728217,0
15.790325101216695,322.4894598138075,0
21.57032737731936,143.24735179660132,0
17.685160319010436,189.43451047060302,0
22.19549762584552,1363.116775454257,0
24.90174001057943,3408.662919701312,0
15.62754778101828,1643.9150094997626,0
26.03785357475283,528.3498995017748,0
27.161356226603175,2272.480767966483,0
23.617534097035787,157.2733938705664,0
25.814002609252952,287.0072394621115,0
26.203739304976068,372.30129987118056,0
15.62943563461306,428.15934941289237,0
14.910325145721458,796.2788872432451,0
19.04205255861632,395.9503293049078,0
24.453080113728902,1143.1412443530303,0
19.13096453348794,1154.6009451162558,0
14.310498174031636,595.1810486626367,0
18.549793370564828,1224.3171416234713,0
21.97014439900721,1202.695165575717,0
21.965014606052023,1371.8208938848716,0
23.172915522257483,437.02116683242133,0
21.84198521154906,1321.0747063171607,0
21.970852435076722,1394.4047212612372,0
18.221429761250874,214.06437531230262,0
22.26737230618795,1301.163394750331,0
27.01689981733051,914.8607186984758,0
24.702514511499658,980.5123701703291,0
23.505310857863662,1616.5697470319014,0
21.972630090424616,1331.9418102514487,0
24.721830804007425,449.34738129494,0
19.2460626390245,1244.0953634690982,0
16.78398079039556,990.9015230846147,0
23.05774688720703,230.77807277557662,0
21.23975065725824,193.19624900934508,0
19.74257544562937,172.5583307456713,0
21.491618410746298,276.2328095745783,0
27.194956542506418,1527.0987942826491,0
21.44340148501925,270.24569809553435,0
22.31970378991332,1576.6152448963862,0
24.746719296773335,59.00446772692014,0
20.18603265550405,75.10208040592481,0
23.294794700259274,27.43350416538526,0
21.256535784403468,1298.1053188454848,0
22.598604456583644,1360.729400814746,0
19.776639795303367,1334.1279782366496,0
17.253084564209075,1434.840348364089,0
22.58470751444503,78.47490608808805,0
21.6940664927165,1425.8531712007266,0
21.18463427225754,1241.847370566104,0
26.386938428878807,1078.3476725232345,0
25.425071788969547,2475.019675494407,0
22.29713317023385,133.83454904076865,0
23.826354735238226,2463.729594649051,0
25.361929020737193,2495.1047718536597,0
21.471820211410545,1313.8812676083785,0
15.996961339314794,1381.9848977040988,0
24.188088080996522,2450.431559981082,0
24.305450296402,2015.6984038662654,0
22.839996189541353,131.9360144448023,0
18.416144454173548,566.9917285454015,0
20.73617995933256,1458.6801126610976,0
22.492014730544327,728.1818136584501,0
24.15854060433128,2083.7760351609927,0
19.50703105926516,245.3921481978636,0
23.6763720194499,888.0747452389936,0
18.348719755808588,178.0844412755709,0
17.8261183189623,887.9164651047926,0
28.00021964831234,1475.6503522407752,0
23.757658168247815,103.71543169138242,0
23.03805701644336,309.5366552483778,0
21.43684327867294,1299.3483886134368,0
23.99075953165692,123.52798581239988,0
27.69350576854896,2134.591688216899,0
13.336402511596702,884.6273913991193,0
17.638801556541807,1023.5022574674825,0
20.206779813766502,165.15204385039618,0
20.58837033907571,2056.0550473642093,0
26.72358943621316,789.0890657913427,0
23.473733662423683,130.86875975248626,0
26.478049638536277,341.39743894455245,0
26.351928919837633,931.0537509631853,0
14.519365988837421,345.911276341651,0
23.73793320126009,832.1410983812551,0
17.772835032145224,371.03604972479155,0
22.206524149576808,1219.4057598721724,0
23.796303844451927,127.10493505117704,0
27.196859886532764,710.4947388183813,0
21.98668417319277,2082.9313665640097,0
21.116542593638144,1506.099403650735,0
14.808076318105066,789.745964856122,0
25.761744072323836,1319.8164522659522,0
27.006598981221487,817.852728815053,0
22.053038692474388,417.3219211411219,0
22.73193519027143,1343.6802819382888,0
25.913784599304222,755.3655773412924,0
19.325278169680928,1554.0310710680228,0
24.300656175613483,4334.307581932519,0
22.726360448201547,1314.2625436198455,0
20.970607164170985,318.15514415619185,0
24.700236159104634,933.3130538475256,0
24.72110862731938,116.11584276077558,0
19.26561656528048,1222.6909518253547,0
21.492801682154322,1331.8035721790534,0
21.161184292747862,293.03632751223853,0
22.83186794916793,1303.7912704062205,0
20.727846956253074,252.51505971071532,0
25.436143493652366,70.56238949415494,0
23.530408795674646,1133.4855452191573,0
23.29417169358993,1071.4964538824302,0
26.44564034144082,855.2437804651003,0
19.90145422617593,141.61647185799887,0
26.126448105320833,803.0133925389986,0
10.507184998194418,464.73475992796233,0
22.223853365580283,1243.4689372789603,0
21.11644692156051,616.6660718631487,0
23.25033079076701,1881.557390840028,0
25.857701030483952,1708.5150711250049,0
16.760442352294945,332.6610408735018,0
13.919816462198924,810.7830218982439,0
22.228777949015296,1323.3055368077498,0
17.51424369812014,1395.2579021465522,0
22.963461282518153,341.96560904500296,0
23.916277631123876,781.7360579979162,0
19.46546344757087,1293.4417396795493,0
22.320572880336215,1515.2984268975001,0
15.281865586174888,379.63575199363044,0
22.419898287455283,42.299204320881856,0
24.270204639434837,381.6372089099627,0
23.008016250247067,1378.2184988271933,0
23.93756478627523,405.96005395171454,0
23.210940085516995,657.596763969634,0
17.285084025065146,520.4520121228437,0
26.376780330773556,854.5408554386835,0
25.04703841209414,1283.5490040492755,0
12.664419428507472,455.6989863526564,0
19.671557442347194,300.3262102615576,0
19.138213411967,422.4268428992968,0
22.509767892625632,268.95935908076575,0
27.62045583724978,623.9295497548322,0
21.93208474658792,506.52566254255584,0
25.80484775967068,1213.0548253667098,0
21.477478440602624,192.9470047366362,0
27.751504770914778,1513.415598125432,0
25.949311987558985,1924.526155741189,0
23.98272234598801,603.6376401793699,0
26.744643338521314,351.5731886040907,0
20.667061106363974,615.3547026228647,0
17.061177571614564,625.2383522701006,0
17.496577119827293,324.05597418663314,0
24.993007715543115,419.6237370383482,0
23.187935638427746,1965.3935402643424,0
22.964465713501,117.60746762273122,0
22.42102296866625,293.58682483551314,0
23.011742740207296,178.42115163919738,0
19.525949308607323,41.25692397472669,0
24.671263186136912,339.0757486235838,0
23.71721854739718,870.2877506625395,0
20.55598602294924,692.1391196560602,0
24.467564448603866,1075.1391544949752,0
27.147352508262315,1223.7734094273787,0
21.09883201387197,1151.7725780617934,0
22.735701179504474,1084.3647763144713,0
20.7308640979586,194.79223415372184,0
26.26693515777589,2497.101289035056,0
27.233308183579254,444.754716755126,0
19.911353865123885,1031.3924372207862,0
22.74266444697531,425.2363935124617,0
21.24000180562342,1186.923769117568,0
14.782506041093313,2291.1550335597735,0
20.969290611960673,1349.0703150641662,0
17.13195426577613,1014.2875991773348,0
20.965358897617932,194.6678429853659,0
20.22852986653652,143.6835981917124,0
26.93169186909995,1920.4679101717215,0
24.289856574648866,1328.5179182898742,0
19.75818177329171,247.92497679707816,0
26.689239544338648,894.1405162226896,0
24.960876950350723,102.21585705992986,0
23.689325240164123,1381.0874938976508,0
21.14726600646975,1392.3224180948478,0
24.054210154215525,3296.1315073084575,0
26.3660270055135,371.9000488531332,0
24.15467020670576,153.4105137002211,0
20.32690569559736,1741.7880341422301,0
19.819922614820143,829.4176131498556,0
24.010129388173425,2007.9358823609095,0
17.754327490390892,3450.3783218574267,0
19.528714752197345,549.2820411932211,0
18.75156986095294,739.8948378872614,0
26.465896719473335,301.8094345938902,0
23.973049340559896,1852.758482844804,0
21.472854709625267,132.9286180448275,0
20.412737401326524,333.3384923648577,0
23.993956581751547,1006.0252219450216,0
26.889991908603236,894.532256574605,0
26.98779014196151,449.02707338449767,0
17.695862706502282,369.41232979414275,0
16.345294636260235,799.389769138072,0
18.026530686635795,705.0182454299669,0
22.533525902884378,1192.775578052972,0
25.601559135960656,1748.6105978500586,0
21.9730167388916,126.90372094628621,0
20.7326700846354,143.22662428138068,0
24.844922637939476,171.89005464432051,0
23.22110702196761,1047.8810116660338,0
22.58752683452053,187.21997067448905,0
22.649460150978825,65.69437384722043,0
15.685475762685144,194.6273565304022,0
12.801499684651674,384.5646761369448,0
22.166340128580714,1345.0448408734542,0
26.396466191609704,860.7280112814645,0
20.723492431640636,1348.7059071671706,0
23.050316905975365,185.48620566842368,0
26.394037712944908,3080.734555424426,0
22.960916410173695,692.8106889140348,0
21.10183172225959,190.45311659691146,0
19.503436313975897,966.1405317496996,0
19.97030328114829,299.72912073252013,0
27.138546827104335,1307.1086600434523,0
26.309123187594935,1342.040535808776,0
26.95300645374124,829.8007406306009,0
23.389105309380454,1172.1550419938308,0
19.416445986429835,161.53247356531432,0
26.450654602050804,823.7534731638174,0
27.441532495286708,1122.950398178075,0
16.94539863041473,1275.2602592122298,0
20.172154817127137,406.9441638898592,0
21.761965617427165,1136.6252794873458,0
23.215783108605308,1656.5825834882003,0
16.408773271965288,256.73275143024733,0
25.82285597664969,894.7434470069151,0
26.54317552778457,539.8399129521589,0
19.695055262247763,775.4889361572008,0
19.53078867594411,681.8497449171285,0
23.176327460152777,170.46361118671706,0
22.28562008085703,1394.989733399127,0
22.30398871103921,1362.852339447711,0
19.64290310541793,279.06522974488547,0
17.562683359781886,504.85321581480315,0
19.73786407753272,215.45983925578406,0
22.107513607872875,209.96889174101165,0
26.156334248295536,582.6681897055845,0
21.734181001451248,1446.053941549037,0
21.80172062626599,268.61277669784835,0
18.910804309267007,506.67389556882193,0
21.90526517232263,380.126961321805,0
21.177980908480606,501.21797323343566,0
21.511526785956505,793.6106629681329,0
25.613672086927693,2128.30320820329,0
22.720130039396793,1297.5212454807502,0
22.45695981979378,121.51315510389615,0
21.744083931332625,440.4123358440142,0
22.555813725789392,79.78681177017499,0
26.262820498148642,1162.5032469641906,0
22.31547207687845,1705.6057609629374,0
21.576689438592837,761.1981600534658,0
19.792763773600313,399.43486899254134,0
19.549756113688204,54.112658650849355,0
21.22194609642031,1289.1082212340575,0
23.546680492824976,1063.3952066313964,0
22.198963237944156,119.74628716823865,0
21.286509874131923,74.05004724976827,0
26.68541448911037,1245.7088015985232,0
21.964133580525754,1311.12334579346,0
16.904203396751825,519.2903399479131,0
21.60327616267739,1244.3530380737525,0
22.62124842007961,981.0328789067011,0
19.721469624837255,1374.2794886243087,0
27.16305316289271,1086.0190138232451,0
24.70464570016577,697.0013275754194,0
26.752439400001833,764.7328980278711,0
21.70917525821261,1106.3825458299857,0
15.533180854434079,367.58541017887404,0
20.501909934149865,944.7978593420725,0
20.984615761893167,1382.0081695925933,0
24.964587057204483,789.5003825437765,0
20.70877903302511,199.5266906928759,0
22.920048268636037,993.7571257364492,0
17.672283918207427,911.9829654705267,0
23.29230790957058,1371.5508438658458,0
22.747205193837488,221.5482562792044,0
21.6907309850057,838.2255442452173,0
22.688112170879663,2386.0676817607623,0
22.840623962999643,764.8244582128267,0
25.79926622178823,2423.3796641242247,0
21.793752050399803,492.3144809913378,0
15.851783979856066,1653.454796225999,0
22.010719500647667,378.2180480670672,0
27.015182113647484,895.8331130456667,0
27.218372917175316,470.7192152750235,0
14.565226208722152,1046.5270027529937,0
26.20436013539637,2358.0971963715297,0
23.971359761556016,853.4005329024534,0
26.7536532508002,1198.2410073291999,0
17.982112503051724,420.63776478287986,0
14.468303378423059,383.3229213964682,0
20.728148760114436,311.050441862319,0
22.62139101272976,1556.1763502669078,0
18.288533994886677,922.9654379200678,0
19.128168890211384,1671.2391756486636,0
22.6823554992676,1141.7759105574828,0
20.3237728834153,835.6231607508402,0
21.541921997070347,719.7214484226446,0
25.47368194262185,68.68277192232419,0
18.170731299264105,364.06182199833205,0
15.118934885660849,451.2607835244875,0
22.279386774698878,1107.881230117057,0
21.69239523145893,1308.8591963064414,0
25.264093017578148,2419.434838743184,0
22.963542845754944,1470.821996034358,0
23.31153577168783,124.39298704383184,0
26.05316322644552,1806.2753535818797,0
15.513658777872763,396.6910436761122,0
19.292497137821044,677.6533730339746,0
25.610812759399437,1116.593618692134,0
16.20741170247402,233.75082835671714,0
22.241812801361107,241.87301546451857,0
21.90330022176107,249.09168183920195,0
22.40383078257247,1151.0030895483237,0
24.818794999299257,1654.4525705289584,0
18.38467187427341,94.08061280963231,0
20.23558912277224,165.32002091524413,0
18.414923848861292,796.3531732570867,0
23.19401842753092,2383.632697911237,0
24.175067247663264,79.52701747534086,0
23.801564661661814,105.83019703743268,0
25.423836898803756,40.43619036791135,0
23.744031763076805,107.74577111122419,0
23.53172476026748,31.430498511765492,0
22.200971279722296,150.68468898651412,0
24.800698534647665,2361.5400277089816,0
24.635655241746235,998.039618880723,0
20.4995731495045,1086.911161245082,0
21.971670231674693,1268.6961561453086,0
25.434579987959467,1264.235962928508,0
24.397428766886378,3211.0273584735137,0
23.00913174947101,1138.0456507217627,0
22.483761088053427,1379.0334731352073,0
22.718004480997763,179.91130873677542,0
16.036252276102744,385.9835535299521,0
18.453718984694717,97.71544188377668,0
21.0342258090065,131.04748427984526,0
17.780831379360677,1488.4285189223033,0
25.039940253893576,3122.3376922321063,0
20.740383005142235,1237.5537425291282,0
16.529308446248365,769.5945322525243,0
23.208783086140954,1378.5124763858062,0
16.03491458892819,515.6519457709531,0
21.216932187761643,1442.8522929560881,0
21.222976303100552,144.90056857583335,0
25.813303248087607,2364.437208325837,0
22.631253433227585,1141.051803530429,0
21.445736821492574,1225.0035673391562,0
25.26557081540426,1145.1603777718287,0
23.193788703282678,1976.1478610348445,0
22.993004353841172,1483.8397473108512,0
22.930617162916406,3715.861358494733,0
24.28659655253091,1351.9166827213508,0
25.49459527333579,627.3090288054685,0
26.16668315614976,1961.105373502944,0
20.093763192494748,1224.097673596118,0
18.992347017924033,264.2730444681387,0
26.467094802856536,402.47669518110564,0
22.969528876410607,1121.6927364480239,0
25.16063359578453,868.3767028164606,0
23.20776551564535,992.3261374246816,0
16.978200381142756,393.8596442353468,0
16.983758544921898,259.5210269105177,0
19.457523838679037,1428.2858416449767,0
27.322666422526083,1284.3550190341216,0
24.50293121337893,1888.6012181651336,0
19.94419854482021,1249.9802753340941,0
22.03863064448035,1015.3467886161546,0
23.816945139566997,1946.0076510917884,0
21.648733817206505,115.12339934823324,0
24.777984158198024,1278.320868314479,0
18.03277733414268,1121.1566746246558,0
20.642537053426167,62.519230694745076,0
17.898565365019294,442.2908619057875,0
24.297085221608484,3347.3322026443225,0
26.440183003743527,301.3027839374285,0
21.106951222596308,1309.0053357195598,0
22.960655148824117,1334.623654187892,0
21.431228114940495,2298.0343967687827,0
17.627053038279257,277.6955448102694,0
18.997092262903834,197.85263836500457,0
24.90878690083821,1463.6434175085765,0
17.918874279657985,467.90034771082213,0
24.245750257704003,142.18311831471732,0
22.583808596928975,4511.869844795439,0
20.97043840457235,1135.031514615987,0
27.50633953942196,1099.7059613477927,0
23.9296912965321,202.22951918957045,0
17.00086902271613,1663.3349515509349,0
19.357393795705036,672.2207412135343,0
23.674475367863977,137.88579851505568,0
20.94450725480624,1671.1961410951358,0
21.41586201985683,29.01471853372861,0
20.93878762381422,1157.2336897265654,0
24.464048004150413,127.48072371003438,0
24.966596075204734,969.9472904216985,0
26.016800498962425,884.9193088721971,0
26.529795872081365,1473.9941962074977,0
22.46955713342743,905.5063545715551,0
24.699877221243753,74.04212728259374,0
24.905640356881293,578.148473800395,0
20.291206783718508,702.1944232296686,0
22.246561384201016,699.3790909659605,0
26.380345810784263,968.0718489002924,0
21.490974760055565,1289.4858166587096,0
26.754725937616286,1171.1411558103305,0
13.937311744689964,1385.9162598860007,0
21.720564213505554,430.22082448122313,0
20.69384028116866,1106.9309830677253,0
16.407696554395898,681.870632619832,0
22.09907695060167,1399.9656930577498,0
18.41572691599538,481.4778015029173,0
17.465702674502438,341.7143493902426,0
22.90824152628585,1134.444256128047,0
27.03034927933311,1381.5509349119407,0
25.660272353036078,661.8096351635198,0
23.206985785744394,1494.5152372133475,0
18.914605147750365,74.76662919041921,0
24.057073120843825,1710.1036764693004,0
21.29979370964901,1090.9124359500152,0
21.273558680216524,1143.614520133708,0
19.48894424438481,1268.9285174023848,0
21.72906010945644,1267.3192441475135,0
26.252288945516,804.2041555058698,0
15.989095306396507,258.69769677636435,0
15.586979475727844,398.73558730003646,0
26.159789541995906,531.5174840402345,0
25.36576850527814,2521.789160371993,0
19.994237412346763,1395.6860721122962,0
20.905572986602806,164.91445601103118,0
20.00187825096981,194.6489445876818,0
21.40382568117178,1813.1632141780597,0
22.04168535868331,182.9580634844046,0
18.939981396993005,235.57434678194335,0
21.02755050659181,1112.884116173957,0
25.536650240862855,783.7738215934972,0
21.446669197082542,1127.3925647151214,0
23.449608898162865,3016.601205618356,0
26.98838047451443,426.2311503302794,0
20.214364987327997,1099.2420956504088,0
26.663835885789695,518.0908262741308,0
21.590142080519,1034.1455981147033,0
21.92139099968807,56.71246051904966,0
23.360090563032372,35.59786528465558,0
20.82262397342265,1092.7139863383513,0
23.8645770178901,1624.662265927766,0
26.02645279566451,647.7142021071653,0
26.626629220871678,873.7078502785902,0
16.272259330749534,752.3022897553186,0
21.681873130798408,1406.8008109938842,0
22.38376561119452,1258.2979209732753,0
21.952178637186705,580.1188878726701,0
26.425928864655702,356.28811717150023,0
23.945802519056485,1295.406219364379,0
17.12939981884432,935.4219183337431,0
24.007012576148668,107.39940852043439,0
22.733757838496444,1148.284246028636,0
21.344684713858157,1356.5413251530867,0
21.00714364581637,1303.6273762595397,0
19.726940515306296,331.7319497477751,0
23.230777500293925,1335.9371766459685,0
26.728728084075158,438.6743128311377,0
24.39869455279728,29.81992513057996,0
23.67917340596523,133.38818103191664,0
21.932911650339747,1930.49026355264,0
27.056299827212342,1385.6442466389876,0
22.191657991762497,1330.6610330950957,0
19.283885680304593,256.1814010154944,0
21.978101746241293,1184.2876791965705,0
22.570644164503733,2137.8152266156417,0
24.229025603785658,1296.4809954178077,0
25.925747353690042,621.7867106210928,0
25.910194156788066,249.64323341963103,0
24.486244350009542,100.22476762649823,0
20.77251797517141,5982.60368108866,0
23.98959699206881,1602.98734605429,0
23.70993462138705,87.27875053999234,0
21.49345502853396,662.4803811323385,0
20.962920619823308,165.07412195322325,0
22.487103444054014,701.090228558753,0
21.09154717127484,1496.1688414227706,0
21.262739404042577,1921.854712815259,0
22.256413623264905,1887.406256796096,0
14.676398907285773,2414.306287468646,0
15.416216439911864,426.4231368911009,0
19.417014231826386,404.01301607606223,0
23.7958574851354,2238.979515434478,0
22.48872774442043,1319.4859817635756,0
25.227765331204125,821.7554695915918,0
23.734677759806345,1408.1632092606765,0
16.70906557603314,231.5110497188311,0
22.60993982950845,1408.641387523387,0
21.16325064765084,2159.6048407268268,0
18.176167597915253,1046.2379351269942,0
19.739860979716013,1144.7185173642379,0
18.03277733414268,1121.1566746246558,0
25.039080993334494,3190.737728775714,0
22.420758713616294,201.06000900385192,0
13.635380744934082,916.9882208120565,0
15.205508406956994,279.9632929277163,0
20.738997819688564,1101.897862554763,0
20.490533383687364,267.43498146650603,0
21.26721142662899,1267.4007013451796,0
21.835365779311587,1027.873826028083,0
24.088826354344747,84.15118306991864,0
23.283708100091815,121.15331813809682,0
25.165437189737986,73.35079535958577,0
22.22542231877651,1156.3846886169654,0
18.288516009937666,421.1504131567221,0
24.974854286511743,930.9447303426008,0
22.497108554840167,270.367950947259,0
27.20469509306406,729.5210070919733,0
27.06022936503092,863.0640216183405,0
22.43963247934977,1039.8641571414214,0
27.222106845795167,1868.6880514037352,0
22.4352783087528,1206.6454671334964,0
22.147300084432004,1788.9484323572856,0
24.506705909305197,1348.6034356069308,0
17.242528692881308,46.57637402531911,0
26.300202814738043,1915.2356617164355,0
22.122926108042407,1433.2099080097419,0
27.18687273661294,1280.7024464022857,0
16.773671616448325,235.96664220211318,0
20.73781208462185,148.97194206831267,0
18.235685364405356,381.4252473425608,0
15.758875359429283,433.98653045413306,0
22.24084839820864,626.8637448560934,0
20.111833077889912,1101.667028666709,0
16.26555424225637,2527.6612833153945,0
26.707436974843347,908.5362598311643,0
26.056223964691185,2203.3917948615294,0
25.320560825232292,1921.3262207817775,0
26.248229714595936,848.6315131199102,0
22.871085290347878,1574.4454085838538,0
22.241783916589043,1418.006737531398,0
24.665940984090184,124.79746043798734,0
21.132618469662134,2656.959038974021,0
22.522177187601756,3243.220248074506,0
24.470448621114087,111.80702671525289,0
25.786621255344812,2486.313116551612,0
21.589225188891135,1098.383349181388,0
15.974871925071398,278.81915941951087,0
19.719033336639427,429.7888696205359,0
21.47711185879183,1438.3817434322577,0
24.12701654434204,1952.2028349351626,0
21.435726526048427,1271.407869459365,0
20.4438398996989,1449.2056563508254,0
18.10409017115728,459.66078415629676,0
18.165072639315724,450.6286650907736,0
21.009000142415402,1095.3170552861434,0
13.343370665444297,465.46157896635344,0
23.31154703412733,81.99135661241819,0
24.885094738006615,77.69499048707296,0
26.75896836916604,946.7956021439771,0
23.22487835354275,140.2666054677706,0
19.334150822957383,3081.1565898370486,0
15.264923561943874,813.6080957960825,0
18.126411190367605,1591.0210952174407,0
22.836960446393107,3976.717901231025,0
23.77662815820605,1971.7284820985537,0
21.721418635050497,245.10506987688353,0
18.71148285865786,448.08589369175246,0
24.25294965108236,1722.9204222571593,0
19.46434841156008,272.3043307673674,0
19.963479296366415,183.42565074679663,0
23.451741382053967,1561.3107800495368,0
22.73899543068626,1345.4021334659797,0
23.19624290466311,1039.5235501241427,0
23.998849441891707,2219.2156359565,0
24.391761822170736,974.0687243652086,0
22.967297236124693,897.3951384436826,0
21.18948961893716,1383.0560341489058,0
24.75142517089853,1586.3905482005816,0
21.711952781677212,1110.358034075473,0
19.720616985502716,290.3762802493315,0
22.811803054809616,69.25405264017392,0
21.73845504413964,325.0508315872889,0
21.008533350626635,1416.0168588173133,0
19.685430954441983,405.4827772092562,0
22.24049392276339,1389.6212771546584,0
22.66135090192165,156.1982750904303,0
13.708817135846232,482.154563815568,0
23.726265327135764,1440.9616261732322,0
21.89575708177358,752.9139712464552,0
25.318552247683158,1424.8126864444953,0
22.568597769737266,1127.8440624487143,0
23.398151969909634,1187.7788499009353,0
23.9911376366249,209.3106627475958,0
22.478133932749415,1501.804400981639,0
21.410817435935712,40.23578837630559,0
23.688299036026024,1403.2527253043395,0
20.484622192382858,138.77578899380973,0
16.271357512474083,3391.968481988881,0
22.532210831415114,80.72899356601049,0
26.116018295288086,3056.3700467359763,0
17.649969434738125,676.3450957846384,0
22.628433640797994,237.91143745300582,0
21.710841866695603,1260.1210892212134,0
22.20149842721446,262.56062165019324,0
19.30790990193691,547.9076623928289,0
19.93683624267578,809.1519705962877,0
25.14624212355841,2621.2557747971755,0
19.78847036361691,29.09481972572614,0
22.87853366306848,2737.7641879033786,0
23.703947886714275,385.1207762968283,0
23.7519865251723,3194.5792146038752,0
23.71292383405904,438.32902312395385,0
18.414923848861292,796.3531732570867,0
25.14865368207296,2157.5596749794227,0
21.30444721645779,664.1368016612272,0
26.300202814738043,1915.2356617164355,0
23.93274135589604,404.8401497316103,0
23.814873234430934,1048.0344712745887,0
24.425025905262373,3383.0874457967025,0
22.009285767873166,944.0849877905588,0
17.5121652749869,1829.4407285761577,0
20.481616592407306,206.114806981061,0
18.19515613979769,290.68037197110465,0
28.619407007429345,1937.2598126542312,0
20.73814708164764,293.8540622603636,0
24.24076689517858,465.64975082990935,0
21.182984352111816,1420.7238227140647,0
19.67032394409182,1306.4952015888434,0
21.905138074434774,647.7048441779356,0
27.060463263771737,796.4387357246618,0
16.719984414842372,266.3189627241831,0
17.317126028878306,2131.751322002385,0
13.988299306233728,357.1005247544985,0
21.994310474395775,797.671411932681,0
26.69982228279116,358.94042700645736,0
22.23534680119269,112.82702982542325,0
15.423846340179466,691.9745773088674,0
24.390409851074253,1150.456671417926,0
17.339844242731715,387.326975167964,0
19.870233631134056,72.39868566510488,0
27.00191890575269,832.759224624608,0
19.291615653760516,43.148659915898335,0
21.129678442539273,1608.4584712993842,0
23.76130109933706,801.157829166625,0
22.936144002278695,1206.7615471791964,0
22.719166851043724,1128.2738864433509,0
13.765094852447533,1731.9265536975604,0
22.272169473436122,890.7796226453523,0
17.650444779572695,626.5304654848318,0
26.690063788674138,881.4452037226896,0
21.120459535386885,1350.8582532417518,0
25.40880636639065,715.0605253886919,0
25.53136035694797,1884.821151198123,0
23.47519539727108,1615.3448045265418,0
18.54208444867811,2317.982260884021,0
21.512244876225793,1429.62129116175,0
22.35022257698904,168.20798143861106,0
23.8863468170166,1986.285657436822,0
19.20919729868575,3476.8795229506236,0
20.034622799908732,727.682434768651,0
19.9318025800917,286.48203313467315,0
27.46837487750588,954.3126642715673,0
23.92162899441189,147.12888449547103,0
22.958381553932497,988.7356728327017,0
21.770016805330954,2801.67412832496,0
18.390871546818687,917.9119847726564,0
18.029019008364003,961.193543673728,0
24.959673606024865,102.49564498779584,0
23.258106627287702,1501.2982010853034,0
27.289326879713315,1255.0251379620772,0
22.74258760394474,734.0308323514204,0
26.148955217997184,566.7355850350599,0
18.974858411153207,1333.2638859760505,0
21.99388991847178,1313.7911379348975,0
21.614234899863277,1467.325103284095,0
22.457633378770595,557.4403077375631,0
25.205391762473425,82.51454383251478,0
16.294527357052516,614.1939505946378,0
22.72148186012555,982.2631523024778,0
19.47153549194337,1418.8250944030028,0
21.19892728593618,691.8489530694227,0
18.30889981587734,292.1118780982237,0
27.067759688695332,1060.1170964550715,0
27.129687182108626,824.627444894288,0
20.46424255371096,541.3829989742975,0
20.73318494160975,187.1370270859938,0
22.399120426178,1140.9688860189658,0
24.42359501672172,883.0754019331674,0
20.006920115153036,1237.4049618851882,0
22.990270021226706,1379.6092167508345,0
22.956014410654745,1327.289623023246,0
21.76712141036984,1175.0699400913459,0
27.018970489501953,869.9850372981767,0
22.540676879882824,1266.7020529520255,0
15.614376825756494,379.3980598461371,0
17.832928398327965,3622.1278317284327,0
21.98757424884377,654.8348635446768,0
20.214824224401468,1177.337628604148,0
22.414349492390954,864.4112095248441,0
23.451288742489282,832.083818317626,0
17.15772741635641,203.35400179145148,0
21.706515975225557,829.1880011570196,0
26.076451343960287,901.6579583298902,0
25.021769980228385,2110.5845689785224,0
20.732842461268092,550.5399040889482,0
27.064141845703205,863.0494780850153,0
20.720055198669456,1281.9656811666232,0
23.59663231419586,1524.180774391864,0
21.714392810397726,134.716068209384,0
22.67619158426919,1246.0745170724135,0
21.963833109537745,147.02471047756484,0
21.58885949452724,76.60000845906545,0
24.936696179707894,2491.6578315210086,0
26.643802155388755,1817.9225295793754,0
23.908857741179304,1285.8861356985312,0
22.2114004770915,1321.2873682391387,0
16.352841393832136,842.3242315661649,0
20.55598602294924,692.1391196560602,0
20.04002458784322,486.36173531529715,0
18.64970733324685,682.9621016990881,0
27.528244484795437,802.0528376114111,0
21.386337707981966,616.0234704625349,0
19.98708041963124,1288.0197361123305,0
25.23683875401815,336.495411397193,0
17.227898311615036,1372.492910177682,0
23.28787662188222,1863.240555675004,0
16.44241854349775,636.5846067678671,0
27.616733275519493,742.3514619481306,0
24.461417423595094,785.2909684192877,0
22.00282058715817,1222.8473320615035,0
19.163719468958277,582.910814137433,0
17.579041629367453,420.4206213366728,0
26.556017229292138,2905.806408078645,0
22.490718205769895,3771.545891464923,0
23.137128734588714,1019.2165233206491,0
23.845857914288842,1214.4438520085555,0
26.168141654685712,2002.7865402412158,0
15.688678493834345,1589.6600976598006,0
20.945985730489156,227.51534432289412,0
21.071708439645306,868.2624444377165,0
21.689829762776696,1092.4790993344527,0
21.182741928100597,1459.3199983250838,0
25.37561473846432,600.8852019917707,0
20.718813700146143,241.79319366929343,0
24.835454718271933,4158.361737431262,0
22.530113559299025,2511.952725054,0
19.422541872660304,70.62222138163854,0
24.54958208121508,1155.7944573473674,0
16.785910797119186,693.1784085941057,0
20.79267414777712,722.031914443944,0
21.181192652384425,706.3620656740408,0
24.045911248524988,4912.8072418284155,0
25.208148484003004,3928.3680774283152,0
20.473921984718004,523.435898871396,0
25.83787918090826,3148.53679835913,0
26.308879788716695,2561.9688972842437,0
19.65572295911386,670.678869636033,0
22.706777191162132,182.29797557112983,0
15.673540687561058,630.9112019848566,0
20.67617352803552,765.8775381755571,0
25.71817992672777,775.7651254546385,0
23.526242828369163,114.03899714467336,0
21.263371880849206,1327.766933293317,0
17.77672924768359,540.4552564036588,0
19.74063870465318,1254.4230565440398,0
25.978880988227047,446.5828955185156,0
21.69372051556911,323.17234650370887,0
25.314331801732408,83.3868838858347,0
23.98580206328745,436.16444319603255,0
19.162958919640744,410.81858128425887,0
21.979115987707132,1342.6832452428084,0
26.503106927871727,631.2045089912157,0
24.725887825375537,81.6798515629511,0
13.809650604813214,1310.01060903189,0
17.61006396611532,311.11528053996375,0
23.01502698262533,167.61501208064368,0
23.613639662000935,2009.008471668933,0
21.502945995330833,154.0155008446913,0
13.981091066253214,1016.4996504795294,0
22.534332587502263,288.04958686349204,0
14.96181405874404,502.1724261355143,0
21.23936926523851,180.00566661474517,0
23.94677314758303,1907.524057478879,0
19.71284022861056,1164.5643159758788,0
24.473944388495568,82.79309868929197,0
22.480457666185202,1347.662423552249,0
14.22248148236963,336.0151208948832,0
22.9528322492327,342.3120684933405,0
23.053286670503212,1074.031282962535,0
17.682755117705426,900.6055153918009,0
21.7312907082694,1375.6232976925116,0
24.18858601252242,118.32252591965009,0
20.720046170552564,1251.1146485817176,0
14.894902892339815,583.4091536712389,0
10.98803336733863,242.5448082399111,0
19.231159513424643,1364.2959862959128,0
19.153740755716967,453.28670442220977,0
23.80981661478677,1438.7111336004477,0
23.00646028518679,1348.1445357215148,0
22.07864156299172,925.2059876930456,0
22.47138253671153,144.84953954932502,0
23.570025486416284,1330.2288807940226,0
21.48749138514205,1305.9031263005477,0
13.369981463750264,596.7005200695734,0
22.544258133570395,274.83927160618117,0
25.488525281633656,76.4255121361952,0
21.350123573989492,28.00827548024465,0
20.162806182437464,313.0140274774771,0
24.7783448173887,844.8184810590486,0
25.523970778783166,2050.1823432755214,0
25.960461976793056,407.5768113147955,0
21.728662490844727,1112.4771505605918,0
22.16477851867677,1175.7508449268084,0
14.276117897033714,591.9487260293703,0
19.288422838846884,228.84573862073233,0
25.213129562801782,418.45090389368346,0
17.29514157221871,1111.3771915447455,0
22.32340386002153,1703.8624554884177,0
20.189843961927693,76.07873603818227,0
17.75558760506766,2422.3895192157966,0
20.394826083713156,246.9015911233168,0
21.718884404500386,1209.584799410079,0
20.22086168924966,142.6033906650286,0
20.438247378667256,262.2073374700289,0
23.414960861206055,115.77076912042905,0
23.86858002344775,739.7896766674261,0
21.987966791788722,328.1059831392508,0
26.72355181376139,684.7058951866369,0
19.99941755930581,1119.003222138856,0
15.938629495529938,1780.8564163756114,0
22.438880084809796,2192.092337460492,0
19.738083394368516,146.91647961852362,0
22.28100436528524,1092.4956396233779,0
25.758398764474066,1004.3958693754415,0
20.72542650434707,147.34028354403785,0
18.919967651367244,364.40017521498015,0
15.53395688798696,366.76528379437735,0
22.691048558553064,575.8947253238897,0
16.837819511360635,488.73972967383673,0
25.77639908967194,943.2389929902296,0
15.658228598700646,427.77012735721877,0
20.01219234466555,274.8205706488829,0
21.345516512129052,1145.8715170633536,0
17.517381104968877,418.6906225990992,0
25.234638503103554,801.6359552752714,0
25.999508794148824,557.2531864058714,0
12.210798358917259,509.38412249204924,0
24.953053057635316,557.6613068592291,0
26.72253611428397,442.6812499773245,0
24.032308550234177,1210.135412217353,0
22.975944632071048,1399.8109519493323,0
25.772915538152063,2789.656468481992,0
18.346397122882706,477.4451933812838,0
18.356927967071556,403.2504007231932,0
20.787062581380326,789.3266983341913,0
20.967542620058452,1451.1300519120437,0
23.41850285000271,146.18285074946692,0
20.170679982503316,481.49227798101714,0
21.345516512129052,1145.8715170633536,0
22.21876349978976,1292.0356586587172,0
22.959310443584798,1499.5467185985785,0
25.50250239652746,2037.7271778893214,0
24.752753291985982,1644.6425326180201,0
24.221741824679896,628.8742207002382,0
24.424191729227687,77.18586996314336,0
22.729894510905012,428.50261628744414,0
26.162685012817406,1572.268553824399,0
23.11170209097486,186.43976450083068,0
12.410177031017497,802.5879792880754,0
18.160632806075284,646.3307075214128,0
27.578134049309654,786.548846216176,0
26.327703457786924,1463.8272829365474,0
26.291344970311968,1234.7979702067119,0
16.78802380561831,796.1740762006979,0
24.37951401930593,2025.5907706927997,0
16.036187545458517,938.3853234362344,0
23.469809057198404,1538.1851464521628,0
19.903317515055335,1329.121378065322,0
21.085497962860813,1301.0758057248336,0
21.97439338366189,1310.7759252202254,0
22.573273383246544,1624.8190447699767,0
20.448428499131012,1104.346484692071,0
26.333888096279566,1695.2266998600703,0
21.22307135264083,303.6647558223944,0
27.01689981733051,914.8607186984758,0
20.363844760258985,149.90763068315795,0
27.207012557983433,1278.5397775482875,0
26.021578672197222,3087.5343725096923,0
26.28875058492025,1328.5052932810527,0
23.23592592875167,1387.6911818992835,0
27.38087668948708,1202.9204487812262,0
13.757623573585875,1235.9246581804496,0
27.067754901983847,1158.5019610833865,0
19.165294972172546,1087.8183662903052,0
25.55786276317781,2044.8663726460677,0
22.55065029462179,1266.608659924243,0
12.786148166656517,605.70160374162,0
21.26551759507919,163.2131755363684,0
25.54991966530133,672.6836085331182,0
15.069744491577183,1232.000802458499,0
25.14696216005268,3438.7486994278174,0
23.726428434583852,287.07594126579573,0
21.703846549987816,1342.4754112970572,0
22.244157583063384,1518.3989971887809,0
19.410716292437428,691.4460740995149,0
25.90503671211121,1797.4099338066321,0
18.966065915425645,364.65712338802626,0
25.71987277788992,1139.4360631715995,0
26.489472060733362,411.09810471651366,0
25.374745782216394,1052.3885607731086,0
25.413604248894615,738.071304560874,0
25.225298091343518,665.8132791530828,0
17.586275501740317,3364.4310094427806,0
19.295508480072044,31.58684894559194,0
25.30204854011538,3315.419469774936,0
21.787610371907533,184.15513709304145,0
23.878863747914636,106.50779008981992,0
26.570647448585134,1444.2847415816527,0
25.005747595287573,1660.772898049329,0
18.657119250297626,805.8307364594679,0
23.445545269194156,1550.5347296607238,0
20.902892866588843,144.0471306454878,0
26.466650157504603,402.40499824402144,0
22.22505674362185,1465.811607242797,0
25.363947380913658,906.1514742684107,0
21.588337110590032,1388.6249780666571,0
23.90962944030764,187.647078932498,0
22.42304262231903,1266.6864588868361,0
26.540202649434377,430.70811852929404,0
15.049513753255212,1279.5318335306388,0
17.413734732733815,432.8202761721354,0
19.8193700890792,1946.6824464511615,0
22.005358695983887,632.6542615902166,0
19.99270059990164,944.3786188971739,0
24.153038510409317,196.03035301086715,0
23.241201761033835,147.742443532918,0
26.553334710536888,2750.070118160222,0
19.474434153238974,1152.5962322962027,0
22.443223480951247,1145.8611309540015,0
26.036658223470113,592.814673484538,0
21.53506197134658,626.0188117634992,0
24.775908134097108,1391.464222968791,0
19.479932212829624,184.50460657594016,0
19.50814297287559,1622.5061237823707,0
21.784333864847895,473.829031736825,0
19.00275347674335,1456.5554678451758,0
22.670741441514735,250.19508302328398,0
24.971533552805568,455.87180256960204,0
23.037916322187982,154.77371662971785,0
23.18049716949463,1751.4885447931033,0
24.471272578384003,226.6054347169142,0
23.832575654983543,398.36016371962836,0
21.978189245859824,154.13655415293982,0
21.558937221103236,173.02619367954543,0
26.036875979105616,2009.0935163211566,0
24.75360482533773,1244.852808119033,0
26.94328587849941,997.1179597091417,0
23.381145976139976,1577.414129675601,0
26.536756565457267,3294.5312790584308,0
17.920316603689457,1046.9926193368178,0
21.677930132548,1146.4034289133292,0
21.45478581322567,1136.1553788196784,0
23.71223391997512,1416.7244404566031,0
26.7956316630046,1506.3130564999324,0
23.95751565297445,1932.0755384874087,0
20.949739993060064,1822.4492080521327,0
22.92231224907772,158.89884606120398,0
26.03106117954968,1131.3252307486277,0
14.329072062174475,1887.7311356377345,0
22.222704293992763,1391.4086639892798,0
23.424743016560853,1145.6268399965506,0
20.86085475512914,134.55535918590834,0
19.97914387385049,969.892539830182,0
25.941780132717554,977.0149335276823,0
24.03204975128176,80.63259795424749,0
27.023495292663597,883.7518662225942,0
21.026031536526148,1135.6910511862975,0
22.21486741608271,220.30219882843306,0
22.518242483428082,463.82837072131446,0
19.040324964977515,739.2635278415422,0
23.29883628118614,1670.1986163866263,0
25.181536716885034,1871.5690977883082,0
21.29986200332644,1882.8795224439841,0
17.065973265965795,379.1255362343531,0
20.726173712990544,260.91187521931937,0
15.710414187113486,305.910032988761,0
20.73239137331649,1218.390260637973,0
18.166820727454308,36.420863867972386,0
21.721503575642885,784.6323557209711,0
16.166689093907735,704.7707669448595,0
20.725467544946923,1087.6419663440925,0
20.544299300511682,492.1033166360598,0
11.281709210077963,488.245186210845,0
22.492505787037032,1461.3494545232993,0
22.667613919576013,1090.3519064199668,0
22.713700230916345,972.0286399137716,0
18.699093755086267,204.50967624900153,0
22.454792206375657,1248.3266636740905,0
24.473293363131006,569.4066256296377,0
26.04215721554226,1683.719211072896,0
21.184506352742574,31.899184734795583,0
23.697979068756126,1194.1593706619483,0
21.03677046034079,827.8421096515398,0
18.459671411060185,195.48244848964026,0
22.075557539198144,1538.219422848199,0
20.774273935953772,178.38414088008216,0
24.94990398700429,671.4331552397947,0
20.468396917978964,199.65932592866233,0
22.192858568827262,821.6504648339491,0
25.567515407464498,847.9613333952169,0
24.34807227982418,192.97330528614333,0
20.581384865442942,220.74862271663955,0
21.157122548421228,264.0754476201277,0
26.04742875629006,1351.2248963129264,0
17.24213101826024,182.3055192839842,0
20.75469434526235,116.38031602022458,0
22.283565584818575,1227.0986445259791,0
20.51816502525702,1358.2195013773185,0
26.265837097168003,3069.4969490182143,0
19.49066014971055,213.427916915391,0
22.202035663746017,1315.038245917533,0
19.795288022359216,1613.3649393927794,0
19.795288022359216,1613.3649393927794,0
20.056442975997925,837.8594152641039,0
23.94184340274694,2146.387898178075,0
23.647189027835168,1033.9021094155055,0
20.719820797082207,1089.1132660221797,0
22.51228040059408,500.27215927955916,0
22.521424070994044,1280.2604109060508,0
20.68211679811833,139.58035484072974,0
25.10218618799138,1502.7343712758761,0
20.195911026001,1287.0948359381896,0
21.180773671468103,209.47307050344756,0
16.33703581492108,713.8619802903871,0
17.512480566236775,1084.305134416793,0
25.926941871643066,2857.755728812192,0
19.705144773210804,1176.772285999034,0
21.151323636372922,1427.4125143897277,0
24.521679814656636,594.50059086201,0
20.021968128370247,668.7885157775621,0
18.976144550464824,1235.7842594396811,0
26.901306279500375,1487.582609803651,0
20.48095622592507,219.48620006558707,0
22.23474114735916,796.5029299270849,0
23.52634232838949,1222.1081599604827,0
19.843432574801966,1146.6985091578704,0
26.289891984727717,797.3972752701978,0
22.874744796752964,134.994570912097,0
23.7236793881371,983.8025838148336,0
26.826582617986787,2138.0107633781176,0
17.80609744389858,125.34116283175756,0
26.756934261322044,1332.168442012046,0
16.031250770886743,870.5717779707651,0
23.340962918599473,1515.3973594319564,0
13.070754078456332,1895.7307979476195,0
22.235994310732224,1276.2915089738112,0
25.057096491104573,762.4918229889612,0
17.60856453235334,684.1121658694486,0
26.074316561663636,1119.5002093922835,0
22.228777949015296,1323.3055368077498,0
29.595513476265808,477.0850323152285,0
27.319892501831077,1357.865565271352,0
20.19669057528182,1331.5857544553023,0
20.73126881917318,296.8942269694548,0
22.72897720336914,637.3570084583502,0
25.258101161321008,1118.0621132266265,0
17.538772299350853,522.8489384066801,0
22.753567132495675,1311.5251407038909,0
13.692377090454158,1178.3035554003459,0
26.84223021666213,938.1407991063337,0
22.536330223083553,1064.0408441436034,0
20.511443074544275,1301.9396483909827,0
18.253272501627634,302.4062745284777,0
27.133630082101547,789.8043140780668,0
21.153937806023464,1073.6365102243167,0
28.19626662731173,1611.7103032779437,0
20.430916086832724,258.03161114570906,0
21.499006930264557,141.23866036650946,0
20.216337299346947,1196.9589747500163,0
24.238824560703392,2898.2769593608123,0
21.694209489368234,1380.3792454313975,0
22.136219533284475,1547.2105450939875,0
26.445048374599878,812.6688905071954,0
22.424968973795615,167.32831001398375,0
25.288065670154765,2255.383831263755,0
22.460645929972372,1252.977748216365,0
21.753542200724326,1130.6190796208125,0
21.21223500569664,1225.7837697875243,0
18.920335706075036,1295.941081644271,0
26.311706343151343,3228.7736989569407,0
23.00913174947101,1138.0456507217627,0
18.61355667908981,3262.0573647331935,0
13.977499330611522,1208.887112141822,0
21.75526378515997,1498.980146647666,0
21.466770991572673,1368.5704439890128,0
22.221584574381552,1026.0076940071326,0
25.047293726603186,66.89803749439527,0
21.19367773267959,1394.0277293336135,0
18.56502405054431,1548.3597114693862,0
24.230479741979536,353.16098928568175,0
15.815665520562106,1555.8676466357451,0
15.438914354642236,1457.4324347090464,0
26.469666170190862,673.8259427261095,0
24.750619911425076,774.0084201109152,0
18.662691094218758,752.2457957279424,0
26.252699054815878,390.83780795452407,0
22.11878829532202,1434.1174408805114,0
24.22137892751988,873.4973937284689,0
21.702578596635306,110.31587123987485,0
13.789213562011753,667.2943800699453,0
19.9318025800917,286.48203313467315,0
23.80439608891811,51.86816752073575,0
22.482734086778464,184.2710122477751,0
27.439018322172615,1072.7681376051646,0
22.691272830963158,236.75003722426703,0
22.679123996553017,791.2364609551172,0
24.298036670684894,132.69815296051314,0
24.70624834696457,520.8658248197775,0
25.020810336158434,2475.764022023652,0
20.45958650377065,1281.4079716813308,0
18.98097522876884,1361.8561148655158,0
20.247119628058556,686.3089360308389,0
19.89902736345931,710.2226026367883,0
25.70690991083785,567.6541186880808,0
13.72532869470183,866.770972312663,0
24.20767977165457,116.46813601372052,0
26.726238076003312,2508.7459541868907,0
23.798341210683247,414.64201435563376,0
22.263651863733912,1328.954298795436,0
15.181941159566293,907.5312398385744,0
20.225280936559102,1348.7262845051032,0
21.229705826441432,1026.712150127862,0
24.0323388417562,761.9622841489057,0
20.424215571085597,201.74416229245475,0
21.69781034787502,1141.6873231541854,0
24.154617691040073,85.58980822679807,0
19.453514115015707,1180.0102263700705,0
19.498256120227722,552.128762752984,0
19.69498767852781,1562.5133670878154,0
18.80088831583663,590.6274437916021,0
21.734626070658408,1423.9861190330726,0
24.599129143972277,2173.1887020182353,0
19.254540459314967,1401.7950192105513,0
20.204800287882506,1006.6967912029962,0
20.478062566121423,682.1451604377966,0
25.7402100294064,8683.551293612692,0
21.08169499351868,1116.5196791302901,0
20.962963782416466,1217.0592814695578,0
26.38097248077395,781.3651420187692,0
21.207954140865525,1902.1620199095946,0
26.518142795562767,940.2605488908033,0
27.448800849914562,1376.929455251668,0
23.75052032470711,91.32042229292203,0
24.454299333360495,124.8239509772997,0
23.53526549566368,1203.5915002238494,0
17.84376046922472,148.74768331763556,0
26.9641545613606,459.9074468028288,0
26.248663361867273,952.7991533291082,0
21.702282206217433,1605.2910655748587,0
22.919956715901662,94.85614001867582,0
25.598698917209617,591.7614743125181,0
18.601199625156596,965.0112435233335,0
17.537085978190134,190.25237932917884,0
24.553333377838158,133.17089602467826,0
19.718965264522694,1391.2945285451156,0
22.68896636962893,631.3422814023237,0
24.194784010024307,1012.9870742571096,0
25.566314570109114,652.7651593100767,0
20.102639139770872,287.3017646383982,0
24.70279586098411,1936.3832779240352,0
21.277207457713644,1182.7977009129268,0
22.958381553932497,988.7356728327017,0
27.12669175465902,852.9791839432459,0
22.495047744115197,1295.7948789012175,0
19.285962465074306,270.2680796396475,0
17.90993639628101,1043.9658805739623,0
19.163095834520163,341.5510997187834,0
22.548600224086215,1249.4299680006247,0
24.41184482574465,489.5153611910086,0
22.957975076746038,587.1601298463087,0
14.846933174133312,1314.6125420939666,0
16.915093408223072,1684.7699850809317,0
17.30334657033285,1962.267213315938,0
22.822312002470994,916.10369160888,0
23.733748372395837,124.27862808224965,0
23.345065125552082,297.04259410617163,0
21.976140322004085,1286.7387875926238,0
24.797502030266685,1638.0774274480086,0
20.912983089023157,1301.11607611296,0
20.726968510945653,153.23121920344641,0
21.94615608497901,929.6315133583288,0
19.288220850626658,372.3288185906153,0
22.68401006062828,1149.1164013755065,0
16.304070472717285,308.03664475796035,0
19.531549231211386,215.47267288086226,0
21.991979694366478,1301.7160043132048,0
23.926836056179468,2379.930612446044,0
22.426642001116704,876.2919202458601,0
28.192463740596054,849.1274759185056,0
22.46084314187368,159.07384157297423,0
20.725288136800145,1070.9017559897643,0
23.53761523564657,120.31871900079061,0
17.95530233383181,284.1685906064253,0
20.741780296961508,1114.701417089675,0
12.179911337958458,624.3587888788919,0
21.74510540735156,4037.096165866826,0
14.409841156005825,1115.5179560196143,0
27.007961739434165,741.1533750605325,0
25.959371866498714,3997.147795559142,0
17.983032989501964,347.10473269340804,0
22.17215277353921,538.7103676807623,0
21.431344180636984,139.7884830844145,0
24.15004700024923,126.00820958730985,0
22.419351196289085,232.178279013608,0
23.764310534795186,1516.2158429634314,0
24.04412646823465,3115.541604162429,0
12.81993128458663,1004.6064823877554,0
23.29469350179039,1040.0362804543715,0
23.876359240214015,1308.4607094537955,0
20.905379708607995,413.38067203876784,0
22.60316803341823,1173.4897203755122,0
17.851246929168724,423.3367711317282,0
22.231535000271265,1445.0694963347655,0
19.330024246942457,1509.8604232084494,0
26.464770590090325,718.7748856854181,0
21.20451173782351,1182.7315583836776,0
22.193408160739466,1193.706896902297,0
25.944150196422186,454.94288653251937,0
23.531563637473425,1423.8454148184996,0
26.38857347700332,1047.1696525823813,0
21.569565436953553,2162.04828471062,0
25.066258207956935,141.25293567893317,0
18.034572508840824,735.6837399315576,0
22.89782291253414,1071.5885505091887,0
27.569967397054086,901.0198533546667,0
20.006174977620446,953.9572678518037,0
24.669580841064487,48.57704490539838,0
21.725449498494527,1088.2893994462233,0
22.22706869619867,730.5525437009077,0
23.225624066307432,1398.6858099710685,0
20.48620334201388,340.5561491858702,0
19.042228072728903,494.0845042478781,0
21.14345448811855,1098.5973633837443,0
20.019472800360745,146.3090971123915,0
23.47156056135134,483.3070084464293,0
22.29955433739559,134.2750012886267,0
22.33564677960942,823.653665186141,0
22.34724227410777,1454.311524332736,0
26.689955012003622,1139.4443370413524,0
21.733987971714612,1212.8491893422347,0
26.874266878763876,1303.4704335045558,0
26.860725081913074,404.19514924404433,0
19.472887420654274,1469.147023559783,0
22.631253433227585,1141.051803530429,0
21.105136044820142,1097.5511565816146,0
20.043917338053404,916.3245081913213,0
20.99277977413601,1321.2512105715018,0
14.530924415588402,810.0744381558637,0
18.04497193230526,554.7421209525804,0
20.256746069590292,164.3652923416834,0
20.61599693298342,3891.7587928485614,0
18.789922332763695,84.34945419547368,0
22.294131851196312,255.0320521008711,0
26.29348752057109,554.0203012537698,0
22.2504336198171,1009.5411732804517,0
26.52105153401692,1068.8343018305045,0
22.270245700412374,1440.5586317193251,0
19.509845246209068,231.60773217794707,0
24.69945138295492,987.3942255985479,0
18.245580715603296,454.00945916888526,0
26.887564126272082,348.69641512749007,0
18.780369406035504,551.2389138352613,0
25.982244957817954,3844.3832702946406,0
15.07326668103542,848.9709690224867,0
27.4721062887283,983.990986646388,0
17.52951737509835,511.2252056610327,0
24.171359065541026,1918.4009552013617,0
18.737753021149445,288.61942961928656,0
25.121319071451808,924.2406792950372,0
21.984988848368346,3237.7978719782573,0
27.4436850441827,1197.169923038457,0
25.083294804890954,2402.2501230251532,0
22.389068603515625,64.49978128192235,0
23.747046901561646,1974.9483175587397,0
24.290056927998876,101.5082865965109,0
22.0297977023655,577.5805458438139,0
18.990319665273034,209.69390198705008,0
25.039080993334494,3190.737728775714,0
15.264923561943874,813.6080957960825,0
26.62758191426593,991.8752543639879,0
19.818180680274963,4104.567893595669,0
26.153672594901877,1910.9668366622668,0
15.069642427232566,1038.3742012095195,0
22.266730880737327,1437.4094203126174,0
20.501647647221887,298.2565842580538,0
22.97782075670034,1332.249310613845,0
19.480625936720116,1314.0258461248618,0
21.967451180352157,801.6456261288862,0
20.75432845221627,1438.9186844241362,0
27.30367531549365,1019.3172067415456,0
20.434132893880246,1207.742859424327,0
19.97828095753988,1153.0724957597,0
16.719984414842372,266.3189627241831,0
22.005299413771866,520.9982886922102,0
21.99116241818382,451.21708959457686,0
21.729896626327957,1156.4619734894973,0
18.037486110589498,471.36958390590956,0
23.244573132197104,1115.7288223516684,0
23.63044425116641,1347.6232074212771,0
28.1418779422076,1763.1556510936957,0
26.755347400241476,1011.1784271907549,0
26.425824141502403,837.6304104935865,0
20.962369132764422,1350.9174406540137,0
25.904023106892907,179.24631461617759,0
19.198056983947765,184.4354987156134,0
26.255082808600548,872.5721843552332,0
20.267663335800194,1478.2864794146758,0
14.17424036661788,593.2469896983843,0
19.74017995198568,1254.6613261115294,0
21.578121303376747,89.30386304971982,0
18.19853207623521,1812.9911690962058,0
20.998931866600458,634.3602918100099,0
25.590355703565876,2247.930080444787,0
20.72505110104879,1357.5403735053283,0
16.095731221305016,275.62765851733496,0
22.225498684969807,589.520809055541,0
17.38312008469194,1768.6832703661662,0
21.45761847319426,1296.0479676735144,0
25.542273003714456,498.8614737999182,0
26.21042828030062,2967.6647976052504,0
22.249836915912113,1110.5495065462333,0
20.343541270967535,244.20908540603926,0
21.731427870856464,1123.2407659303885,0
22.983067051569606,408.6580023181181,0
24.849355239350984,3100.2968631696444,0
22.09907695060167,1399.9656930577498,0
22.777336798773888,1219.978210331176,0
22.73143364588418,635.3263378154974,0
21.20848609606429,1458.287057281707,0
24.79052219390877,2983.9785814296943,0
19.801008796691974,342.2849744569998,0
24.735319437299495,825.3815069806318,0
28.694314002990723,2254.058995099042,0
22.506050364176417,732.7154472481947,0
18.510993576049827,650.0428102922182,0
24.40931091308596,196.66544050094893,0
13.453015899658226,348.29314872739127,0
26.98145065307625,463.12066614744475,0
21.411333719889342,987.7500094485025,0
27.537959339883628,1141.432792694543,0
22.255262502034554,285.67980304477027,0
22.279357881899216,187.16626316425612,0
18.036262329419515,513.828852028821,0
24.65928393772674,189.2506897461157,0
21.183530171712277,1744.181484730218,0
24.196142609914148,649.6375061583261,0
26.357777052193455,420.644980670188,0
16.28917592366537,335.3933773946505,0
19.740795771280943,481.8567082297545,0
22.03178537156856,99.15241301176358,0
25.712128575642964,2097.4444642674666,0
20.033249791463277,232.34715014812758,0
15.945761277940562,971.2271101784448,0
21.449345652262366,514.1339570295553,0
26.36366306486582,1904.7469727706653,0
20.231640263092856,1172.6089909684401,0
23.585943595568324,888.2756352436285,0
15.795028495788586,672.6778008055429,0
23.47111841837568,916.5441960108022,0
26.95109965006509,1365.5977666389686,0
16.6332307815552,641.6935294878225,0
19.103324803851933,510.7526190590601,0
21.25477720896407,1343.9960636210185,0
19.877040312025258,704.1863024246435,0
19.519719696045,374.2157712590437,0
20.29137392044072,821.2926991295557,0
13.473927434285486,313.8549149048071,0
26.157242838541663,1114.6166332077723,0
23.0480270809598,149.21470061061194,0
17.260168329874716,46.04560583946515,0
26.73699192470974,1227.395993472312,0
19.120598904291796,1317.904327810977,0
24.243416086832724,3144.6570388984424,0
21.26509140862362,195.52311748382857,0
20.601568476359034,1156.3943110418063,0
20.962807485792382,235.35056859371474,0
17.099532572428416,346.68976888177207,0
17.179879306611554,348.9904113125544,0
20.854556903132675,1175.460093469594,0
21.162139723036034,1273.911160231803,0
18.32864248487681,293.15275028464606,0
16.453603204091394,312.8578037035208,0
23.154819601553527,786.3180831086378,0
22.23456353687112,520.7482099544744,0
21.5415800589102,1031.000287086938,0
23.706876015663113,1447.3326623451453,0
22.360677673703208,825.2366527926664,0
23.253216770717074,1720.3063301753741,0
22.920048268636037,993.7571257364492,0
21.48775682449343,384.4120919716101,0
21.69855295817058,984.8075181257467,0
19.97358117103579,1353.462760151599,0
22.15892425113259,107.73273259517957,0
21.286565399169945,840.3704695415239,0
24.203565004136863,149.96668398496917,0
22.512603272332115,203.83170694229415,0
21.176059613909047,1316.499781609748,0
20.001066462198935,253.85768786189368,0
15.895607158115922,572.559200973485,0
25.063516394297324,36.44168824074079,0
21.702284055767677,1587.769635767911,0
20.705192523532503,1119.9238382291537,0
21.713743358188196,1055.5344194185477,0
25.005624100656235,1940.881443024848,0
20.110750479168416,383.3527386200171,0
21.95474001566572,1348.3941003691893,0
16.304963865734237,914.6995365631323,0
26.40410448710128,252.1385110926371,0
24.156923368242076,830.1124691974859,0
21.836609727908467,5587.479253114436,0
23.48085023562112,719.1375464212637,0
22.957398623511892,819.2687004816274,0
22.968185334735495,184.49325934169104,0
24.956256908840658,411.9987532508116,0
19.133694846957326,1564.098753781293,0
18.97426010767623,342.99986884114554,0
17.880163065592512,975.443043560956,0
21.02101097106936,1146.8524456035834,0
19.54333563910592,490.24766385671904,0
22.714076402452235,113.15294057247449,0
14.655305117652517,768.3422200393419,0
25.786621255344812,2486.313116551612,0
25.755615107218432,1742.4155630182963,0
21.321551338831625,729.5245386671762,0
18.020399347941066,656.0303464543562,0
16.91796817290475,1039.541066439126,0
18.144767061869345,374.41889643785765,0
24.866284052530943,3434.1869138192874,0
23.990098412831628,1397.5759863865119,0
22.272032801310218,1326.2381151330214,0
20.440955280122296,1256.4257502567511,0
14.937676578097921,595.4225406062345,0
20.111833077889912,1101.667028666709,0
25.873350468388367,739.1198880982141,0
17.78508338928225,161.76952868816664,0
23.865444437662745,1531.5890133392554,0
18.984836991628015,1300.0600606214743,0
19.234866441999145,1449.813631178115,0
22.541020117865685,115.30717909452726,0
21.46662915547688,147.97143712756446,0
21.2163992563884,424.46845099446585,0
20.157187059190505,431.1371937405806,0
20.701294493063926,1895.5416090798121,0
25.904295708151494,2374.319520593856,0
21.730178960164437,734.6032790851335,0
17.496577119827293,324.05597418663314,0
25.94867540995284,301.7566584062319,0
14.136543346586734,1389.7391788673144,0
20.208962588840052,232.24010393140128,0
17.49628463321261,186.71479895827582,0
23.403652445475302,97.766970099185,0
25.613804811419925,5176.660382003758,0
21.456312433878566,414.75277841207793,0
20.019560856289388,1825.4961974930507,0
22.467453950824165,701.1598542344312,0
15.669422483444237,423.50914403912833,0
18.544265471564472,39.228145779345525,0
22.274440542856894,1340.718832613204,0
24.1109903547499,88.72018456575681,0
26.268207853268336,1013.6569596838693,0
14.948955154418968,1086.4132352184993,0
22.24648768107096,367.74037107941916,0
22.993478051210104,1478.8911312830191,0
18.43180907278355,470.9921151411276,0
22.63395882359265,1564.753466100667,0
19.765878362822946,988.8937108230333,0
25.48642978668215,3714.075040818427,0
22.706777191162132,182.29797557112983,0
23.004911394472515,1083.9846663188678,0
19.20969452630908,1289.7915810358268,0
18.411952295757487,1045.814667643283,0
25.680375989278218,1349.1539217543345,0
20.923662369339525,284.9035084259253,0
20.980141655604086,1292.4866870057326,0
26.926285680135095,795.889471472476,0
18.529039478301968,181.7947112035494,0
20.70325512741556,1092.0280337345343,0
26.16142536799117,1729.9597382557135,0
26.445048374599878,812.6688905071954,0
25.793762090471034,1341.995102168296,0
25.23761304219562,3906.4438536774855,0
25.77793210347494,152.42382213589957,0
18.676498921712266,388.3250549447279,0
21.446669197082542,1127.3925647151214,0
20.76847333041104,1317.386139930461,0
20.81857624962214,1765.8549591910582,0
20.691445128123007,116.78685695049573,0
22.069568988733238,1099.9558612715941,0
26.469049835205112,2865.6951196503383,0
20.628914345635337,1329.1142702114325,0
17.038611984252952,159.53721180674842,0
25.01813017527263,81.87253847834874,0
23.61993649800621,1531.842385233615,0
26.941404052007726,1389.7559389483672,0
20.98207592434352,139.98337164637854,0
19.087649514940097,950.54511800525,0
21.179985159414798,709.4964467000704,0
25.386300977071187,1709.4317011546832,0
21.071708439645306,868.2624444377165,0
21.210981178283703,1351.1806771170836,0
24.20342179092711,478.08199823019316,0
25.025516658359095,2176.3340279471618,0
21.25310236612961,1310.7610017072898,0
22.9948720296224,1149.804443867181,0
25.31631140935997,1136.3016784202796,0
23.507715559005703,1472.555205972169,0
22.804050487942163,1109.6972271811705,0
25.437252662295407,1196.74583599088,0
24.563215192159078,1182.9229377221804,0
20.985286649068257,1260.6911294173938,0
22.621517576994734,831.703715772603,0
24.082434045700836,3034.6616029751044,0
15.007048452468155,1859.042745829795,0
22.47082554743838,1272.768479586814,0
21.725595410664937,1473.6968174588424,0
20.97640444437667,1331.8695470702392,0
20.175055510909488,1121.707928181861,0
27.252715740781866,1166.5171578538161,0
19.966809209187886,1105.3716808569175,0
21.25982516606649,133.70788917062094,0
25.336548452666307,3210.36204025266,0
15.85240645408635,418.2607389998179,0
15.509017944335938,363.316868246768,0
21.647787094116268,1332.8753978025657,0
25.902373568216944,2280.386277289365,0
26.26684450422016,828.6482997250299,0
22.48857754071554,1480.7975709449988,0
23.147561327616415,185.46586185810378,0
14.779892857869527,809.6639633190374,0
21.235064442952535,254.32999134180358,0
20.74547999699911,1260.5222955357772,0
23.459713660346154,962.3132914316396,0
21.253754915509944,1456.6905319702369,0
18.353858009974147,289.6509401511889,0
24.02592779795333,130.6092485797148,0
19.438139295578026,543.5810506355505,0
20.74340686798098,553.3055745076875,0
22.202882385253872,1211.086076499198,0
18.189134343465184,417.4590341758471,0
22.803238296508823,174.25432875869086,0
18.908565235137985,1063.4671866905433,0
19.5222261110942,3239.4476205122214,0
19.95742403666185,164.53239023802092,0
22.263383657282134,756.9235235464315,0
11.793595886230491,728.174024076436,0
21.179985159414798,709.4964467000704,0
15.75343817958128,1285.4083970200759,0
22.96657044826412,340.97088202950766,0
25.533931177312752,370.3106015932303,0
24.942465415833567,2001.2322224688273,0
23.064194509718163,170.26722505805304,0
26.03462181091311,972.4726125609617,0
18.487947209676122,285.6797583412867,0
24.571219916092787,1149.1510540258628,0
14.794406763712573,458.8030956697207,0
19.155821895599388,154.77316901204398,0
20.42450459798181,1169.2939110111934,0
27.099366251627657,866.0065501939993,0
20.2273093223572,225.80026909825614,0
26.712906773885095,815.0850094866495,0
19.02731622060145,32.993406803582204,0
27.629249075687312,807.2787456226091,0
22.013324419657465,2418.4946984064322,0
22.742039253598193,1124.4189187895995,0
16.10307322608105,530.1442712557058,0
19.191610045660127,175.77922791359236,0
16.74252991146517,376.72637850162795,0
27.16046480350394,815.3104640555124,0
26.90964032808938,1728.7416540097934,0
29.136291440327966,2079.913799465869,0
20.179039255778036,1094.3964019429427,0
27.022847535875144,853.6809615802507,0
16.034902032216394,331.7680664372187,0
18.175366592407272,1017.982401699994,0
21.669853385289514,248.43125864980033,0
21.701311620076467,358.1654548656683,0
25.09261267979946,143.81206110236457,0
17.531314044528585,565.6530119490366,0
26.372504933675145,847.141154856656,0
22.47990736961367,1373.5749021184188,0
21.477175966898585,1407.0080563437682,0
21.732166099548408,348.50844070432,0
23.74139658610028,379.2442426097136,0
23.2888918195452,90.50002396223356,0
19.304933166503986,974.625010789607,0
18.165392912479888,922.8864505898695,0
24.922750545683414,183.459617943738,0
26.50461022513258,1170.6705883156997,0
25.77712281545007,507.7505156409483,0
25.829913364757203,1945.5335110437613,0
22.488910187615318,490.73934257147124,0
26.13146016156236,1270.6320181500655,0
25.816219856625537,1696.5492449712497,0
22.279386774698878,1107.881230117057,0
20.61610373391045,1137.152881176446,0
22.488112942377768,1367.2635376465064,0
25.208643486386336,811.4504635345678,0
16.40260111490892,1606.2968157243472,0
22.03153699239101,1184.8720207822066,0
19.60813983987879,1262.5472515833121,0
21.820260408189597,1300.2675592910987,0
15.290852853986962,1055.6141965102893,0
26.203674375093954,535.4333192121725,0
21.25274217393661,1295.735259355281,0
22.58752683452053,187.21997067448905,0
22.2560916900635,1289.3018096697074,0
21.155178677594336,261.9511380803328,0
25.5417243162791,1893.3239996444922,0
22.856629202100976,98.84032309171964,0
25.965687485897206,469.0781950962286,0
22.345143123404682,855.8440923702459,0
21.35200431611804,1261.960987747882,0
15.726422493546124,797.1767492603998,0
21.65887311299639,1308.185581864093,0
18.28358335040872,493.04342717048934,0
26.759313131261763,974.826563895915,0
21.457995805286316,1308.325913549636,0
22.666249720255564,132.59949609753897,0
24.593229389190697,42.223737390015614,0
20.235293688092952,150.91443881509116,0
20.98037972223193,1139.6171942364913,0
20.244528961181686,264.9922192108374,0
25.461210959298285,4526.874502004359,0
20.484979530617068,157.69925043103507,0
17.807887840271007,390.7300055038672,0
21.412833944956503,1215.7472565781814,0
23.380215835571278,1773.797814549182,0
24.201837370130818,1320.4210370790702,0
20.259349383729898,830.9350058448057,0
21.25215905507406,1242.264644057725,0
20.64678272065663,38.606387377951634,0
25.060289955139183,47.03023731825162,0
26.252229521009667,565.2770631026964,0
20.426818720499682,2103.6121852707606,0
24.72281990051266,715.4068022978048,0
21.57736239433285,779.9162425112467,0
24.122678375244163,58.01388323423673,0
23.55186042785641,32.238581032727254,0
19.387491975007265,30.77461645123769,0
22.522814581129296,1173.0433523666602,0
24.026361211140966,932.8050248336534,0
20.77830679151748,221.2992504250746,0
25.311540630885588,1452.0033270132285,0
19.95742403666185,164.53239023802092,0
17.399584108240447,770.1128095400076,0
22.725716908772824,1055.6820973765593,0
12.701850636800145,274.80979338404944,0
22.755465270533648,119.44807022926618,0
27.313327619764607,1248.154573888753,0
19.19523363466618,1272.750642896865,0
22.245551681518577,1527.0535022032004,0
21.21754048665366,656.743657590125,0
24.349540024333578,59.81682315585424,0
11.213122304280603,427.59749740478804,0
22.73899543068626,1345.4021334659797,0
25.039267317454062,1465.2883492421847,0
21.75351438522341,1361.3325551163894,0
26.464451344808026,415.7390341174345,0
22.233663733800256,1369.1733375203353,0
23.3504463195801,1123.0225235235434,0
22.212205158580446,989.7047549497823,0
21.41674349749536,27.269516886446965,0
22.99502560650859,1211.4720687281829,0
22.972074961662315,195.22431939956954,0
22.570872243245446,236.52910143253615,0
27.39564921061202,1383.9691139769297,0
21.70200680626766,727.7498960506658,0
18.294612727445667,725.9227491926889,0
23.81945788813573,2345.299002529357,0
21.759560793922105,732.0934094500284,0
21.49515766344581,212.92183995363524,0
24.46091823577882,1012.3324885976057,0
20.076762478168234,788.3649401378374,0
20.743732918633384,871.905227006648,0
18.79571215311688,416.29552170750907,0
24.534161186218284,1030.727078021739,0
26.378391809174502,1739.123717696641,0
20.984615761893167,1382.0081695925933,0
25.211811277601498,804.8421710741262,0
25.419943364461233,1404.9487158667785,0
18.54312430264656,1761.744619162057,0
14.455405553181947,391.723715515111,0
22.54919315973916,470.09298652527144,0
15.875355148315464,976.5472643089037,0
21.470084833215765,1297.7919995796424,0
23.55008246103921,144.93734091636946,0
20.737973149617517,1010.4418888699751,0
23.196457387886824,1427.7093343448382,0
22.475360604488458,1368.6148121964675,0
20.252926127115927,909.5866650354604,0
14.059792455037439,351.7643369745951,0
18.661801401774085,490.90519622084906,0
17.570398966471373,1464.3623240303737,0
24.713128373117172,293.3924317371588,0
22.72741006215415,187.00701072928717,0
24.757048500908752,945.9044307481985,0
26.75541388771751,1488.143210114215,0
23.23219734474469,1445.7998096954566,0
18.852701439409202,384.66317653772643,0
18.485610071817973,142.68396124360373,0
21.490027182442816,161.19598299381545,0
26.118084716796886,820.6002645206194,0
24.733487551820076,454.352126271699,0
15.038565699259436,259.9154420208674,0
21.485728359222435,1163.2696434867125,0
18.239882299635212,301.4153920125704,0
21.099329862140507,194.74602192756942,0
21.966357273525716,1372.1673458826285,0
19.50957323710128,168.3621488523226,0
20.90952968597412,1023.6832544219236,0
23.816145409478167,2028.125782312129,0
14.234247991773827,323.9441111695509,0
18.780838357834625,196.83646857855132,0
24.148526854742215,2068.2178594183665,0
19.473214022318587,1110.6657095265132,0
23.542514419555687,152.98090204713156,0
13.035261676185996,749.7475191962461,0
19.53121178944906,424.8554043483477,0
13.914259741041406,732.6987989258508,0
17.796128845214866,724.4093947124223,0
24.46288985941146,1248.771440983985,0
25.669514765883946,733.8299795996885,0
22.01562652587893,409.8116129648428,0
24.80375515165781,1393.7335655104857,0
26.79615109761562,482.0683047187071,0
26.066569169362367,1262.975183130477,0
19.9182778888279,193.8799217354994,0
20.207832272847554,2784.8105251800757,0
14.066946798657568,1549.5627902459842,0
22.278638730730336,297.1908569347601,0
23.443233850267234,1153.164972366069,0
23.30079628626504,45.7405641686659,0
25.403239440918014,732.7677056205015,0
22.47853233902549,1430.2811816346389,0
18.045317188898707,487.93971240637114,0
17.852160818488528,2047.9522988211852,0
19.4937391801314,1428.927277029727,0
23.490316433376734,1492.4205586325866,0
25.540503756205226,231.8776853394251,0
24.365459296144138,3734.6950143587333,0
24.349540024333578,59.81682315585424,0
21.3360013961792,241.8729297828417,0
26.043161752488913,657.2750553500395,0
26.40895541963124,539.6068513405065,0
27.196696980794286,820.0497671973447,0
22.011103089650476,1317.569632829402,0
21.75674645560133,981.4124785375337,0
21.114506543124207,198.44131618854811,0
22.98029389911227,1403.1300216924888,0
22.31746108645484,1723.8877534877997,0
21.484035958184165,1263.2043257367354,0
25.608893701765282,67.90353059885312,0
24.10885359446206,156.2677294027548,0
26.218442402945698,1049.6940061461669,0
22.979640897115132,172.06005826709082,0
26.31671457001653,779.355672003005,0
26.18599058787032,1213.0080245446902,0
25.653660438174256,2953.0587390076857,0
26.564135222964808,3147.074051947568,0
22.189499579535607,1183.4957867872458,0
15.040095583597804,527.5889791559915,0
14.449811999003089,1241.7964868259173,0
20.045991706848213,1058.9150644850474,0
21.628361820039288,1598.4919935476523,0
26.16604200998944,1733.5697494458896,0
20.400201349091162,396.28647342440894,0
22.51331505775454,1372.863528133605,0
22.473789923531683,1265.7988786709052,0
23.47500588099166,1291.207087041114,0
21.022742772985453,204.67653945205024,0
19.50494988181373,1581.6133290540915,0
20.991829172770224,1371.47900164244,0
16.601017641138185,1429.0529608738166,0
25.718096351623615,499.209833146308,0
24.40996396806503,78.26591730234433,0
26.243057959420355,892.3280656349401,0
21.496825091044172,1279.592660070632,0
25.478157509697894,379.2128831159811,0
19.41120863414949,366.19827225920966,0
26.120279142591755,848.1620185088854,0
18.541173513730428,403.17420736071875,0
27.496817143758165,819.4787323486547,0
26.314218012491892,1429.0863096725684,0
25.733743041600974,639.3873997044305,0
20.12299327850343,1140.3750486683589,0
25.95392341613774,1943.119984866355,0
22.215791320800804,1455.462616683219,0
23.215085131880187,468.05146038648894,0
19.655089124043798,700.3543794166784,0
19.463293561068497,291.52175486204436,0
23.546509361267113,74.33902546880056,0
19.701952517474126,130.38170039770415,0
24.419623277898495,2512.9791840922576,0
26.46232683393697,650.9795904171209,0
16.04555223555792,448.4251409780722,0
21.45411502696851,146.06696069357207,0
19.984294509887718,1327.1509081136924,0
22.230682309468648,1068.7205538165313,0
26.698238132618144,893.3620907377939,0
18.50918286641445,439.9264499556761,0
20.490304565429767,1090.39450883982,0
23.211012231735992,2067.3616349708777,0
27.167161639531457,1440.5293956410628,0
27.650297164916992,992.8886786114912,0
20.456941435072224,1444.732111693595,0
21.2431602195457,162.5350050639849,0
16.900827719948552,637.7842545521002,0
20.206691431116212,1094.184466452573,0
26.62885034349233,987.8962308180074,0
22.473789923531683,1265.7988786709052,0
23.031875440809472,1146.8707069766265,0
17.097332248932275,369.8733270179968,0
22.343364746608472,744.9566543113928,0
26.270692740546394,1153.38927954552,0
27.629772493574308,1768.4310682129603,0
18.886630675906247,34.865320475075734,0
19.976167579933474,870.4577542853098,0
17.90710117022195,103.57220545527746,0
24.855242888132807,1190.1842102420073,0
22.86193004184304,178.43259573099425,0
22.96448528148511,565.7376468193273,0
27.485302649604023,1183.0206707131606,0
20.20372080121723,200.9701699030142,0
15.129149246215889,495.5273762356978,0
21.216306123279367,117.70257055876066,0
11.356921109699101,401.5828043234091,0
25.440359793769062,361.2739264976721,0
26.771273072560632,2920.1535217475634,0
18.9555231889089,1163.320612908576,0
16.530633799235034,299.5395258080702,0
19.48006807963054,148.0945952248316,0
18.9456611633301,1168.3371931326133,0
25.374975458780966,54.189969600413335,0
18.290392583211258,1009.02216583607,0
24.677122131983424,1697.1632659446936,0
15.302323118845607,854.084820301507,0
21.00635837652743,197.46906757471373,0
26.625813685523156,839.7933997225504,0
21.967682774861657,1431.2808409344893,0
24.127847485664574,1838.3485235285502,0
25.96477936638729,1704.205442966197,0
25.601559135960656,1748.6105978500586,0
22.614057064056396,96.25895023462583,0
23.499394989013695,127.8018474590521,0
15.152835210164426,395.01822069403937,0
24.02239909701882,164.02685344335845,0
24.74856696128853,205.7578459393721,0
18.905697758992517,685.1738177251558,0
23.22552070617678,172.17762097832968,0
21.753953001234322,494.84707117197325,0
26.876666402816795,758.5255064081888,0
20.272885258992574,242.87562891957572,0
23.00646028518679,1348.1445357215148,0
20.74594125747683,1204.8372223984939,0
23.661013009813132,121.20081186411191,0
27.689570405748213,1686.693669111703,0
21.710036595662473,1304.1340306412917,0
21.29986200332644,1882.8795224439841,0
22.8911651248024,446.52706831810286,0
23.93823210732978,332.7487044048052,0
24.96614310741427,854.808580876563,0
21.511205397711876,70.73871120927144,0
23.064569536845,1879.1107468318683,0
24.432298405965184,125.61769485590268,0
26.051287996201268,2247.1340082597476,0
23.458959833780966,1475.279745460723,0
24.996634737650595,76.35910883662511,0
21.299172059694968,1913.7912772607547,0
17.24922523498543,360.57140752789786,0
22.18991453382705,575.8986368787031,0
16.99655176798501,312.0924092840891,0
21.89575708177358,752.9139712464552,0
20.471002117792807,1259.6619620930892,0
19.063328337058067,1447.3579756927234,0
21.402411669776598,464.71901685116103,0
25.026941633224453,1444.879506529544,0
22.963137611976038,1378.8301840436202,0
23.46575094858804,199.44369495031646,0
22.729564255002913,552.2441834223013,0
21.245787811279342,761.6105347883444,0
23.172040239969874,1233.1425741326552,0
16.650550990634542,720.6511579465608,0
22.202987501356347,248.29998687026313,0
18.79013881683352,417.7776694309454,0
18.012132263183616,1202.3619607102614,0
17.536411993844183,587.8687508415918,0
25.728116575876925,444.4731518637877,0
22.91477816899618,149.6040269744139,0
20.71765276590986,1047.638122738574,0
21.161846256256126,1160.9571732592326,0
20.54162607193001,342.1212703001242,0
22.203484324919884,151.02253928897193,0
17.387180423736595,84.57547128317167,0
20.21541875203451,914.1252383601408,0
21.720366605122933,1188.9695718896132,0
19.04205255861632,395.9503293049078,0
23.09842949708309,1380.075861514781,0
20.478760231865806,541.3554169249277,0
27.566559410095238,1136.4140033733588,0
26.4384647369385,1989.0956066560489,0
17.26227495102654,788.2592462014894,0
15.417839304606161,442.29119718191436,0
21.466067815710005,839.1982473444681,0
17.303493754068995,1543.852594495986,0
17.53108647664385,187.13260889169982,0
26.94377997262137,829.3511427950601,0
22.736800765991177,1581.3693039130908,0
27.81410607231993,1606.5120816242438,0
20.516903734207176,930.2864789974432,0
26.011270194583517,950.8595176052789,0
20.358726739722897,1348.6289650213462,0
25.741701889038097,3271.358617396329,0
24.35808967484371,244.36864704010299,0
14.638100560506189,931.3752174389105,0
26.165275589625026,842.9655849945287,0
22.792752202351892,1066.348356009696,0
22.501107470194484,681.815800071929,0
20.818723705836703,1986.2817309808474,0
20.37601719697318,1369.593304396842,0
21.484968249003146,204.29746881243994,0
21.09679474603564,1106.5375998627883,0
21.477175966898585,1407.0080563437682,0
21.949733005870428,1171.7461168777686,0
23.688643010457383,1271.1989104759436,0
26.565645684136314,852.5890789937715,0
20.47494481404624,1098.527674378131,0
25.914246009377905,2179.580152780984,0
24.703073804806422,1004.124861956809,0
26.693873977661156,1239.8929305386287,0
25.398583189646445,44.56948191044141,0
21.74050682385763,1111.880418659423,0
20.461690627204064,1367.5003692519408,0
24.168082729975367,1137.3573362838965,0
19.835132733980856,393.03870573756507,0
25.633712599012597,903.3967971813421,0
17.089252567291283,234.0224504482489,0
22.483625030517544,130.29671907541564,0
24.86362822850549,444.873017073844,0
21.21435972849531,183.92750322935393,0
25.900044814745627,785.1041264843683,0
22.74523095795604,1490.5660122644645,0
15.906513609709577,644.4017820071916,0
19.342978903982385,233.31683576223662,0
26.806260935465502,2198.9165328454715,0
19.909135397275293,854.7953337442617,0
22.3785921096802,1149.95371252415,0
22.984438400268573,347.04998582718184,0
22.384270858764637,1330.3856708121043,0
23.383728917439782,519.243457169507,0
19.655089124043798,700.3543794166784,0
16.858402612474265,398.3770616364222,0
26.179470475514734,643.8846819114427,0
27.04502252520939,1351.622407139514,0
21.648226250542564,206.9487281155329,0
22.19580766587029,1986.2028591346484,0
21.277684865446247,1785.459522904132,0
15.290928061803186,277.1750472497683,0
26.665190666600324,1701.6857236635428,0
26.230794560467814,487.80770301935485,0
22.722182401021314,217.3401907098036,0
22.604140456517598,86.99932769057561,0
26.164980559878927,3997.2022183251124,0
18.201123991466716,1824.2121271800738,0
26.33295524385244,2905.6479118776065,0
23.503635660807277,1140.5167773377639,0
24.708666102091513,853.8280546676855,0
24.39557933807373,1447.1283636998874,0
17.28972727457682,710.5454847228269,0
21.458190377553308,1314.98828232405,0
26.934571965535497,1350.1760631811362,0
20.47646497090659,305.02121970174124,0
21.90127730736367,1208.142221720193,0
24.427475420633982,4918.863669784043,0
21.11660501956942,1145.853274316762,0
23.34071895281477,1043.2969972502929,0
25.049585755666158,68.7343373906355,0
21.735714340209995,1346.1057588469725,0
27.0097429911296,844.8694616567831,0
24.36168335808651,2447.8147819649917,0
21.490225587067812,501.2634404015284,0
19.720364761352528,372.9173474025469,0
22.40383078257247,1151.0030895483237,0
15.660670570090986,417.81177073833754,0
20.976687509042222,1135.7428252708655,0
18.098691325717482,565.3212785732488,0
20.928077952067042,1080.451932550643,0
21.283407847086607,717.369952053998,0
23.162792460123683,93.4986218821745,0
23.25409685770677,130.41020631906798,0
18.660326258341513,311.24804616091063,0
19.50459505716958,194.73576247808745,0
27.81410607231993,1606.5120816242438,0
17.30142276703367,375.30459910747817,0
21.07586284213596,1803.6607474100333,0
23.600686184565234,157.4070610117655,0
25.754092682732505,1898.704775423978,0
21.70959724143711,328.3822692942362,0
17.768448766072595,267.01448932406714,0
21.445201458847293,1841.121100635503,0
24.75934732225204,1237.205751986478,0
19.660702959696494,158.59591663000396,0
22.908611498938683,878.9533756684999,0
19.867755164040545,274.9656260025244,0
19.97715029716494,732.3463603865843,0
20.4335067286637,1155.2070833754283,0
17.69295862371274,1280.2372135233622,0
25.099651749928853,1253.3755198132735,0
25.900044814745627,785.1041264843683,0
18.927229658762656,491.40726477024367,0
22.46228555043541,1399.3219256412726,0
21.47910556793215,1177.8946638118964,0
26.226132606324768,929.4026762258749,0
24.616123811403895,263.6133216333132,0
20.19746845563253,1287.5864401471358,0
22.347677170313318,1462.9833370458823,0
19.197524261474598,252.0313978206854,0
23.84738445736116,2405.900259317134,0
27.16440162658688,1336.5684568893653,0
23.92436243693038,1295.7837924372893,0
22.976083464849523,480.26619553682616,0
20.857977811117053,1068.3073744189483,0
24.628315862019917,1220.5875374388438,0
25.819503031836632,2326.878093929265,0
27.03063121371798,1030.6626491260272,0
25.90979633331301,1837.654256076787,0
18.255310344696113,339.3022350978594,0
23.2345274448395,164.06384185073188,0
25.501151826646662,501.15918070194533,0
20.701423783735834,473.1642127048712,0
22.78500190311007,565.0142401468496,0
24.543020139421742,81.43254444119741,0
24.037422162010557,61.63346096989919,0
20.967542620058452,1451.1300519120437,0
21.482036481584828,767.8039714705686,0
24.84969774579247,2182.1371175360423,0
25.3239353873513,942.9623082291822,0
22.725289387173177,198.98672476527503,0
21.286509874131923,74.05004724976827,0
23.149231497446692,6891.871754826281,0
19.464986949496847,228.76156941172889,0
20.70458040237429,199.2604553711157,0
22.24596522295917,572.8507533681135,0
26.352825228373263,959.0820640337209,0
25.819564437866234,809.1310866188745,0
19.367037179735007,1295.6347733747702,0
23.99222613970437,156.5538056206446,0
25.420285034179756,2565.2291595947486,0
21.19595970880414,125.19054189441015,0
25.745267710966232,363.81067037699034,0
19.697098922729538,209.25796479103377,0
22.002494467941005,1776.5256695461017,0
24.47350028933903,1445.9912225615722,0
16.949937359492026,1528.689038754676,0
14.449271180894698,1725.285311044429,0
21.701091305414877,1426.2233421218139,0
25.422171495671876,2477.2019989800197,0
19.496942456563374,171.87794372556021,0
26.718523084200342,516.549971700881,0
17.28202355702723,109.6143506479006,0
20.552165135883115,1368.3871075522643,0
26.136605040232325,930.3226143133382,0
22.459212239583337,182.08435997483542,0
22.73208018408883,622.528222204421,0
23.49583663940433,123.46806079265882,0
22.22848027547201,1242.8910925996047,0
19.19383903850212,2703.9048679184657,0
21.488483955746688,1280.9688568126899,0
22.20656317075094,1331.1665400874358,0
24.384140110015892,59.68527197954465,0
19.783476712968593,802.0024567854147,0
21.169517771403036,63.402791322443974,0
18.211158159044032,356.0714505624514,0
19.960540480840848,1147.4826715898257,0
18.230698776245163,160.4603089403849,0
24.424191729227687,77.18586996314336,0
20.048408444722497,365.36995396134665,0
20.456070709228527,245.59432342765143,0
19.940312067667662,1177.5566644978267,0
16.67026809056597,1596.5776897978526,0
19.472425291273396,160.72810888407042,0
22.317860693023306,155.45207336661628,0
25.219931141535426,2691.0694696020823,0
25.87920735677085,931.1079502117376,0
23.699547633418376,1332.0718564104777,0
20.871198463439953,799.0466922533254,0
19.72922724088039,386.6856850695353,0
24.394941902160667,71.95111811277677,0
25.730678027283943,481.3412621628981,0
24.914670926048643,1551.4991924178344,0
17.155203406016028,804.2228825402002,0
22.808525498708093,2715.885237605546,0
17.80077237628757,389.48220834252646,0
24.9776511772007,779.4010311376791,0
21.469469052269403,1284.7886577260238,0
18.92242520650234,999.3025407206754,0
23.519331596011227,1089.962732793067,0
19.41218723456069,316.3637116563063,0
24.501802460352565,1461.4529766154033,0
18.523601309458456,471.4106552314501,0
19.30413195292158,90.2298733603697,0
25.19661749637487,649.491307140563,0
17.24955250422164,1650.7262110721808,0
17.75615622202554,1124.0667372953635,0
23.613639662000935,2009.008471668933,0
26.357239765591146,539.9721905600767,0
25.249026393890404,1909.6789889049273,0
24.263555781046534,147.45688885567,0
16.69681404961483,1935.2499105047923,0
20.75355733235682,271.8259364378195,0
25.005949020385742,1969.5838101219874,0
25.98736760174785,2439.322837443326,0
26.255082808600548,872.5721843552332,0
20.731973902384425,1351.9728451978904,0
20.857327347090802,283.1545330595713,0
23.47490475972495,1139.7658258688193,0
21.44802128019785,1292.9526835691672,0
22.95115533404885,442.32313037035277,0
20.70867464983911,223.00986275193503,0
23.742962455749478,1331.1331614863616,0
23.15149625142419,525.3482729208212,0
22.03992408116659,255.43495342252066,0
20.495303408304892,161.68744191644004,0
21.39973793029793,55.50759732839872,0
27.06270556979706,1389.6859295677882,0
20.423989741007517,1199.4173496973258,0
21.155178677594336,261.9511380803328,0
25.474531428019247,335.910697282527,0
21.971491034825704,1162.9299193632346,0
25.647669490178487,2620.841801912759,0
26.489590793185812,1437.4064214539271,0
21.013393656412745,663.76438439009,0
20.603365748773854,1275.9168304514628,0
25.63502909342452,1892.0731589209777,0
20.74404578435997,1352.5978147995215,0
19.475729613834005,1440.9498021018248,0
26.33208570480349,959.2928186070661,0
21.472938685947042,155.84887638804724,0
17.501619098804667,272.27371633169463,0
23.664306894938193,802.0221598458032,0
19.881216303507472,2048.9413857471686,0
19.092723535608457,1309.6351444732886,0
26.648455556233785,3148.5255852353316,0
20.566191064743748,1991.695319117282,0
24.72160178942562,1076.367293299411,0
22.339898772466768,864.8889929067831,0
21.661615626017237,63.05134743568708,0
18.584325762148296,2664.530818165515,0
21.932350201076986,487.92200982687285,0
19.924899779425743,1200.266753138278,0
25.12938508987429,1058.5583157849055,0
19.7808834530058,373.8331764948111,0
18.346326446533226,319.46185678360274,0
23.613639662000935,2009.008471668933,0
17.528487550644627,612.1718369436006,0
26.4731137805515,1217.4074433755618,0
20.487993176778218,267.96076148865035,0
23.46789682176376,1371.0345149051886,0
13.738598362604762,306.6954322170954,0
21.118992296854685,929.5077778410654,0
22.75737228393558,620.1840534817915,0
20.908056126470115,1100.2837054443103,0
21.481266170077845,1411.4988118421775,0
24.974610785282096,776.2425288569669,0
23.023199547661704,1550.6232351076346,0
26.36366306486582,1904.7469727706653,0
22.366147677103697,130.54147064802459,0
24.28915865156381,1442.495991290782,0
21.001595857408347,261.39854341862014,0
17.972861862182583,363.20100054261496,0
9.75676307678225,1467.8679712128383,0
27.442101923624705,1060.14104262111,0
26.757237529754605,868.5417369019727,0
15.699998209211628,1045.7037471246463,0
27.67151336669923,1319.8850758385402,0
19.908183670043968,157.20817148802092,0
20.748230234781886,1091.2355005752784,0
25.8040226506252,1163.7014679622393,0
19.71364099714492,161.11994609353354,0
18.776944679684163,859.452568740819,0
20.4755575815837,1064.7440448415023,0
27.224186621771935,445.9139302384596,0
22.81484425862635,83.73845815775205,0
18.13562511541909,1403.5972811293345,0
18.39351666768391,196.96156010148337,0
25.779817326863622,575.0038295995931,0
26.87231216430672,1287.0949812245112,0
19.38104128982087,1743.5411036026221,0
18.754786427815816,265.71483239648154,0
27.13210929588041,1294.2135602247458,0
26.054253161395025,2941.9240735482913,0
24.022364446851952,1314.4993603241187,0
18.54438220293099,480.2208438527327,0
25.65403534571334,668.3125205349664,0
26.252288945516,804.2041555058698,0
22.706807246352696,124.48879405972768,0
24.243416086832724,3144.6570388984424,0
26.628913770403187,1389.930442721818,0
14.021804348627768,1052.2868119191867,0
27.129687182108626,824.627444894288,0
23.006764348348042,1323.8753199588996,0
24.251861720614954,130.88638410088828,0
21.4714216868083,1404.299777747367,0
27.503809669690327,598.9764861774187,0
20.962807485792382,235.35056859371474,0
22.073467162161194,2583.859705181096,0
22.340356683731102,1321.3366165768844,0
24.427475420633982,4918.863669784043,0
21.28300755818691,1293.1105390202742,0
19.963051160176576,1372.6636029791575,0
22.952470821804525,162.03807741520217,0
22.46167286060478,772.5281424832086,0
14.659002134535058,808.7165996443968,0
19.283885680304593,256.1814010154944,0
21.38053868611655,1502.1649122249823,0
22.51270870632601,1431.2423959386092,0
24.4025863965353,67.57398769376088,0
23.039762539333765,529.9027606856565,0
24.89332701365157,1216.0752981912833,0
22.297260793050157,1228.1468704354506,0
27.322666422526083,1284.3550190341216,0
21.852361377080342,1133.2819804560881,0
22.17450111707052,2832.2508528840285,0
20.189415302983036,1291.471761466239,0
24.89513740539553,56.36270791408826,0
25.727350807189907,354.6613425028067,0
21.943469074794223,1368.2873107504588,0
19.711819458007824,264.371865243886,0
21.707078340318446,1421.4879989635688,0
25.21811190181313,191.0939149570208,0
18.175366592407272,1017.982401699994,0
26.040735393100363,571.0584864032011,0
19.97828095753988,1153.0724957597,0
23.623445906462507,1328.2171644282084,0
21.999740934372028,182.9471372079592,0
22.97629659248122,598.1395363819341,0
22.472434234619186,1465.8372372400504,0
19.706375058492085,331.5052025031786,0
25.060975488026997,3205.296636373971,0
23.321135139465355,1711.1797526490432,0
18.160212947704167,1306.0065887880069,0
20.817995590633814,800.1069918286543,0
26.067763401213142,2189.1920574021083,0
26.622065117245654,1594.297864289258,0
27.251991102430623,1053.9330884825927,0
21.234133529663097,1334.2855542909842,0
20.749946848551417,574.6906667959432,0
17.160557824594036,574.9739900243025,0
17.77896540202795,627.9858618986349,0
18.311185720231833,285.1142406475287,0
14.745229101181053,286.9520492863398,0
22.223377270168783,1245.346096159194,0
21.70446898142501,1369.0352931630355,0
21.976412767352485,883.1699870538454,0
19.283885680304593,256.1814010154944,0
26.8603882380894,840.084728599761,0
19.912269846598292,364.46802020189574,0
26.532119593900802,1402.3808062088233,0
17.39612771670022,595.3335247945528,0
14.035928185780847,811.9786687206964,0
22.546439213222982,117.5074845564108,0
19.42112014293673,451.84566527721694,0
22.463134237436122,1262.9756301653129,0
23.149231497446692,6891.871754826281,0
20.978067864312095,628.2114468526582,0
18.665220303005697,554.409892113183,0
20.90802016788058,53.94216328975965,0
27.091872533162416,976.0689519357423,0
15.928527768452966,358.135294915412,0
18.67681115468349,289.62505310890486,0
19.153638935089134,2372.8504039358836,0
17.974056952340277,417.2565087687712,0
23.134002558390307,1457.5923837733012,0
19.96523045433895,564.2360568058233,0
21.86305292220345,1093.3458551776152,0
23.412996249728792,1087.3228020977717,0
23.133277312914515,1994.2064814281207,0
17.29596209208171,747.0891743910055,0
27.19242705142858,1451.6604773711902,0
26.157242838541663,1114.6166332077723,0
11.269019381205226,549.0744605672102,0
26.542025587293836,957.2690062236528,0
26.07501023610439,907.3439657699804,0
16.964175478617392,309.2274859559279,0
24.836572674342563,2948.732108623956,0
21.348434946272164,214.7067643713694,0
15.97986129341706,987.8646366309862,0
27.058444232032457,830.659066141818,0
26.005350758479267,1166.3121178757888,0
13.775817330678308,507.05874785897544,0
24.229025603785658,1296.4809954178077,0
18.235481389363656,361.0325202357512,0
20.718637508816187,1373.4034195554,0
22.697777911594983,308.0957949173193,0
21.19556238579031,1182.413232327674,0
20.457508341471396,1331.05812668917,0
18.16551842462451,952.1102875482778,0
24.50477490425112,523.1201842438917,0
21.58841453393302,1197.5123852503043,0
21.777046862515533,369.21032592770865,0
21.93673241024925,1639.3432997178775,0
20.187884664535545,584.5695517968874,0
22.486582851409935,776.636325569127,0
14.307172605726464,213.85577768204024,0
26.412875390052818,936.5170046698789,0
21.494319181089054,1304.6846210968238,0
26.489582739935997,429.31642830488494,0
27.09897603988651,452.10844725487044,0
23.238696352640773,1363.2853746425849,0
19.700485695732993,159.37700569746306,0
25.167753632863366,871.7548444878797,0
19.442727979024312,1674.2251299333316,0
25.48609470465243,495.8760708582144,0
20.16251758843464,1807.2467416536551,0
23.52882970174153,1161.393423379634,0
24.017658593919577,133.2288987946253,0
25.897658342303714,2851.47307515261,0
25.352493731180857,1219.7534225892764,0
17.068441449678915,1733.8605828594905,0
20.536360432551476,1232.1533419203502,0
24.75084723820771,1711.587262154792,0
26.315015552662032,767.9250024270754,0
25.70357093811043,1393.0532604467612,0
25.03529694875084,98.01586419460584,0
19.50344697457774,1264.482964576457,0
26.13112893634377,883.241888881896,0
24.549343363444052,301.9841134559851,0
21.129678442539273,1608.4584712993842,0
21.150115966796875,528.2834813010435,0
17.470261298285607,167.4815014016371,0
25.11637109120693,148.50354269263556,0
21.262739404042577,1921.854712815259,0
19.436724316632365,425.78144073602965,0
24.69363655816943,46.373058856699956,0
16.287398456391884,936.2658642244081,0
20.250656240957824,1337.2865363967162,0
18.158902549743686,903.8051560532789,0
20.97743353843697,699.8983182024698,0
26.052089194095572,1920.3912213456374,0
25.906206985756228,1746.1083278071624,0
25.55361561245394,276.3059593748789,0
23.484427330710673,1161.9309157144767,0
23.09942789986019,1285.4179039609176,0
19.941051326078593,956.3994750392179,0
26.397863824026956,952.2147782158594,0
29.12484613306384,2063.040484489177,0
23.28399808864407,1556.443397701953,0
21.960239505767845,52.75092721102048,0
16.742922772301597,332.0426799368601,0
18.333807468414307,279.3172940623503,0
20.48095622592507,219.48620006558707,0
16.802996063232456,585.6267668318491,0
15.641493027298509,902.4746052932481,0
16.2344687143962,348.71657639858535,0
27.509756689360643,1260.0893162202578,0
23.072373432583277,1064.2807304870826,0
25.947308715184533,2139.918760211442,0
25.115313148498558,3346.9758637261134,0
22.254640727572962,841.0014554869871,0
22.112578636708918,1374.4344234478217,0
21.444857533772847,1077.2306591284018,0
21.27933747262665,1425.5257442605239,0
20.003783003489218,1671.6418944310885,0
24.54217173258462,510.1006485533457,0
23.317541164822103,167.672843487237,0
22.48023048792129,102.53877267358114,0
19.670447921752952,312.1873222303133,0
21.716674804687557,1306.2575057160598,0
25.506142943944724,368.383747340415,0
19.299821645563327,679.9934774648885,0
27.012104924519917,901.2817636143903,0
19.602639929453574,231.58333897707274,0
22.959654108683253,596.8407139193754,0
22.976865762377543,1821.051631869052,0
22.490566417149182,1415.1063904177886,0
22.561762306017783,1271.4876875292998,0
24.163024944729273,1345.708948374961,0
23.912364959716854,755.4841123532991,0
16.646482779763005,524.7644789528589,0
13.194877084096277,1147.4973864865046,0
19.75818177329171,247.92497679707816,0
21.920322036743187,181.0393080126982,0
20.793928965815837,916.8335244071226,0
24.90205874972878,1633.1073164951545,0
16.21556858486605,333.94439593074134,0
25.064348915295795,2787.9835523676616,0
22.909665997823083,98.0009444069605,0
24.482180577232725,801.091027260993,0
23.220056929411726,1043.782708049987,0
20.791644597936568,50.018355996583,0
21.981060759226523,1330.1656141888839,0
21.854910405476915,1414.1934558760863,0
14.414909829033775,304.9060300004225,0
20.23386014302571,360.5383902799826,0
25.887720521291158,864.4309684645872,0
21.25251931690036,317.1971373271685,0
25.437252662295407,1196.74583599088,0
20.448000390189065,1286.1860364687186,0
21.00431626637777,199.3275552999716,0
22.32737163967556,474.767100812171,0
22.47699157356203,1185.518947244857,0
20.483639907836903,1132.5742125522834,0
17.660099737984808,237.21736744162848,0
25.831261359320763,3794.7249308240157,0
23.237305288603864,1401.9736319792014,0
26.69034959475198,672.360443325017,0
23.137128734588714,1019.2165233206491,0
20.978695064120814,1097.4681422126037,0
14.646149289166544,586.8655934941511,0
22.965517116728336,355.6887514900904,0
26.510506001225224,813.0223944794874,0
18.275960829763676,532.880895585988,0
21.685160017013573,80.48589602229406,0
22.593247138129414,67.89104342577268,0
20.97803478240968,1100.9624049079162,0
26.19776504834499,1686.4141270529967,0
19.49176503817239,1461.1289173376304,0
24.631974856058832,1842.4665749084693,0
21.74743018150332,1304.1199713957053,0
18.2679913657052,639.4427686941366,0
21.88146068866439,1217.4305439007026,0
24.982522922092016,838.4103149187307,0
24.62034406950977,6202.73739546654,0
18.718238025241476,1252.408412100051,0
24.852187066607996,139.78094682214072,0
21.511175886789943,676.2231223296861,0
21.47385742752641,312.65468224999717,0
20.352052470615945,212.50554621336272,0
24.13376812405056,1368.5892641556006,0
26.04855626424154,3359.130129964326,0
17.2880697674222,301.87496990082076,0
21.21343421936035,734.7933359455805,0
20.33930721812783,942.5190396618585,0
18.311677042643225,1233.122725785945,0
21.28881384531661,1134.1262578975898,0
22.920816410912437,186.41583323595336,0
19.109680151939415,1280.3110003483039,0
18.91950035095215,1188.9792948972922,0
18.033077971140585,465.89219272253325,0
26.05015109026874,5292.827595771525,0
27.105037943522177,843.7061280023794,0
21.227666473388695,1285.3291749965888,0
22.26132015652132,1212.559644879077,0
21.882955487569234,121.97047174093534,0
21.511526785956505,793.6106629681329,0
25.77601254781092,5026.601143927548,0
20.986846224466944,1354.596604408,0
17.9239678165369,2126.5195615601283,0
21.36517430941268,2316.564814002488,0
20.58155886992745,1268.9483881008368,0
19.04003456714105,452.90500372764876,0
22.45703738530483,1753.569339216922,0
24.714710617065464,104.95911240694333,0
15.428664991590722,349.5896317076426,0
23.41412558122113,1092.961893231843,0
22.71880993843081,1060.2161109459144,0
22.279173999362513,79.80184331652929,0
24.505186907450366,2440.93439057586,0
25.546032905578613,575.0002980243902,0
25.055098946889302,1954.938799889062,0
23.73998389244082,1862.7167165291053,0
23.740328866464097,228.3345170330744,0
17.795210186051747,769.1430643212537,0
16.635452225628967,2214.256648720477,0
24.20706573877584,763.2978156220655,0
26.39711929957076,2181.9638617348414,0
22.8039483388265,427.4786867212992,0
22.727956125471394,1033.436414600585,0
21.61490736007687,150.2141401183348,0
21.247794440940595,1418.6034768831473,0
18.96197320620223,312.36578971264174,0
20.710919078191125,1227.8292223822814,0
22.279173999362513,79.80184331652929,0
22.21745059048692,221.69252559659293,0
24.032308550234177,1210.135412217353,0
24.608021672566792,1087.3326107871276,0
21.979301007588674,850.4370979976396,0
24.93591730454392,2539.9404734384757,0
16.407310024897242,805.2644252788763,0
20.2211903889974,1289.1488343488913,0
26.233696245264127,1161.0667563986522,0
24.310206490975816,1127.5588057946902,0
25.972823821173847,191.91914126393607,0
17.024028296219683,552.5900058459978,0
20.204800287882506,1006.6967912029962,0
26.474986652171992,2041.5956348192435,0
16.540378118444437,310.1862862717848,0
22.533424886067678,191.84753745910933,0
23.94677314758303,1907.524057478879,0
23.01502698262533,167.61501208064368,0
18.80390118492977,467.2554962348681,0
19.42112014293673,451.84566527721694,0
20.949620364961163,112.36918047187139,0
19.310024038950644,1259.1397620749217,0
22.004114405314112,1775.5379498016578,0
21.377738761901924,239.68821093556693,0
18.470150883992574,175.64074024674704,0
22.50502121334989,712.5302150857191,0
21.250446732838952,928.7264578056078,0
23.600762780507466,124.59661513683606,0
22.91162293752035,193.1082911801081,0
25.458833816316428,247.10471257684043,0
23.46291554768885,1355.649952591632,0
21.19281717936201,1915.998332948659,0
25.405585861206077,784.7202800225954,0
25.196635863894528,1313.227348775838,0
27.161356226603175,2272.480767966483,0
23.779813808865015,1284.3646675359946,0
26.87953200870095,1058.9347451936942,0
26.7913605795967,879.9643933784704,0
17.953087981541955,283.46102386829665,0
21.47991285324099,1096.2233364593726,0
15.996961339314794,1381.9848977040988,0
21.9986641919171,1464.7604122769576,0
24.253680667542596,1533.7427154195052,0
24.962086382779205,960.3091821086149,0
18.731020368673853,421.86115756747535,0
24.211120859781943,124.56541955587674,0
22.88291289011636,191.2881031644087,0
26.625288173130627,1071.5385608386737,0
19.694549814860068,1062.276386470769,0
23.81879784266158,1998.3748763811332,0
22.945867429460804,1242.3879548918944,0
21.98638321558633,127.80657112715055,0
26.52105153401692,1068.8343018305045,0
19.281210041046165,745.2428348374109,0
22.485890556104266,1453.0486211192351,0
23.172700182596884,119.71252486226369,0
17.662878767649374,227.63875201461127,0
18.628720487628016,1789.6970778715354,0
17.289675776163733,737.1690429758768,0
20.569589948654198,145.85499912617018,0
26.80052157508004,334.43098962423613,0
18.538145819164413,508.5462376486998,0
22.055143460360455,422.3161123704653,0
23.418281014760396,60.56771129486371,0
26.756931082407675,1143.3984719228488,0
26.883599911314036,1006.101027877305,0
21.603238280614278,1223.3539640915137,0
25.917878472684663,1941.914745421384,0
19.465348180135095,1434.1093122970801,0
16.076149135165736,759.9060654651861,0
21.255989487965962,198.84716421482375,0
27.443009299702112,1391.309761257146,0
21.945875846015156,365.7437868427973,0
21.02395121256518,424.9900698673468,0
25.805221070183677,1049.3855781864863,0
22.87027999030221,2355.5991582584124,0
24.218949190775618,164.29858356830886,0
24.750619911425076,774.0084201109152,0
25.826594416300395,1478.9087370049697,0
25.502665032280845,757.7933639299612,0
21.003451538085983,1138.6149123322707,0
25.85801242437128,636.1359998595457,0
20.882464708600764,1742.498935015176,0
21.696254428227746,2136.2875372183066,0
21.570848256891395,1254.2775020014983,0
22.006163427564843,1144.6310922515136,0
22.272041484287854,1355.297234655593,0
25.41680101336857,652.980846167777,0
26.041439988878096,2036.218044162963,0
23.78127870559689,1182.9754605900985,0
25.132947778701805,2887.527067960475,0
19.694213909573023,240.74182734010031,0
22.131713383538397,1414.0964120638114,0
24.065352309377545,1897.0739215624076,0
20.719431813558003,148.73316586134246,0
24.84403775533042,2103.5246782016497,0
26.251605733235692,955.8585554373007,0
25.829913364757203,1945.5335110437613,0
21.539956170541302,225.81762522575667,0
23.358052677578428,1049.730215967868,0
22.979434797498925,1479.280357063983,0
25.71145761277944,2339.524240047906,0
19.59402680356277,2322.520729900573,0
23.24573771158856,1214.381937683795,0
18.302570059360676,925.1181080949049,0
18.5407784433076,439.76266384241393,0
22.247232182820653,1413.398009539817,0
22.7531146367391,1595.4751603317004,0
21.25049082438153,385.0372403871756,0
20.885222880045603,1336.691346765731,0
25.013182338078877,1949.331340194915,0
19.710120066890056,1177.9609069239837,0
21.91943782170614,1213.550698758338,0
17.415774917602562,808.2266643655042,0
26.72355181376139,684.7058951866369,0
23.580159396217027,1462.2453719389182,0
21.442607266975187,1421.7223495256644,0
17.40103212992352,301.5594974171858,0
26.074316561663636,1119.5002093922835,0
25.40276171366378,825.207215548728,0
19.489127801965765,1352.2237360489112,0
19.489659404754605,1153.8022428762656,0
16.241537385828394,2410.5081193160754,0
25.878495984199787,1911.3522291195136,0
20.714711055049293,1440.223124624465,0
21.36845684757941,1248.4073460113746,0
22.251033322016383,1110.2032780658942,0
23.679572335267665,4249.000877888177,0
27.124690204196554,735.0211747002344,0
20.724892022874656,1250.2305738639575,0
19.28040396372478,502.3531287920218,0
27.302179145813,1606.00590407965,0
24.440139434451112,2026.8198743474227,0
22.703887939453125,929.3774336588125,0
26.270693678014368,834.8243281256895,0
19.917072061392048,456.5070018183928,0
21.468116060892726,669.8479212832193,0
15.274807527330154,3193.252627552722,0
27.742735163370753,742.4558036041002,0
26.385154920635784,2058.537226916526,0
17.287700554176695,501.61421001074126,0
26.676570722791837,1288.4157009434443,0
22.004477159182272,2180.5635623645526,0
26.030116108485743,321.8157522392016,0
26.469189325968443,381.191056967948,0
21.702284055767677,1587.769635767911,0
21.25281507703994,1421.884407104228,0
22.711909468968713,723.9315107476453,0
26.13070605595908,2281.47598430631,0
16.565490277608262,1061.1525259923678,0
19.164691906883604,470.7821279775839,0
21.852526088997195,47.22721949336339,0
23.221155703509282,683.4989532839994,0
14.190439955393458,900.6279602658491,0
21.9730167388916,126.90372094628621,0
26.038076019287132,662.597053499196,0
22.218995737146486,137.02900037286093,0
19.1074882366039,1254.0574640047294,0
25.715526335580023,830.2718333911638,0
23.11891876402359,3826.7047673475486,0
23.067667261759482,1434.290804715131,0
20.194247671274013,2155.2862681460124,0
24.82039381663003,3279.6550512325507,0
21.728740575578513,1475.9099900734168,0
21.469496684604223,1514.9437494587642,0
26.36366306486582,1904.7469727706653,0
11.23511621384398,290.72226658580115,0
25.494600599240016,4029.3860591959697,0
22.924719464337386,1084.515486658786,0
25.288178618749043,1530.6347168993693,0
19.95174671808877,1387.487214804862,0
24.140323999193015,52.69717872259427,0
21.11669259504839,3991.202496738408,0
23.569787491692466,1732.4909649800998,0
17.990372753143276,925.9965054702501,0
17.784077730365823,533.7238393735628,0
24.67015936715262,822.582517565463,0
28.439270655314147,1645.4918354761344,0
22.50671186736139,920.1369032275419,0
21.993681605656946,746.5124398481588,0
24.583854716474377,948.1225878011923,0
22.528080876668298,1270.4548135411483,0
20.688757324218727,1358.709973098014,0
22.474591244591636,1482.811470330928,0
25.290055211385095,938.064888865922,0
25.168332853771346,1483.6728692066413,0
21.01321618216383,1255.0592131924373,0
24.662165199825495,1949.8567998420936,0
21.953950076633078,1127.6941120636207,0
21.761861546834325,1198.2044547807914,0
16.415580933182298,796.9604514550905,0
14.48761647542318,378.08539420482924,0
24.506705909305197,1348.6034356069308,0
22.394012149175012,1273.2294842612487,0
18.737753021149445,288.61942961928656,0
23.22493610382088,184.77428406593611,0
28.043069412594775,2152.08569988725,0
26.929725356329072,281.96758851525595,0
17.90797055562342,489.43336755153945,0
19.617641544342064,1373.4134033333999,0
22.514339436425132,676.6174256813268,0
24.023675537109398,78.60878184554387,0
25.79025578218352,1102.4814814340812,0
24.547890387641075,1278.9855495106917,0
24.39909678300228,641.9025257241468,0
19.672650273640954,140.0050640117865,0
24.92255013783773,98.63764867303182,0
17.105937533908445,224.3446901452284,0
21.566414867303365,1767.6348172139865,0
25.656405639648483,193.48059669253638,0
21.290865262349485,373.324711621974,0
17.778001403808673,426.17118805763533,0
17.627333060900355,327.37780436990073,0
21.424724651518318,1070.2704831969481,0
21.48984860314266,1272.8215053689223,0
16.082621426052583,224.81110394117644,0
21.178992480323473,3281.497527660106,0
26.694832738240564,1113.7218184780818,0
25.351830291748115,986.9064360868673,0
19.510969204372884,198.636115343545,0
24.989222462972066,4557.379432768796,0
21.951066626754425,816.6428066801767,0
19.96109778994611,1358.3769992005568,0
22.36433359781904,6370.9988378,0
25.567967897151902,1771.671657265399,0
22.240823682149312,1100.1986309897643,0
22.99535508332434,236.46581992623618,0
17.948754776848716,345.0131312024336,0
26.31238422393801,898.5870338988046,0
24.43842831566218,1324.1032294940692,0
19.73151094648574,1256.2133640062552,0
25.533241237293623,1229.2989313614112,0
26.26684450422016,828.6482997250299,0
14.161644713083888,734.2484414589147,0
23.74490866661074,139.4724555325251,0
23.801143052842917,38.978070766900075,0
21.47935108608675,171.36469930527022,0
19.1584935435543,430.0847545277815,0
19.9634482489692,177.42836177465728,0
17.226482836405467,279.5624181639891,0
24.253680667542596,1533.7427154195052,0
22.530345464635786,1362.5732183468085,0
15.26935984293624,401.23005285975745,0
17.29169088510372,963.0316242587309,0
24.496761311425132,214.03131336090377,0
20.636666602419155,954.8208348464708,0
16.030700365702387,458.1636570405703,0
26.707682651943628,544.0270721924047,0
18.461086527506552,389.69728425261786,0
18.416506844979665,997.0888130378465,0
23.728729502360068,850.5731791269521,0
24.982096463983794,695.857618750308,0
22.77801295386422,140.46945497510245,0
25.833036544587912,276.9361518335085,0
19.978456479027216,492.1885885309916,0
22.483701907263878,1286.4641293894988,0
24.51625144264915,2865.0062352430564,0
22.20807972862616,1162.7825096261245,0
13.425028968579909,3322.652836145137,0
25.21813145592091,804.1928753268461,0
22.584607272678,1205.0004869711142,0
22.013787263812446,596.6930955660085,0
20.110727961858174,145.82054764149,0
16.25360565980276,1694.8328360926848,0
27.0625463485718,854.8186168086271,0
19.95107447306316,704.9441978347044,0
22.734307997567328,595.4452797782163,0
22.74573923746749,1050.0632494699698,0
23.68258620897933,136.8876516830664,0
19.789855666387666,966.9205777358751,0
23.32274216016134,1062.021174283002,0
22.999423217773483,855.2925407898168,0
20.48095622592507,219.48620006558707,0
22.737883377075207,1156.765897573207,0
22.449642181396484,922.3146259796362,0
19.35151046117153,490.9233123075705,0
20.192413006406866,942.3886954796056,0
22.503775012854362,1485.6297269475203,0
18.530073349564134,350.39381012437156,0
20.954576958550433,1137.4018199753505,0
25.85088831390999,800.6904467951994,0
25.993527666727744,1018.4419199835996,0
25.016261672973656,899.7312940668802,0
16.034460172466254,871.4267395448427,0
23.717552381573284,1448.2854723942023,0
26.751716762118917,1216.5315680217486,0
18.303644717181214,371.3384650659304,0
21.439338111877532,794.8886722337942,0
26.24270564488006,3003.5399876546603,0
25.265938297907553,5166.712862254355,0
26.209316627184535,497.9156151425581,0
18.79130498391612,1974.3000164639693,0
17.32267237163734,1323.8842047762614,0
20.63097200393679,1396.268998087619,0
21.1833564334446,579.1593350481729,0
15.948340479532874,784.1550603520612,0
26.959395556979757,433.10539126512816,0
14.095033264160179,1186.7869131278735,0
23.15443229675293,3618.8452102255565,0
18.0738593631321,175.51446035620978,0
21.74212205674911,1319.98767405865,0
24.165354283650743,206.21042773244193,0
25.943368636237267,1012.4537840497236,0
26.89418770472213,1905.8448269974929,0
16.931773757934593,215.58002084610274,0
20.96803746223452,1129.8052787792426,0
19.822918616400898,959.3516446661691,0
20.46424255371096,541.3829989742975,0
21.346041234334336,1248.1290221225959,0
23.19410079320278,46.35742753860761,0
22.178041530790836,1241.8343618523818,0
21.958201768663173,386.26873195287993,0
20.249367650349996,1143.5038045060378,0
23.16051508585616,159.00962501880934,0
22.107846662733323,725.5004987132291,0
25.737020393654234,365.0027260195952,0
25.58985103809789,624.0258522343378,0
20.66998380025234,1196.4979849767428,0
21.735216590685695,1383.3469346177321,0
21.036217625935876,58.21951925871183,0
21.16153751554947,67.79743805644323,0
26.374622599283896,965.4415816080312,0
25.760512115016184,1830.450982601617,0
22.856548023223922,693.0493757140379,0
25.98726794064703,682.0218756806593,0
20.18597253870081,1284.6317708503943,0
20.87698071797695,1222.074725480054,0
22.930061912536644,79.59093228099157,0
19.871052458069585,1186.8918173026782,0
20.24001395967275,1134.856511653636,0
17.173234595504425,748.7765371811132,0
21.207895714896097,686.5161478531103,0
22.76832248369857,125.10745301959325,0
23.801258659362816,1369.2616604280215,0
19.47466358003163,149.6762156498175,0
18.200620508193992,463.58405128238013,0
20.664915702456483,694.6915246557932,0
23.946128511428867,3895.516545326684,0
19.270882189715337,730.5302403878908,0
21.71527676052517,297.7545417856913,0
17.525819354587156,478.2911621045809,0
17.464522298177144,297.51094132778456,0
22.687438220069566,141.28899276373198,0
23.494084082709435,1508.7407350551825,0
18.72013188340611,820.91006711242,0
21.996777725219772,319.5507757377367,0
20.286932510799886,421.50772810098937,0
27.32669744491585,1311.9049787533027,0
24.482180577232725,801.091027260993,0
21.45148133171932,2119.527664781783,0
25.83742549587987,794.7758220147829,0
21.764535840352437,1134.8274469387275,0
22.92977506849502,1099.955384434436,0
27.57748947143557,1115.7829023909312,0
23.637907918294275,117.6322147261839,0
19.955203628540062,142.4619674694281,0
20.223934659090958,1268.797923625682,0
25.818723590557454,1125.8364215504866,0
28.06515782674154,495.9184981894236,0
26.01712307929995,2338.571530581687,0
24.089127959145458,125.6677851092558,0
22.771554406483972,1429.4249162089568,0
23.013627104325792,1745.510590077613,0
21.48267887963192,294.5530608308058,0
23.660454177856423,153.93086224911025,0
19.887262916564964,211.5885958087187,0
25.91890955838295,2434.719436616872,0
26.136996523539267,936.9944080722074,0
28.43074124654146,1631.3805438589793,0
19.777236186133507,3870.847732574914,0
21.483408784866356,704.7198645782213,0
26.30273537105984,558.2612052571516,0
19.26953192816842,174.2290638398867,0
21.95861784039124,671.0966274153928,0
21.07879430982797,54.80285808560659,0
22.116037238968772,1289.640244842742,0
21.96110420227052,152.8057165455561,0
23.71292383405904,438.32902312395385,0
21.965014606052023,1371.8208938848716,0
19.89902736345931,710.2226026367883,0
22.333702109604246,1449.2298856389266,0
18.615542205656425,556.0492806148271,0
20.65105225245162,1285.3000655781966,0
26.273427642337936,1575.104203821395,0
20.957901891072595,1244.6848645817977,0
20.921147123972617,1090.445671976779,0
16.22366612752279,246.68967798468879,0
17.008020909627305,349.94458481786063,0
24.148695518856982,2198.1057420384627,0
23.792318780081644,1295.8411842596274,0
21.27479112413198,120.90975493309308,0
22.947190009223107,667.810079456542,0
24.657142480214418,1493.2442910980922,0
15.170465469360352,978.163515032504,0
20.46879399617518,490.0075465452414,0
26.0486982981364,630.9758022439222,0
21.275631275883427,501.7108067881804,0
25.846051345775322,1466.9821903121215,0
22.46528008778887,875.2912029635648,0
18.767891057332406,357.9627953481417,0
23.41461362485535,1193.505917490695,0
27.105037943522177,843.7061280023794,0
19.496803826996768,1697.7505393337947,0
22.381440416971884,1596.7780694377166,0
23.74039293924966,148.2290223252516,0
22.179448346738468,1312.7682849776488,0
18.03015215131967,67.67432838794996,0
21.467220913922347,170.7435220491629,0
24.97712400489388,1246.5355142962676,0
23.692034311005557,1774.3950903427344,0
21.229882085891063,1147.0071196567756,0
21.751483899071104,1137.7134069812041,0
24.101634790783862,1458.7560974073153,0
25.02675370881053,1549.157471210931,0
26.1339203516643,2314.2419353139144,0
19.250284085955002,142.7690841269236,0
20.257174064999617,273.5596828174334,0
24.857937300772903,1148.4992474329215,0
22.269844945271814,1257.064846159194,0
19.255717889467917,1308.3273962151748,0
25.8906033833822,809.715394676898,0
24.792958354949974,1220.6575095665198,0
18.191479746500647,1580.2353814255935,0
15.677946980794331,341.5112130355578,0
20.473128255208337,584.3703195464353,0
20.97829348246256,1489.3890962016326,0
21.436830854415916,34.192164243433965,0
22.22790847547128,1173.107606173728,0
26.05375347137459,829.1543580603342,0
26.159789541995906,531.5174840402345,0
26.928969573974655,1573.4041340660792,0
20.19518538581002,185.83294823882392,0
21.188865995407127,157.35653489944747,0
27.444754695892414,1436.0704019677382,0
25.005624100656235,1940.881443024848,0
25.233108350965722,801.4011129748563,0
19.293599603115013,1208.077044041131,0
26.003101694016266,790.7697901141386,0
18.4109931945801,642.1194605540971,0
22.50738852818813,1200.2057477843505,0
20.531520250108542,404.9566470098238,0
21.737920856475853,485.8989834797125,0
26.029288773309645,630.8954291057329,0
16.030700365702387,458.1636570405703,0
26.31238422393801,898.5870338988046,0
22.944962649875265,1565.5685260903579,0
20.71337256431582,217.58647337672522,0
26.389818445841513,1816.1890588712436,0
24.118575597692484,3428.2062806200724,0
21.48757451375326,1183.2084774982673,0
17.82212289880829,1105.3608998667937,0
24.968902065135808,1807.9427860688907,0
19.169993336995446,37.48852834222127,0
18.74581533008154,415.2004316460829,0
21.500461550112163,1102.286916972373,0
20.972064590454124,1202.89540737984,0
25.13227284749354,1826.459609718297,0
16.732719887627525,263.4648948919516,0
23.473933749728758,1499.5664477359992,0
23.7540505652334,1614.4642837357264,0
22.629027303059956,180.20449653384497,0
22.802392196655262,289.49382230756095,0
23.313603178660117,1655.317266286586,0
15.455490437260437,499.42057281849196,0
26.00155389573837,1097.1654586505633,0
17.801117666144194,811.6589494061212,0
19.227781444125753,185.74956506607344,0
15.212692197163904,284.0882360946875,0
15.107659308115672,521.1588040005903,0
20.728765360514387,1408.4761634480697,0
22.697459276517236,1271.8665793549758,0
23.9215443293254,106.89963847515394,0
27.131804402669275,796.5682156395654,0
25.867292658487997,3514.9979263555747,0
22.994700209299765,686.1379042279463,0
22.959780576494097,1368.4645861398917,0
27.63815832592195,1003.6344610166292,0
18.478309631347656,303.5027280461531,0
23.819878726535308,1578.3691823494178,0
25.241807874043843,1245.0578741740924,0
19.43063098362512,759.9507801246385,0
21.53371594746909,449.54434111831,0
22.246098136901878,235.0726135086756,0
22.220185640123134,502.4487495434027,0
22.403340530395553,1177.2060364496451,0
24.149080106947224,1351.8054977071029,0
25.890075937906886,541.1610648047666,0
21.718615468343103,228.6799296748381,0
19.291320454632796,725.4440307628851,0
27.44445930249765,460.11278107878974,0
24.118751303354884,1134.4629049312812,0
18.997092262903834,197.85263836500457,0
19.839904639834458,1426.1716723453742,0
15.996961339314794,1381.9848977040988,0
20.22534602483114,145.05725428578666,0
26.662369049369545,873.4667457651834,0
23.922136561075888,116.8453142058592,0
25.930575942993187,1932.197362930749,0
20.020789264497353,163.63173425314238,0
22.416049303327327,177.8703562926989,0
23.531265331450015,1188.7933358561736,0
26.16250220537188,1051.7614416789752,0
24.354502402411583,146.52596116182616,0
24.773440590882956,3567.536555976842,0
18.88596637362525,992.5782874238233,0
21.97439338366189,1310.7759252202254,0
25.976037650638204,473.97302538273146,0
21.735714394705667,445.6853017222624,0
22.242527204571388,1371.2875664245826,0
20.989798754737535,591.2897594284753,0
23.4430760701498,810.1403981458883,0
26.28972746531167,882.2324581455927,0
19.953092556908018,1318.6976358306151,0
22.564059829711937,917.3459865164499,0
20.902078564961755,280.6106776010733,0
27.565926083651505,1821.670719237302,0
22.4632392883301,662.3930081736784,0
18.557565489269507,458.6324587475996,0
23.741433397928915,2025.8947096776706,0
23.778743203481042,1198.9704787742835,0
21.78523737589518,249.14157092687896,0
28.751114319310034,1952.7737170469504,0
19.084808634197884,515.3551407170038,0
26.47301901408605,1247.4197119486075,0
20.722226794560754,1429.4183298957091,0
22.993571288497435,489.9106740963202,0
26.167373784383187,579.1920468222837,0
21.350448703765892,23.176167906497014,0
23.223972379244344,463.7311518203955,0
20.004355287551903,821.2467737507562,0
21.59448355038961,1195.4284131538611,0
17.732794698079488,371.79605364916137,0
22.681747293472313,622.5262478005628,0
25.144735272725484,62.74451762554456,0
18.673895821204553,897.5008733582239,0
20.983076614803792,1207.5314380240184,0
21.851500379471588,176.59263014910033,0
23.298312123616597,136.28619611379912,0
27.218372917175316,470.7192152750235,0
24.959783596462728,687.3029068124036,0
22.71405913035079,1451.5036910783988,0
22.961400109750286,178.48197445390036,0
26.27201207478845,513.6236481380205,0
26.50913109552289,844.3844176840524,0
20.477794795566126,1260.6260821234923,0
21.754364522298147,2436.3277524721366,0
23.472463715382162,1520.1216906320792,0
22.72417224601469,130.27980253217032,0
19.990061632792106,168.14771369216254,0
22.220581722259567,81.29125535604764,0
23.8991472085317,29.684302211974156,0
16.59218143357174,430.94736784813216,0
21.74967932524504,1145.096187294696,0
26.45833263397219,422.4824875604849,0
22.944750086466513,187.27400601026824,0
22.865393813451192,1115.409050883029,0
23.30079628626504,45.7405641686659,0
24.66988544464118,1375.4571162175876,0
25.364242856930503,3403.5452052962523,0
23.45548047666199,1307.4899211537581,0
26.946503893534384,952.6562213909368,0
19.216196031923687,1240.4873564851027,0
23.918095595748355,1923.213050515626,0
24.70161247253418,2158.2847543072444,0
23.358386541296,1212.5556960713607,0
24.881270292070212,1288.3435681473952,0
20.424515914917038,590.3174251329641,0
25.289584308200403,2061.5429997455817,0
24.362214872572167,1887.342662365411,0
23.496733601888025,1021.4692845952253,0
14.813385854448597,1964.7664137196284,0
22.515857871373555,1198.0667456996184,0
23.231953732172656,37.790526450846684,0
12.913984825497607,555.3516417753439,0
25.94834194183352,995.2871173631887,0
18.926348350161675,2316.895325483058,0
26.983680760860466,1331.011046470378,0
19.244190708796225,1228.1557142746192,0
21.464428104498495,1450.2693682920676,0
21.456566164228718,485.86471080896666,0
23.214838600158714,1390.3821229946357,0
21.254185803731332,1323.5033795249205,0
19.812533678327327,97.68759533879567,0
23.76833870499229,1259.688508511756,0
25.226897255579672,71.44183367607404,0
22.73121244642465,1412.082944811557,0
21.7147020975749,1406.5200135123473,0
23.239854049682663,154.457059503768,0
19.15938750372993,346.9846665870886,0
24.207394006517234,95.75461298343946,0
20.64204854098233,977.5728777062635,0
19.04260660807296,149.96092096087744,0
23.720374114425113,1270.3539475810271,0
19.695930894215905,1364.9587973963958,0
24.60673250269008,1242.433470488761,0
23.572793420155847,95.71353048202802,0
19.528077273898646,310.59207469341567,0
26.757303571701073,935.165569932435,0
25.89225013369611,920.6089384865503,0
26.218442402945698,1049.6940061461669,0
21.621612541348384,1947.1762336802226,0
22.78135650485177,1917.6147922885161,0
23.785646198414042,368.81117969867995,0
20.639638519287075,79.2047947656851,0
23.407555596033717,149.59752634284308,0
25.861562877231165,2712.5431530189258,0
16.881602223714253,1655.251228065465,0
22.472215016683037,952.9193311941366,0
26.884450107150656,1283.3803862344962,0
26.16023825539486,1820.28224021313,0
20.267577743530353,1372.133438290332,0
26.716303364435817,703.9871297788362,0
22.2504336198171,1009.5411732804517,0
16.744888401031517,1954.735622556184,0
24.977301360621595,657.2269767534475,0
19.504372533162496,137.19146773335746,0
19.720098807595036,400.43631270644477,0
21.888174205356165,1607.5927324604731,0
16.1508712586903,481.58426284906676,0
20.67573668162032,257.0098459732275,0
22.94506893157967,1462.3276710521918,0
25.52701339721682,156.31560683367064,0
25.959998385111533,3469.882690162633,0
17.460242589314817,417.5628617417555,0
22.141396247016075,112.60121762869169,0
24.47307484944662,241.42279178020766,0
25.52701339721682,156.31560683367064,0
24.76923586527505,3163.219471276973,0
24.656698072524364,2090.952400864337,0
17.638801556541807,1023.5022574674825,0
25.52053960164386,617.187508196805,0
21.531945619128976,285.6840759527426,0
27.260259246826195,841.7293660354356,0
18.562863286336267,335.96648723003676,0
20.61610373391045,1137.152881176446,0
18.688835539641218,2601.95199847338,0
22.998706224229636,601.7287120234708,0
24.214762855298602,688.6077195417623,0
27.09713206291201,873.4450496744852,0
21.116902367274008,1149.1531476390105,0
25.714371787177186,578.2757855963449,0
20.51177869726115,522.7030932914953,0
17.703055238723778,194.63814497110656,0
18.03129064325708,533.0010995280485,0
25.990730255179983,2432.666574419711,0
18.979804611206077,1167.9654091608268,0
25.779698262895863,718.1402303290109,0
22.701581573486408,1406.1634659778815,0
20.41781609853109,815.1428893220167,0
24.945853487650595,48.52477535722066,0
20.679927868313314,902.8753533971052,0
20.959259216873704,1403.5556510102492,0
24.93078055911593,32.433093340371144,0
16.944440195295613,928.8239412021379,0
25.299707667032862,56.501139701579106,0
24.76958657900491,2381.458137930606,0
26.424681854248092,361.2398065638285,0
18.38467187427341,94.08061280963231,0
16.28527565002446,609.6108786773424,0
24.02358500162768,2111.5993008029204,0
25.700842723140113,868.644014747117,0
19.857224337259936,852.1495096397142,0
20.746968841552757,584.2333927762251,0
23.016529575983668,1445.7946240913611,0
23.961832028343565,149.91637393948844,0
26.789335169615583,1283.767339588378,0
15.614454965238224,296.86401486513427,0
20.749658339364203,1097.6519703876716,0
25.198724647804568,793.304626644824,0
19.499879296620747,198.19831550237944,0
26.68574414253237,899.6049098682146,0
27.131882206598902,851.6813933860998,0
22.2274673938752,605.0876423728208,0
26.019692118962666,3142.218676210616,0
24.211653988178,1287.9594832670432,0
19.759009933471702,1603.5434611153346,0
23.89948086208767,166.908194125865,0
17.53108647664385,187.13260889169982,0
27.999638630095035,1474.901289494012,0
19.737340083266815,1140.2017965924483,0
24.919151106334823,568.2741522800665,0
17.035657006722943,732.4362069380026,0
23.530435271490262,69.64463070151616,0
21.20800067583724,1270.8067715179664,0
21.57705611604638,799.5279140782098,0
22.58249557813008,144.32068243739417,0
26.507138506571437,1310.3267148148757,0
14.25921077728276,423.1587357830744,0
23.325675053066732,891.5197782230119,0
21.34406695365908,139.01314586517623,0
22.86480695936416,1640.501190723155,0
22.735910488310367,262.9990994941931,0
28.67631865001863,1830.6601837289077,0
22.24402389526375,1295.3475832950812,0
22.847093200683616,1175.855797530387,0
25.56808332867098,844.3250104796629,0
16.15813677752459,1500.2195917081576,0
15.64550645086507,864.4667536031942,0
25.559131735342532,706.8698041152696,0
22.463716284434042,1290.5875191104155,0
24.768271509806368,77.54234671709348,0
25.47876014709476,612.1904112410288,0
22.220953178405807,204.36862558243087,0
18.18824055989586,280.05538210389426,0
21.921089073463804,1135.8514770877105,0
22.05381047990585,1986.060936750148,0
25.052734629313193,1318.7068186712008,0
22.280653995937826,275.7268704485636,0
24.427475420633982,4918.863669784043,0
26.601622731035434,997.148231418107,0
21.978517786661826,790.326648206685,0
20.32016915408053,265.52512198803237,0
14.910325145721458,796.2788872432451,0
18.41851959228518,584.5609836292009,0
26.725092069307948,416.1387950193625,0
26.513412820725193,673.1402806949358,0
24.743665540786083,764.1325563204031,0
24.2140000661214,779.727798701499,0
19.94128538767501,223.75245466944983,0
21.774954449689005,183.59328135964682,0
22.715740246242945,386.37740239617636,0
25.78158586819967,920.5288074922304,0
20.418243390037958,147.52261415240577,0
24.298904991149925,1122.820378096078,0
19.77867485682168,1245.784175397132,0
20.416330606975293,1059.416771681283,0
21.462321853637718,134.54064801451972,0
26.87329402499728,775.7522471260767,0
21.507401275634777,209.7745470714312,0
20.936123330252542,184.92020741221717,0
21.50539337339859,2086.342249811862,0
22.808829667833095,1888.5860934865218,0
21.974823161534005,846.2725214671831,0
21.61482688056094,4715.992712230656,0
20.71619822184249,209.71575826523116,0
24.022485351562523,1312.5081256043654,0
20.54012809935074,926.7688326549272,0
14.451098590427023,272.29914143798163,0
25.319235601879257,2799.364928902362,0
17.96157608032229,422.448114306901,0
22.515857871373555,1198.0667456996184,0
26.57931649949819,2193.8634112488967,0
21.978032816780967,252.50873789307883,0
20.734979883829737,149.83660429832747,0
26.18371734619143,1289.6953530621272,0
20.21671320597335,977.8179906320314,0
20.137513923644974,1252.176229656909,0
19.463768622988766,1168.3016017091018,0
26.73121521472939,442.6246702682715,0
19.29032809343289,1038.5907933127623,0
20.231981054941798,945.5536797654371,0
26.707436974843347,908.5362598311643,0
20.81083042668365,2106.106144191001,0
18.961800299750507,642.1918615710478,0
22.23456353687112,520.7482099544744,0
21.03991584108593,2046.539389343236,0
18.297375273093223,444.66576054808905,0
21.23240416844692,1160.5088010442,0
20.207405980428064,205.01674413797667,0
27.123886235555062,2362.9164032649737,0
20.112243270874046,143.24177876231482,0
27.072775618235312,708.0585926782827,0
20.63496106465658,1802.5463901471835,0
16.29429424830846,458.48367810365966,0
16.941412035624182,1135.5959519755584,0
26.63793377346468,823.0942606937627,0
22.247539965311717,1484.652948380683,0
23.202363515783304,1028.2275497925025,0
24.11852671305337,889.2390064906816,0
21.38688500041053,1155.8324441325408,0
23.512875884618552,2417.067409307931,0
20.78021345138552,321.8063011777144,0
16.425720734066488,1050.5956344318133,0
21.782360422043553,1431.513969601367,0
14.26082541147872,1107.330229879592,0
21.13068174256216,1215.3208598506194,0
20.503767338505497,1092.8260579716903,0
22.88355204264326,1116.580263526414,0
20.261058698381703,498.8324612390738,0
20.82595027287806,1256.8451955926162,0
21.273896153767907,175.71453824755957,0
17.440140024821005,1061.056681723569,0
21.440966633387973,1302.9669046413642,0
23.992427126566554,135.14172732946685,0
18.157543309529615,308.9665368211012,0
21.753542200724326,1130.6190796208125,0
20.379599348704005,527.9864117514829,0
18.494092964403592,1322.2060024749976,0
8.528996767316585,465.3439082216959,0
20.740968958536826,277.0792700361948,0
13.484539740426214,210.15030965325644,0
21.96245918273928,1255.6080564868194,0
22.46504943282514,1260.6229230773192,0
20.818353791670404,734.4172455382089,0
22.72130546569832,1415.577989817832,0
19.735943571726466,156.88726380584052,0
24.48002121448519,418.23803335544875,0
23.48491931106105,1138.9159679424506,0
24.729363894462608,813.6163547646742,0
23.50731832716201,875.017245115016,0
23.97130580010355,136.14605814335158,0
18.68707125981649,145.67918405053427,0
24.992396549383784,1377.5051727902633,0
26.82642135620125,1481.5115526330214,0
22.884432644314245,1769.7935521614295,0
20.243210538228368,1335.169312359069,0
19.791070662604454,154.43961024401,0
16.67542128311959,732.2177670907716,0
25.293571011225367,728.241898865674,0
18.519846287480107,4758.950334788535,0
24.7697297626072,1321.860392392848,0
26.720624966091634,364.9322435271483,0
17.91599209355377,506.3950128864985,0
22.73448015848794,1320.676621795867,0
19.537543657090907,1314.2384335410338,0
22.979124252884503,621.7207059275846,0
20.974257629992906,497.64886200544646,0
16.656119362513266,1101.7395637941104,0
22.272169473436122,890.7796226453523,0
17.45498867612895,417.73216873524,0
25.063516394297324,36.44168824074079,0
15.782315402560812,396.76622748491576,0
19.589060481389424,1356.0699865233642,0
20.45845716794338,917.9795652639608,0
21.240065965198426,206.7305043351393,0
24.149043867323087,1770.0112059724074,0
19.098336394627893,263.5842382919531,0
20.998805209568673,757.3912337434034,0
22.846867495112974,1416.729119421218,0
21.499797990587126,1086.3731436443072,0
23.865542065655745,3721.117947996829,0
20.698415738060362,1208.9844390761596,0
23.522905604044638,1218.3923169982177,0
21.974092260996485,1153.5359069716674,0
20.723258318219905,1099.0498892974597,0
21.16325064765084,2159.6048407268268,0
20.225675560771606,402.7087658655386,0
19.98382329696267,1090.8575251710158,0
19.145643216087706,433.9793518197279,0
21.22419040997829,1200.1912936579924,0
25.661550021171593,2000.2404086303454,0
21.477156151665554,263.3691512059908,0
22.97645753224691,606.9139286887388,0
24.037096082247274,564.2052821826677,0
23.697979068756126,1194.1593706619483,0
21.729377683003747,1175.7143333565932,0
24.15635468165084,1258.3746023487788,0
26.400334135691367,944.2032769334058,0
26.72995841286405,467.4959152948599,0
19.06760095490347,432.7483072888594,0
25.118093109130825,3389.97814506409,0
24.162214215596578,1537.1138088416797,0
24.118751303354884,1134.4629049312812,0
21.092189112163737,1383.117195965026,0
23.487447463141564,195.06883695838263,0
22.235994310732224,1276.2915089738112,0
20.126861000061012,264.1500949871283,0
25.93968553088962,973.670814932559,0
19.474754587809286,153.17127183196357,0
25.15976512385356,1539.3072560441237,0
24.99439055124924,279.12483811495116,0
19.207707871331138,1331.7737549555045,0
17.94131940205898,1347.4567167472583,0
24.97825007968487,802.230712772582,0
19.52940796746151,784.6143141400556,0
22.47732283274331,898.2914805423956,0
21.24266459147134,116.71259701368619,0
22.93148829142251,1108.7419062864524,0
21.257563018798862,906.7056186508875,0
19.94398659070339,1311.978448928569,0
22.720502118711124,1284.154106677745,0
21.77249306042995,141.60446524736693,0
20.942124666486507,167.89159625885299,0
21.197457249959314,1143.1824013602477,0
24.860844322487196,71.9389364135008,0
23.451741382053967,1561.3107800495368,0
25.243834886096863,350.79171210644057,0
20.69909179475576,1446.264681221221,0
16.316295798619592,580.2044056367616,0
23.792319234212243,104.75954115507413,0
18.90680704116818,719.1468447458486,0
20.204874801635697,1110.702340306018,0
22.03178537156856,99.15241301176358,0
24.650315856933616,118.17898675916005,0
22.495047744115197,1295.7948789012175,0
22.02810546027291,1183.7473258387786,0
16.254546154869956,1000.8994460117559,0
22.917532857259175,171.4325405668955,0
17.71774206691316,729.5633189391832,0
16.609348695928418,547.0004387211542,0
25.43660920461025,3414.3067270529014,0
23.47774153316726,1370.122787357543,0
19.733639653523767,368.9149364840727,0
22.483625030517544,130.29671907541564,0
23.056094423929892,118.45823079464246,0
26.04348716735842,1981.8397544336062,0
22.987672787620966,654.2966187011938,0
25.13298704964774,1492.9687798034888,0
26.982204758493594,428.6160662781935,0
25.95710913037493,2008.4246218216163,0
19.159981028238974,778.8450278353433,0
25.985448879665796,537.2255302977304,0
22.71949213345846,163.23044970748236,0
21.12746406055635,1191.5123432886344,0
22.711251089308064,207.71816074964812,0
25.658093875062264,1829.1026324045401,0
26.378391809174502,1739.123717696641,0
27.751361677381738,1645.440679789756,0
16.04728902786502,890.1416778576116,0
22.97403622380017,124.9523133051138,0
20.238826900058314,1114.141289890979,0
23.930327351888025,74.03500452754308,0
25.586691104041222,2269.1371671867114,0
22.78641781461414,2292.9449088883143,0
24.37951401930593,2025.5907706927997,0
25.194499667485616,1854.0030799817782,0
24.800681262546107,2067.724515498851,0
21.48214360343087,1306.026835740779,0
20.953645881017053,1164.4000940036517,0
16.183788426717115,1012.9332810651998,0
23.553661547766808,2004.8486150812846,0
21.27245521545416,1315.3478473436576,0
17.04750531514486,524.9773755681257,0
22.2342411747685,1413.218450547431,0
21.21883285310531,1203.7622675311309,0
14.285476161815495,653.9519883703928,0
21.196806367238366,1466.8198123585921,0
21.728481229146382,1234.146554769252,0
16.99655176798501,312.0924092840891,0
26.44219475948455,693.4827052068453,0
21.894756333033286,155.84329962847045,0
21.176059613909047,1316.499781609748,0
17.754327490390892,3450.3783218574267,0
17.652868434361096,699.5868131530027,0
25.79292465845748,1132.4767179798823,0
24.821115979281387,1623.9309877168876,0
25.007976150512718,1365.6841486704093,0
22.464563226699852,285.8916938316565,0
22.552205163461224,105.84626048919965,0
24.251024818420376,856.1057195079069,0
24.97395153443017,2112.5047288846713,0
25.7403554280599,3871.4316532027465,0
22.09647737432408,1297.309067846511,0
18.226019541422545,260.8541220438223,0
25.9326676050822,478.2155722391348,0
22.045467546251132,1657.2706967603904,0
26.751476478576706,567.8948506724577,0
23.8870577031916,825.116337091897,0
16.807530707643707,975.066211820815,0
21.74067026774094,742.3447713267545,0
22.475907309850072,653.7256136548261,0
22.05330651601156,1335.2670528006297,0
19.25623022008824,1267.2550871979934,0
15.403575833638513,717.2255001973848,0
26.959959220886276,440.5366152536612,0
22.246561384201016,699.3790909659605,0
23.741187349955283,714.5767182123403,0
19.420692777633747,31.05624839780141,0
24.195955126213335,1952.9113180947047,0
21.74210166931158,1656.7376784991961,0
21.964555603418603,106.43416717765142,0
21.0440633138021,554.5722179126482,0
21.220421374285706,254.8109784733992,0
20.70877903302511,199.5266906928759,0
21.2583728790284,932.0066355180483,0
25.949170605341635,1080.0712972891074,0
22.46145648249876,1423.6407175671798,0
23.924328393647215,1368.036356569503,0
23.79027368227645,105.40879964945127,0
26.00220080481637,892.5235055398683,0
18.102447530958443,377.2333942365389,0
22.525124910142665,168.66115927812865,0
27.133346448625844,733.9406020951013,0
24.897388218067306,2856.2578119349223,0
27.008420032925073,727.4704359483461,0
16.003841177622462,1624.2721013736468,0
16.80502526419508,208.1674754631262,0
21.212370718093155,1331.3917413365584,0
19.941439271584557,1525.1152299356204,0
23.72086057662966,240.49304500338843,0
25.23968658447268,1074.0041330468398,0
20.64521682934884,2651.45999640343,0
26.69246852662826,1228.529737145875,0
18.2037067307366,420.20028531668,0
14.790484183175238,581.0749314737062,0
26.08176615165945,2483.5157811653357,0
17.649969434738125,676.3450957846384,0
26.25313737657342,503.63637954113295,0
22.932309325536153,1401.8536254775267,0
27.08809738159181,624.6352501225214,0
26.02926613489791,1822.7933019411307,0
23.7504638556278,1443.5007765900832,0
21.415698517693443,126.61655694362928,0
20.101312732696556,180.83382099983504,0
21.7387239032322,292.5110131513815,0
27.007858106825154,1317.241177709077,0
27.004099384943686,861.3283269119005,0
24.474649980333083,551.5871316206197,0
24.892932625972833,1927.6540771138411,0
21.02935415108999,730.0383754086237,0
23.60161008986222,180.8808974933367,0
19.626161047128562,1756.6579401504737,0
25.22793540954592,775.8235156547765,0
27.4721062887283,983.990986646388,0
22.219083192613425,1434.0647354733687,0
21.78883260091152,439.469408990119,0
25.966582592328393,957.7616348874311,0
25.289971605936728,168.7852896761637,0
17.976740228562164,169.81797367451003,0
21.99221433003737,1406.0989812028151,0
22.284984101189536,1133.3188682806235,0
20.493633312649195,1128.624745459531,0
19.32920838991805,2088.4375318896514,0
23.25865843636649,188.18420246360114,0
20.441198285420796,287.44890242931655,0
21.2115670885359,199.73380938288977,0
27.475789928436313,2040.6245298695308,0
20.05984738667803,449.6347501885634,0
23.458353206089612,142.45482608792594,0
21.177712013608016,4820.1917342853285,0
20.6486698150635,986.6910733294229,0
13.537360339694601,855.6275598716478,0
21.704050681704587,234.96112302062323,0
17.12939981884432,935.4219183337431,0
15.643384393056238,883.5837960254888,0
21.026078069777725,458.6068622779589,0
24.71429108513729,369.47089135763457,0
15.212692197163904,284.0882360946875,0
19.215489596412283,285.617978126977,0
22.939343685574045,1613.4321697067958,0
26.11243325642181,2125.4046566796046,0
21.689568255240488,1485.567477346633,0
25.80484775967068,1213.0548253667098,0
21.437689851459766,1950.5201436590892,0
21.708087469030374,1290.2023315441352,0
25.51020537867697,2056.174957008336,0
24.040618605840848,1471.8353420507651,0
26.346658984820124,414.1366750013571,0
22.067726884064882,1709.8992250871402,0
21.51054188121452,1337.301087380622,0
16.08565252621969,323.24938923237136,0
21.46246163504469,1251.4616891753417,0
21.4867585923937,751.8936030578355,0
18.026687099315552,1918.683306128953,0
20.774655066596097,461.0564865183573,0
19.709932581583644,189.40462619182875,0
21.085497962860813,1301.0758057248336,0
17.216430455988075,496.3347770285349,0
23.15046876271566,76.48057937738706,0
20.40828793843582,1176.0794900369388,0
21.19703682793505,911.8870690476637,0
16.038443306164936,1034.1332674038154,0
26.777973349889123,1098.362554610942,0
22.34290424982703,752.274335176919,0
23.924907373499025,778.970201314662,0
24.427475420633982,4918.863669784043,0
25.31977960495726,2117.3224680137378,0
25.301552345639266,2118.448828161929,0
23.441088294982876,133.77496302244475,0
24.768701383802693,436.60932853934577,0
24.7763765017192,1265.3658062231284,0
15.900836086273216,434.6691861760359,0
25.402263357700463,1630.2360415470343,0
22.21776698077167,593.9135745179395,0
20.9536810193743,1162.5141024601203,0
24.36168335808651,2447.8147819649917,0
16.170749282836937,144.50012594578078,0
24.8597712562198,86.85010001179982,0
21.943017231334352,1386.7498382937652,0
20.741780296961508,1114.701417089675,0
19.955203628540062,142.4619674694281,0
21.02755050659181,1112.884116173957,0
20.738263207894818,369.74316164967826,0
17.04750531514486,524.9773755681257,0
17.782168218824665,324.05429780599883,0
24.83257398605349,1309.8075360071402,0
24.641140556335415,1610.7530079793673,0
24.383676910400368,2569.4264441740256,0
25.028530420575862,547.8795737039785,0
22.271608924865745,1480.6624695670348,0
21.911836242675804,930.7009436201791,0
23.932022476196266,124.5555885147791,0
23.50446671379939,1498.8254502427321,0
21.69169292449959,786.5893997263651,0
22.259890238444086,235.95936671016028,0
27.51666158040365,1162.8740176570159,0
21.19733041127523,925.2575457107763,0
20.509137090047204,171.54165804502776,0
21.42911573137559,3171.2775796663504,0
16.51972430547079,284.4938866805773,0
22.22126329210073,808.5522174846868,0
22.282805106753415,1271.8440711509925,0
25.706364038255458,842.482586206172,0
21.672513633304163,67.16158688185025,0
21.023901966639926,396.2739340972643,0
25.70708207350515,458.6124539386969,0
16.883289591471396,1272.2619779419642,0
18.703361906828718,1285.001997650836,0
24.84403775533042,2103.5246782016497,0
22.925635819208026,698.1018453848104,0
21.95217547416695,1350.6459862005454,0
22.370454194810634,2024.496347458337,0
24.892932625972833,1927.6540771138411,0
18.623238599868046,456.65334239718726,0
19.81827846103249,2041.079201550458,0
12.178597068786644,775.3353089105825,0
20.923077964782692,280.4336145531874,0
19.659439214070687,83.73925164458562,0
27.126815795898494,827.4035312247019,0
22.9914804912749,976.4321491133909,0
23.30206142607193,122.08863049862195,0
23.704848155268905,1250.6823584449035,0
26.074316561663636,1119.5002093922835,0
20.780426703559044,729.2642302822809,0
21.91982254981997,354.8862569045763,0
22.449673843383835,268.145222963069,0
20.967919851232466,1296.3186845195037,0
21.474468994140636,1151.395414770816,0
22.50859603881844,478.9421603095274,0
25.678795870145166,2537.508846075509,0
22.229532496134482,143.35047155735305,0
23.709233149775798,3211.4448666584235,0
20.206133397420274,503.1068630528193,0
25.701482391357445,1117.3472113919001,0
19.452644602457724,516.8718777608614,0
26.151036071777355,1283.046164364789,0
26.446072276433313,2221.967608482812,0
18.740535460578087,216.9294029485922,0
20.5115987141927,1474.0916013729316,0
23.169491969214562,1506.1877712619048,0
22.269239838918054,687.8404214989881,0
20.480026245117188,1106.758770347808,0
21.911341240292586,167.29373559472373,0
24.78199888865157,115.05847871420194,0
20.16156069437659,392.1213716280203,0
29.005340067545603,1628.0388802301627,0
23.242715590340765,673.4069816779833,0
26.76079895584678,1271.7980861675483,0
22.18334356943768,1372.3502874386054,0
22.993478051210104,1478.8911312830191,0
23.23444002469381,164.14112299797347,0
21.073974625269614,2012.9784613859397,0
25.656835280524376,889.9063102912645,0
24.0323388417562,761.9622841489057,0
26.50477932824026,2238.5506264877063,0
21.227723693847736,224.53089133021643,0
26.562741533915187,1048.4946265828353,0
18.692381795247456,896.0890814673643,0
26.135038948059105,816.1085739743452,0
16.279749743143782,692.8715229046087,0
19.795918582734657,734.1906733822565,0
26.248663361867273,952.7991533291082,0
16.279680464002865,945.6688880932073,0
23.850038252936542,1326.5544891369086,0
22.466819826761935,1459.2354044329863,0
26.806260935465502,2198.9165328454715,0
26.281345101558827,1441.0480380069953,0
24.032346343994163,1221.8188539159041,0
21.06187845865884,559.8776459705572,0
16.887829717000386,503.19895595428756,0
23.79027368227645,105.40879964945127,0
23.417455064682713,1095.9827348601561,0
23.027816892925102,2630.421665312026,0
22.178041530790836,1241.8343618523818,0
22.752932729476527,699.003350735877,0
22.711086209615132,277.4334147584181,0
21.672440703709924,1153.054748476718,0
21.479830280939723,384.8187521111708,0
23.124885495503804,1514.0878230344993,0
16.03491458892819,515.6519457709531,0
19.953124830457966,1292.310801149581,0
20.510909652709984,1342.7778825175506,0
22.24883150373188,244.15295645711234,0
20.109494304657005,30.02814650652219,0
22.457515207926463,1459.8121315252524,0
24.30865829785671,1291.2042483699065,0
22.271615494622154,320.86734548327735,0
23.48874753316244,134.66510251281073,0
16.650550990634542,720.6511579465608,0
23.494084082709435,1508.7407350551825,0
26.616268889109335,2245.2597923588496,0
23.47490475972495,1139.7658258688193,0
17.796614081399525,462.2880786668997,0
20.616917665799463,1469.1559791576606,0
23.286556889460655,2763.9084056031447,0
15.784195654732855,432.74631798384,0
23.068420028686546,238.22359442827513,0
22.97325512279167,1315.3887584817153,0
26.042336767691154,2193.6718046676856,0
24.69531995985244,476.12914145109465,0
13.458669553484242,268.1117326032858,0
19.42081731160482,385.13957783696463,0
12.091218113899231,250.778761507247,0
27.193049833509633,1174.4848124694568,0
24.823206647237157,1488.9955155563098,0
23.476482161264585,1172.6502820861083,0
24.253983768663943,1571.4009448897582,0
21.726193769050383,503.041156382535,0
25.72552573945785,692.7525557589273,0
20.710919078191125,1227.8292223822814,0
25.434101438522305,707.7837668370943,0
25.967344885480202,2115.920834989522,0
21.203074210030707,1400.6600052129966,0
25.284945944583797,643.169463427041,0
15.796592436896447,365.8820696186762,0
24.81457899184454,1472.5856751215201,0
13.837719232064728,559.1236993682127,0
22.2335227224562,248.6204773199301,0
24.379741923014308,832.0769675087671,0
22.343894004821777,738.4013056766729,0
21.720690600077376,150.73432475445082,0
22.696987043108265,1354.8407375824195,0
22.988310194015526,184.4977483165007,0
24.62918125334238,2068.721012027238,0
25.51612868838839,1616.0013087105494,0
22.97265591091582,110.05032882211019,0
18.09685089171876,1995.5385819089156,0
24.849967012649927,3383.0795183789473,0
25.032566483815515,66.98940396425535,0
19.300734350416406,162.3036980640631,0
20.986409547593894,1295.3827314090472,0
21.393989132612205,2676.39866173384,0
21.159537198808493,1261.3104179513198,0
20.48000435299349,1103.299376369689,0
16.622234252004944,923.5607057821493,0
24.4935154808893,1121.458058060382,0
15.432723617553734,227.23705023643782,0
18.87985973847225,2712.9796229314547,0
25.488525281633656,76.4255121361952,0
20.99645082522659,1309.3223914515715,0
25.37461640040084,556.4109355222921,0
23.846458000606958,35.21364629385282,0
19.330024246942457,1509.8604232084494,0
24.022364446851952,1314.4993603241187,0
25.551175863092624,2642.852865905736,0
18.77451628932249,1119.0551787626487,0
22.670741441514735,250.19508302328398,0
15.677310471307692,393.68005171534827,0
26.360652269635864,364.20713067171386,0
22.472163758133433,1073.1154911231738,0
15.693365106128567,1697.3178319644671,0
22.47720327666309,707.4942260992269,0
21.322724405924475,2011.1174404632789,0
21.039778999046064,680.7455167186002,0
25.006430793531024,1962.0371431123954,0
21.84079578452645,1311.6102263343078,0
22.689701392433903,576.6139522206525,0
26.623812188042564,945.7004785549383,0
22.745749361087178,1296.0659831773978,0
25.416754394107386,705.7589374494295,0
14.059792455037439,351.7643369745951,0
12.0051727526116,1881.9329001021129,0
15.780874294704915,375.2873249363642,0
21.488134479522728,1333.690103889678,0
23.204980627695704,132.71333351847937,0
24.93475870963863,1541.243010015462,0
23.516983074612142,1369.579498470996,0
26.626147312588216,1432.934702188943,0
18.794601307744642,818.2482391607504,0
16.662854258219454,915.3441235434751,0
19.34087432679678,1147.6691186439734,0
20.969290611960673,1349.0703150641662,0
23.495397448072254,1465.2775719773513,0
21.2476255257925,697.8410266351442,0
21.602015778512737,1103.3432900917273,0
26.665662437015158,1602.967438102935,0
22.27829520614057,752.5787286472063,0
22.776169440859803,1435.7320487510901,0
21.498603257678894,1408.2558274280768,0
16.28917592366537,335.3933773946505,0
20.94360345204666,1336.884413660739,0
24.51107508341471,1860.6735363614303,0
22.978679911295615,1402.3584917199355,0
10.731499354044615,463.6435069155436,0
20.97011729346383,1267.233465613101,0
25.729688126700296,674.1636551928262,0
18.534922345479345,52.99320519087125,0
21.593503173192403,1391.3779005419951,0
21.434538618723593,1174.8424068104964,0
25.50101732526508,3303.454735131238,0
22.22668839479104,1395.6897079956275,0
27.25494626363121,1425.0761799525958,0
24.289856574648866,1328.5179182898742,0
25.97160095514039,1601.703137905572,0
24.910033575693774,867.921278626893,0
27.879309802585226,1274.5254978549224,0
21.988293027877774,1276.441235841487,0
21.232557392120384,1180.2244082104903,0
14.269615904490195,687.8668300819139,0
26.41252135482489,1018.2309754204492,0
25.153238042195653,235.30043363687804,0
21.966722742716513,1233.5214957606536,0
18.980494912465417,135.11098250863364,0
27.275135612487816,721.163992584918,0
21.483977127075207,123.17782715079595,0
20.733408387502095,1236.495536566947,0
24.457187662369165,963.313211501811,0
14.722950363159214,343.67847517249396,0
23.547300961143094,2419.9300788354617,0
22.751709733185976,194.03124302742293,0
18.805714543660486,36.05643361923505,0
22.99577102661135,77.80278176185895,0
18.97927007675173,270.5359987926226,0
15.226297076543176,407.4624896061163,0
23.187917963663722,2555.6909896445018,0
21.217862277560755,1255.0144985329848,0
24.37625147501626,1299.9007560324412,0
21.96536197662357,1311.3913431775313,0
25.92758153279624,2440.0748096418124,0
29.136291440327966,2079.913799465869,0
21.486233568191608,1363.8027429592353,0
16.915471111199793,542.3843905341367,0
22.349573919508202,238.0599349748831,0
23.485300265418175,1486.9335114967566,0
21.005026753743493,2363.576021791671,0
17.508332188924157,180.72229698417,0
19.787676388284467,456.37697801110556,0
22.962658959847886,653.8816213619451,0
23.748721149989535,963.2184773695211,0
21.44083525339761,1722.9582861077529,0
22.228444035848042,316.16378277656844,0
20.725025510787987,1346.3912129413825,0
21.29177066918578,1131.1487637471896,0
20.197290039062523,1406.477783621524,0
19.966258239746082,1290.3512015950423,0
27.008756319681822,773.8520771276693,0
25.232452774047886,84.07932222006131,0
19.84188621838888,203.87115404126456,0
24.131133749546166,982.8782089066248,0
24.317525641123495,1839.7046446811896,0
17.40113397325797,487.08065301296523,0
19.420257557763023,507.1535192441683,0
18.970417213439987,1309.0500801813346,0
24.75084723820771,1711.587262154792,0
23.448638716198104,892.7548944961767,0
24.462341158317827,871.9190701853971,0
26.19763813018801,584.5167681586485,0
24.963571246465108,795.139525831912,0
24.071851621355336,1101.515200735305,0
25.258363195566062,2659.6984721731883,0
23.820012325710707,1395.1647177350264,0
14.204749679565452,487.65563294408133,0
18.860690194589097,450.90761855361274,0
17.039874728520772,575.2544224273901,0
28.27421439199742,1400.5448266875487,0
17.685726561369734,112.16640174505521,0
22.753599822730337,1560.4942001414042,0
25.8037119547526,3041.69057756779,0
21.57687721252438,1818.596021087144,0
24.865631463792568,3527.4457901727897,0
22.892522199226164,1281.7285627138358,0
20.99101859850765,3029.02896404383,0
22.004477159182272,2180.5635623645526,0
24.769792938232456,2295.3756235551577,0
27.192905203501425,1332.2778984915954,0
20.446108799888975,1009.0615384292345,0
24.234301185607933,114.77924957988073,0
24.723645123981328,1294.2023321997863,0
19.171155865987146,198.66554141161254,0
19.235402441024803,166.51322394726088,0
25.713709608713884,678.5673655581217,0
20.787928994496667,1414.532539249633,0
21.49325385623507,713.4774968039732,0
26.223322071173243,429.0341779601317,0
24.55410368177627,3439.0219457459193,0
25.971534100285282,628.8330525171499,0
23.231285746892354,1543.1623801600676,0
23.678523545038104,1259.588156641696,0
26.150377810442876,1034.5609270047885,0
24.826456668641868,98.62938225385953,0
20.140247299557643,480.161984266017,0
23.424117533365916,56.78136348841001,0
22.61690444946288,1631.7488521349173,0
19.60813983987879,1262.5472515833121,0
26.41380543564304,1144.303553552602,0
27.067754901983847,1158.5019610833865,0
23.174394135248065,178.4712269913893,0
23.232639451460443,145.80304995295813,0
21.234822633531337,1150.8301764738303,0
26.24678414662685,924.1441197705011,0
27.05816058204283,846.2867222738008,0
17.718449926376366,427.0132005226355,0
23.691770758995688,1850.950670243476,0
24.043570613861107,166.47092700121215,0
22.79625160021658,920.2414907526712,0
26.72466294424879,320.18430233118346,0
26.33929484685268,2064.909298719142,0
27.776464822557273,1909.994319827531,0
20.71393229166671,135.49873679992965,0
25.685515737533592,708.7871029984693,0
25.90469850699111,1565.4857724916678,0
15.634745670500251,406.34632557747176,0
26.433005723499093,942.3982881021242,0
23.11987372504342,81.14612177130986,0
24.131709035237634,1093.4604525577765,0
19.724654305286947,1123.322126270507,0
20.92789512916852,3088.230405749057,0
21.72805851300558,1265.3601288807135,0
20.67628896501327,264.40226733801177,0
26.702366129557333,457.4036046874266,0
25.353553840849145,752.4937063467245,0
20.66998380025234,1196.4979849767428,0
17.37944596608486,1128.648274393056,0
23.98933958830662,359.07824784633925,0
25.796042802598834,2204.131898285125,0
20.199548339843773,452.8252303611975,0
23.130773113935447,2515.747324378465,0
23.161852228073883,145.1615512382727,0
19.76934680938723,236.90034523722937,0
25.398048210144054,3440.11197313783,0
20.407204723358177,180.55311292526534,0
19.709753290812216,263.389997930501,0
22.24923899101492,1448.1941580784064,0
20.746968841552757,584.2333927762251,0
25.772268231709802,1386.2346380960685,0
19.956007084702037,1356.8810939800483,0
14.0020599921545,3262.625322492097,0
24.488835121603586,613.077071310256,0
20.101627405484578,264.3387362372618,0
25.878712731820542,896.8458406638841,0
20.975073432922386,1367.83873736975,0
25.251802351980473,383.7619692098837,0
18.258917533026818,334.12735983846,0
21.997977975698632,1137.586478890155,0
21.18624649047848,660.625231267188,0
19.955853580293194,1320.1368868362647,0
19.32571881612148,850.7056616258363,0
22.911994328218327,2001.5590086590987,0
20.471910174687707,987.9999950539808,0
22.917306391398142,642.8331404936056,0
18.631300862630212,86.66687533376027,0
14.88217140833541,1198.8243207347136,0
18.573034399527103,894.3260058772306,0
16.12421013867413,251.95133760688117,0
20.19490791956588,1153.1952589761954,0
24.201837370130818,1320.4210370790702,0
17.508563795543864,1632.1083202969771,0
19.00754238764449,236.85804456589034,0
22.4678455352784,1253.5979792487365,0
23.024716313680017,223.18789810058882,0
19.03521658579507,395.4954713594656,0
23.97746874491378,165.17078206059745,0
12.318282911512597,1540.287502856229,0
24.04487963782418,54.247078300688756,0
25.906206985756228,1746.1083278071624,0
21.728314682931682,1303.3254340302688,0
21.00968985784624,1144.5565119397384,0
21.22337412152973,1346.6560363781196,0
20.94811156136649,118.47177595016767,0
24.74588059319393,89.36316222069074,0
21.225368754069052,854.4909402739744,0
26.500709046257896,1121.9157658529025,0
18.41121551990517,588.0520872783403,0
21.249087270100915,1272.1245259058219,0
17.785259864443844,2889.354028553937,0
22.448601958330926,990.0336757313947,0
24.462185230961552,58.13246294972707,0
16.747417993256533,369.07417029259017,0
19.29396821657815,592.9565958690386,0
18.74641125996908,273.954459280942,0
20.745379066467308,1335.9217911970359,0
18.092607911427876,277.78932154295256,0
24.50497175852462,485.63266247627547,0
21.946708424886083,1397.7787688386184,0
15.297623189290391,419.1436812293272,0
20.20422870847915,1372.042310239051,0
20.98261167208352,325.61912834760955,0
24.738704877911175,2276.5480697166663,0
25.299707667032862,56.501139701579106,0
19.655089124043798,700.3543794166784,0
21.00635837652743,197.46906757471373,0
23.19356507800876,1503.121648730014,0
18.100409073299886,695.2400587510805,0
26.396466191609704,860.7280112814645,0
23.969826528761132,1320.0216338050109,0
23.040506829155788,1170.7260504376632,0
24.976803362810983,1121.8866452586394,0
17.27863191877094,793.2539962243776,0
22.673426183064805,1414.8540765058738,0
21.202130550808477,212.72174343583396,0
17.035436757405648,220.62145248172095,0
21.242791483137353,1284.4433903705817,0
17.72482967376709,321.2176419806223,0
18.4331503691497,1236.990206689809,0
19.964706321998904,1292.5341621052962,0
27.065754729050866,752.8577230882387,0
26.083285210349345,2498.9068739127856,0
24.815044339497945,2268.3130212139827,0
21.244432158697293,146.97060808656028,0
9.831560007731127,519.0025798988084,0
27.178726291656517,1507.9377003025752,0
25.83278850979275,2650.42015239713,0
18.899801158905063,1952.8563849639636,0
19.65778304735818,593.9564749610166,0
22.528577423095726,131.76294118282607,0
23.6847116197859,229.29103002068808,0
21.264587100346944,850.8870460104685,0
22.234097689674,597.7095484745245,0
20.757297833760617,1671.8522466730815,0
22.99842685063686,696.7606663715582,0
21.612094028068327,1392.914649845336,0
21.959454790751124,168.75191107508948,0
22.721391614278218,1268.786978722785,0
25.283164299858925,1466.2973627459746,0
14.794522062937403,530.9548720729093,0
19.283579381306993,160.75713634607604,0
17.313364561398828,1493.404415250991,0
24.480807785760817,53.03103551385213,0
25.421255493164153,800.5393564712743,0
25.805536802609822,2900.070817024682,0
20.57671292622888,77.86507234093953,0
20.934771474202535,1137.8739967953902,0
25.657018103422956,1571.7544674885016,0
15.542994647555929,322.52768501756003,0
18.74445804414296,252.0994663250189,0
26.461659549531475,2402.6381045591575,0
18.02616136868795,117.3490777623396,0
22.637001079983236,1145.1538547885161,0
26.28274743216383,1757.288601995681,0
23.053770682925233,132.18856305000594,0
25.99366912841799,2774.4310393941146,0
16.407310024897242,805.2644252788763,0
20.94478314717611,891.9596456002931,0
24.314218457539994,1203.3722706150752,0
21.083987564132315,1135.8291998517257,0
24.698901112874353,843.7845900666456,0
20.435403795595562,1193.7502369296294,0
21.56637222983619,1033.4828615200263,0
19.738144599066857,564.9808242928724,0
17.039292998540986,623.114571721528,0
19.285823122660304,835.1021826278906,0
25.81439376531864,1993.4981547307711,0
18.288602685928367,597.336192430232,0
20.504616179289656,572.5160993647318,0
21.403693771362384,238.10124099371245,0
24.739701684316003,1924.5882600557547,0
17.021393712361714,119.12718862411786,0
22.021381505330453,620.480310918067,0
23.38766722906206,110.63098237035085,0
21.21183039347335,1166.878101230834,0
22.961447397867914,1280.1091641199332,0
20.031210004366358,1876.1977672588569,0
25.411265389124594,771.397386492465,0
17.8953752941556,719.7841003548841,0
20.912983089023157,1301.11607611296,0
27.709255870183313,1265.7981187116843,0
20.88400364256745,959.7700655472021,0
18.69065655299596,2484.366879613374,0
27.3273646763393,1237.5281982135516,0
26.758216476440452,916.3428030919771,0
27.381666501363156,463.28246295568755,0
17.693794716729087,695.5305643391351,0
25.451719175066273,2020.132970811103,0
16.965058072408056,334.7924508166056,0
26.154927190144917,639.0434063982706,0
20.823422413780577,1247.9434058081847,0
24.201009130477928,2924.0609303128463,0
22.960916410173695,692.8106889140348,0
20.005490239461267,1355.8229774248343,0
27.632068161737322,1125.5708567809802,0
20.758857472737645,1076.4964640152198,0
22.780647532145224,1234.806173295949,0
23.110138829549157,1083.7786689412337,0
25.659664885203085,138.49398940918257,0
22.66135090192165,156.1982750904303,0
23.922868029276515,241.6179075848799,0
19.014862208896204,239.96426612255385,0
22.855244043138327,178.26597094652465,0
21.230711714426718,1358.9801833045226,0
24.734891298082175,782.5982540857534,0
25.211811277601498,804.8421710741262,0
19.37624865940637,661.1363895249109,0
25.991490022341452,530.3696513187627,0
25.628024900527237,866.0342402767877,0
19.795288022359216,1613.3649393927794,0
22.892682965596578,1186.2764626753074,0
18.970814822969032,1320.460301638816,0
18.72512745327424,558.9821346115808,0
21.475403552585192,301.79075598833373,0
24.958986790974905,2543.55720505235,0
22.441117435031515,1445.3020811092597,0
23.9296912965321,202.22951918957045,0
26.283278719584132,606.4744003128748,0
21.207895714896097,686.5161478531103,0
26.86671271853976,2923.0675853800517,0
21.22407996162542,198.38123470661452,0
14.38039073944094,304.0539853286486,0
22.4485697110494,692.1986311685781,0
23.463439983791773,1180.643913151,0
21.222696028815392,303.89832034823706,0
24.132411011060128,167.48285740730574,0
23.502813366481234,2742.8984314214927,0
17.537085978190134,190.25237932917884,0
22.48501880787029,1451.1456757795554,0
22.278628194899852,1389.2988234770041,0
21.422467009226523,1349.5967283856612,0
20.239308993021723,1148.5780186962825,0
25.913701205783468,1463.0727738153678,0
20.754113133748376,250.25495588896086,0
20.88541429837551,2521.5308934461814,0
21.20804723103845,1370.9934473049384,0
20.027022207350967,1327.9263943445426,0
21.04787750244145,863.8110801589231,0
23.452716799135544,1379.7990873467666,0
19.915512551201743,1154.92714271066,0
19.20054534520858,918.776494265769,0
25.025463867187455,1151.4517486107093,0
26.539627329508505,406.2242180120688,0
25.902389260494374,1746.0586063575488,0
20.770746008555136,199.55024570343306,0
17.90628816286727,508.6231872451048,0
17.40103212992352,301.5594974171858,0
21.8467150006976,1257.274922729705,0
18.98834126790365,1321.4574277412635,0
20.492546759711388,310.66428199527076,0
25.00056504143612,546.2403640162687,0
25.68011203342013,1830.363263190959,0
26.269609887259378,3184.4970442366343,0
20.582574886745874,700.4058666538934,0
26.158172323764916,632.1529194724302,0
25.887365341186523,1270.1774247002345,0
23.595983229743126,55.30214756843854,0
26.822759485244774,1068.2080991577845,0
19.008890406290732,1282.0344984543067,0
20.46730342441134,1089.2439454805594,0
23.170779800415062,149.64051991817763,0
22.40412154727511,1291.858491302703,0
22.032854334513388,90.98898321506788,0
26.305712454659613,851.2629315268736,0
18.81569687979561,1197.130244971488,0
19.329532736319095,853.946150095437,0
26.74420431631586,346.61477506277373,0
22.968521372477255,1350.1523628842574,0
22.36827044364736,2356.8581275653582,0
20.87197331852383,1198.417049647544,0
21.73828475387006,1082.4151754390937,0
26.89418770472213,1905.8448269974929,0
21.459498483163316,153.51302623865416,0
26.61611336072292,2382.1416988980513,0
23.44438455672497,1444.147196413253,0
24.706805801391624,2295.303807408784,0
21.330024349328255,1249.2769777786475,0
20.250904888576997,1076.9649341714126,0
18.50058533350625,733.5599258553724,0
25.660142358144128,697.8290721785764,0
21.659389273325644,1403.0784040701133,0
24.973825779667607,354.74228561041167,0
25.887071439954923,3234.5871262263995,0
17.526626094873393,940.8235743653516,0
25.830516009860617,1341.8600082409125,0
21.67490111842301,3087.570854277585,0
22.805147637261314,424.83980283257773,0
20.03846952650281,454.7252513479929,0
23.694136828467947,1877.9420040559512,0
22.370828008651756,1333.790917695735,0
24.88026760949026,2063.2818385970336,0
17.98397725423183,179.09038141486457,0
19.287533696492574,1148.6101493251067,0
19.071570862664146,1729.3412841868144,0
21.659380976359046,476.73928439733794,0
18.356687870732117,484.21680256840995,0
20.3834858394805,264.1083829116564,0
21.978479321797693,1380.449135602687,0
26.519461949666322,2284.3253731739264,0
26.888396199544275,889.4865147781114,0
19.93062560470014,1278.9385139953833,0
20.989798754737535,591.2897594284753,0
19.982843844095896,305.8254092943411,0
27.184076200212758,1341.033206136201,0
20.78840821584066,1322.0671460044127,0
23.78900744120284,130.59017509338668,0
26.214335695902548,2237.8338955354434,0
25.536213599310997,1543.9583182346564,0
23.04421990712484,166.1367684614401,0
22.789694581208437,183.57982188579848,0
21.633547963851584,2130.483773351882,0
20.789433357932353,1353.9458408963424,0
25.516548229399177,1388.2760450255614,0
20.51448799769082,1072.3728768539172,0
21.168880505032007,1131.303016842578,0
17.60367254681063,337.4673955154162,0
26.29169327707001,689.5637407910566,0
17.66620985364159,859.3629866850118,0
20.78021345138552,321.8063011777144,0
19.65638831002383,46.07632830855657,0
22.97828114827479,1437.311184407447,0
21.333590625581337,1243.5843318712455,0
18.826688580635278,1861.3044776034099,0
25.549816630436908,1295.6370346259814,0
20.715253741924585,1265.4458552610618,0
20.230295054117846,1244.2685782921058,0
24.647610092163177,229.90488708135894,0
18.748011016845737,247.89391905185988,0
22.253862762451206,1362.0970144879561,0
27.44445930249765,460.11278107878974,0
23.899737739563022,3029.253036529992,0
22.695891854701927,376.474362612937,0
20.288717948065937,256.5961971890669,0
22.633817410469135,1259.4861023139697,0
22.78897390365597,123.43581095454503,0
17.907597403432817,646.5432353329401,0
19.457523838679037,1428.2858416449767,0
14.69528432573594,1463.5656818759185,0
20.67231526904635,1027.4115845572692,0
15.417839304606161,442.29119718191436,0
21.021459107171893,897.0517560851316,0
22.73395832746462,688.6130169045667,0
23.556284023466617,1600.605864824031,0
17.840808842976912,868.4178821754198,0
22.26737230618795,1301.163394750331,0
20.87382689884737,1415.0481790315848,0
22.660998099190863,178.00759226200393,0
24.429335177386236,2125.442606211875,0
16.15368496122818,388.96438926574996,0
16.952853404151085,1801.9025780272227,0
17.408665381537503,527.0185589802007,0
25.78761168585885,212.6121491205435,0
22.295709334479454,1128.5688474786025,0
20.55281151013503,26.596964151833546,0
21.75700936317446,708.3546713006239,0
26.489472060733362,411.09810471651366,0
20.946814522376428,864.1325652610998,0
19.601328097449368,1442.0860975992423,0
18.552368259429954,33.40518176672269,0
23.61890247486258,1328.073357046817,0
23.044128672281943,1093.2950869214278,0
19.406706052837933,1175.7641665649157,0
19.368869823879663,268.23150441167166,0
14.159626388549839,606.0036800813417,0
26.562180561489583,1548.5352694999915,0
22.93124335606899,170.19091993686965,0
26.14990586780374,1724.2992453288775,0
25.684202448527003,304.12869602558425,0
22.40502041180929,280.9058696043234,0
18.02686438560488,99.05354008195211,0
21.946535818917425,2032.92610198376,0
18.73209236992733,315.2851544332247,0
26.813955985175255,935.3223301481943,0
25.43690672209766,1889.745277167533,0
20.748230234781886,1091.2355005752784,0
22.06257044474279,905.7428136479597,0
21.496873601277684,1280.4109126341086,0
22.509887949625693,1233.3228856336814,0
19.970828166152558,1201.1869817983847,0
22.415144300460838,1243.7533557426673,0
18.974451107449,330.2615441393595,0
25.225298091343518,665.8132791530828,0
24.83181449042428,1675.9402386855822,0
20.56456654866537,145.38662210223487,0
20.459167098999046,201.8503330659609,0
27.886132903326143,1833.8046677422267,0
21.061280939314088,196.4296072733145,0
22.236200950259274,586.3837048423032,0
15.039553225481939,741.6429825138788,0
22.530712311356183,1132.122372091983,0
22.866897837321005,150.2843506645899,0
24.036918131510447,25.960583986018193,0
25.577234045664454,2087.713007630084,0
17.691595331827784,1105.5970236670714,0
23.463291249130748,1327.2136941563826,0
27.31985447045531,1065.2635663759452,0
14.452864265441917,417.45551005122473,0
18.235481389363656,361.0325202357512,0
25.172560310363792,274.4874700915556,0
14.781940714518214,373.0636060249548,0
19.71888037787545,1461.9991749536734,0
14.426677703857422,1341.841165722583,0
22.475377160531536,1354.6230092656356,0
27.51727903154159,968.1537158798914,0
25.776563762483192,1436.5547269594413,0
20.922016034807484,247.73845151183417,0
17.771696090698242,1599.2304094147426,0
19.436724316632365,425.78144073602965,0
17.03840916951492,550.5763299774866,0
21.040058008829703,930.3442098211984,0
19.133694846957326,1564.098753781293,0
17.723973846435626,304.2130738508444,0
20.33466434176006,257.7796846639853,0
21.454661305745446,1455.6337416183692,0
20.99760112762459,826.5904791664819,0
21.480608099478275,1275.1175060879928,0
24.557108921474935,1231.1657711875182,0
20.073207589351796,1740.7936610293132,0
21.707840458552084,725.0539854180555,0
19.319261920813346,1221.254196764205,0
23.231285746892354,1543.1623801600676,0
18.297375273093223,444.66576054808905,0
24.477683572601848,584.5082856726389,0
25.07188504536947,212.96885311720183,0
26.238800938924157,2197.7409616124373,0
20.484945180681052,452.21648067352584,0
22.193875122070324,794.5190787327032,0
26.176608022054097,2426.637370885585,0
14.864003817240416,3831.1150975537043,0
25.75141963958737,1127.4955540907126,0
25.54767443339034,141.20794162270835,0
25.287268865108558,1959.6367485832911,0
23.424705123901333,232.1555398416262,0
25.233024406433117,518.4780329477529,0
14.78588285735168,719.3755552184324,0
23.16605920337497,1440.5302301060897,0
21.874166170755984,1286.5209251653891,0
20.220608541700585,221.9214744877558,0
24.81784150865343,1390.6649917375785,0
26.751977856953943,920.231153072093,0
23.878863747914636,106.50779008981992,0
19.728356817996882,1388.8304203760367,0
25.567025015089314,1706.7496933054667,0
13.656394322713254,951.5205927204828,0
22.279056104024278,1333.4741115581733,0
19.93108250300088,611.5879498433809,0
25.446802322952863,609.3969538819532,0
25.096350311097694,189.02730643865874,0
22.920048268636037,993.7571257364492,0
19.251148732503225,255.36235869047454,0
16.10474951002334,277.9452584695559,0
21.221568498157353,1645.0308941316348,0
26.877420870463084,1128.8533702504378,0
19.98910853068037,1332.893711329673,0
22.580077493758495,1238.9681980025512,0
12.508426284790062,552.9923371982317,0
21.24359000877098,1141.9206157338363,0
20.968507566906226,1302.6346683513862,0
19.7210653516982,198.4282813977938,0
25.671187092707783,1361.7971882235747,0
23.96434034867724,1341.5029838692885,0
22.448473485310842,180.07986694690993,0
21.74892811245394,1182.8468486678344,0
23.262350749969585,2068.6356581759196,0
20.538474761115197,708.2454383384924,0
16.818401114145956,1503.3889755618316,0
18.513924090067576,1119.7929874074202,0
16.854665083355428,312.99545318004897,0
25.559131735342532,706.8698041152696,0
22.341166877746616,1452.6999264967185,0
26.72355181376139,684.7058951866369,0
23.516415452957176,153.7391513597708,0
22.065079443795355,2023.9204697322589,0
26.486950290564323,372.75234311935714,0
22.97032918576849,1473.1932103645545,0
26.661098850134636,1630.3675293934089,0
21.4306709636341,808.1472709786634,0
13.538738187154138,795.8417393278818,0
23.226474115583642,47.43449464556981,0
24.606033628637192,644.0613016497831,0
19.02716545528841,149.38665256020835,0
21.451134618123433,1136.011135579322,0
25.67879239862617,3798.722614349101,0
21.234870246604657,970.2807746839266,0
25.264093017578148,2419.434838743184,0
23.104077752431294,738.7885198008756,0
22.749514277776086,1582.411297411893,0
16.462260659535787,367.6334440719824,0
21.19398327451762,1052.5866307329875,0
22.23515175713436,677.8946042072515,0
23.789480675591392,220.92080563423445,0
20.036174774169865,372.22041264293006,0
19.98565762837734,1088.1092816602927,0
22.072483868069185,1834.2792585503798,0
19.68961947758993,351.2079611432295,0
26.633078420729873,519.2439824354391,0
23.316161568959558,1532.0949226629477,0
26.707286572456326,443.90819668886473,0
16.666849299839612,348.3284048747759,0
24.02235962549838,4501.184590907071,0
24.43776346842452,1953.5482049000007,0
16.254546154869956,1000.8994460117559,0
20.019560856289388,1825.4961974930507,0
21.44650162288127,1404.6666182589274,0
11.976884884304468,418.32908317563346,0
19.543245506286553,558.9849621069174,0
19.471603243278764,1468.4200331580382,0
19.261359575059714,1442.7374869596702,0
19.010046704610204,1205.3218007099372,0
20.0466463724772,1240.421981365655,0
18.610966865221712,395.92607393977454,0
22.202550506591763,1126.6638308775168,0
20.77325808955186,490.15464708325675,0
21.766854313441684,1324.3136376154166,0
20.910598585340722,62.94151842710782,0
19.014862208896204,239.96426612255385,0
26.258590387414984,908.2114405941705,0
22.91370894114175,64.93851617095281,0
22.94175215827096,1736.765139551137,0
19.696464369032185,165.85530042764952,0
