Event_ID,Outbreak_ID,Latitud,Longitud,Fecha_Inicio,Municipio,Descripcion,Especies_Involucradas,Total_Casos_Evento,Total_Muertes_Evento
7430,188989,22.446768,-101.548092,2026-04-27,Pinos,Bovino de 7 días de edad con miasis en ombligo.,"Bovinos (6), Perros (4), Ovinos (1)",11,0
7430,188990,24.422818,-100.927736,2026-05-01,El Salvador,Bovino de 8 días de edad con miasis en ombligo.,"Bovinos (6), Perros (4), Ovinos (1)",11,0
7430,188991,24.462645,-101.058128,2026-05-01,Concepción del Oro,Ovino de 5 años de edad con miasis en región dorsal.,"Bovinos (6), Perros (4), Ovinos (1)",11,0
7430,188992,24.432582,-101.060543,2026-05-01,Concepción del Oro,Canino de 10 años de edad con miasis en región testicular.,"Bovinos (6), Perros (4), Ovinos (1)",11,0
7430,188199,22.153161,-101.712401,2026-04-23,Pinos,Canino de 5 años con miasis en región cervical.,"Bovinos (6), Perros (4), Ovinos (1)",11,0
7430,188198,23.597722,-102.106851,2026-04-21,Villa de Cos,Canino de 8 años de edad con miasis en la base de la oreja.,"Bovinos (6), Perros (4), Ovinos (1)",11,0
7430,188197,24.439461,-101.05164,2026-04-19,Concepción del Oro,Bovino de 7 años de edad con miasis en tórax.,"Bovinos (6), Perros (4), Ovinos (1)",11,0
7430,187652,23.693085,-102.243472,2026-04-17,Villa de Cos,Bovino de 7 años de edad con miasis en tórax.,"Bovinos (6), Perros (4), Ovinos (1)",11,0
7430,187650,23.672836,-102.037186,2026-04-12,Villa de Cos,Canino de 6 años de edad con miasis en oreja.,"Bovinos (6), Perros (4), Ovinos (1)",11,0
7430,187651,22.370475,-101.946341,2026-04-15,Noria de Ángeles,Bovino de 5 años con miasis en vulva.,"Bovinos (6), Perros (4), Ovinos (1)",11,0
7430,186113,21.81731,-103.31042,2026-04-06,Tlaltenango de Sánchez Román,Se trata de un bovino de 7 días de edad con miasis en ombligo.,"Bovinos (6), Perros (4), Ovinos (1)",11,0
7431,188886,21.14281,-104.95413,2026-04-28,Compostela,Equino de 2 años de edad con miasis en miembro posterior.,"Bovinos (6), Perros (1), Équidos (2)",9,0
7431,188887,21.15002,-104.95374,2026-04-28,Compostela,Bovino de 4 años con miasis en miembro anterior.,"Bovinos (6), Perros (1), Équidos (2)",9,0
7431,188888,20.9816,-105.31481,2026-04-29,Compostela,Bovino de 7 días de edad con miasis en ombligo.,"Bovinos (6), Perros (1), Équidos (2)",9,0
7431,188889,20.961897,-105.16582,2026-04-28,Compostela,Bovino de 4 días de edad con miasis en ombligo.,"Bovinos (6), Perros (1), Équidos (2)",9,0
7431,188890,21.18758,-104.63558,2026-04-30,Santa María del Oro,Canino de 8 años de edad con miasis en miembro anterior. ,"Bovinos (6), Perros (1), Équidos (2)",9,0
7431,188891,21.19957,-105.15626,2026-05-01,Compostela,Bovino de 6 días de edad con miasis en ombligo.,"Bovinos (6), Perros (1), Équidos (2)",9,0
7431,188885,21.27501,-104.87168,2026-04-28,Compostela,Bovino de 120 meses de edad con miasis en miembro posterior.,"Bovinos (6), Perros (1), Équidos (2)",9,0
7431,187653,20.93582,-105.1455,2026-04-18,Bahía de Banderas,Equino de 8 años de edad con miasis en miembro posterior.,"Bovinos (6), Perros (1), Équidos (2)",9,0
7431,186114,21.15123,-104.60611,2026-04-05,Santa María del Oro,Se trata de un bovino de 8 días de edad con miasis en ombligo.,"Bovinos (6), Perros (1), Équidos (2)",9,0
5127,131967,10.7822,-84.3758,2024-02-03,San Carlos,,"Bovinos (48), Perros (11), Équidos (1), Ovinos (4)",64,1
5127,131798,10.4435,-84.0024,2024-02-02,Sarapiquí,,"Bovinos (48), Perros (11), Équidos (1), Ovinos (4)",64,1
5127,131797,9.7147,-82.9447,2024-01-31,Limón,,"Bovinos (48), Perros (11), Équidos (1), Ovinos (4)",64,1
5127,131796,9.0774,-83.4343,2024-01-31,Buenos Aires,,"Bovinos (48), Perros (11), Équidos (1), Ovinos (4)",64,1
5127,131795,10.0749,-83.2883,2024-01-27,Matina,,"Bovinos (48), Perros (11), Équidos (1), Ovinos (4)",64,1
5127,130535,9.9556,-84.3992,2024-01-09,Atenas,,"Bovinos (48), Perros (11), Équidos (1), Ovinos (4)",64,1
5127,130534,9.9516,-84.64,2024-01-05,Esparza,,"Bovinos (48), Perros (11), Équidos (1), Ovinos (4)",64,1
5127,127910,9.3309,-83.9473,2023-11-13,Aguirre,,"Bovinos (48), Perros (11), Équidos (1), Ovinos (4)",64,1
5127,127909,8.6677,-83.0664,2023-11-03,Golfito,,"Bovinos (48), Perros (11), Équidos (1), Ovinos (4)",64,1
5127,127908,8.8282,-83.0161,2023-11-01,Coto Brus,,"Bovinos (48), Perros (11), Équidos (1), Ovinos (4)",64,1
5127,127907,9.0731,-83.4304,2023-11-01,Buenos Aires,,"Bovinos (48), Perros (11), Équidos (1), Ovinos (4)",64,1
5127,127906,8.8685,-83.4575,2023-10-31,Osa,,"Bovinos (48), Perros (11), Équidos (1), Ovinos (4)",64,1
5127,127905,8.641,-82.9374,2023-10-31,Corredores,,"Bovinos (48), Perros (11), Équidos (1), Ovinos (4)",64,1
5127,127904,8.3862,-83.1301,2023-10-30,Golfito,,"Bovinos (48), Perros (11), Équidos (1), Ovinos (4)",64,1
5127,127903,8.5432,-82.8418,2023-10-30,Corredores,,"Bovinos (48), Perros (11), Équidos (1), Ovinos (4)",64,1
5127,127902,8.7447,-82.944,2023-10-30,Coto Brus,,"Bovinos (48), Perros (11), Équidos (1), Ovinos (4)",64,1
5127,127901,8.6712,-83.0788,2023-10-30,Golfito,,"Bovinos (48), Perros (11), Équidos (1), Ovinos (4)",64,1
5127,127900,8.4931,-82.8456,2023-10-28,Corredores,,"Bovinos (48), Perros (11), Équidos (1), Ovinos (4)",64,1
5127,127899,8.9604,-83.4577,2023-10-28,Osa,,"Bovinos (48), Perros (11), Équidos (1), Ovinos (4)",64,1
5127,127898,8.3896,-83.1296,2023-10-27,Golfito,,"Bovinos (48), Perros (11), Équidos (1), Ovinos (4)",64,1
5127,127897,8.7491,-82.9436,2023-10-24,Coto Brus,,"Bovinos (48), Perros (11), Équidos (1), Ovinos (4)",64,1
5127,126559,10.6133,-84.3331,2023-10-06,San Carlos,,"Bovinos (48), Perros (11), Équidos (1), Ovinos (4)",64,1
5127,126521,8.4694,-82.8472,2023-10-10,Corredores,,"Bovinos (48), Perros (11), Équidos (1), Ovinos (4)",64,1
5127,126520,8.567,-82.8788,2023-10-02,Corredores,,"Bovinos (48), Perros (11), Équidos (1), Ovinos (4)",64,1
5127,126519,8.5747,-82.8673,2023-09-29,Corredores,,"Bovinos (48), Perros (11), Équidos (1), Ovinos (4)",64,1
5127,126518,8.6863,-83.187,2023-08-27,Golfito,,"Bovinos (48), Perros (11), Équidos (1), Ovinos (4)",64,1
5127,126517,8.5825,-82.8709,2023-09-25,Corredores,,"Bovinos (48), Perros (11), Équidos (1), Ovinos (4)",64,1
5127,126516,8.5936,-82.8756,2023-09-24,Corredores,,"Bovinos (48), Perros (11), Équidos (1), Ovinos (4)",64,1
5127,126515,8.4859,-82.848,2023-09-24,Corredores,,"Bovinos (48), Perros (11), Équidos (1), Ovinos (4)",64,1
5127,126514,8.6517,-83.1704,2023-09-23,Golfito,,"Bovinos (48), Perros (11), Équidos (1), Ovinos (4)",64,1
5127,126513,8.5427,-82.8399,2023-09-22,Corredores,,"Bovinos (48), Perros (11), Équidos (1), Ovinos (4)",64,1
5127,126512,8.5867,-82.8841,2023-09-20,Corredores,,"Bovinos (48), Perros (11), Équidos (1), Ovinos (4)",64,1
5127,126511,8.5911,-82.8905,2023-09-18,Corredores,,"Bovinos (48), Perros (11), Équidos (1), Ovinos (4)",64,1
5127,126510,8.5595,-82.8446,2023-09-16,Corredores,,"Bovinos (48), Perros (11), Équidos (1), Ovinos (4)",64,1
5127,126509,8.5958,-82.8964,2023-09-12,Corredores,,"Bovinos (48), Perros (11), Équidos (1), Ovinos (4)",64,1
5127,126508,8.5807,-82.8797,2023-09-08,Corredores,,"Bovinos (48), Perros (11), Équidos (1), Ovinos (4)",64,1
5127,126507,8.5439,-82.8445,2023-09-08,Corredores,,"Bovinos (48), Perros (11), Équidos (1), Ovinos (4)",64,1
5127,124394,8.5516,-82.8422,2023-08-10,Corredores,,"Bovinos (48), Perros (11), Équidos (1), Ovinos (4)",64,1
5127,124393,8.4396,-82.8957,2023-08-14,Corredores,,"Bovinos (48), Perros (11), Équidos (1), Ovinos (4)",64,1
5127,124392,8.5874,-82.8435,2023-08-09,Corredores,,"Bovinos (48), Perros (11), Équidos (1), Ovinos (4)",64,1
5127,124391,8.5837,-82.8482,2023-08-08,Corredores,,"Bovinos (48), Perros (11), Équidos (1), Ovinos (4)",64,1
5127,124390,8.4743,-83.0887,2023-08-04,Golfito,,"Bovinos (48), Perros (11), Équidos (1), Ovinos (4)",64,1
5127,124389,8.6161,-82.8902,2023-08-03,Corredores,,"Bovinos (48), Perros (11), Équidos (1), Ovinos (4)",64,1
5127,124388,8.5754,-82.8554,2023-07-31,Corredores,,"Bovinos (48), Perros (11), Équidos (1), Ovinos (4)",64,1
5127,124387,8.588,-82.8495,2023-07-29,Corredores,,"Bovinos (48), Perros (11), Équidos (1), Ovinos (4)",64,1
5127,124386,8.5947,-82.8759,2023-07-27,Corredores,,"Bovinos (48), Perros (11), Équidos (1), Ovinos (4)",64,1
5127,124385,8.6126,-82.8402,2023-07-27,Corredores,,"Bovinos (48), Perros (11), Équidos (1), Ovinos (4)",64,1
5127,124384,8.5696,-82.8399,2023-07-27,Corredores,,"Bovinos (48), Perros (11), Équidos (1), Ovinos (4)",64,1
5127,124383,8.575,-82.8457,2023-07-26,Corredores,,"Bovinos (48), Perros (11), Équidos (1), Ovinos (4)",64,1
5127,123160,8.7908,-83.2678,2023-07-25,Osa,,"Bovinos (48), Perros (11), Équidos (1), Ovinos (4)",64,1
5127,123159,8.5635,-82.8259,2023-07-23,Corredores,,"Bovinos (48), Perros (11), Équidos (1), Ovinos (4)",64,1
5127,121874,8.5809,-82.8561,2023-07-14,Corredores,El caso se presentó en un perro de una población expuesta de 5.,"Bovinos (48), Perros (11), Équidos (1), Ovinos (4)",64,1
6289,161179,18.27108,-88.63871,2025-07-08,Othón P. Blanco,Bovino de 4 años de edad con miasis en región vulvar.,"Bovinos (65), Perros (2), Équidos (2), Suidos (4)",73,0
6289,161182,18.27453,-88.635297,2025-07-08,Othón P. Blanco,"Bovino de 1 mes de edad con miasis en	región umbilical.
","Bovinos (65), Perros (2), Équidos (2), Suidos (4)",73,0
6289,161180,19.0173,-89.0098,2025-07-08,Othón P. Blanco,Bovino de 8 meses de edad con miasis en cuello.,"Bovinos (65), Perros (2), Équidos (2), Suidos (4)",73,0
6289,161184,18.5451,-88.907262,2025-07-08,Othón P. Blanco,"Bovino de 5 años de edad con miasis en cuernos.
","Bovinos (65), Perros (2), Équidos (2), Suidos (4)",73,0
6289,161183,18.04524,-89.064667,2025-07-08,Othón P. Blanco,"Bovino de 7 meses de edad con miasis en miembro posterior derecho.
","Bovinos (65), Perros (2), Équidos (2), Suidos (4)",73,0
6289,161185,18.44423,-88.944989,2025-07-08,Othón P. Blanco,"Bovino de 8 meses de edad con miasis en oreja derecha.
","Bovinos (65), Perros (2), Équidos (2), Suidos (4)",73,0
6289,161186,18.1966,-88.9936,2025-07-09,Othón P. Blanco,"Bovino de 5 años de edad con miasis en pabellon auricular izquierdo.
","Bovinos (65), Perros (2), Équidos (2), Suidos (4)",73,0
6289,161187,18.03816,-89.069117,2025-07-09,Othón P. Blanco,"Bovino de 2 años de edad con miasis en región vulvar.
","Bovinos (65), Perros (2), Équidos (2), Suidos (4)",73,0
6289,161188,18.40861,-88.560875,2025-07-09,Othón P. Blanco,"Bovino de 3 meses de edad con miasis en región auricular derecha.
","Bovinos (65), Perros (2), Équidos (2), Suidos (4)",73,0
6289,161173,18.34445,-88.621715,2025-07-04,Othón P. Blanco,"Bovino de 5 años de edad con miasis en región vulvar.
","Bovinos (65), Perros (2), Équidos (2), Suidos (4)",73,0
6289,161174,19.14208,-88.829085,2025-07-04,Othón P. Blanco,"Bovino de 5 años de edad con miasis en región auricular derecha.
","Bovinos (65), Perros (2), Équidos (2), Suidos (4)",73,0
6289,161175,18.81124,-88.58847,2025-07-04,Othón P. Blanco,"Bovino de 20 días de edad con miasis en región vulvar.
","Bovinos (65), Perros (2), Équidos (2), Suidos (4)",73,0
6289,160776,18.21727,-88.66009,2025-07-03,Othón P. Blanco,Bovino de 5 años de edad con miasis en la ingle del tren posterior izquierdo.,"Bovinos (65), Perros (2), Équidos (2), Suidos (4)",73,0
6289,161177,18.48726,-88.92238,2025-07-01,Othón P. Blanco,"Bovino de 4 años de edad con miasis en región auricular.
","Bovinos (65), Perros (2), Équidos (2), Suidos (4)",73,0
6289,161178,19.33642,-88.885538,2025-07-01,José María Morelos,"Bovino de 4 años de edad con miasis en región dorsal del cuello.
","Bovinos (65), Perros (2), Équidos (2), Suidos (4)",73,0
6289,160774,18.0767,-89.023,2025-06-27,Othón P. Blanco,"Bovino de 10 días de edad con maisis en región umbilical.
","Bovinos (65), Perros (2), Équidos (2), Suidos (4)",73,0
6289,160775,18.67019,-88.823339,2025-06-27,Othón P. Blanco,"Bovinos de 8 días de edad con miasis en región umbilical.
","Bovinos (65), Perros (2), Équidos (2), Suidos (4)",73,0
6289,160772,18.399937,-88.893411,2025-06-26,Othón P. Blanco,"Cuatro bovinos de 8 meses de edad, todos con miasis en la grupa.
","Bovinos (65), Perros (2), Équidos (2), Suidos (4)",73,0
6289,160773,18.4936,-88.922999,2025-06-26,Othón P. Blanco,"Bovino de 8 días de edad con miasis en región umbilical.
","Bovinos (65), Perros (2), Équidos (2), Suidos (4)",73,0
6289,160540,18.041298,-89.068461,2025-06-24,Othón P. Blanco,Bovino de 5 dias de edad con miasis en región umbilical.	,"Bovinos (65), Perros (2), Équidos (2), Suidos (4)",73,0
6289,160541,18.3406,-88.9305,2025-06-24,Othón P. Blanco,Bovino de 18 meses de edad con miasis en escapula y cuello.,"Bovinos (65), Perros (2), Équidos (2), Suidos (4)",73,0
6289,160539,18.768405,-89.06424,2025-06-23,Othón P. Blanco,Suino de 1 año de edad con miasis en herida en el costillar a la altura del codillo.,"Bovinos (65), Perros (2), Équidos (2), Suidos (4)",73,0
6289,161176,18.6698,-88.828342,2025-06-04,Othón P. Blanco,"Bovino de 15 días de edad con miasis en región umbilical.
","Bovinos (65), Perros (2), Équidos (2), Suidos (4)",73,0
6289,160538,20.640446,-87.079965,2025-06-20,Cozumel,Canino de 6 años de edad con miasis en la región dorsal.,"Bovinos (65), Perros (2), Équidos (2), Suidos (4)",73,0
6289,160114,18.724294,-88.874859,2025-06-19,Othón P. Blanco,"Bovino de 6 años	de edad con miasis en ubre.
","Bovinos (65), Perros (2), Équidos (2), Suidos (4)",73,0
6289,160115,19.056783,-88.94787,2025-06-19,Othón P. Blanco,"Bovino de 5 años	de edad con miasis en región dorsal del cuello.
","Bovinos (65), Perros (2), Équidos (2), Suidos (4)",73,0
6289,160112,18.774409,-88.554787,2025-06-18,Othón P. Blanco,"Bovino de 5 años de edad con miasis en cuello.
","Bovinos (65), Perros (2), Équidos (2), Suidos (4)",73,0
6289,160111,18.0227,-88.8694,2025-06-17,Othón P. Blanco,"Bovino de 5 años	de edad con miasis en región vulvar.
","Bovinos (65), Perros (2), Équidos (2), Suidos (4)",73,0
6289,160113,18.0596,-88.9649,2025-06-17,Othón P. Blanco,"Suino de 40 días de edad con miasis en	región escrotal.
","Bovinos (65), Perros (2), Équidos (2), Suidos (4)",73,0
6289,159754,18.033951,-89.152595,2025-06-12,Othón P. Blanco,"Bovino de 4 años de edad con miasis en región vulvar.
","Bovinos (65), Perros (2), Équidos (2), Suidos (4)",73,0
6289,159755,18.041237,-89.068303,2025-06-11,Othón P. Blanco,"Bovino de 20 meses de edad con miasis en oreja.
","Bovinos (65), Perros (2), Équidos (2), Suidos (4)",73,0
6289,159756,19.155175,-88.52977,2025-06-12,Othón P. Blanco,"Bovino de 4 años de edad con miasis en región vulvar.
","Bovinos (65), Perros (2), Équidos (2), Suidos (4)",73,0
6289,159311,19.03134,-88.97904,2025-05-28,Othón P. Blanco,"Bovino de 10 días de edad con miasis en región umbilical.
","Bovinos (65), Perros (2), Équidos (2), Suidos (4)",73,0
6289,158819,18.27099,-88.638607,2025-05-23,Othón P. Blanco,"Bovino de 5 años de edad con miasis en región vulvar.
","Bovinos (65), Perros (2), Équidos (2), Suidos (4)",73,0
6289,158817,18.71709,-88.891024,2025-05-21,Othón P. Blanco,"Bovino de 8 meses de edad con miasis en cuello.
","Bovinos (65), Perros (2), Équidos (2), Suidos (4)",73,0
6289,158818,18.96965,-89.05524,2025-05-21,Othón P. Blanco,"Bovino de 8 meses de edad con miasis en cuernos.
","Bovinos (65), Perros (2), Équidos (2), Suidos (4)",73,0
6289,158481,20.2108,-87.46615,2025-05-19,Cozumel,"Canino de15 años de edad con miasis en el dorso.
","Bovinos (65), Perros (2), Équidos (2), Suidos (4)",73,0
6289,155584,18.61663,-88.82062,2025-04-11,Othón P. Blanco,"Bovino de 10 días de edad con miasis en región umbilical. Nota aclaratoria: Durante la investigación, se confirmó que no se registraron casos de mortalidad asociados a la enfermedad.
","Bovinos (65), Perros (2), Équidos (2), Suidos (4)",73,0
6289,157618,18.4412,-89.02931,2025-05-07,Othón P. Blanco,"Bovino de 8 días de edad con miasis en región umbilical.
","Bovinos (65), Perros (2), Équidos (2), Suidos (4)",73,0
6289,157616,18.9377,-89.0605,2025-05-02,Othón P. Blanco,Bovino de 5 años de edad con miasis en cuernos.,"Bovinos (65), Perros (2), Équidos (2), Suidos (4)",73,0
6289,157617,19.0194,-88.8956,2025-05-01,Othón P. Blanco,"Dos bovinos de 4 años de edad ambos, con miasis en cuernos.
","Bovinos (65), Perros (2), Équidos (2), Suidos (4)",73,0
6289,157167,18.81987,-88.56349,2025-04-29,Othón P. Blanco,"Bovino de 8 días de edad con miasis en región umbilical.
","Bovinos (65), Perros (2), Équidos (2), Suidos (4)",73,0
6289,157165,18.48069,-88.69949,2025-04-28,Othón P. Blanco,Bovino de 5 años de edad con miasis en pierna derecha.,"Bovinos (65), Perros (2), Équidos (2), Suidos (4)",73,0
6289,158480,19.03891,-89.04185,2025-05-16,Hopelchén,"Suino de 2 años de edad con miasis en oreja.
","Bovinos (65), Perros (2), Équidos (2), Suidos (4)",73,0
6289,158172,18.533146,-88.98416,2025-05-13,Othón P. Blanco,"Bovino de 5 años de edad con miasis en ubre.
","Bovinos (65), Perros (2), Équidos (2), Suidos (4)",73,0
6289,158173,18.894,-89.0269,2025-05-13,Othón P. Blanco,"Bovino de 4 años de edad con miasis en región vulvar.
","Bovinos (65), Perros (2), Équidos (2), Suidos (4)",73,0
6289,158171,18.9439,-89.0263,2025-05-09,Othón P. Blanco,"Bovino de 8 meses con miasis en pabellon auricular derecho.
","Bovinos (65), Perros (2), Équidos (2), Suidos (4)",73,0
6289,158169,18.901406,-89.050609,2025-05-08,Othón P. Blanco,Bovino de 8 días con miasis en región umbilical.,"Bovinos (65), Perros (2), Équidos (2), Suidos (4)",73,0
6289,158170,18.0127,-89.1042,2025-05-08,Othón P. Blanco,"Bovino de 15 años con miasis en pabellon auricular.
","Bovinos (65), Perros (2), Équidos (2), Suidos (4)",73,0
6289,157166,18.60561,-88.81094,2025-04-28,Othón P. Blanco,Suino de 15 meses de edad con miasis en cuello.,"Bovinos (65), Perros (2), Équidos (2), Suidos (4)",73,0
6289,157164,18.42419,-89.0243,2025-04-25,Othón P. Blanco,Equino de 3 años de edad con miasis en región del prepucio.,"Bovinos (65), Perros (2), Équidos (2), Suidos (4)",73,0
6289,156466,18.10906,-88.72328,2025-04-22,Othón P. Blanco,"Equino de 14 años de edad con miasis en miembro anterior izquierdo.
","Bovinos (65), Perros (2), Équidos (2), Suidos (4)",73,0
6289,156465,19.03134,-88.97904,2025-04-21,Othón P. Blanco,"Bovino de 10 días de edad con miasis en la región umbilical.
","Bovinos (65), Perros (2), Équidos (2), Suidos (4)",73,0
6289,156577,18.98618,-89.05651,2025-04-18,Othón P. Blanco,Bovino de 3 años de edad con miasis en la ubre.,"Bovinos (65), Perros (2), Équidos (2), Suidos (4)",73,0
6289,156576,18.10745,-89.1503,2025-04-16,Hopelchén,"Bovino de 3 años de edad con miasis en conducto auricular.
","Bovinos (65), Perros (2), Équidos (2), Suidos (4)",73,0
6289,156060,18.42028,-89.02895,2025-04-15,Othón P. Blanco,Bovino de 3 años de edad con miasis en  región ocular. ,"Bovinos (65), Perros (2), Équidos (2), Suidos (4)",73,0
6289,156013,18.72265,-88.8445,2025-04-14,Othón P. Blanco,"Bovino de 3 años de edad con miasis en región glútea,","Bovinos (65), Perros (2), Équidos (2), Suidos (4)",73,0
6289,156061,18.99122,-89.05913,2025-04-14,Othón P. Blanco,"Bovino de 6 años con miasis en miembro anterior derecho.
","Bovinos (65), Perros (2), Équidos (2), Suidos (4)",73,0
6289,153498,18.41149,-89.016745,2025-03-13,Othón P. Blanco,"Bovino macho de 3 meses de edad, con miasis en miembro por fractura expuesta.","Bovinos (65), Perros (2), Équidos (2), Suidos (4)",73,0
6289,155446,18.89874,-89.03445,2025-04-08,Othón P. Blanco,Bovino de 6 años de edad con miasis en región lumbar.,"Bovinos (65), Perros (2), Équidos (2), Suidos (4)",73,0
6289,155447,18.91121,-89.09725,2025-04-08,Hopelchén,Bovino de 4 años de edad con miasis en el cuerno.,"Bovinos (65), Perros (2), Équidos (2), Suidos (4)",73,0
6289,155445,18.91602,-89.05888,2025-04-05,Othón P. Blanco,"Bovino de 1 mes de edad con miasis en región umbilical.
","Bovinos (65), Perros (2), Équidos (2), Suidos (4)",73,0
6289,154591,18.676147,-88.389353,2025-03-23,Othón P. Blanco,"Bovino de 5 años de edad con miasis en región umbilical, en lesion ocasionada por una pelea.","Bovinos (65), Perros (2), Équidos (2), Suidos (4)",73,0
6289,154088,18.441201,-89.02931,2025-03-22,Othón P. Blanco,Bovino macho de 8 meses con miasis en oreja derecha.,"Bovinos (65), Perros (2), Équidos (2), Suidos (4)",73,0
6289,154103,18.441201,-89.02931,2025-03-20,Othón P. Blanco,Bovino hembra de 36 meses con miasis en el cuerno.,"Bovinos (65), Perros (2), Équidos (2), Suidos (4)",73,0
6289,153977,18.905347,-88.448508,2025-03-19,Othón P. Blanco,"Bovino macho de 4 años de edad, con miasis en región prepucial.","Bovinos (65), Perros (2), Équidos (2), Suidos (4)",73,0
6289,153572,18.441201,-89.02931,2025-03-14,Othón P. Blanco,Bovino macho de 5 días con miasis en región umbilical.,"Bovinos (65), Perros (2), Équidos (2), Suidos (4)",73,0
6289,153497,18.441201,-89.02931,2025-03-10,Othón P. Blanco,"Bovino macho de 1 mes de edad, con miasis en región umbilical.","Bovinos (65), Perros (2), Équidos (2), Suidos (4)",73,0
6289,151248,18.998702,-88.83109,2025-02-20,Othón P. Blanco,"Bovino de 36 meses de edad, con presencia de larvas en la región del antebrazo izquierdo. Las larvas se colectaron para el diagnóstico, resultando positivas a C. hominivorax por identificación taxonómica.



","Bovinos (65), Perros (2), Équidos (2), Suidos (4)",73,0
6163,161077,16.13649,-88.84487,2025-07-04,Toledo,8-year-old pig with NWS myiasis in the rear right limb. ,"Bovinos (43), Perros (85), Équidos (17), Caprinos (2), Ovinos (7), Suidos (26)",180,0
6163,161078,16.11792,-88.79917,2025-07-04,Toledo,2-week-old canine. ,"Bovinos (43), Perros (85), Équidos (17), Caprinos (2), Ovinos (7), Suidos (26)",180,0
6163,161079,16.27081,-88.95257,2025-07-04,Toledo,8-year-old dog,"Bovinos (43), Perros (85), Équidos (17), Caprinos (2), Ovinos (7), Suidos (26)",180,0
6163,161080,16.23814,-89.02956,2025-07-04,Toledo,15-year-old horse with NWS myiasis on its left fetlock. ,"Bovinos (43), Perros (85), Équidos (17), Caprinos (2), Ovinos (7), Suidos (26)",180,0
6163,161081,16.04144,-89.02303,2025-07-04,Toledo,8-year-old horse with NWS myiasis in the scrotal area. ,"Bovinos (43), Perros (85), Équidos (17), Caprinos (2), Ovinos (7), Suidos (26)",180,0
6163,161082,16.26873,-88.95097,2025-07-04,Toledo,7-year-old canine with NWS myiasis on the left lateral side of the face. ,"Bovinos (43), Perros (85), Équidos (17), Caprinos (2), Ovinos (7), Suidos (26)",180,0
6163,162424,16.10224,-88.81697,2025-07-03,Toledo,10-year-old canine with NWS myiasis lesion on the face. ,"Bovinos (43), Perros (85), Équidos (17), Caprinos (2), Ovinos (7), Suidos (26)",180,0
6163,162425,16.09801,-88.80671,2025-07-07,Toledo,4-week-old puppy with NWS lesion on the back. ,"Bovinos (43), Perros (85), Équidos (17), Caprinos (2), Ovinos (7), Suidos (26)",180,0
6163,162426,16.1167,-88.80233,2025-07-07,Toledo,2-year-old dog with NWS lesion under the tail. ,"Bovinos (43), Perros (85), Équidos (17), Caprinos (2), Ovinos (7), Suidos (26)",180,0
6163,162427,16.1167,-88.80233,2025-07-03,Toledo,6-year-old horse with NWS myiasis in the left ear. ,"Bovinos (43), Perros (85), Équidos (17), Caprinos (2), Ovinos (7), Suidos (26)",180,0
6163,162428,16.11666,-88.80381,2025-07-08,Toledo,4-year-old canine with NWS myiasis on the face.,"Bovinos (43), Perros (85), Équidos (17), Caprinos (2), Ovinos (7), Suidos (26)",180,0
6163,162429,16.13438,-88.84298,2025-07-07,Toledo, 8-month-old dog with NWS myiasis on the face ,"Bovinos (43), Perros (85), Équidos (17), Caprinos (2), Ovinos (7), Suidos (26)",180,0
6163,162430,16.13452,-88.84245,2025-07-09,Toledo,4-year-old dog with NWS myiasis lesion on the right hind leg. ,"Bovinos (43), Perros (85), Équidos (17), Caprinos (2), Ovinos (7), Suidos (26)",180,0
6163,162431,16.19242,-88.90408,2025-07-09,Toledo,1-year-old bovine with NWS myiasis in the hoof. ,"Bovinos (43), Perros (85), Équidos (17), Caprinos (2), Ovinos (7), Suidos (26)",180,0
6163,161071,16.13419,-88.84274,2025-07-04,Toledo,"3-year-old dog with NWS myiasis on the right side of the rib area. 
3-year-old dog with NWS myiasis on the left hind leg (04/07/2025). ","Bovinos (43), Perros (85), Équidos (17), Caprinos (2), Ovinos (7), Suidos (26)",180,0
6163,162432,16.248,-89.02647,2025-07-08,Toledo,5-year-old dog with NWS myiasis on the right hind leg. ,"Bovinos (43), Perros (85), Équidos (17), Caprinos (2), Ovinos (7), Suidos (26)",180,0
6163,162434,16.28016,-88.91035,2025-07-06,Toledo,1-week-old bovine calf with NWS myiasis in the umbilicus. ,"Bovinos (43), Perros (85), Équidos (17), Caprinos (2), Ovinos (7), Suidos (26)",180,0
6163,162433,16.09008,-88.84642,2025-07-08,Toledo,2-year-old bovine with NWS myiasis in the right ear. ,"Bovinos (43), Perros (85), Équidos (17), Caprinos (2), Ovinos (7), Suidos (26)",180,0
6163,162435,16.24136,-89.02581,2025-07-04,Toledo,9-year-old canine with NWS myiasis on the cranial chest area. ,"Bovinos (43), Perros (85), Équidos (17), Caprinos (2), Ovinos (7), Suidos (26)",180,0
6163,162436,16.13717,-88.84175,2025-07-10,Toledo,1-month-old puppy with NWS myiasis in the vaginal tract.,"Bovinos (43), Perros (85), Équidos (17), Caprinos (2), Ovinos (7), Suidos (26)",180,0
6163,162437,16.13883,-88.83119,2025-07-09,Toledo,8-year-old canine with NWS myiasis lesion on the left side of the chest. ,"Bovinos (43), Perros (85), Équidos (17), Caprinos (2), Ovinos (7), Suidos (26)",180,0
6163,162440,16.25667,-89.09333,2025-07-08,Toledo,10-year-old dog with NWS myiasis in the ventral prepuce. ,"Bovinos (43), Perros (85), Équidos (17), Caprinos (2), Ovinos (7), Suidos (26)",180,0
6163,162441,16.07813,-89.10025,2025-07-21,Toledo,6-month-old pig with NWS myiasis on the right caudal to the shoulder. ,"Bovinos (43), Perros (85), Équidos (17), Caprinos (2), Ovinos (7), Suidos (26)",180,0
6163,162442,16.10678,-88.81206,2025-07-21,Toledo,7-year-old canine with NWS myiasis in both left and right ears. ,"Bovinos (43), Perros (85), Équidos (17), Caprinos (2), Ovinos (7), Suidos (26)",180,0
6163,162444,16.28358,-88.90906,2025-07-21,Toledo,"4-year-old bovine with NWS lesion on the udder, right front quarter. ","Bovinos (43), Perros (85), Équidos (17), Caprinos (2), Ovinos (7), Suidos (26)",180,0
6163,162445,16.10114,-88.80619,2025-07-21,Toledo, 2-week-old canine with NWS Lesion on the left lateral chest. ,"Bovinos (43), Perros (85), Équidos (17), Caprinos (2), Ovinos (7), Suidos (26)",180,0
6163,162446,16.13939,-88.84344,2025-07-21,Toledo,7-year-old dog with NWS lesion on the left lateral abdomen. ,"Bovinos (43), Perros (85), Équidos (17), Caprinos (2), Ovinos (7), Suidos (26)",180,0
6163,162443,16.10553,-88.81633,2025-07-21,Toledo,1-year-old dog with NWS myiasis on the right side of the abdomen. ,"Bovinos (43), Perros (85), Équidos (17), Caprinos (2), Ovinos (7), Suidos (26)",180,0
6163,162447,16.1055,-88.82483,2025-07-21,Toledo,7-month-old dog with NWS lesion on the right side of the neck. ,"Bovinos (43), Perros (85), Équidos (17), Caprinos (2), Ovinos (7), Suidos (26)",180,0
6163,162448,16.26611,-88.95942,2025-07-21,Toledo,1-year-old dog with NWS lesion on the right side of the neck.,"Bovinos (43), Perros (85), Équidos (17), Caprinos (2), Ovinos (7), Suidos (26)",180,0
6163,162449,16.15201,-88.87564,2025-07-21,Toledo,3-year-old dog with NWS lesion on the back of the neck. ,"Bovinos (43), Perros (85), Équidos (17), Caprinos (2), Ovinos (7), Suidos (26)",180,0
6163,162450,16.13379,-88.82804,2025-07-21,Toledo,4-year-old goat with NWS lesion on the right hind hoof. ,"Bovinos (43), Perros (85), Équidos (17), Caprinos (2), Ovinos (7), Suidos (26)",180,0
6163,162451,16.24112,-88.89534,2025-07-21,Toledo,6-year-old canine with NWS lesion on the left front leg. ,"Bovinos (43), Perros (85), Équidos (17), Caprinos (2), Ovinos (7), Suidos (26)",180,0
6163,162452,16.07747,-89.1007,2025-07-21,Toledo,A 2-year-old pig with NWS lesion on the left hock and a 3-month-old pig with NWS lesion in the right ear. ,"Bovinos (43), Perros (85), Équidos (17), Caprinos (2), Ovinos (7), Suidos (26)",180,0
6163,162453,16.2149,-89.13304,2025-07-21,Toledo,2-month-old pig with NWS myiasis lesion on the scrotal sac. ,"Bovinos (43), Perros (85), Équidos (17), Caprinos (2), Ovinos (7), Suidos (26)",180,0
6163,162454,16.17998,-88.90198,2025-07-21,Toledo,5-year-old dog with NWS lesion on the neck. ,"Bovinos (43), Perros (85), Équidos (17), Caprinos (2), Ovinos (7), Suidos (26)",180,0
6163,162455,16.11321,-88.92594,2025-07-21,Toledo,2-year-old bovine with NWS myiasis lesion on the horn. ,"Bovinos (43), Perros (85), Équidos (17), Caprinos (2), Ovinos (7), Suidos (26)",180,0
6163,162456,16.13423,-88.82188,2025-07-24,Toledo,2-year-old dog with NWS myiasis lesion on the right side of the thorax. ,"Bovinos (43), Perros (85), Équidos (17), Caprinos (2), Ovinos (7), Suidos (26)",180,0
6163,162457,16.28016,-88.91035,2025-07-24,Toledo,8-year-old dog with NWS lesion on the right hind limb. ,"Bovinos (43), Perros (85), Équidos (17), Caprinos (2), Ovinos (7), Suidos (26)",180,0
6163,162458,16.26088,-89.01699,2025-07-24,Toledo,5-year-old dog with NWS lesion on the left ear. ,"Bovinos (43), Perros (85), Équidos (17), Caprinos (2), Ovinos (7), Suidos (26)",180,0
6163,162459,16.07,-89.09858,2025-07-30,Toledo,6-year-old bovine with NWS myiasis lesion in the umbilical region. ,"Bovinos (43), Perros (85), Équidos (17), Caprinos (2), Ovinos (7), Suidos (26)",180,0
6163,162460,16.1365,-89.05164,2025-07-30,Toledo,2-year-old equine with NWS lesion on the right hind leg.,"Bovinos (43), Perros (85), Équidos (17), Caprinos (2), Ovinos (7), Suidos (26)",180,0
6163,162461,16.28719,-88.92653,2025-07-30,Toledo,"Two, one-week-old bovine calves and a four-year-old cow with NWS myiasis in the umbilicus and the vulva in the adult. ","Bovinos (43), Perros (85), Équidos (17), Caprinos (2), Ovinos (7), Suidos (26)",180,0
6163,162462,16.26431,-89.09872,2025-07-30,Toledo,20-year-old horse with NWS myiasis in the right ear. ,"Bovinos (43), Perros (85), Équidos (17), Caprinos (2), Ovinos (7), Suidos (26)",180,0
6163,162463,16.24692,-88.99522,2025-07-30,Toledo,7-year-old dog with NWS myiasis in the perineum. ,"Bovinos (43), Perros (85), Équidos (17), Caprinos (2), Ovinos (7), Suidos (26)",180,0
6163,162464,16.10639,-88.95864,2025-07-30,Toledo,2 year old dog with NWS myiasis lesion on the center of the back. ,"Bovinos (43), Perros (85), Équidos (17), Caprinos (2), Ovinos (7), Suidos (26)",180,0
6163,162465,16.13908,-88.83764,2025-07-30,Toledo,2-year-old canine with NWS myiasis in the left ear.,"Bovinos (43), Perros (85), Équidos (17), Caprinos (2), Ovinos (7), Suidos (26)",180,0
6163,162466,16.25067,-88.89436,2025-07-30,Toledo,1-year-old bovine with NWS myiasis on the left hind leg. ,"Bovinos (43), Perros (85), Équidos (17), Caprinos (2), Ovinos (7), Suidos (26)",180,0
6163,162467,16.24531,-89.01934,2025-07-30,Toledo,"Two two-year-old dogs with NWS myiasis lesions: one had lesions on both the left and right paws, while the other had a lesion on the left side of the neck.","Bovinos (43), Perros (85), Équidos (17), Caprinos (2), Ovinos (7), Suidos (26)",180,0
6163,162554,16.26527,-89.09567,2025-07-30,Toledo,10-year-old canine with NWS lesion on the right side of the chest. ,"Bovinos (43), Perros (85), Équidos (17), Caprinos (2), Ovinos (7), Suidos (26)",180,0
6163,162552,16.28189,-88.9477,2025-07-30,Toledo,1-year-old sheep with NWS lesion on the right side of the face.,"Bovinos (43), Perros (85), Équidos (17), Caprinos (2), Ovinos (7), Suidos (26)",180,0
6163,162556,16.12666,-88.83996,2025-07-30,Toledo,"Ovine, NWS lesion on the right front hoof. Goat, NWS lesion on both hoofs. Canine, NWS lesion on the right rear limb. ","Bovinos (43), Perros (85), Équidos (17), Caprinos (2), Ovinos (7), Suidos (26)",180,0
6163,162561,16.16625,-88.94247,2025-07-30,Toledo,Porcine with NWS lesion on the vulva. ,"Bovinos (43), Perros (85), Équidos (17), Caprinos (2), Ovinos (7), Suidos (26)",180,0
6163,162468,16.13473,-88.84254,2025-07-30,Toledo,4-year-old dog with NWS myiasis lesion on the testicles. 3-year-old canine with NWS lesion on the vulva. ,"Bovinos (43), Perros (85), Équidos (17), Caprinos (2), Ovinos (7), Suidos (26)",180,0
6163,160991,16.09711,-88.81667,2025-06-30,Toledo,5-year-old canine with NWS myiasis lesion on the right front paw. ,"Bovinos (43), Perros (85), Équidos (17), Caprinos (2), Ovinos (7), Suidos (26)",180,0
6163,160992,16.21165,-89.09437,2025-06-30,Toledo,2-year-old dog with NWS myiasis on the left ear. ,"Bovinos (43), Perros (85), Équidos (17), Caprinos (2), Ovinos (7), Suidos (26)",180,0
6163,160993,16.21076,-89.13613,2025-06-30,Toledo,5-year-old horse with NWS myiasis on the right ear.,"Bovinos (43), Perros (85), Équidos (17), Caprinos (2), Ovinos (7), Suidos (26)",180,0
6163,160996,16.13509,-88.89827,2025-06-30,Toledo,4-year-old dog with NWS myiasis on the right hind leg. ,"Bovinos (43), Perros (85), Équidos (17), Caprinos (2), Ovinos (7), Suidos (26)",180,0
6163,160998,16.16752,-88.89417,2025-06-30,Toledo,2-year-old sheep with NWS myiasis on the right side of the neck.,"Bovinos (43), Perros (85), Équidos (17), Caprinos (2), Ovinos (7), Suidos (26)",180,0
6163,160999,16.16614,-88.89247,2025-06-30,Toledo,18-month-old canine with NWS myiasis on the right side of the rib area.,"Bovinos (43), Perros (85), Équidos (17), Caprinos (2), Ovinos (7), Suidos (26)",180,0
6163,160990,16.10322,-88.81214,2025-06-30,Toledo,1-year-old dog with NWS myiasis lesion on its back. ,"Bovinos (43), Perros (85), Équidos (17), Caprinos (2), Ovinos (7), Suidos (26)",180,0
6163,161068,16.1608,-89.09182,2025-07-04,Toledo,1-year-old pig with NWS myiasis on the neck. ,"Bovinos (43), Perros (85), Équidos (17), Caprinos (2), Ovinos (7), Suidos (26)",180,0
6163,161069,16.2784,-88.8897,2025-07-04,Toledo,2-year-old horse.,"Bovinos (43), Perros (85), Équidos (17), Caprinos (2), Ovinos (7), Suidos (26)",180,0
6163,161072,16.14439,-88.85855,2025-07-04,Toledo,4-year-old canine with NWS myiasis on the neck.,"Bovinos (43), Perros (85), Équidos (17), Caprinos (2), Ovinos (7), Suidos (26)",180,0
6163,161073,16.13355,-88.83036,2025-07-04,Toledo,1-week-old canine.,"Bovinos (43), Perros (85), Équidos (17), Caprinos (2), Ovinos (7), Suidos (26)",180,0
6163,161074,16.16682,-88.94267,2025-07-04,Toledo,6-week-old canine with NWS myiasis on the right hind limb.,"Bovinos (43), Perros (85), Équidos (17), Caprinos (2), Ovinos (7), Suidos (26)",180,0
6163,161075,16.26223,-89.09435,2025-07-04,Toledo,10-year-old horse with NWS myiasis in the right ear. ,"Bovinos (43), Perros (85), Équidos (17), Caprinos (2), Ovinos (7), Suidos (26)",180,0
6163,161076,16.26147,-89.0921,2025-07-04,Toledo,6-month-old pig with NWS myiasis in the rear left limb. ,"Bovinos (43), Perros (85), Équidos (17), Caprinos (2), Ovinos (7), Suidos (26)",180,0
6163,160968,16.15346,-88.81304,2025-06-19,Toledo,3-year-old canine with NWS myiasis in the tail.,"Bovinos (43), Perros (85), Équidos (17), Caprinos (2), Ovinos (7), Suidos (26)",180,0
6163,160970,16.21676,-88.92642,2025-06-19,Toledo,10-year-old canine with NWS myiasis lesion on the left tarsal area.,"Bovinos (43), Perros (85), Équidos (17), Caprinos (2), Ovinos (7), Suidos (26)",180,0
6163,160972,16.24795,-89.02464,2025-06-19,Toledo,3-year-old dog with NWS myiasis in the scrotal area. ,"Bovinos (43), Perros (85), Équidos (17), Caprinos (2), Ovinos (7), Suidos (26)",180,0
6163,160354,16.16861,-88.94113,2025-06-12,Toledo,13-year-old dog with NWS myiasis lesion on the ventral part of the tail. ,"Bovinos (43), Perros (85), Équidos (17), Caprinos (2), Ovinos (7), Suidos (26)",180,0
6163,160356,16.24435,-88.99308,2025-06-12,Toledo,7-year-old canine with NWS myiasis lesion on the back. ,"Bovinos (43), Perros (85), Équidos (17), Caprinos (2), Ovinos (7), Suidos (26)",180,0
6163,160357,16.16393,-89.02093,2025-06-12,Toledo,10 year old horse with NWS myiasis lesion in the vulva.,"Bovinos (43), Perros (85), Équidos (17), Caprinos (2), Ovinos (7), Suidos (26)",180,0
6163,160358,16.07924,-89.09837,2025-06-12,Toledo,1 month old pig with NWS myiasis lesion in the left eye. ,"Bovinos (43), Perros (85), Équidos (17), Caprinos (2), Ovinos (7), Suidos (26)",180,0
6163,160355,16.23629,-89.04347,2025-06-12,Toledo,"12-year-old and 11-year-old dogs with NWS myiasis lesions on the right paw and upper part of the tail, respectively. ","Bovinos (43), Perros (85), Équidos (17), Caprinos (2), Ovinos (7), Suidos (26)",180,0
6163,160359,16.05402,-89.12326,2025-06-12,Toledo,2-year-old pig with NWS myiasis lesions on both ears. ,"Bovinos (43), Perros (85), Équidos (17), Caprinos (2), Ovinos (7), Suidos (26)",180,0
6163,160360,16.12004,-88.79924,2025-06-12,Toledo,"2 canines affected a 3-year-old and a 4-month-old with NWS Lesions on the left and right shoulders, respectively. ","Bovinos (43), Perros (85), Équidos (17), Caprinos (2), Ovinos (7), Suidos (26)",180,0
6163,160361,16.07527,-89.10117,2025-06-12,Toledo,1 year old pig with NWS myiasis lesion in the vulva. ,"Bovinos (43), Perros (85), Équidos (17), Caprinos (2), Ovinos (7), Suidos (26)",180,0
6163,160964,16.60983,-88.58007,2025-06-19,Toledo,2-year-old heifer with NWS myiasis in the vulvar area. ,"Bovinos (43), Perros (85), Équidos (17), Caprinos (2), Ovinos (7), Suidos (26)",180,0
6163,160965,16.12665,-88.83996,2025-06-19,Toledo,Umbilical NWS  myiasis in a 1.5-month-old bovine calf.,"Bovinos (43), Perros (85), Équidos (17), Caprinos (2), Ovinos (7), Suidos (26)",180,0
6163,160966,16.1177,-88.80279,2025-06-19,Toledo,5-year-old dog with NWS myiasis in the right carpal area. ,"Bovinos (43), Perros (85), Équidos (17), Caprinos (2), Ovinos (7), Suidos (26)",180,0
6163,160973,16.10024,-88.81315,2025-06-19,Toledo,5-year-old dog with NWS myiasis lesion on the right hind leg. ,"Bovinos (43), Perros (85), Équidos (17), Caprinos (2), Ovinos (7), Suidos (26)",180,0
6163,160974,16.27485,-89.01683,2025-06-20,Toledo,4-year-old canine with NWS myiasis above the right eye. ,"Bovinos (43), Perros (85), Équidos (17), Caprinos (2), Ovinos (7), Suidos (26)",180,0
6163,160976,16.09847,-88.80716,2025-06-20,Toledo,1-year-old canine with NWS myiasis lesion on the back. ,"Bovinos (43), Perros (85), Équidos (17), Caprinos (2), Ovinos (7), Suidos (26)",180,0
6163,160979,16.21076,-89.13613,2025-06-20,Toledo,5-year-old horse with NWS myiasis lesion in the right ear. ,"Bovinos (43), Perros (85), Équidos (17), Caprinos (2), Ovinos (7), Suidos (26)",180,0
6163,160980,16.26796,-88.95778,2025-06-30,Toledo,3-year-old canine with NWS myiasis on the right side of the neck. ,"Bovinos (43), Perros (85), Équidos (17), Caprinos (2), Ovinos (7), Suidos (26)",180,0
6163,160981,16.23629,-89.04347,2025-06-30,Toledo,12-year-old canine with NWS myiasis in the right ear.,"Bovinos (43), Perros (85), Équidos (17), Caprinos (2), Ovinos (7), Suidos (26)",180,0
6163,160982,16.11772,-88.79998,2025-06-30,Toledo,4-year-old canine with NWS myiasis on the right front paw. ,"Bovinos (43), Perros (85), Équidos (17), Caprinos (2), Ovinos (7), Suidos (26)",180,0
6163,160983,16.0784,-89.09948,2025-06-30,Toledo,4-month-old pig with NWS myiasis lesion on the right side of the rib area. ,"Bovinos (43), Perros (85), Équidos (17), Caprinos (2), Ovinos (7), Suidos (26)",180,0
6163,160988,16.02444,-89.17783,2025-06-30,Toledo,1-year-old pig with NWS myiasis lesion on the right lateral rib area. ,"Bovinos (43), Perros (85), Équidos (17), Caprinos (2), Ovinos (7), Suidos (26)",180,0
6163,160353,16.13702,-88.83171,2025-06-06,Toledo,3 year old canine with NWS myiasis lesion on the left side of the neck. ,"Bovinos (43), Perros (85), Équidos (17), Caprinos (2), Ovinos (7), Suidos (26)",180,0
6163,160352,16.10773,-88.81451,2025-06-06,Toledo,1 year old dog with NWS myiasis lesion on the back. ,"Bovinos (43), Perros (85), Équidos (17), Caprinos (2), Ovinos (7), Suidos (26)",180,0
6163,160351,16.19528,-88.89381,2025-06-06,Toledo,4-month-old bovine calf with NWS myiasis lesion in the umbilicus. ,"Bovinos (43), Perros (85), Équidos (17), Caprinos (2), Ovinos (7), Suidos (26)",180,0
6163,160350,16.08206,-88.89148,2025-06-06,Toledo,5 year old bovine with NWS Myiasis lesion on the left side of the ,"Bovinos (43), Perros (85), Équidos (17), Caprinos (2), Ovinos (7), Suidos (26)",180,0
6163,160349,16.16794,-88.94153,2025-06-06,Toledo,1.5-year-old dog with NWS myiasis lesion on the right side of the rump. ,"Bovinos (43), Perros (85), Équidos (17), Caprinos (2), Ovinos (7), Suidos (26)",180,0
6163,160348,16.17619,-88.90008,2025-06-06,Toledo,"2.5-year-old and 4-year-old pigs with NWS myiasis lesions on the Inner left thigh and on the base of the left ear, respectively ","Bovinos (43), Perros (85), Équidos (17), Caprinos (2), Ovinos (7), Suidos (26)",180,0
6163,160347,16.21287,-89.13359,2025-06-06,Toledo,3 year old horse with NWS myiasis lesion on the left hind leg ,"Bovinos (43), Perros (85), Équidos (17), Caprinos (2), Ovinos (7), Suidos (26)",180,0
6163,160346,16.21014,-89.13567,2025-06-06,Toledo,3-year-old horse with NWS myiasis lesion on the back. ,"Bovinos (43), Perros (85), Équidos (17), Caprinos (2), Ovinos (7), Suidos (26)",180,0
6163,160345,16.10556,-88.82492,2025-06-02,Toledo,2 week old pig with NWS myiasis lesion on the tail.,"Bovinos (43), Perros (85), Équidos (17), Caprinos (2), Ovinos (7), Suidos (26)",180,0
6163,160344,16.10369,-88.81006,2025-06-02,Toledo,10 month old canine with NWS myiasis lesion on the testicles. ,"Bovinos (43), Perros (85), Équidos (17), Caprinos (2), Ovinos (7), Suidos (26)",180,0
6163,160343,16.10591,-88.81257,2025-06-02,Toledo,One-year-old dog with NWS myiasis on the right front paw. ,"Bovinos (43), Perros (85), Équidos (17), Caprinos (2), Ovinos (7), Suidos (26)",180,0
6163,160342,16.281,-89.02208,2025-06-02,Toledo,"Two (2) one-year-old sheep were affected with New World Screwworm (NWS) myiasis. The first had a lesion on the left ear, while the second had lesions on the right ear and left hind leg.
","Bovinos (43), Perros (85), Équidos (17), Caprinos (2), Ovinos (7), Suidos (26)",180,0
6163,160338,16.26452,-88.94492,2025-05-23,Toledo,8 year old dog with NWS myiasis lesion on left forelimb ,"Bovinos (43), Perros (85), Équidos (17), Caprinos (2), Ovinos (7), Suidos (26)",180,0
6163,160341,16.28403,-88.94981,2025-06-02,Toledo,6-year-old horse with NWS myiasis on the left ear. ,"Bovinos (43), Perros (85), Équidos (17), Caprinos (2), Ovinos (7), Suidos (26)",180,0
6163,160340,16.28329,-88.94158,2025-05-29,Toledo,10-month-old pig with NWS myiasis lesion in the vulva. ,"Bovinos (43), Perros (85), Équidos (17), Caprinos (2), Ovinos (7), Suidos (26)",180,0
6163,160339,15.97828,-89.09633,2025-05-29,Toledo,16-month-old bovine with NWS myiasis lesion on the inner right leg. ,"Bovinos (43), Perros (85), Équidos (17), Caprinos (2), Ovinos (7), Suidos (26)",180,0
6163,160337,16.02169,-89.18239,2025-05-23,Toledo,7-year-old canine with NWS myiasis lesion on the left hind leg. ,"Bovinos (43), Perros (85), Équidos (17), Caprinos (2), Ovinos (7), Suidos (26)",180,0
6163,160335,16.16371,-89.08653,2025-05-23,Toledo, 2-year-old dog with NWS myiasis lesion on its testicles. ,"Bovinos (43), Perros (85), Équidos (17), Caprinos (2), Ovinos (7), Suidos (26)",180,0
6163,160334,16.23153,-88.99201,2025-05-23,Toledo,8-year-old dog with NWS myiasis lesion on the back. ,"Bovinos (43), Perros (85), Équidos (17), Caprinos (2), Ovinos (7), Suidos (26)",180,0
6163,160333,16.20199,-89.14343,2025-05-23,Toledo,1-year-old pig with NWS myiasis lesion on the right side of the neck.,"Bovinos (43), Perros (85), Équidos (17), Caprinos (2), Ovinos (7), Suidos (26)",180,0
6163,160331,16.02362,-89.18213,2025-05-23,Toledo,5 year old canine with NWS myiasis lesion on the base of the right ear. ,"Bovinos (43), Perros (85), Équidos (17), Caprinos (2), Ovinos (7), Suidos (26)",180,0
6163,160330,16.16131,-89.09182,2025-05-23,Toledo,1-year-old canine with NWS myiasis lesion under the left leg. ,"Bovinos (43), Perros (85), Équidos (17), Caprinos (2), Ovinos (7), Suidos (26)",180,0
6163,160329,16.1619,-89.09171,2025-05-23,Toledo,11-month-old pig with NWS myiasis lesion behind the ear. ,"Bovinos (43), Perros (85), Équidos (17), Caprinos (2), Ovinos (7), Suidos (26)",180,0
6163,160328,15.98753,-89.10606,2025-05-23,Toledo,5-year-old dog with NWS myiasis lesion on the right front leg.,"Bovinos (43), Perros (85), Équidos (17), Caprinos (2), Ovinos (7), Suidos (26)",180,0
6163,160327,16.53876,-88.6357,2025-05-23,Toledo,2-year-old pig with NWS myiasis lesion on the ear. ,"Bovinos (43), Perros (85), Équidos (17), Caprinos (2), Ovinos (7), Suidos (26)",180,0
6163,156149,16.27451,-89.07946,2025-04-09,Toledo,"6-year-old dog with NWS myiasis lesion on the right hind phlanges.
The start date of this outbreak originally reported incorrectly  as 09/09/2001 was amended on 04/06/2025. ","Bovinos (43), Perros (85), Équidos (17), Caprinos (2), Ovinos (7), Suidos (26)",180,0
6163,158324,16.24221,-89.02581,2025-05-13,Toledo,4-year-old dog with NWS myiasis lesion on the left front paw.,"Bovinos (43), Perros (85), Équidos (17), Caprinos (2), Ovinos (7), Suidos (26)",180,0
6163,158323,16.27321,-88.95462,2025-05-13,Toledo,3 year old dog ,"Bovinos (43), Perros (85), Équidos (17), Caprinos (2), Ovinos (7), Suidos (26)",180,0
6163,158322,16.18336,-88.90417,2025-05-12,Toledo,13 year old dog with NWS lesion on the left side of the face. ,"Bovinos (43), Perros (85), Équidos (17), Caprinos (2), Ovinos (7), Suidos (26)",180,0
6163,158320,16.28403,-88.94981,2025-05-12,Toledo,4-year-old horse with NWS myiasis lesion on the left hind hoof. ,"Bovinos (43), Perros (85), Équidos (17), Caprinos (2), Ovinos (7), Suidos (26)",180,0
6163,158321,16.13494,-88.84242,2025-05-12,Toledo,11 year old canine with NWS myiasis lesion in the base of the tail.,"Bovinos (43), Perros (85), Équidos (17), Caprinos (2), Ovinos (7), Suidos (26)",180,0
6163,158319,16.2175,-88.92653,2025-05-12,Toledo,14-day-old bovine calf with NWS lesion in the umbilicus. ,"Bovinos (43), Perros (85), Équidos (17), Caprinos (2), Ovinos (7), Suidos (26)",180,0
6163,158318,16.13409,-89.05275,2025-05-12,Toledo,2-year-old dog with NWS myiasis lesion in the dorsal area. ,"Bovinos (43), Perros (85), Équidos (17), Caprinos (2), Ovinos (7), Suidos (26)",180,0
6163,158317,16.24522,-89.01953,2025-05-12,Toledo,4 year old dog with NWS myiasis in the left ear. ,"Bovinos (43), Perros (85), Équidos (17), Caprinos (2), Ovinos (7), Suidos (26)",180,0
6163,158316,16.13443,-89.04034,2025-04-29,Toledo,2-year-old pig with NWS myiasis on the sternal area. ,"Bovinos (43), Perros (85), Équidos (17), Caprinos (2), Ovinos (7), Suidos (26)",180,0
6163,158315,16.52944,-88.67972,2025-04-25,Toledo,2-week-old bovine calf with NWS umbilical myiasis.,"Bovinos (43), Perros (85), Équidos (17), Caprinos (2), Ovinos (7), Suidos (26)",180,0
6163,158314,16.28587,-88.91144,2025-04-25,Toledo,2 month old calf with NWS myiasis in the left ear. ,"Bovinos (43), Perros (85), Équidos (17), Caprinos (2), Ovinos (7), Suidos (26)",180,0
6163,158313,16.13501,-88.98077,2025-04-25,Toledo,3 week old bovine calf with NWS Umbilical myiasis ,"Bovinos (43), Perros (85), Équidos (17), Caprinos (2), Ovinos (7), Suidos (26)",180,0
6163,158312,16.04668,-89.00393,2025-04-25,Toledo,6-year-old bovine with NWS Myiasis on the left ear. ,"Bovinos (43), Perros (85), Équidos (17), Caprinos (2), Ovinos (7), Suidos (26)",180,0
6163,156151,16.12514,-88.80728,2025-04-14,Toledo,4-year-old dog with NWS myiasis lesion on the left front paw.,"Bovinos (43), Perros (85), Équidos (17), Caprinos (2), Ovinos (7), Suidos (26)",180,0
6163,156150,16.10056,-89.09647,2025-04-10,Toledo,2-year-old pig with NWS myiasis on the right shoulder. ,"Bovinos (43), Perros (85), Équidos (17), Caprinos (2), Ovinos (7), Suidos (26)",180,0
6163,155399,16.6508,-88.59071,2025-03-29,Toledo,,"Bovinos (43), Perros (85), Équidos (17), Caprinos (2), Ovinos (7), Suidos (26)",180,0
6163,155385,16.02646,-89.17563,2025-04-05,Toledo,,"Bovinos (43), Perros (85), Équidos (17), Caprinos (2), Ovinos (7), Suidos (26)",180,0
6163,155384,16.19086,-88.90958,2025-04-05,Toledo,10-year-old dog with NWS myiasis lesion on the left hind leg. ,"Bovinos (43), Perros (85), Équidos (17), Caprinos (2), Ovinos (7), Suidos (26)",180,0
6163,155383,16.02318,-89.17591,2025-04-04,Toledo, 2-year-old pig with NWS myiasis in the base of the left ear. ,"Bovinos (43), Perros (85), Équidos (17), Caprinos (2), Ovinos (7), Suidos (26)",180,0
6163,155382,16.2111,-89.1366,2025-03-24,Toledo,10-year-old horse with NWS myiasis lesion on the right ear. ,"Bovinos (43), Perros (85), Équidos (17), Caprinos (2), Ovinos (7), Suidos (26)",180,0
6163,155381,16.07534,-88.91152,2025-02-24,Toledo,3-month-old bovine calf with NWS infestation in the vulvar area. ,"Bovinos (43), Perros (85), Équidos (17), Caprinos (2), Ovinos (7), Suidos (26)",180,0
6163,155380,16.03051,-89.17209,2025-03-20,Toledo,1-week-old bovine calf with myiasis in the umbilicus. ,"Bovinos (43), Perros (85), Équidos (17), Caprinos (2), Ovinos (7), Suidos (26)",180,0
6163,155379,16.24521,-88.98719,2025-03-18,Toledo,Canine with NWS myiasis lesion on the right ear. ,"Bovinos (43), Perros (85), Équidos (17), Caprinos (2), Ovinos (7), Suidos (26)",180,0
6163,155378,16.13281,-89.04787,2025-03-18,Toledo,2-week-old bovine calf with umbilical myiasis. ,"Bovinos (43), Perros (85), Équidos (17), Caprinos (2), Ovinos (7), Suidos (26)",180,0
6163,153510,16.0393,-89.04081,2025-03-04,Toledo,12-month-old ovine with right nuchal myiasis. The wound was inflicted by a jaguar. ,"Bovinos (43), Perros (85), Équidos (17), Caprinos (2), Ovinos (7), Suidos (26)",180,0
6163,153509,16.08038,-88.89891,2025-03-04,Toledo,2-week-old bovine calf with umbilical myiasis. ,"Bovinos (43), Perros (85), Équidos (17), Caprinos (2), Ovinos (7), Suidos (26)",180,0
6163,153511,16.63958,-88.59938,2025-03-05,Toledo,9-day-old bovine calf with umbilical myiasis.,"Bovinos (43), Perros (85), Équidos (17), Caprinos (2), Ovinos (7), Suidos (26)",180,0
6163,153513,16.19375,-89.04692,2025-03-06,Toledo,4-year-old ovine with right aural myiasis. ,"Bovinos (43), Perros (85), Équidos (17), Caprinos (2), Ovinos (7), Suidos (26)",180,0
6163,153514,16.29349,-88.93622,2025-03-08,Toledo,9-year-old canine with NWS cutaneous myiasis on the lower loin. ,"Bovinos (43), Perros (85), Équidos (17), Caprinos (2), Ovinos (7), Suidos (26)",180,0
6163,153515,16.28587,-88.91146,2025-03-09,Toledo,2-week-old bovine calf with right ocular myiasis. ,"Bovinos (43), Perros (85), Équidos (17), Caprinos (2), Ovinos (7), Suidos (26)",180,0
6163,153512,16.05249,-89.12582,2025-03-06,Toledo,3-year-old porcine with right aural myiasis. ,"Bovinos (43), Perros (85), Équidos (17), Caprinos (2), Ovinos (7), Suidos (26)",180,0
6163,152796,16.63082,-88.60973,2025-02-27,Toledo,10-year-old equine with NWS Myiasis lesion on left forelimb. ,"Bovinos (43), Perros (85), Équidos (17), Caprinos (2), Ovinos (7), Suidos (26)",180,0
6163,152795,16.18959,-89.18796,2025-02-27,Toledo,"Canine with New World Screwworm (NWS) myiasis lesion on its right shoulder was intercepted at the Jalacte Movement Control Point while following its owner, who was horseback riding. The owner had treated the lesion by applying Ivermectin directly to the affected area.","Bovinos (43), Perros (85), Équidos (17), Caprinos (2), Ovinos (7), Suidos (26)",180,0
6163,152797,16.10861,-89.1962,2025-03-03,Toledo,2-week-old calf with NWS Myiasis lesion in the umbilicus. ,"Bovinos (43), Perros (85), Équidos (17), Caprinos (2), Ovinos (7), Suidos (26)",180,0
6163,147416,15.98895,-89.10387,2025-01-15,Toledo,4-month-old calf with myiasis on the rib area. ,"Bovinos (43), Perros (85), Équidos (17), Caprinos (2), Ovinos (7), Suidos (26)",180,0
6163,146557,16.00286,-89.09267,2024-12-27,Toledo,3-week and 9-month old bovine with NWS myiasis on right shoulder and upper cervical area respectively. ,"Bovinos (43), Perros (85), Équidos (17), Caprinos (2), Ovinos (7), Suidos (26)",180,0
6163,151965,15.98758,-89.10603,2025-02-13,Toledo,5-month old pig with NWS myiasis on left abdominal area. ,"Bovinos (43), Perros (85), Équidos (17), Caprinos (2), Ovinos (7), Suidos (26)",180,0
6163,148098,16.00697,-89.08947,2025-01-20,Toledo,5-week old calf with NWS myiasis on upper cervical area.  ,"Bovinos (43), Perros (85), Équidos (17), Caprinos (2), Ovinos (7), Suidos (26)",180,0
6163,151966,16.29484,-88.86894,2025-02-17,Toledo,4-day old calf with NWS Myiasis in the umbilicus.,"Bovinos (43), Perros (85), Équidos (17), Caprinos (2), Ovinos (7), Suidos (26)",180,0
6163,150110,15.94361,-89.19533,2025-02-04,Toledo,"2 week old calves, both with myiasis in the umbilicus ","Bovinos (43), Perros (85), Équidos (17), Caprinos (2), Ovinos (7), Suidos (26)",180,0
6163,150109,16.14139,-89.06097,2025-01-30,Toledo,3 weeks old calf with myiasis in the umbilicus. ,"Bovinos (43), Perros (85), Équidos (17), Caprinos (2), Ovinos (7), Suidos (26)",180,0
6163,148099,15.98895,-89.10387,2025-01-20,Toledo,Umbilical NWS myiasis in a 5-day-old calf. ,"Bovinos (43), Perros (85), Équidos (17), Caprinos (2), Ovinos (7), Suidos (26)",180,0
6163,147406,16.26775,-88.95768,2025-01-12,Toledo,Case involved an owned dog in a village household. Houses in village are mostly unfenced. Village is close to the river and forest as well as to the farm with a recent  positive case of New World Screwworm. Affected dog had myiasis on the right side of the neck. ,"Bovinos (43), Perros (85), Équidos (17), Caprinos (2), Ovinos (7), Suidos (26)",180,0
6163,146956,16.25566,-88.95798,2025-01-03,Toledo,"Herd inspection showed vampire bat bites in the herd and a 4-month-old calf with myiasis on its left ear, The entire herd was subsequently treated with cypermethrin and 1% Ivermectin. The Ministry of Agriculture has an active vampire bat control program.","Bovinos (43), Perros (85), Équidos (17), Caprinos (2), Ovinos (7), Suidos (26)",180,0
6423,162600,17.75561,-88.35092,2025-07-09,Belize,3-year-old pig with NWS myiasis lesion in the neck. ,"Bovinos (2), Perros (8), Équidos (2), Conejos (1), Suidos (3)",16,0
6423,162601,17.53672,-88.5709,2025-07-09,Belize,2-month-old pig with NWS myiasis on the neck ,"Bovinos (2), Perros (8), Équidos (2), Conejos (1), Suidos (3)",16,0
6423,162602,17.53488,-88.62536,2025-07-09,Orange Walk,5-year-old canine with NWS lesion in the chest. ,"Bovinos (2), Perros (8), Équidos (2), Conejos (1), Suidos (3)",16,0
6423,162638,17.51278,-88.22304,2025-07-21,Belize,Rabbit with NWS myiasis lesion on the right hind leg.  4-year-old dog with an open wound on the left side of the neck. ,"Bovinos (2), Perros (8), Équidos (2), Conejos (1), Suidos (3)",16,0
6423,162639,17.5512,-88.2928,2025-07-21,Belize,5-year-old dog with NWS lesion on the left hind leg. ,"Bovinos (2), Perros (8), Équidos (2), Conejos (1), Suidos (3)",16,0
6423,162640,17.56085,-88.51133,2025-07-24,Belize,5-week-old bovine calf with NWS lesion on the umbilicus. ,"Bovinos (2), Perros (8), Équidos (2), Conejos (1), Suidos (3)",16,0
6423,162641,17.6113,-88.36397,2025-07-30,Belize,Horse with NWS myiasis lesion on the left nostril. ,"Bovinos (2), Perros (8), Équidos (2), Conejos (1), Suidos (3)",16,0
6423,161060,17.49671,-88.21741,2025-06-16,Belize,3-year-old canine with NWS myiasis lesion in the inguinal area. ,"Bovinos (2), Perros (8), Équidos (2), Conejos (1), Suidos (3)",16,0
6423,161061,17.49671,-88.21741,2025-06-30,Belize,10-year-old canine with NWS myiasis lesion in the perineal area and caudal aspect of the left and right hind leg. ,"Bovinos (2), Perros (8), Équidos (2), Conejos (1), Suidos (3)",16,0
6423,161062,17.55901,-88.55924,2025-06-30,Belize,6 year old pig. ,"Bovinos (2), Perros (8), Équidos (2), Conejos (1), Suidos (3)",16,0
6423,161063,17.51767,-88.58808,2025-06-30,Belize,10-year-old dog. ,"Bovinos (2), Perros (8), Équidos (2), Conejos (1), Suidos (3)",16,0
6423,160383,17.76418,-88.31123,2025-05-29,Belize,1-year-old horse with NWS myiasis lesion on the hoof. ,"Bovinos (2), Perros (8), Équidos (2), Conejos (1), Suidos (3)",16,0
6423,155398,17.17505,-88.36451,2025-03-31,Belize,1-year-old dog with NWS myiasis infestation in the face. ,"Bovinos (2), Perros (8), Équidos (2), Conejos (1), Suidos (3)",16,0
6423,156705,17.58058,-88.53772,2025-04-16,Belize,10-year-old dog with NWS myiasis lesion on the nose.,"Bovinos (2), Perros (8), Équidos (2), Conejos (1), Suidos (3)",16,0
6423,155397,17.38192,-88.44304,2025-03-19,Belize,9 day old bovine calf with NWS myiasis in the umbilicus. ,"Bovinos (2), Perros (8), Équidos (2), Conejos (1), Suidos (3)",16,0
7328,183788,20.817122,-98.492632,2026-02-26,Tianguistengo,Se trata de un bovino de 3 días de edad con miasis en ombligo. ,"Bovinos (31), Perros (1), Équidos (1), Suidos (2)",35,0
7328,183797,20.602627,-98.081623,2026-02-26,Huehuetla,Se trata de un bovino de 8 días con miasis en ombligo.,"Bovinos (31), Perros (1), Équidos (1), Suidos (2)",35,0
7328,183798,21.033852,-98.156648,2026-02-22,Huautla,Se trata de un bovino de 8 días de edad con miasis en ombligo.,"Bovinos (31), Perros (1), Équidos (1), Suidos (2)",35,0
7328,183793,20.898024,-98.5877,2026-02-27,Calnali,Se trata de un bovino de 8 días de edad con miasis en ombligo.,"Bovinos (31), Perros (1), Équidos (1), Suidos (2)",35,0
7328,183792,20.77405,-98.49773,2026-02-27,Tianguistengo,Se trata de un bovino de 13 meses con miasis en la región cervical.,"Bovinos (31), Perros (1), Équidos (1), Suidos (2)",35,0
7328,183796,20.83461,-98.75213,2026-02-28,Molango de Escamilla,Se trata de un bovino de 20 días de edad con miasis en ombligo.,"Bovinos (31), Perros (1), Équidos (1), Suidos (2)",35,0
7328,183638,20.84294,-98.44739,2026-02-20,Tianguistengo,"Se trata de un bovino de 1 mes con miasis en ombligo.

Nota 18/03/2026: En este brote se borró el número de animales muertos después de que el país facilitara información adicional.","Bovinos (31), Perros (1), Équidos (1), Suidos (2)",35,0
7328,182623,20.448297,-98.086318,2026-02-14,Huehuetla,Se trata de un bovino de 3 años de edad con miasis en vulva.,"Bovinos (31), Perros (1), Équidos (1), Suidos (2)",35,0
7328,183643,20.73519,-98.66353,2026-02-23,Tianguistengo,Se trata de un bovino de 10 días de edad con miasis en ombligo.,"Bovinos (31), Perros (1), Équidos (1), Suidos (2)",35,0
7328,183646,20.974641,-99.000924,2026-02-24,Tlahuiltepa,Se trata de un bovino de 4 días con miasis en ombligo.,"Bovinos (31), Perros (1), Équidos (1), Suidos (2)",35,0
7328,183640,20.89998,-98.72649,2026-02-21,Lolotla,"Se trata de un bovino de 3 años con miasis en vulva.

Nota 18/03/2026: En este brote se borró el número de animales muertos después de que el país facilitara información adicional.","Bovinos (31), Perros (1), Équidos (1), Suidos (2)",35,0
7328,186200,21.021845,-98.984294,2026-02-26,La Misión,Canino de 8 años de edad con miasis.,"Bovinos (31), Perros (1), Équidos (1), Suidos (2)",35,0
7328,183789,20.88286,-98.70229,2026-02-27,Lolotla,Se trata de un bovino de 5 años de edad con miasis en fosa lagrimal.,"Bovinos (31), Perros (1), Équidos (1), Suidos (2)",35,0
7328,183639,20.472938,-98.270097,2026-02-20,San Bartolo Tutotepec,Se trata de un bovino de 15 días de edad con miasis en ombligo.,"Bovinos (31), Perros (1), Équidos (1), Suidos (2)",35,0
7328,183637,21.069827,-98.254065,2026-02-19,Huautla,Se trata de un bovino de 9 días con miasis en ombligo.,"Bovinos (31), Perros (1), Équidos (1), Suidos (2)",35,0
7328,183636,20.812616,-98.650226,2026-02-18,Xochicoatlán,Se trata de un bovino de 4 años con miasis en mandíbula.,"Bovinos (31), Perros (1), Équidos (1), Suidos (2)",35,0
7328,183635,20.841404,-98.455558,2026-02-15,Tianguistengo,Se trata de un bovino de 7 meses con miasis en la región cervical.,"Bovinos (31), Perros (1), Équidos (1), Suidos (2)",35,0
7328,183795,20.93615,-98.81796,2026-02-28,Molango de Escamilla,Se trata de un bovino de 2 años edad con miasis en pezuña.,"Bovinos (31), Perros (1), Équidos (1), Suidos (2)",35,0
7328,183791,20.80688,-98.46644,2026-02-26,Tianguistengo,"Se trata de un bovino de 8 días de edad con miasis en ombligo.
Nota 18/03/2026: En este brote se borró el número de animales muertos después de que el país facilitara información adicional.","Bovinos (31), Perros (1), Équidos (1), Suidos (2)",35,0
7328,183794,20.897788,-98.588016,2026-02-27,Calnali,Bovino con miasis en ombligo.,"Bovinos (31), Perros (1), Équidos (1), Suidos (2)",35,0
7328,183801,21.084419,-98.597665,2026-02-27,Huejutla de Reyes,Se trata de un bovino de 2 semanas con miasis en ombligo.,"Bovinos (31), Perros (1), Équidos (1), Suidos (2)",35,0
7328,183790,20.65424,-98.633,2026-02-27,Zacualtipán de Ángeles,Se trata de un equino de 6 años de edad con miasis en región cervical.,"Bovinos (31), Perros (1), Équidos (1), Suidos (2)",35,0
7328,183800,21.10627,-98.27055,2026-02-25,Huautla,Se trata de un bovino de 7 días de edad con miasis en ombligo.,"Bovinos (31), Perros (1), Équidos (1), Suidos (2)",35,0
7328,183799,21.013628,-98.322252,2026-02-23,Atlapexco,Se trata de un bovino de una semana de edad con miasis en ombligo.,"Bovinos (31), Perros (1), Équidos (1), Suidos (2)",35,0
7328,183787,20.90168,-98.70291,2026-02-26,Lolotla,Se trata de un bovino de 2 años con miasis en región cervical.,"Bovinos (31), Perros (1), Équidos (1), Suidos (2)",35,0
7328,183786,20.51836,-98.081888,2026-02-25,San Bartolo Tutotepec,Se trata de un cerdo de 30 meses de edad con miasis en tórax.,"Bovinos (31), Perros (1), Équidos (1), Suidos (2)",35,0
7328,183785,20.50667,-98.04835,2026-02-25,San Bartolo Tutotepec,Se trata de un bovino de 5 años con miasis en cuerno.,"Bovinos (31), Perros (1), Équidos (1), Suidos (2)",35,0
7328,183647,20.508021,-98.048104,2026-02-25,San Bartolo Tutotepec,Se trata de un bovino de 2 años con miasis en cuerno.,"Bovinos (31), Perros (1), Équidos (1), Suidos (2)",35,0
7328,183645,21.185,-98.93078,2026-02-24,Chapulhuacán,Se trata de un bovino de 4 años de edad con miasis en pezuña.,"Bovinos (31), Perros (1), Équidos (1), Suidos (2)",35,0
7328,183644,20.400617,-98.195945,2026-02-23,San Bartolo Tutotepec,Bovino con miasis en ombligo.,"Bovinos (31), Perros (1), Équidos (1), Suidos (2)",35,0
7328,183642,21.02246,-98.98349,2026-02-22,La Misión,Se trata de un bovino de 8 meses de edad con miasis en oreja.,"Bovinos (31), Perros (1), Équidos (1), Suidos (2)",35,0
7328,183641,20.566419,-98.042525,2026-02-22,Huehuetla,Se trata de un bovino de 8 años con miasis en región ocular.,"Bovinos (31), Perros (1), Équidos (1), Suidos (2)",35,0
7328,186202,21.135823,-99.047672,2026-02-28,La Misión,Bovino de 3 días de edad con miasis en ombligo.,"Bovinos (31), Perros (1), Équidos (1), Suidos (2)",35,0
7328,186201,21.069256,-99.133915,2026-02-26,Jacala de Ledezma,Cerdo de 1 año de edad con miasis región testicular.,"Bovinos (31), Perros (1), Équidos (1), Suidos (2)",35,0
7328,186199,21.030919,-98.98841,2026-02-24,La Misión,Se trata de un bovino de 4 días de edad con miasis en ombligo.,"Bovinos (31), Perros (1), Équidos (1), Suidos (2)",35,0
7713,193793,28.20239,-105.51248,2026-07-22,Rosales,Canino de 13 años de edad con miasis en miembro anterior.,"Bovinos (9), Perros (1)",10,0
7713,193794,26.700146,-105.019487,2026-07-23,López,Bovino de 1 mes de edad con miasis en ombligo.,"Bovinos (9), Perros (1)",10,0
7713,193795,26.888429,-105.780308,2026-07-23,Santa Bárbara,Bovino de 4 días de edad con miasis en ombligo.,"Bovinos (9), Perros (1)",10,0
7713,193796,26.91655,-106.03896,2026-07-23,Huejotitán,Bovino de 8 años de edad con miasis en región mandibular.,"Bovinos (9), Perros (1)",10,0
7713,193797,27.01222,-105.43083,2026-07-23,Allende,Ombligo de 5 días de edad con miasis en ombligo.,"Bovinos (9), Perros (1)",10,0
7713,193798,27.92505,-104.925912,2026-07-23,La Cruz,Bovino de 5 días de edad con miasis en ombligo.,"Bovinos (9), Perros (1)",10,0
7713,193792,26.798001,-105.15221,2026-07-21,Coronado,Bovino de 4 días de edad con miasis en ombligo.,"Bovinos (9), Perros (1)",10,0
7713,193791,27.144368,-104.90587,2026-07-21,Jiménez,Bovino de 176 meses con miasis en anca.,"Bovinos (9), Perros (1)",10,0
7713,193790,26.968902,-105.891867,2026-07-18,San Francisco del Oro,Bovino de 3 años con miasis en prepucio.,"Bovinos (9), Perros (1)",10,0
7713,192829,27.08341,-105.93242,2026-07-13,Hidalgo del Parral,Bovino de 8 días de edad con miasis en ombligo.,"Bovinos (9), Perros (1)",10,0
7329,183802,21.378325,-99.852369,2026-03-07,Xichú,Se trata de un bovino de 10 días de edad con miasis en ombligo.,"Bovinos (6), Perros (1), Équidos (1), Caprinos (1), Ovinos (1)",10,0
7329,182625,20.570115,-100.634508,2026-02-28,Apaseo el Grande,Se trata de un caprino de 4 años de edad con miasis en glándula mamaria.,"Bovinos (6), Perros (1), Équidos (1), Caprinos (1), Ovinos (1)",10,0
7329,186596,21.391791,-99.981701,2026-03-27,Xichú,Bovino de 9 días de edad con miasis en ombligo.,"Bovinos (6), Perros (1), Équidos (1), Caprinos (1), Ovinos (1)",10,0
7329,186205,21.427721,-99.823711,2026-03-27,Xichú,Bovino de 4 años de edad con miasis en región cervical.,"Bovinos (6), Perros (1), Équidos (1), Caprinos (1), Ovinos (1)",10,0
7329,185149,21.660643,-100.9444,2026-03-20,San Felipe,Bovino de 8 días de edad con miasis en ombligo.,"Bovinos (6), Perros (1), Équidos (1), Caprinos (1), Ovinos (1)",10,0
7329,185148,21.382913,-99.822955,2026-03-17,Xichú,Bovino de 10 días de edad con miasis en ombligo.,"Bovinos (6), Perros (1), Équidos (1), Caprinos (1), Ovinos (1)",10,0
7329,185150,21.097262,-100.552607,2026-03-19,San Luis de la Paz,Ovino de 2 años de edad con miasis en vulva.,"Bovinos (6), Perros (1), Équidos (1), Caprinos (1), Ovinos (1)",10,0
7329,185151,21.441297,-100.459032,2026-03-19,San Luis de la Paz,Equino de 4 años de edad con miasis en miembro anterior.,"Bovinos (6), Perros (1), Équidos (1), Caprinos (1), Ovinos (1)",10,0
7329,185146,21.291013,-100.07649,2026-03-15,Xichú,Canino de 16 años con miasis en miembro posterior.,"Bovinos (6), Perros (1), Équidos (1), Caprinos (1), Ovinos (1)",10,0
7329,185147,21.428123,-100.067669,2026-03-15,Xichú,Bovino de 3 meses de edad con miasis en pezuña.,"Bovinos (6), Perros (1), Équidos (1), Caprinos (1), Ovinos (1)",10,0
3109,69426,-1.266572,-79.392677,2019-12-18,Quinsaloma,"Explotación ganadera bovina con características extensivas de producción mixta, clima caracterizado trópico - húmedo.",Bovinos (1),1,0
7208,178008,19.273567,-101.297852,2025-12-17,Madero,Bovino hembra de 5 años con miasis en cuerno.,Bovinos (1),1,0
7721,195107,25.204694,-107.555632,2026-07-30,Mocorito,Bovino de 8 días de edad con miasis en ombligo.,"Bovinos (8), Perros (1), Ovinos (1)",10,0
7721,195106,25.383233,-107.567211,2026-07-28,Badiraguato,Bovino de 3 años de edad con miasis en base de la oreja.,"Bovinos (8), Perros (1), Ovinos (1)",10,0
7721,195105,24.15297,-107.005455,2026-07-29,Elota,Ovino de 4 días de edad con miasis en ombligo.,"Bovinos (8), Perros (1), Ovinos (1)",10,0
7721,195104,23.853361,-106.77958,2026-07-29,Elota,"Bovino de 4 años de edad con miasis en base de los cuernos.
","Bovinos (8), Perros (1), Ovinos (1)",10,0
7721,195103,24.214922,-106.912038,2026-07-29,Elota,Bovino con miasis en base de los cuernos.,"Bovinos (8), Perros (1), Ovinos (1)",10,0
7721,195102,23.149058,-105.922938,2026-07-28,Concordia,Canino de 10 meses de edad con miasis en miembro posterior.,"Bovinos (8), Perros (1), Ovinos (1)",10,0
7721,195101,23.16729,-106.18232,2026-07-23,Mazatlán,Bovino de 13 días de edad con miasis en ombligo.,"Bovinos (8), Perros (1), Ovinos (1)",10,0
7721,193789,22.721178,-105.582,2026-07-22,Escuinapa,Bovino de 2 meses de edad con miasis en región cervical.,"Bovinos (8), Perros (1), Ovinos (1)",10,0
7721,193788,23.071496,-105.84036,2026-07-22,Rosario,Bovino de 1 año de edad con miasis en región frontal.,"Bovinos (8), Perros (1), Ovinos (1)",10,0
7721,192946,22.84755,-106.01955,2026-07-20,Rosario,Bovino de 40 días de edad con miasis en ombligo.,"Bovinos (8), Perros (1), Ovinos (1)",10,0
7210,178013,22.219244,-98.377602,2025-12-27,Ebano,Canino macho de 8 años de edad con miasis en cuello.,Perros (1),1,0
7595,191669,21.91985,-101.93775,2026-06-08,El Llano,Canino de 10 años con miasis en región costal.,"Bovinos (5), Perros (3), Équidos (2)",10,0
7595,191668,22.17226,-102.31883,2026-06-07,Rincón de Romos,Bovino de 2 años con miasis en vulva.,"Bovinos (5), Perros (3), Équidos (2)",10,0
7595,190932,21.9013,-101.93775,2026-06-06,El Llano,,"Bovinos (5), Perros (3), Équidos (2)",10,0
7595,190931,21.87147,-102.30638,2026-06-05,Aguascalientes,Canino de 3 años de edad con miasis en miembro posterior.,"Bovinos (5), Perros (3), Équidos (2)",10,0
7595,190623,22.14876,-102.40775,2026-05-25,San José de Gracia,Equino de 12 años de edad con miasis en miembro posterior.,"Bovinos (5), Perros (3), Équidos (2)",10,0
7595,190624,22.04707,-102.33398,2026-05-25,Jesús María,Canino de 2 años de edad con miasis en región occipital.,"Bovinos (5), Perros (3), Équidos (2)",10,0
7595,190626,21.96801,-101.98539,2026-05-28,El Llano,Equino de 4 años de edad con miasis en miembro posterior.,"Bovinos (5), Perros (3), Équidos (2)",10,0
7595,190625,22.063917,-102.275177,2026-05-27,San Francisco de los Romo,Bovino de 6 años de edad con miasis en región ocular.,"Bovinos (5), Perros (3), Équidos (2)",10,0
7595,190627,22.16687,-102.29787,2026-05-27,Rincón de Romos,Bovino de 3 años de edad con miasis en región ocular.,"Bovinos (5), Perros (3), Équidos (2)",10,0
7595,190322,22.16499,-102.30519,2026-05-18,Rincón de Romos,Bovino de cuatro años de edad con miasis en vulva.,"Bovinos (5), Perros (3), Équidos (2)",10,0
7209,178010,18.608473,-100.139697,2025-12-29,Tlatlaya,Caprino hembra de 12 meses de edad con miasis en masetero.,Caprinos (1),1,0
6059,158053,15.1321,-92.34451,2025-05-05,Tapachula,"Bovino de 3 días de edad con miasis en miembro anterior.


Nota del 21/07/2025: los datos cuantitativos del brote han sido modificados tras recibir información adicional del país.
","Aves (1), Gatos (1), Bovinos (1114), Perros (73), Équidos (59), Caprinos (1), Ovinos (25), Ovinos y caprinos (Rebaño mixto) (1), Suidos (50)",1325,0
6059,158057,17.688,-92.1983,2025-04-12,Palenque,"Bovino de 9 meses de edad con miasis en cuerno.

Nota del 21/07/2025: los datos cuantitativos del brote han sido modificados tras recibir información adicional del país.","Aves (1), Gatos (1), Bovinos (1114), Perros (73), Équidos (59), Caprinos (1), Ovinos (25), Ovinos y caprinos (Rebaño mixto) (1), Suidos (50)",1325,0
6059,156156,15.66736,-93.12321,2025-04-14,Pijijiapan,"Un bovino de 10 días y otro de 7 años de edad con miasis en región umbilical y región de la ubre respectivamente.

Nota del 21/07/2025: los datos cuantitativos del brote han sido modificados tras recibir información adicional del país.","Aves (1), Gatos (1), Bovinos (1114), Perros (73), Équidos (59), Caprinos (1), Ovinos (25), Ovinos y caprinos (Rebaño mixto) (1), Suidos (50)",1325,0
6059,158930,16.51096,-90.647193,2025-05-16,Ocosingo,"Bovino de 2 años	de edad con miasis en miembro posterior derecho.

Nota del 21/07/2025: los datos cuantitativos del brote han sido modificados tras recibir información adicional del país.
","Aves (1), Gatos (1), Bovinos (1114), Perros (73), Équidos (59), Caprinos (1), Ovinos (25), Ovinos y caprinos (Rebaño mixto) (1), Suidos (50)",1325,0
6059,152811,15.398618,-92.816987,2025-03-03,Mapastepec,"Bovino macho de 5 años de edad, con miasis en región vulvar. Las larvas se colectaron para el diagnóstico, resultando positivas a C. hominivorax por identificación taxonómica.

Nota del 21/07/2025: los datos cuantitativos del brote han sido modificados tras recibir información adicional del país.","Aves (1), Gatos (1), Bovinos (1114), Perros (73), Équidos (59), Caprinos (1), Ovinos (25), Ovinos y caprinos (Rebaño mixto) (1), Suidos (50)",1325,0
6059,158726,15.35846,-92.575523,2025-05-13,Escuintla,"Bovino de 6 años de edad con miasis en región vulvar.


Nota del 21/07/2025: los datos cuantitativos del brote han sido modificados tras recibir información adicional del país.
","Aves (1), Gatos (1), Bovinos (1114), Perros (73), Équidos (59), Caprinos (1), Ovinos (25), Ovinos y caprinos (Rebaño mixto) (1), Suidos (50)",1325,0
6059,161304,16.19266,-91.355999,2025-05-16,Las Margaritas,"Bovino de 1 año 2 meses de edad con miasis en miembro anterior derecho.
","Aves (1), Gatos (1), Bovinos (1114), Perros (73), Équidos (59), Caprinos (1), Ovinos (25), Ovinos y caprinos (Rebaño mixto) (1), Suidos (50)",1325,0
6059,161305,16.19006,-91.511196,2025-05-17,La Independencia,"Bovino de 1 mes de edad con miasis en	región umbilical.
","Aves (1), Gatos (1), Bovinos (1114), Perros (73), Équidos (59), Caprinos (1), Ovinos (25), Ovinos y caprinos (Rebaño mixto) (1), Suidos (50)",1325,0
6059,161306,16.23329,-91.316957,2025-05-17,Las Margaritas,"Bovino de 3 días de edad con miasis en	región umbilical.
","Aves (1), Gatos (1), Bovinos (1114), Perros (73), Équidos (59), Caprinos (1), Ovinos (25), Ovinos y caprinos (Rebaño mixto) (1), Suidos (50)",1325,0
6059,161307,16.09118,-91.254039,2025-05-17,Las Margaritas,"Bovino de 7 días de edad con miasis en	región umbilical.
","Aves (1), Gatos (1), Bovinos (1114), Perros (73), Équidos (59), Caprinos (1), Ovinos (25), Ovinos y caprinos (Rebaño mixto) (1), Suidos (50)",1325,0
6059,161303,16.08093,-91.184448,2025-05-18,Las Margaritas,"Bovino de 2 años de edad con miasis en miembro anterior derecho.
","Aves (1), Gatos (1), Bovinos (1114), Perros (73), Équidos (59), Caprinos (1), Ovinos (25), Ovinos y caprinos (Rebaño mixto) (1), Suidos (50)",1325,0
6059,160470,17.287283,-92.157351,2025-05-06,Tumbalá,Bovino de 7 meses de edad con miasis en región glútea.	,"Aves (1), Gatos (1), Bovinos (1114), Perros (73), Équidos (59), Caprinos (1), Ovinos (25), Ovinos y caprinos (Rebaño mixto) (1), Suidos (50)",1325,0
6059,160737,16.84839,-91.27948,2025-04-22,Ocosingo,"Bovino de 5 años de edad con miasis en región vulvar.
","Aves (1), Gatos (1), Bovinos (1114), Perros (73), Équidos (59), Caprinos (1), Ovinos (25), Ovinos y caprinos (Rebaño mixto) (1), Suidos (50)",1325,0
6059,160736,14.6444,-92.2477,2025-04-22,Suchiate,"Canino de 9 años de edad con miasis en miembro anterior izquierdo.
","Aves (1), Gatos (1), Bovinos (1114), Perros (73), Équidos (59), Caprinos (1), Ovinos (25), Ovinos y caprinos (Rebaño mixto) (1), Suidos (50)",1325,0
6059,160735,14.7467,-92.3006,2025-05-10,Tapachula,"Bovino de 6 días de edad con miasis en	región umbilical.
","Aves (1), Gatos (1), Bovinos (1114), Perros (73), Équidos (59), Caprinos (1), Ovinos (25), Ovinos y caprinos (Rebaño mixto) (1), Suidos (50)",1325,0
6059,160482,16.012613,-93.704374,2025-05-22,Tonalá,Bovino de 10 dias de edad con miasis en región umbilical.	,"Aves (1), Gatos (1), Bovinos (1114), Perros (73), Équidos (59), Caprinos (1), Ovinos (25), Ovinos y caprinos (Rebaño mixto) (1), Suidos (50)",1325,0
6059,160450,15.878164,-93.685131,2025-05-22,Tonalá,"Bovino de 5 meses de edad con miasis en escápula izquierda y cuello.
","Aves (1), Gatos (1), Bovinos (1114), Perros (73), Équidos (59), Caprinos (1), Ovinos (25), Ovinos y caprinos (Rebaño mixto) (1), Suidos (50)",1325,0
6059,160462,17.437055,-92.178767,2025-05-22,Salto de Agua,"Equino de 7 meses de edad de edad con miasis en hombro.
","Aves (1), Gatos (1), Bovinos (1114), Perros (73), Équidos (59), Caprinos (1), Ovinos (25), Ovinos y caprinos (Rebaño mixto) (1), Suidos (50)",1325,0
6059,160451,16.170089,-93.86483,2025-05-23,Tonalá,"Bovino de 8 días de edad con miasis en región umbilical.
","Aves (1), Gatos (1), Bovinos (1114), Perros (73), Équidos (59), Caprinos (1), Ovinos (25), Ovinos y caprinos (Rebaño mixto) (1), Suidos (50)",1325,0
6059,160452,16.134102,-93.886449,2025-05-23,Tonalá,"Bovino de 15 días de edad con miasis en región umbilical.
","Aves (1), Gatos (1), Bovinos (1114), Perros (73), Équidos (59), Caprinos (1), Ovinos (25), Ovinos y caprinos (Rebaño mixto) (1), Suidos (50)",1325,0
6059,160454,17.368477,-92.048797,2025-05-23,Salto de Agua,"Bovino de 8 días de edad con miasis en	región umbilical.
","Aves (1), Gatos (1), Bovinos (1114), Perros (73), Équidos (59), Caprinos (1), Ovinos (25), Ovinos y caprinos (Rebaño mixto) (1), Suidos (50)",1325,0
6059,160492,16.20331,-91.322762,2025-05-23,Las Margaritas,Bovino de 4 años de edad con miasis en cuernos.	,"Aves (1), Gatos (1), Bovinos (1114), Perros (73), Équidos (59), Caprinos (1), Ovinos (25), Ovinos y caprinos (Rebaño mixto) (1), Suidos (50)",1325,0
6059,160490,16.298582,-91.194561,2025-05-29,Ocosingo,,"Aves (1), Gatos (1), Bovinos (1114), Perros (73), Équidos (59), Caprinos (1), Ovinos (25), Ovinos y caprinos (Rebaño mixto) (1), Suidos (50)",1325,0
6059,160479,17.521546,-92.418669,2025-05-28,Salto de Agua,Bovino de 15 dias de edad con miasis en región umbilical.	,"Aves (1), Gatos (1), Bovinos (1114), Perros (73), Équidos (59), Caprinos (1), Ovinos (25), Ovinos y caprinos (Rebaño mixto) (1), Suidos (50)",1325,0
6059,160487,16.251506,-91.217207,2025-05-28,Las Margaritas,Bovino de 7 dias de edad con miasis en región umbilical.	,"Aves (1), Gatos (1), Bovinos (1114), Perros (73), Équidos (59), Caprinos (1), Ovinos (25), Ovinos y caprinos (Rebaño mixto) (1), Suidos (50)",1325,0
6059,160459,17.316126,-92.16441,2025-05-28,Tumbalá,"Bovino de 6 meses de edad con miasis en hombro.
","Aves (1), Gatos (1), Bovinos (1114), Perros (73), Équidos (59), Caprinos (1), Ovinos (25), Ovinos y caprinos (Rebaño mixto) (1), Suidos (50)",1325,0
6059,160493,16.220314,-91.421141,2025-05-28,Las Margaritas,"Bovino de 18 meses de edad con miasis en miembro anterior izquierdo.
.	","Aves (1), Gatos (1), Bovinos (1114), Perros (73), Équidos (59), Caprinos (1), Ovinos (25), Ovinos y caprinos (Rebaño mixto) (1), Suidos (50)",1325,0
6059,160460,17.421954,-92.191043,2025-05-27,Salto de Agua,"Bovino de 10 días de edad con miasis en región umbilical.
","Aves (1), Gatos (1), Bovinos (1114), Perros (73), Équidos (59), Caprinos (1), Ovinos (25), Ovinos y caprinos (Rebaño mixto) (1), Suidos (50)",1325,0
6059,160494,16.093198,-91.247289,2025-05-26,Las Margaritas,Bovino de 16 meses de edad con miasis en miembro anterior derecho.	,"Aves (1), Gatos (1), Bovinos (1114), Perros (73), Équidos (59), Caprinos (1), Ovinos (25), Ovinos y caprinos (Rebaño mixto) (1), Suidos (50)",1325,0
6059,160453,17.429364,-92.20724,2025-05-24,Salto de Agua,"Bovino de 7 días de edad con miasis en	región umbilical.
","Aves (1), Gatos (1), Bovinos (1114), Perros (73), Équidos (59), Caprinos (1), Ovinos (25), Ovinos y caprinos (Rebaño mixto) (1), Suidos (50)",1325,0
6059,160461,17.423865,-92.198873,2025-05-24,Salto de Agua,"Bovino de 12 días de edad con miasis en región umbilical.
","Aves (1), Gatos (1), Bovinos (1114), Perros (73), Équidos (59), Caprinos (1), Ovinos (25), Ovinos y caprinos (Rebaño mixto) (1), Suidos (50)",1325,0
6059,160491,16.091303,-91.247046,2025-05-24,Las Margaritas,"Bovino de 8 meses de edad con miasis en miembro anterior derecho
","Aves (1), Gatos (1), Bovinos (1114), Perros (73), Équidos (59), Caprinos (1), Ovinos (25), Ovinos y caprinos (Rebaño mixto) (1), Suidos (50)",1325,0
6059,160448,15.947674,-93.803538,2025-05-21,Tonalá,"Bovino de 8 días de edad con miasis en región umbilical.
","Aves (1), Gatos (1), Bovinos (1114), Perros (73), Équidos (59), Caprinos (1), Ovinos (25), Ovinos y caprinos (Rebaño mixto) (1), Suidos (50)",1325,0
6059,160449,16.113622,-93.821612,2025-05-21,Tonalá,"Equino de 10 años de edad con miasis en ojo izquierdo.
","Aves (1), Gatos (1), Bovinos (1114), Perros (73), Équidos (59), Caprinos (1), Ovinos (25), Ovinos y caprinos (Rebaño mixto) (1), Suidos (50)",1325,0
6059,160495,16.076246,-91.192233,2025-05-21,Las Margaritas,Bovino de 2 meses de edad con miasis en región vulvar.	,"Aves (1), Gatos (1), Bovinos (1114), Perros (73), Équidos (59), Caprinos (1), Ovinos (25), Ovinos y caprinos (Rebaño mixto) (1), Suidos (50)",1325,0
6059,160463,17.332821,-92.229226,2025-05-21,Tumbalá,"Bovino de 11 días de edad con miasis en región umbilical.
","Aves (1), Gatos (1), Bovinos (1114), Perros (73), Équidos (59), Caprinos (1), Ovinos (25), Ovinos y caprinos (Rebaño mixto) (1), Suidos (50)",1325,0
6059,160464,17.424823,-92.200641,2025-05-20,Salto de Agua,Bovino de 8 dias de edad con miasis en región umbilical.	,"Aves (1), Gatos (1), Bovinos (1114), Perros (73), Équidos (59), Caprinos (1), Ovinos (25), Ovinos y caprinos (Rebaño mixto) (1), Suidos (50)",1325,0
6059,160488,16.207557,-91.313306,2025-05-20,Las Margaritas,Bovino de 4 años de edad con miasis en lesión por trauma.	,"Aves (1), Gatos (1), Bovinos (1114), Perros (73), Équidos (59), Caprinos (1), Ovinos (25), Ovinos y caprinos (Rebaño mixto) (1), Suidos (50)",1325,0
6059,160489,16.195125,-91.358956,2025-05-20,Las Margaritas,Bovino de 7 dias de edad con miasis en región umbilical.	,"Aves (1), Gatos (1), Bovinos (1114), Perros (73), Équidos (59), Caprinos (1), Ovinos (25), Ovinos y caprinos (Rebaño mixto) (1), Suidos (50)",1325,0
6059,160496,16.202511,-91.311743,2025-05-20,Las Margaritas,"Suino de 1 año de edad con miasis en miembro posterior derecho.
.","Aves (1), Gatos (1), Bovinos (1114), Perros (73), Équidos (59), Caprinos (1), Ovinos (25), Ovinos y caprinos (Rebaño mixto) (1), Suidos (50)",1325,0
6059,160466,17.320526,-92.158615,2025-05-16,Tumbalá,Bovino de 10 dias de edad con miasis en región umbilical.	,"Aves (1), Gatos (1), Bovinos (1114), Perros (73), Équidos (59), Caprinos (1), Ovinos (25), Ovinos y caprinos (Rebaño mixto) (1), Suidos (50)",1325,0
6059,160455,17.264643,-92.964716,2025-05-19,Ixhuatán,"Bovino de 8 días de edad con miasis en	región umbilical.
","Aves (1), Gatos (1), Bovinos (1114), Perros (73), Équidos (59), Caprinos (1), Ovinos (25), Ovinos y caprinos (Rebaño mixto) (1), Suidos (50)",1325,0
6059,160486,17.63646,-92.024346,2025-05-19,Palenque,Bovino de 2 años de edad con miasis en prepucio.	,"Aves (1), Gatos (1), Bovinos (1114), Perros (73), Équidos (59), Caprinos (1), Ovinos (25), Ovinos y caprinos (Rebaño mixto) (1), Suidos (50)",1325,0
6059,160472,17.460788,-92.243904,2025-05-19,Salto de Agua,Bovino de 2 meses de edad con miasis en canal auditivo.	,"Aves (1), Gatos (1), Bovinos (1114), Perros (73), Équidos (59), Caprinos (1), Ovinos (25), Ovinos y caprinos (Rebaño mixto) (1), Suidos (50)",1325,0
6059,160483,17.260577,-92.705167,2025-05-13,Huitiupán,Bovino de 15 dias de edad con miasis en región umbilical.	,"Aves (1), Gatos (1), Bovinos (1114), Perros (73), Équidos (59), Caprinos (1), Ovinos (25), Ovinos y caprinos (Rebaño mixto) (1), Suidos (50)",1325,0
6059,160456,17.368913,-92.048348,2025-05-17,Salto de Agua,"Bovino de 10 días de edad con miasis en región umbilical.
","Aves (1), Gatos (1), Bovinos (1114), Perros (73), Équidos (59), Caprinos (1), Ovinos (25), Ovinos y caprinos (Rebaño mixto) (1), Suidos (50)",1325,0
6059,160481,17.314569,-92.178028,2025-05-08,Tumbalá,,"Aves (1), Gatos (1), Bovinos (1114), Perros (73), Équidos (59), Caprinos (1), Ovinos (25), Ovinos y caprinos (Rebaño mixto) (1), Suidos (50)",1325,0
6059,160457,17.577646,-92.427245,2025-05-08,Salto de Agua,"Bovino de 3 meses de edad con miasis en región umbilical.
","Aves (1), Gatos (1), Bovinos (1114), Perros (73), Équidos (59), Caprinos (1), Ovinos (25), Ovinos y caprinos (Rebaño mixto) (1), Suidos (50)",1325,0
6059,160469,17.274848,-92.166318,2025-05-06,Tumbalá,Bovino de 12 meses de edad con miasis en región glútea.	,"Aves (1), Gatos (1), Bovinos (1114), Perros (73), Équidos (59), Caprinos (1), Ovinos (25), Ovinos y caprinos (Rebaño mixto) (1), Suidos (50)",1325,0
6059,160444,17.50988,-91.98217,2025-05-04,Palenque,"Canino de 3 años de edad con miasis en escápula derecha.
","Aves (1), Gatos (1), Bovinos (1114), Perros (73), Équidos (59), Caprinos (1), Ovinos (25), Ovinos y caprinos (Rebaño mixto) (1), Suidos (50)",1325,0
6059,160473,17.298383,-92.162102,2025-05-14,Tumbalá,Bovino de 10 dias de edad con miasis en región umbilical.	,"Aves (1), Gatos (1), Bovinos (1114), Perros (73), Équidos (59), Caprinos (1), Ovinos (25), Ovinos y caprinos (Rebaño mixto) (1), Suidos (50)",1325,0
6059,160467,17.30885,-92.085215,2025-05-14,Salto de Agua,Suino de 15 meses  de edad con miasis en tarso.	,"Aves (1), Gatos (1), Bovinos (1114), Perros (73), Équidos (59), Caprinos (1), Ovinos (25), Ovinos y caprinos (Rebaño mixto) (1), Suidos (50)",1325,0
6059,160468,17.30574,-92.063676,2025-05-07,Salto de Agua,Bovino de 8 dias de edad con miasis en lesión por trauma.,"Aves (1), Gatos (1), Bovinos (1114), Perros (73), Équidos (59), Caprinos (1), Ovinos (25), Ovinos y caprinos (Rebaño mixto) (1), Suidos (50)",1325,0
6059,160458,17.309303,-92.070107,2025-05-07,Salto de Agua,"Bovino de 6 años de edad con miasis en región umbilical.
","Aves (1), Gatos (1), Bovinos (1114), Perros (73), Équidos (59), Caprinos (1), Ovinos (25), Ovinos y caprinos (Rebaño mixto) (1), Suidos (50)",1325,0
6059,160445,17.761528,-92.003325,2025-05-05,Catazajá,"Bovino de 1 año de edad con miasis en lado derecho del cuello.
","Aves (1), Gatos (1), Bovinos (1114), Perros (73), Équidos (59), Caprinos (1), Ovinos (25), Ovinos y caprinos (Rebaño mixto) (1), Suidos (50)",1325,0
6059,160471,17.318261,-92.145935,2025-05-03,Tumbalá,Bovino de 10 dias de edad con miasis en región umbilical.	,"Aves (1), Gatos (1), Bovinos (1114), Perros (73), Équidos (59), Caprinos (1), Ovinos (25), Ovinos y caprinos (Rebaño mixto) (1), Suidos (50)",1325,0
6059,160475,17.296033,-92.167687,2025-05-02,Tumbalá,Bovino de 16 dias de edad con miasis en región umbilical.	,"Aves (1), Gatos (1), Bovinos (1114), Perros (73), Équidos (59), Caprinos (1), Ovinos (25), Ovinos y caprinos (Rebaño mixto) (1), Suidos (50)",1325,0
6059,160474,17.350737,-92.683993,2025-05-02,Huitiupán,Bovino de 7 meses de edad con miasis en región dorsal del cuello.	,"Aves (1), Gatos (1), Bovinos (1114), Perros (73), Équidos (59), Caprinos (1), Ovinos (25), Ovinos y caprinos (Rebaño mixto) (1), Suidos (50)",1325,0
6059,160497,16.223059,-91.254301,2025-05-02,Las Margaritas,Bovino de 6 dias de edad con miasis en región umbilical.	,"Aves (1), Gatos (1), Bovinos (1114), Perros (73), Équidos (59), Caprinos (1), Ovinos (25), Ovinos y caprinos (Rebaño mixto) (1), Suidos (50)",1325,0
6059,160477,17.332821,-92.229226,2025-04-30,Tumbalá,Bovino de 8 dias de edad con miasis en región umbilical.	,"Aves (1), Gatos (1), Bovinos (1114), Perros (73), Équidos (59), Caprinos (1), Ovinos (25), Ovinos y caprinos (Rebaño mixto) (1), Suidos (50)",1325,0
6059,160478,17.293715,-92.158007,2025-04-29,Tumbalá,Bovino de 14 dias de edad con masis en región umbilical.	,"Aves (1), Gatos (1), Bovinos (1114), Perros (73), Équidos (59), Caprinos (1), Ovinos (25), Ovinos y caprinos (Rebaño mixto) (1), Suidos (50)",1325,0
6059,160476,17.08334,-92.17078,2025-04-29,Chilón,Bovino de 1 año de edad con masis en tarso.	,"Aves (1), Gatos (1), Bovinos (1114), Perros (73), Équidos (59), Caprinos (1), Ovinos (25), Ovinos y caprinos (Rebaño mixto) (1), Suidos (50)",1325,0
6059,160480,17.525287,-92.427916,2025-04-28,Salto de Agua,Bovino de 14 dias  de edad con miasis en región umbilical.	,"Aves (1), Gatos (1), Bovinos (1114), Perros (73), Équidos (59), Caprinos (1), Ovinos (25), Ovinos y caprinos (Rebaño mixto) (1), Suidos (50)",1325,0
6059,160443,17.11969,-91.550848,2025-03-24,Ocosingo,"Tres becerros de 1 mes de edad y uno de 20 días con miasis, uno en escápula, dos en ombligo y uno en esternon  y pezuñas.
","Aves (1), Gatos (1), Bovinos (1114), Perros (73), Équidos (59), Caprinos (1), Ovinos (25), Ovinos y caprinos (Rebaño mixto) (1), Suidos (50)",1325,0
6059,160465,17.295956,-92.155583,2025-04-16,Tumbalá,Bovino de 15 dias de edad con miasis en región dorsal del cuello.	,"Aves (1), Gatos (1), Bovinos (1114), Perros (73), Équidos (59), Caprinos (1), Ovinos (25), Ovinos y caprinos (Rebaño mixto) (1), Suidos (50)",1325,0
6059,160446,15.777196,-93.362634,2025-04-07,Pijijiapan,"Bovino de 4 años de edad con miasis en ubre.
","Aves (1), Gatos (1), Bovinos (1114), Perros (73), Équidos (59), Caprinos (1), Ovinos (25), Ovinos y caprinos (Rebaño mixto) (1), Suidos (50)",1325,0
6059,160484,17.165078,-91.59762,2025-03-22,Palenque,"Dos bovinos de 8 dias de edad, ambos con miasis en región umbilical.	","Aves (1), Gatos (1), Bovinos (1114), Perros (73), Équidos (59), Caprinos (1), Ovinos (25), Ovinos y caprinos (Rebaño mixto) (1), Suidos (50)",1325,0
6059,160442,17.46602,-91.895567,2025-03-21,Palenque,"Bovino de 8 días de edad con miasis en región umbilical.
","Aves (1), Gatos (1), Bovinos (1114), Perros (73), Équidos (59), Caprinos (1), Ovinos (25), Ovinos y caprinos (Rebaño mixto) (1), Suidos (50)",1325,0
6059,160441,17.569598,-92.03446,2025-03-20,Palenque,"Bovino de 10 días de edad con miasis en abdomen.
","Aves (1), Gatos (1), Bovinos (1114), Perros (73), Équidos (59), Caprinos (1), Ovinos (25), Ovinos y caprinos (Rebaño mixto) (1), Suidos (50)",1325,0
6059,160485,17.698441,-92.223124,2025-04-03,Palenque,Bovino de 6 dias de edad con miasis en región umbilical.	,"Aves (1), Gatos (1), Bovinos (1114), Perros (73), Équidos (59), Caprinos (1), Ovinos (25), Ovinos y caprinos (Rebaño mixto) (1), Suidos (50)",1325,0
6059,160447,15.343418,-92.555014,2025-04-03,Villa Comaltitlán,"Bovino de 4 años de edad con miasis en región umbilical.
","Aves (1), Gatos (1), Bovinos (1114), Perros (73), Équidos (59), Caprinos (1), Ovinos (25), Ovinos y caprinos (Rebaño mixto) (1), Suidos (50)",1325,0
6059,160059,16.510971,-90.6471753,2025-05-29,Ocosingo,"Bovino de 2 años de edad con miasis en oreja.
","Aves (1), Gatos (1), Bovinos (1114), Perros (73), Équidos (59), Caprinos (1), Ovinos (25), Ovinos y caprinos (Rebaño mixto) (1), Suidos (50)",1325,0
6059,160058,16.510971,-90.6471752,2025-05-29,Ocosingo,"Bovino de 20 meses de edad con miasis en prepucio.
","Aves (1), Gatos (1), Bovinos (1114), Perros (73), Équidos (59), Caprinos (1), Ovinos (25), Ovinos y caprinos (Rebaño mixto) (1), Suidos (50)",1325,0
6059,160057,16.510971,-90.6471751,2025-05-29,Ocosingo,"Bovino de 25 meses de edad con miasis en miembro posterior.
","Aves (1), Gatos (1), Bovinos (1114), Perros (73), Équidos (59), Caprinos (1), Ovinos (25), Ovinos y caprinos (Rebaño mixto) (1), Suidos (50)",1325,0
6059,160056,16.510971,-90.647175,2025-05-29,Ocosingo,"Bovino de 25 meses de edad con miasis en oreja.
","Aves (1), Gatos (1), Bovinos (1114), Perros (73), Équidos (59), Caprinos (1), Ovinos (25), Ovinos y caprinos (Rebaño mixto) (1), Suidos (50)",1325,0
6059,159941,16.235535,-90.501331,2025-05-03,Ocosingo,Bovino de un mes con miasis en región umbilical.,"Aves (1), Gatos (1), Bovinos (1114), Perros (73), Équidos (59), Caprinos (1), Ovinos (25), Ovinos y caprinos (Rebaño mixto) (1), Suidos (50)",1325,0
6059,159675,16.09439,-93.75576,2025-05-29,Tonalá,"Canino de 5 años	de edad con miasis en pómulo izquierdo.
","Aves (1), Gatos (1), Bovinos (1114), Perros (73), Équidos (59), Caprinos (1), Ovinos (25), Ovinos y caprinos (Rebaño mixto) (1), Suidos (50)",1325,0
6059,159896,15.773558,-93.424751,2025-05-29,Pijijiapan,"Bovino de 50 meses de edad con miasis en región vulvar.
","Aves (1), Gatos (1), Bovinos (1114), Perros (73), Équidos (59), Caprinos (1), Ovinos (25), Ovinos y caprinos (Rebaño mixto) (1), Suidos (50)",1325,0
6059,159681,17.296246,-93.189347,2025-05-29,Francisco León,"Bovino de 3 años	de edad con miasis en región vulvar.
","Aves (1), Gatos (1), Bovinos (1114), Perros (73), Équidos (59), Caprinos (1), Ovinos (25), Ovinos y caprinos (Rebaño mixto) (1), Suidos (50)",1325,0
6059,159553,14.86461,-92.44798,2025-05-29,Mazatán,"Bovino de 6 días de edad con miasis en región umbilical.
","Aves (1), Gatos (1), Bovinos (1114), Perros (73), Équidos (59), Caprinos (1), Ovinos (25), Ovinos y caprinos (Rebaño mixto) (1), Suidos (50)",1325,0
6059,159557,15.19595,-92.41659,2025-05-29,Tuzantán,"Ovino de 3 meses de edad con miasis en miembro posterior izquierdo.
","Aves (1), Gatos (1), Bovinos (1114), Perros (73), Équidos (59), Caprinos (1), Ovinos (25), Ovinos y caprinos (Rebaño mixto) (1), Suidos (50)",1325,0
6059,159679,16.510963,-90.647193,2025-05-29,Ocosingo,"Bovino de 2 años de edad con miasis en cuerno derecho.
","Aves (1), Gatos (1), Bovinos (1114), Perros (73), Équidos (59), Caprinos (1), Ovinos (25), Ovinos y caprinos (Rebaño mixto) (1), Suidos (50)",1325,0
6059,159678,14.696885,-92.178535,2025-05-29,Suchiate,"Canino de 2 años de edad con miasis en conducto auditivo izquierdo. Suino de 3 años de edad con miasis en cuello atras de la oreja.
","Aves (1), Gatos (1), Bovinos (1114), Perros (73), Équidos (59), Caprinos (1), Ovinos (25), Ovinos y caprinos (Rebaño mixto) (1), Suidos (50)",1325,0
6059,159893,15.515812,-93.11493,2025-05-29,Pijijiapan,"Suino de 4 meses de edad con miasis en nuca.
","Aves (1), Gatos (1), Bovinos (1114), Perros (73), Équidos (59), Caprinos (1), Ovinos (25), Ovinos y caprinos (Rebaño mixto) (1), Suidos (50)",1325,0
6059,159912,15.264486,-92.886856,2025-05-31,Acapetahua,"Bovino de 2 años de edad con miasis en costado derecho.
","Aves (1), Gatos (1), Bovinos (1114), Perros (73), Équidos (59), Caprinos (1), Ovinos (25), Ovinos y caprinos (Rebaño mixto) (1), Suidos (50)",1325,0
6059,159667,16.331723,-92.900347,2025-05-31,Chiapa de Corzo,"Bovino de 10 días de edad con miasis en región umbilical.
","Aves (1), Gatos (1), Bovinos (1114), Perros (73), Équidos (59), Caprinos (1), Ovinos (25), Ovinos y caprinos (Rebaño mixto) (1), Suidos (50)",1325,0
6059,159597,14.53787,-92.22595,2025-05-31,Suchiate,"Suino de 3 años de edad con miasis en región vulvar,
","Aves (1), Gatos (1), Bovinos (1114), Perros (73), Équidos (59), Caprinos (1), Ovinos (25), Ovinos y caprinos (Rebaño mixto) (1), Suidos (50)",1325,0
6059,159593,14.8372,-92.4006,2025-05-31,Mazatán,"Canino de 5 años de edad con miasis en cuello.
","Aves (1), Gatos (1), Bovinos (1114), Perros (73), Équidos (59), Caprinos (1), Ovinos (25), Ovinos y caprinos (Rebaño mixto) (1), Suidos (50)",1325,0
6059,159515,14.63563,-92.27752,2025-05-30,Suchiate,"Bovino de 3 años de edad con miasis en región vulvar.
","Aves (1), Gatos (1), Bovinos (1114), Perros (73), Équidos (59), Caprinos (1), Ovinos (25), Ovinos y caprinos (Rebaño mixto) (1), Suidos (50)",1325,0
6059,159527,14.79263,-92.18454,2025-05-30,Frontera Hidalgo,"Canino de 3 años de edad con miasis en lomo.
","Aves (1), Gatos (1), Bovinos (1114), Perros (73), Équidos (59), Caprinos (1), Ovinos (25), Ovinos y caprinos (Rebaño mixto) (1), Suidos (50)",1325,0
6059,159070,16.02103,-93.383581,2025-05-30,Villa Corzo,"Bovino de 8 años	de edad con miasis en región vulvar.
","Aves (1), Gatos (1), Bovinos (1114), Perros (73), Équidos (59), Caprinos (1), Ovinos (25), Ovinos y caprinos (Rebaño mixto) (1), Suidos (50)",1325,0
6059,159529,17.29668,-93.15529,2025-05-30,Ocotepec,"Bovino de 10 días de edad con miasis en región umbilical
","Aves (1), Gatos (1), Bovinos (1114), Perros (73), Équidos (59), Caprinos (1), Ovinos (25), Ovinos y caprinos (Rebaño mixto) (1), Suidos (50)",1325,0
6059,159528,14.98315,-92.2378,2025-05-30,Tapachula,"canino de 2 años de edad con miasis en cuello.
","Aves (1), Gatos (1), Bovinos (1114), Perros (73), Équidos (59), Caprinos (1), Ovinos (25), Ovinos y caprinos (Rebaño mixto) (1), Suidos (50)",1325,0
6059,159530,17.5342,-93.01779,2025-05-30,Pichucalco,"Bovino de 8 días de edad con miasis en	región umbilical.
","Aves (1), Gatos (1), Bovinos (1114), Perros (73), Équidos (59), Caprinos (1), Ovinos (25), Ovinos y caprinos (Rebaño mixto) (1), Suidos (50)",1325,0
6059,159558,15.68131,-92.31245,2025-05-30,Chicomuselo,"Bovino de 2 meses de edad con miasis en zona inguinal.
","Aves (1), Gatos (1), Bovinos (1114), Perros (73), Équidos (59), Caprinos (1), Ovinos (25), Ovinos y caprinos (Rebaño mixto) (1), Suidos (50)",1325,0
6059,159563,16.08999,-93.73739,2025-05-30,Tonalá,"Bovino de 13 meses de edad con miasis en oreja izquierda,
","Aves (1), Gatos (1), Bovinos (1114), Perros (73), Équidos (59), Caprinos (1), Ovinos (25), Ovinos y caprinos (Rebaño mixto) (1), Suidos (50)",1325,0
6059,159564,16.03892,-93.70388,2025-05-30,Tonalá,"Bovino de 15 días de edad con miasis en Región umbilical.
","Aves (1), Gatos (1), Bovinos (1114), Perros (73), Équidos (59), Caprinos (1), Ovinos (25), Ovinos y caprinos (Rebaño mixto) (1), Suidos (50)",1325,0
6059,159565,15.95136,-93.66029,2025-05-30,Tonalá,"Bovino de 4 meses de edad con miasis en cuello.
","Aves (1), Gatos (1), Bovinos (1114), Perros (73), Équidos (59), Caprinos (1), Ovinos (25), Ovinos y caprinos (Rebaño mixto) (1), Suidos (50)",1325,0
6059,159566,15.82433,-93.52312,2025-05-30,Tonalá,"Bovino de 7 meses de edad con miasis en miembro posterior derecho.
","Aves (1), Gatos (1), Bovinos (1114), Perros (73), Équidos (59), Caprinos (1), Ovinos (25), Ovinos y caprinos (Rebaño mixto) (1), Suidos (50)",1325,0
6059,159567,15.81711,-93.52564,2025-05-30,Tonalá,"Bovino de 9 meses de edad con miasis en cuerno izquierdo.
","Aves (1), Gatos (1), Bovinos (1114), Perros (73), Équidos (59), Caprinos (1), Ovinos (25), Ovinos y caprinos (Rebaño mixto) (1), Suidos (50)",1325,0
6059,159594,17.23355,-93.29171,2025-05-30,Tecpatán,"Bovino de 4 años de edad con miasis en cuerno derecho.
","Aves (1), Gatos (1), Bovinos (1114), Perros (73), Équidos (59), Caprinos (1), Ovinos (25), Ovinos y caprinos (Rebaño mixto) (1), Suidos (50)",1325,0
6059,159595,16.485295,-93.211601,2025-05-30,Villaflores,"Becerro de 10 días de edad con miasis en ombligo. Bovino de 4 años de edad con miasis en en vulva.
","Aves (1), Gatos (1), Bovinos (1114), Perros (73), Équidos (59), Caprinos (1), Ovinos (25), Ovinos y caprinos (Rebaño mixto) (1), Suidos (50)",1325,0
6059,159598,15.21184,-92.57722,2025-05-30,Villa Comaltitlán,"Bovino de 15 días de edad con miasis de región umbilical.
","Aves (1), Gatos (1), Bovinos (1114), Perros (73), Équidos (59), Caprinos (1), Ovinos (25), Ovinos y caprinos (Rebaño mixto) (1), Suidos (50)",1325,0
6059,159600,14.9906,-92.2418,2025-05-30,Tapachula,"Bovino de 3 años de edad con miasis en región umbilical.
","Aves (1), Gatos (1), Bovinos (1114), Perros (73), Équidos (59), Caprinos (1), Ovinos (25), Ovinos y caprinos (Rebaño mixto) (1), Suidos (50)",1325,0
6059,159601,15.05404,-92.49266,2025-05-30,Tuzantán,"Bovino de 1 año de edad con miasis en cara.
","Aves (1), Gatos (1), Bovinos (1114), Perros (73), Équidos (59), Caprinos (1), Ovinos (25), Ovinos y caprinos (Rebaño mixto) (1), Suidos (50)",1325,0
6059,159602,14.93888,-92.256,2025-05-30,Tapachula,"Canino de 4 años de edad con miasis en región coccigea.
","Aves (1), Gatos (1), Bovinos (1114), Perros (73), Équidos (59), Caprinos (1), Ovinos (25), Ovinos y caprinos (Rebaño mixto) (1), Suidos (50)",1325,0
6059,159559,15.68266,-92.31285,2025-05-30,Chicomuselo,"Bovino de 5 años de edad con miasis  en región caudal derecha.
","Aves (1), Gatos (1), Bovinos (1114), Perros (73), Équidos (59), Caprinos (1), Ovinos (25), Ovinos y caprinos (Rebaño mixto) (1), Suidos (50)",1325,0
6059,159599,15.02364,-92.38115,2025-05-30,Huehuetán,"Canino de 8 meses de edad con miasis en miembro anterior izquierdo.
","Aves (1), Gatos (1), Bovinos (1114), Perros (73), Équidos (59), Caprinos (1), Ovinos (25), Ovinos y caprinos (Rebaño mixto) (1), Suidos (50)",1325,0
6059,159910,15.633604,-92.907734,2025-05-30,Mapastepec,"Bovino de 15 años de edad con miasis en metacarpo,
","Aves (1), Gatos (1), Bovinos (1114), Perros (73), Équidos (59), Caprinos (1), Ovinos (25), Ovinos y caprinos (Rebaño mixto) (1), Suidos (50)",1325,0
6059,159511,15.3539,-92.5026,2025-05-29,Escuintla,"Bovino de 15 días de edad con miasis en región umbilical.
","Aves (1), Gatos (1), Bovinos (1114), Perros (73), Équidos (59), Caprinos (1), Ovinos (25), Ovinos y caprinos (Rebaño mixto) (1), Suidos (50)",1325,0
6059,159512,15.35011,-92.68081,2025-05-29,Escuintla,"Bovino de 15 días de edad con miasis en región umbilical.
","Aves (1), Gatos (1), Bovinos (1114), Perros (73), Équidos (59), Caprinos (1), Ovinos (25), Ovinos y caprinos (Rebaño mixto) (1), Suidos (50)",1325,0
6059,159513,16.97712,-93.37968,2025-05-29,Ocozocoautla de Espinosa,"Bovino de 6 días de edad con miasis en región umbilical. Bovino de 5 años  de edad con miasis en región vulvar.
","Aves (1), Gatos (1), Bovinos (1114), Perros (73), Équidos (59), Caprinos (1), Ovinos (25), Ovinos y caprinos (Rebaño mixto) (1), Suidos (50)",1325,0
6059,159514,17.492,-93.24401,2025-05-29,Sunuapa,"Bovino de 15 días de edad con miasis en región umbilical.
","Aves (1), Gatos (1), Bovinos (1114), Perros (73), Équidos (59), Caprinos (1), Ovinos (25), Ovinos y caprinos (Rebaño mixto) (1), Suidos (50)",1325,0
6059,159533,16.39278,-91.98626,2025-05-29,Las Margaritas,"Canino de 10 años de edad con miasis en oreja izquierda.
","Aves (1), Gatos (1), Bovinos (1114), Perros (73), Équidos (59), Caprinos (1), Ovinos (25), Ovinos y caprinos (Rebaño mixto) (1), Suidos (50)",1325,0
6059,159545,15.16333,-92.56435,2025-05-29,Villa Comaltitlán,"Bovino de 4 meses de edad con miasis en oreja derecha.
","Aves (1), Gatos (1), Bovinos (1114), Perros (73), Équidos (59), Caprinos (1), Ovinos (25), Ovinos y caprinos (Rebaño mixto) (1), Suidos (50)",1325,0
6059,159546,14.90043,-92.24014,2025-05-29,Tapachula,"Canino de 3 años de edad con miasis en pabellón auricular externo.
","Aves (1), Gatos (1), Bovinos (1114), Perros (73), Équidos (59), Caprinos (1), Ovinos (25), Ovinos y caprinos (Rebaño mixto) (1), Suidos (50)",1325,0
6059,159547,14.92458,-92.37473,2025-05-29,Tapachula,"Canino de 10 años de edad con miasis en cadera.
","Aves (1), Gatos (1), Bovinos (1114), Perros (73), Équidos (59), Caprinos (1), Ovinos (25), Ovinos y caprinos (Rebaño mixto) (1), Suidos (50)",1325,0
6059,159548,15.13878,-92.46667,2025-05-29,Huixtla,"Canino de 6 años	de edad con miasis en región abdominal derecha.
","Aves (1), Gatos (1), Bovinos (1114), Perros (73), Équidos (59), Caprinos (1), Ovinos (25), Ovinos y caprinos (Rebaño mixto) (1), Suidos (50)",1325,0
6059,159549,15.12297,-92.50076,2025-05-29,Huixtla,"Bovino de 10 días de edad con miasis en región umbilical.
","Aves (1), Gatos (1), Bovinos (1114), Perros (73), Équidos (59), Caprinos (1), Ovinos (25), Ovinos y caprinos (Rebaño mixto) (1), Suidos (50)",1325,0
6059,159550,14.86085,-92.44696,2025-05-29,Mazatán,"Ovino de 1 año de edad con miasis en oreja izquierda y cola.
","Aves (1), Gatos (1), Bovinos (1114), Perros (73), Équidos (59), Caprinos (1), Ovinos (25), Ovinos y caprinos (Rebaño mixto) (1), Suidos (50)",1325,0
6059,159551,14.83662,-92.29452,2025-05-29,Tapachula,"Canino de 2 años de edad con miasis en pierna y cadera.
","Aves (1), Gatos (1), Bovinos (1114), Perros (73), Équidos (59), Caprinos (1), Ovinos (25), Ovinos y caprinos (Rebaño mixto) (1), Suidos (50)",1325,0
6059,159552,14.88192,-92.27185,2025-05-29,Tapachula,"Canino de 2 años de edad con miasis en dorso caudal.
","Aves (1), Gatos (1), Bovinos (1114), Perros (73), Équidos (59), Caprinos (1), Ovinos (25), Ovinos y caprinos (Rebaño mixto) (1), Suidos (50)",1325,0
6059,159554,15.16021,-92.53508,2025-05-29,Villa Comaltitlán,"Bovino de 15 días de edad con miasis en región umbilical.
","Aves (1), Gatos (1), Bovinos (1114), Perros (73), Équidos (59), Caprinos (1), Ovinos (25), Ovinos y caprinos (Rebaño mixto) (1), Suidos (50)",1325,0
6059,159555,15.15343,-92.56934,2025-05-29,Villa Comaltitlán,"Bovino de 4 años de edad con miasis en cara.
","Aves (1), Gatos (1), Bovinos (1114), Perros (73), Équidos (59), Caprinos (1), Ovinos (25), Ovinos y caprinos (Rebaño mixto) (1), Suidos (50)",1325,0
6059,159676,14.751322,-92.202363,2025-05-29,Frontera Hidalgo,"Bovino de 2 años	de edad con miasis en miembro posterior derecho,
","Aves (1), Gatos (1), Bovinos (1114), Perros (73), Équidos (59), Caprinos (1), Ovinos (25), Ovinos y caprinos (Rebaño mixto) (1), Suidos (50)",1325,0
6059,159677,14.712496,-92.233148,2025-05-29,Suchiate,"Bovino de 6 días de edad con miasis en	región umbilical.
","Aves (1), Gatos (1), Bovinos (1114), Perros (73), Équidos (59), Caprinos (1), Ovinos (25), Ovinos y caprinos (Rebaño mixto) (1), Suidos (50)",1325,0
6059,159486,15.27829,-92.60978,2025-05-28,Villa Comaltitlán,"Bovino de 6 meses de edad con miasis en cabeza.
","Aves (1), Gatos (1), Bovinos (1114), Perros (73), Équidos (59), Caprinos (1), Ovinos (25), Ovinos y caprinos (Rebaño mixto) (1), Suidos (50)",1325,0
6059,159487,15.32858,-92.6355,2025-05-28,Escuintla,"Bovino de 1 año de edad con miasis en 	miembro posterior izquierdo.
","Aves (1), Gatos (1), Bovinos (1114), Perros (73), Équidos (59), Caprinos (1), Ovinos (25), Ovinos y caprinos (Rebaño mixto) (1), Suidos (50)",1325,0
6059,159490,16.97672,-92.09945,2025-05-28,Ocosingo,"Bovino de 4 años de edad con miasis en región vulvar.
","Aves (1), Gatos (1), Bovinos (1114), Perros (73), Équidos (59), Caprinos (1), Ovinos (25), Ovinos y caprinos (Rebaño mixto) (1), Suidos (50)",1325,0
6059,159491,16.89646,-92.06873,2025-05-28,Ocosingo,"Bovino de 6 años de edad con miasis en miembro posterior.
","Aves (1), Gatos (1), Bovinos (1114), Perros (73), Équidos (59), Caprinos (1), Ovinos (25), Ovinos y caprinos (Rebaño mixto) (1), Suidos (50)",1325,0
6059,159492,17.16596,-93.32895,2025-05-28,Tecpatán,"Bovino de 9 años de edad con miasis en cuerno.
","Aves (1), Gatos (1), Bovinos (1114), Perros (73), Équidos (59), Caprinos (1), Ovinos (25), Ovinos y caprinos (Rebaño mixto) (1), Suidos (50)",1325,0
6059,159496,14.64257,-92.27387,2025-05-28,Suchiate,"Bovino de 7 días de edad con miasis en	región umbilical.
","Aves (1), Gatos (1), Bovinos (1114), Perros (73), Équidos (59), Caprinos (1), Ovinos (25), Ovinos y caprinos (Rebaño mixto) (1), Suidos (50)",1325,0
6059,159502,16.36947,-90.5638401,2025-05-28,Ocosingo,"Bovino de 1 año 6 meses de edad con miasis en oreja izquierda.
","Aves (1), Gatos (1), Bovinos (1114), Perros (73), Équidos (59), Caprinos (1), Ovinos (25), Ovinos y caprinos (Rebaño mixto) (1), Suidos (50)",1325,0
6059,159497,14.66717,-92.25712,2025-05-28,Suchiate,"Bovino de 6 días de edad con miasis en	región umbilical.
","Aves (1), Gatos (1), Bovinos (1114), Perros (73), Équidos (59), Caprinos (1), Ovinos (25), Ovinos y caprinos (Rebaño mixto) (1), Suidos (50)",1325,0
6059,159504,17.7243,-92.1184,2025-05-28,Palenque,"Bovino de 3 meses de edad con miasis en cuernos.
","Aves (1), Gatos (1), Bovinos (1114), Perros (73), Équidos (59), Caprinos (1), Ovinos (25), Ovinos y caprinos (Rebaño mixto) (1), Suidos (50)",1325,0
6059,159505,16.47264,-94.13424,2025-05-28,Cintalapa,"Bovino de 10 días de edad con miasis en región umbilical.
","Aves (1), Gatos (1), Bovinos (1114), Perros (73), Équidos (59), Caprinos (1), Ovinos (25), Ovinos y caprinos (Rebaño mixto) (1), Suidos (50)",1325,0
6059,159506,16.45352,-93.8271,2025-05-28,Jiquipilas,"Bovino de 3 años de edad con miasis en ubre.
","Aves (1), Gatos (1), Bovinos (1114), Perros (73), Équidos (59), Caprinos (1), Ovinos (25), Ovinos y caprinos (Rebaño mixto) (1), Suidos (50)",1325,0
6059,159508,16.08511,-93.75241,2025-05-28,Tonalá,"Bovino de 2 años 10 meses de edad con miasis en miembro anterior izquierdo.
","Aves (1), Gatos (1), Bovinos (1114), Perros (73), Équidos (59), Caprinos (1), Ovinos (25), Ovinos y caprinos (Rebaño mixto) (1), Suidos (50)",1325,0
6059,159509,15.76837,-93.55421,2025-05-28,Tonalá,"Bovino de 45 días de edad con miasis en región umbilical.
","Aves (1), Gatos (1), Bovinos (1114), Perros (73), Équidos (59), Caprinos (1), Ovinos (25), Ovinos y caprinos (Rebaño mixto) (1), Suidos (50)",1325,0
6059,159510,15.9957,-93.7213,2025-05-28,Tonalá,"Ovino de 2 años de edad con miasis en región dorsal del cuello.
","Aves (1), Gatos (1), Bovinos (1114), Perros (73), Équidos (59), Caprinos (1), Ovinos (25), Ovinos y caprinos (Rebaño mixto) (1), Suidos (50)",1325,0
6059,159900,15.70446,-93.17824,2025-05-28,Pijijiapan,"Bovino de 50 meses de edad con miasis en cola.
","Aves (1), Gatos (1), Bovinos (1114), Perros (73), Équidos (59), Caprinos (1), Ovinos (25), Ovinos y caprinos (Rebaño mixto) (1), Suidos (50)",1325,0
6059,159899,15.599304,-93.087073,2025-05-28,Pijijiapan,"Bovino de 12 días de edad con miasis en cuerno.
","Aves (1), Gatos (1), Bovinos (1114), Perros (73), Équidos (59), Caprinos (1), Ovinos (25), Ovinos y caprinos (Rebaño mixto) (1), Suidos (50)",1325,0
6059,159898,15.639498,-93.1388,2025-05-28,Pijijiapan,"Bovino de 6 días de edad con miasis en	región umbilical.
","Aves (1), Gatos (1), Bovinos (1114), Perros (73), Équidos (59), Caprinos (1), Ovinos (25), Ovinos y caprinos (Rebaño mixto) (1), Suidos (50)",1325,0
6059,159897,15.517681,-93.13458,2025-05-28,Pijijiapan,"Bovino de 7 días de edad con miasis en	región umbilical.
","Aves (1), Gatos (1), Bovinos (1114), Perros (73), Équidos (59), Caprinos (1), Ovinos (25), Ovinos y caprinos (Rebaño mixto) (1), Suidos (50)",1325,0
6059,159500,16.88374,-91.2194,2025-05-28,Ocosingo,"Bovino de 6 meses de edad con miasis en región dorsal del cuello.
","Aves (1), Gatos (1), Bovinos (1114), Perros (73), Équidos (59), Caprinos (1), Ovinos (25), Ovinos y caprinos (Rebaño mixto) (1), Suidos (50)",1325,0
6059,159534,16.26617,-91.8619,2025-05-28,La Independencia,"Bovino de 1 año de edad con miasis de miembro anterior derecho.
","Aves (1), Gatos (1), Bovinos (1114), Perros (73), Équidos (59), Caprinos (1), Ovinos (25), Ovinos y caprinos (Rebaño mixto) (1), Suidos (50)",1325,0
6059,159507,16.4039,-93.88042,2025-05-28,Jiquipilas,"Bovino de 25 días de edad con miasis en región umbilical.
","Aves (1), Gatos (1), Bovinos (1114), Perros (73), Équidos (59), Caprinos (1), Ovinos (25), Ovinos y caprinos (Rebaño mixto) (1), Suidos (50)",1325,0
6059,159501,16.36947,-90.56384,2025-05-28,Ocosingo,"Bovino de 6 meses de edad con miasis en pierna izquierda. Bovino de 18 meses de edad con miasis en prepucio.
","Aves (1), Gatos (1), Bovinos (1114), Perros (73), Équidos (59), Caprinos (1), Ovinos (25), Ovinos y caprinos (Rebaño mixto) (1), Suidos (50)",1325,0
6059,159531,16.14582,-93.66635,2025-05-28,Tonalá,"Bovino de 1 año de edad con miasis en miembro anterior.
","Aves (1), Gatos (1), Bovinos (1114), Perros (73), Équidos (59), Caprinos (1), Ovinos (25), Ovinos y caprinos (Rebaño mixto) (1), Suidos (50)",1325,0
6059,159580,14.6836,-92.2418,2025-05-28,Suchiate,"Bovino de 15 días de edad con miasis en región umbilical.
","Aves (1), Gatos (1), Bovinos (1114), Perros (73), Équidos (59), Caprinos (1), Ovinos (25), Ovinos y caprinos (Rebaño mixto) (1), Suidos (50)",1325,0
6059,159214,15.3777,-92.6625,2025-05-27,Acacoyagua,"Bovino de 10 días de edad con miasis en región umbilical.
","Aves (1), Gatos (1), Bovinos (1114), Perros (73), Équidos (59), Caprinos (1), Ovinos (25), Ovinos y caprinos (Rebaño mixto) (1), Suidos (50)",1325,0
6059,159215,15.28391,-92.5542,2025-05-27,Villa Comaltitlán,"Bovino de 3 días de edad con miasis en	región umbilical.
","Aves (1), Gatos (1), Bovinos (1114), Perros (73), Équidos (59), Caprinos (1), Ovinos (25), Ovinos y caprinos (Rebaño mixto) (1), Suidos (50)",1325,0
6059,159217,17.00979,-91.96084,2025-05-27,Chilón,"Suino de 6 meses de edad con miasis en región pélvica.
","Aves (1), Gatos (1), Bovinos (1114), Perros (73), Équidos (59), Caprinos (1), Ovinos (25), Ovinos y caprinos (Rebaño mixto) (1), Suidos (50)",1325,0
6059,159476,14.74095,-92.22662,2025-05-27,Suchiate,"Bovino de 6 días de edad con miasis en	región umbilical.
","Aves (1), Gatos (1), Bovinos (1114), Perros (73), Équidos (59), Caprinos (1), Ovinos (25), Ovinos y caprinos (Rebaño mixto) (1), Suidos (50)",1325,0
6059,159477,14.7985,-92.18544,2025-05-27,Frontera Hidalgo,"Canino de 10 años de edad con miasis en cuello.
","Aves (1), Gatos (1), Bovinos (1114), Perros (73), Équidos (59), Caprinos (1), Ovinos (25), Ovinos y caprinos (Rebaño mixto) (1), Suidos (50)",1325,0
6059,159480,14.69657,-92.1501001,2025-05-27,Suchiate,"Bovino de 12 días de edad con miasis en región umbilical.
","Aves (1), Gatos (1), Bovinos (1114), Perros (73), Équidos (59), Caprinos (1), Ovinos (25), Ovinos y caprinos (Rebaño mixto) (1), Suidos (50)",1325,0
6059,159481,16.45903,-93.79725,2025-05-27,Jiquipilas,"Bovino de 8 días de edad con miasis en	región umbilical.
","Aves (1), Gatos (1), Bovinos (1114), Perros (73), Équidos (59), Caprinos (1), Ovinos (25), Ovinos y caprinos (Rebaño mixto) (1), Suidos (50)",1325,0
6059,159484,17.27483,-93.22192,2025-05-27,Francisco León,"Bovino de 15 días de edad con miasis en región umbilical.
","Aves (1), Gatos (1), Bovinos (1114), Perros (73), Équidos (59), Caprinos (1), Ovinos (25), Ovinos y caprinos (Rebaño mixto) (1), Suidos (50)",1325,0
6059,159478,14.78466,-92.1973,2025-05-27,Frontera Hidalgo,"Canino de 2 años	de edad con miasis en miembro posterior derecho.
","Aves (1), Gatos (1), Bovinos (1114), Perros (73), Équidos (59), Caprinos (1), Ovinos (25), Ovinos y caprinos (Rebaño mixto) (1), Suidos (50)",1325,0
6059,159894,16.629399,-93.183224,2025-05-27,Suchiapa,"Bovino de 1 mes de edad con miasis en	región umbilical.
","Aves (1), Gatos (1), Bovinos (1114), Perros (73), Équidos (59), Caprinos (1), Ovinos (25), Ovinos y caprinos (Rebaño mixto) (1), Suidos (50)",1325,0
6059,159889,15.806837,-93.362646,2025-05-26,Pijijiapan,"Bovino de 1 mes de edad con miasis en	región umbilical.
","Aves (1), Gatos (1), Bovinos (1114), Perros (73), Équidos (59), Caprinos (1), Ovinos (25), Ovinos y caprinos (Rebaño mixto) (1), Suidos (50)",1325,0
6059,159888,15.761645,-93.343361,2025-05-24,Pijijiapan,"Bovino de 3 años de edad con miasis en región vulvar.
","Aves (1), Gatos (1), Bovinos (1114), Perros (73), Équidos (59), Caprinos (1), Ovinos (25), Ovinos y caprinos (Rebaño mixto) (1), Suidos (50)",1325,0
6059,159892,15.531161,-93.024763,2025-05-27,Mapastepec,"Bovino de 5 años de edad con oreja.
","Aves (1), Gatos (1), Bovinos (1114), Perros (73), Équidos (59), Caprinos (1), Ovinos (25), Ovinos y caprinos (Rebaño mixto) (1), Suidos (50)",1325,0
6059,159891,15.619328,-93.142339,2025-05-27,Pijijiapan,"Bovino de 15 días de edad con miasis en región umbilical.
","Aves (1), Gatos (1), Bovinos (1114), Perros (73), Équidos (59), Caprinos (1), Ovinos (25), Ovinos y caprinos (Rebaño mixto) (1), Suidos (50)",1325,0
6059,159890,15.686877,-93.368592,2025-05-27,Pijijiapan,"Bovino de 40 meses de edad con masis en pezuña.
","Aves (1), Gatos (1), Bovinos (1114), Perros (73), Équidos (59), Caprinos (1), Ovinos (25), Ovinos y caprinos (Rebaño mixto) (1), Suidos (50)",1325,0
6059,159485,16.89337,-91.99423,2025-05-27,Ocosingo,"Bovino de 4 días de edad con miasis en región umbilical.
","Aves (1), Gatos (1), Bovinos (1114), Perros (73), Équidos (59), Caprinos (1), Ovinos (25), Ovinos y caprinos (Rebaño mixto) (1), Suidos (50)",1325,0
6059,159503,17.33422,-93.06258,2025-05-27,Ixhuatán,"Bovino de 3 meses de edad con miasis en cuernos.
","Aves (1), Gatos (1), Bovinos (1114), Perros (73), Équidos (59), Caprinos (1), Ovinos (25), Ovinos y caprinos (Rebaño mixto) (1), Suidos (50)",1325,0
6059,159535,16.39278,-91.98636,2025-05-27,Las Margaritas,"Bovino de 1 mes de edad con miasis en	región umbilical.
","Aves (1), Gatos (1), Bovinos (1114), Perros (73), Équidos (59), Caprinos (1), Ovinos (25), Ovinos y caprinos (Rebaño mixto) (1), Suidos (50)",1325,0
6059,159562,17.69869,-92.26261,2025-05-27,Palenque,"Canino de 5 años	de edad con miasis en región dorsal del cuello.
","Aves (1), Gatos (1), Bovinos (1114), Perros (73), Équidos (59), Caprinos (1), Ovinos (25), Ovinos y caprinos (Rebaño mixto) (1), Suidos (50)",1325,0
6059,159887,15.597011,-93.266053,2025-05-23,Pijijiapan,"Bovino de 1 año de edad con miasis en cuello.
","Aves (1), Gatos (1), Bovinos (1114), Perros (73), Équidos (59), Caprinos (1), Ovinos (25), Ovinos y caprinos (Rebaño mixto) (1), Suidos (50)",1325,0
6059,159886,15.618612,-93.124167,2025-05-21,Pijijiapan,"Bovino de 8 años de edad con miasis en cuerno derecho.
","Aves (1), Gatos (1), Bovinos (1114), Perros (73), Équidos (59), Caprinos (1), Ovinos (25), Ovinos y caprinos (Rebaño mixto) (1), Suidos (50)",1325,0
6059,159881,15.738022,-93.345819,2025-05-20,Pijijiapan,"Bovino de 5 años de edad con miasis en prepucio.
","Aves (1), Gatos (1), Bovinos (1114), Perros (73), Équidos (59), Caprinos (1), Ovinos (25), Ovinos y caprinos (Rebaño mixto) (1), Suidos (50)",1325,0
6059,159882,16.165001,-93.82805,2025-05-20,Tonalá,"Bovino de 1 año 6 meses de edad con miasis en	maslo de la cola.
","Aves (1), Gatos (1), Bovinos (1114), Perros (73), Équidos (59), Caprinos (1), Ovinos (25), Ovinos y caprinos (Rebaño mixto) (1), Suidos (50)",1325,0
6059,159883,15.966579,-93.67549,2025-05-20,Tonalá,"Bovino de 2 años de edad con miasis en cuerno.
","Aves (1), Gatos (1), Bovinos (1114), Perros (73), Équidos (59), Caprinos (1), Ovinos (25), Ovinos y caprinos (Rebaño mixto) (1), Suidos (50)",1325,0
6059,159884,16.03601,-93.614952,2025-05-20,Villa Corzo,"Bovino de 1 año de edad con miasis en glúteo.
","Aves (1), Gatos (1), Bovinos (1114), Perros (73), Équidos (59), Caprinos (1), Ovinos (25), Ovinos y caprinos (Rebaño mixto) (1), Suidos (50)",1325,0
6059,159885,16.039486,-93.614368,2025-05-20,Villa Corzo,"Bovino de 4 años de edad con miasis en región vulvar.
","Aves (1), Gatos (1), Bovinos (1114), Perros (73), Équidos (59), Caprinos (1), Ovinos (25), Ovinos y caprinos (Rebaño mixto) (1), Suidos (50)",1325,0
6059,159907,15.33897,-92.542655,2025-05-20,Villa Comaltitlán,"Bovino de 8 meses de edad con miasis en ojo.
","Aves (1), Gatos (1), Bovinos (1114), Perros (73), Équidos (59), Caprinos (1), Ovinos (25), Ovinos y caprinos (Rebaño mixto) (1), Suidos (50)",1325,0
6059,159908,15.780167,-93.431859,2025-05-01,Pijijiapan,,"Aves (1), Gatos (1), Bovinos (1114), Perros (73), Équidos (59), Caprinos (1), Ovinos (25), Ovinos y caprinos (Rebaño mixto) (1), Suidos (50)",1325,0
6059,159596,14.74079,-92.24449,2025-05-31,Frontera Hidalgo,"Bovino de 7 días de edad con miasis en región umbilical.
","Aves (1), Gatos (1), Bovinos (1114), Perros (73), Équidos (59), Caprinos (1), Ovinos (25), Ovinos y caprinos (Rebaño mixto) (1), Suidos (50)",1325,0
6059,159911,15.457143,-93.042893,2025-05-31,Mapastepec,"Bovino de 8 días de edad con miasis en	región umbilical.
","Aves (1), Gatos (1), Bovinos (1114), Perros (73), Équidos (59), Caprinos (1), Ovinos (25), Ovinos y caprinos (Rebaño mixto) (1), Suidos (50)",1325,0
6059,159592,14.8746,-92.3006,2025-05-31,Tapachula,"Suino de 2 años de edad con miasis en cuello.
","Aves (1), Gatos (1), Bovinos (1114), Perros (73), Équidos (59), Caprinos (1), Ovinos (25), Ovinos y caprinos (Rebaño mixto) (1), Suidos (50)",1325,0
6059,159591,15.1439,-92.2419,2025-05-31,Tapachula,"Bovino de 4 años	de edad con miasis en región vulvar.
","Aves (1), Gatos (1), Bovinos (1114), Perros (73), Équidos (59), Caprinos (1), Ovinos (25), Ovinos y caprinos (Rebaño mixto) (1), Suidos (50)",1325,0
6059,159590,15.1438,-92.2417,2025-05-31,Tapachula,"Bovino de 4 años de edad con miasis en ubre.
","Aves (1), Gatos (1), Bovinos (1114), Perros (73), Équidos (59), Caprinos (1), Ovinos (25), Ovinos y caprinos (Rebaño mixto) (1), Suidos (50)",1325,0
6059,159589,14.74487,-92.4213,2025-05-31,Tapachula,"Bovino de 12 meses de edad con miasis en cuello.
","Aves (1), Gatos (1), Bovinos (1114), Perros (73), Équidos (59), Caprinos (1), Ovinos (25), Ovinos y caprinos (Rebaño mixto) (1), Suidos (50)",1325,0
6059,159588,14.7348,-92.4005,2025-05-31,Tapachula,"Bovino de 2 años de edad con miasis en oreja y escápula.
","Aves (1), Gatos (1), Bovinos (1114), Perros (73), Équidos (59), Caprinos (1), Ovinos (25), Ovinos y caprinos (Rebaño mixto) (1), Suidos (50)",1325,0
6059,159587,15.0927,-92.2418,2025-05-31,Tapachula,"Bovino de 5 años de edad con miasis en prepucio.
","Aves (1), Gatos (1), Bovinos (1114), Perros (73), Équidos (59), Caprinos (1), Ovinos (25), Ovinos y caprinos (Rebaño mixto) (1), Suidos (50)",1325,0
6059,159586,14.6444,-92.1948,2025-05-31,Suchiate,"Canino de 2 años	de edad con miasis en miembro posterior.
","Aves (1), Gatos (1), Bovinos (1114), Perros (73), Équidos (59), Caprinos (1), Ovinos (25), Ovinos y caprinos (Rebaño mixto) (1), Suidos (50)",1325,0
6059,159568,15.97224,-93.65055,2025-05-31,Tonalá,"Canino de 15 meses de edad con miasis en región perianal.
","Aves (1), Gatos (1), Bovinos (1114), Perros (73), Équidos (59), Caprinos (1), Ovinos (25), Ovinos y caprinos (Rebaño mixto) (1), Suidos (50)",1325,0
6059,159544,16.90497,-92.07268,2025-05-31,Ocosingo,"Equino de 1 año de edd con miasis en hombro.
","Aves (1), Gatos (1), Bovinos (1114), Perros (73), Équidos (59), Caprinos (1), Ovinos (25), Ovinos y caprinos (Rebaño mixto) (1), Suidos (50)",1325,0
6059,159543,17.29625,-93.18934,2025-05-31,Francisco León,"Bovino de 3 años de edad con miasis en región vulvar.
","Aves (1), Gatos (1), Bovinos (1114), Perros (73), Équidos (59), Caprinos (1), Ovinos (25), Ovinos y caprinos (Rebaño mixto) (1), Suidos (50)",1325,0
6059,159542,17.1944,-93.1029,2025-05-31,Tapalapa,"Bovino de 3 meses de edad con miasis en miembro posterior derecho.
","Aves (1), Gatos (1), Bovinos (1114), Perros (73), Équidos (59), Caprinos (1), Ovinos (25), Ovinos y caprinos (Rebaño mixto) (1), Suidos (50)",1325,0
6059,159541,17.49752,-92.00166,2025-05-31,Palenque,"Bovino de 3 días de edad con miasis en	región umbilical,
","Aves (1), Gatos (1), Bovinos (1114), Perros (73), Équidos (59), Caprinos (1), Ovinos (25), Ovinos y caprinos (Rebaño mixto) (1), Suidos (50)",1325,0
6059,159536,17.12422,-91.92166,2025-05-31,Chilón,"Canino de 13 años de edad con miasis en cojinete metacarpiano.
","Aves (1), Gatos (1), Bovinos (1114), Perros (73), Équidos (59), Caprinos (1), Ovinos (25), Ovinos y caprinos (Rebaño mixto) (1), Suidos (50)",1325,0
6059,159532,15.37643,-92.70394,2025-05-31,Acacoyagua,"Bovino de 2 meses de edad con miasis en región umbilical.
","Aves (1), Gatos (1), Bovinos (1114), Perros (73), Équidos (59), Caprinos (1), Ovinos (25), Ovinos y caprinos (Rebaño mixto) (1), Suidos (50)",1325,0
6059,159905,16.36947,-90.563841,2025-04-16,Ocosingo,"Bovino de 30 meses de edad con miasis en pezuña.
","Aves (1), Gatos (1), Bovinos (1114), Perros (73), Équidos (59), Caprinos (1), Ovinos (25), Ovinos y caprinos (Rebaño mixto) (1), Suidos (50)",1325,0
6059,159906,16.3525,-90.581,2025-04-16,Ocosingo,"Bovino de 3 años de edad con miasis en oreja derecha.
","Aves (1), Gatos (1), Bovinos (1114), Perros (73), Équidos (59), Caprinos (1), Ovinos (25), Ovinos y caprinos (Rebaño mixto) (1), Suidos (50)",1325,0
6059,159904,16.92721,-91.3567,2025-04-15,Ocosingo,"Bovino de 8 meses de edad con miasis en región dorsal del cuello.
","Aves (1), Gatos (1), Bovinos (1114), Perros (73), Équidos (59), Caprinos (1), Ovinos (25), Ovinos y caprinos (Rebaño mixto) (1), Suidos (50)",1325,0
6059,159903,16.92498,-91.37028,2025-04-15,Ocosingo,"Bovino de 8 días de edad con miasis en región umbilical.
","Aves (1), Gatos (1), Bovinos (1114), Perros (73), Équidos (59), Caprinos (1), Ovinos (25), Ovinos y caprinos (Rebaño mixto) (1), Suidos (50)",1325,0
6059,159909,15.853431,-93.475384,2025-05-01,Tonalá,"Bovino de 8 meses de edad con miasis en herida no especificada.
","Aves (1), Gatos (1), Bovinos (1114), Perros (73), Équidos (59), Caprinos (1), Ovinos (25), Ovinos y caprinos (Rebaño mixto) (1), Suidos (50)",1325,0
6059,159914,17.566273,-92.038014,2025-05-28,Palenque,Bovino de 10 días de edad con miasis en región umbiical.,"Aves (1), Gatos (1), Bovinos (1114), Perros (73), Équidos (59), Caprinos (1), Ovinos (25), Ovinos y caprinos (Rebaño mixto) (1), Suidos (50)",1325,0
6059,159913,17.516798,-91.983333,2025-05-28,Palenque,Bovino de 10 días de edad con miasis en región umbiical.,"Aves (1), Gatos (1), Bovinos (1114), Perros (73), Équidos (59), Caprinos (1), Ovinos (25), Ovinos y caprinos (Rebaño mixto) (1), Suidos (50)",1325,0
6059,159915,17.5258,-91.99173,2025-05-29,Palenque,"Canino de 4 años de edad con miasis en cabeza.
","Aves (1), Gatos (1), Bovinos (1114), Perros (73), Équidos (59), Caprinos (1), Ovinos (25), Ovinos y caprinos (Rebaño mixto) (1), Suidos (50)",1325,0
6059,159902,15.30031,-92.834912,2025-04-02,Acapetahua,"Bovino de 10 días de edad con miasis en región umbilical.
","Aves (1), Gatos (1), Bovinos (1114), Perros (73), Équidos (59), Caprinos (1), Ovinos (25), Ovinos y caprinos (Rebaño mixto) (1), Suidos (50)",1325,0
6059,159901,17.41594,-92.173641,2025-03-21,Salto de Agua,"Bovino de 8 días de edad con miasis en	región umbilical.
","Aves (1), Gatos (1), Bovinos (1114), Perros (73), Équidos (59), Caprinos (1), Ovinos (25), Ovinos y caprinos (Rebaño mixto) (1), Suidos (50)",1325,0
6059,159494,16.96516,-91.26116,2025-05-23,Ocosingo,"Suino de 5 meses de edad con miasis en escroto.
","Aves (1), Gatos (1), Bovinos (1114), Perros (73), Équidos (59), Caprinos (1), Ovinos (25), Ovinos y caprinos (Rebaño mixto) (1), Suidos (50)",1325,0
6059,159576,14.94319,-92.1719,2025-05-22,Tuxtla Chico,"Equino de 2 años de edad con miasis en miembro posterior izquierdo.
","Aves (1), Gatos (1), Bovinos (1114), Perros (73), Équidos (59), Caprinos (1), Ovinos (25), Ovinos y caprinos (Rebaño mixto) (1), Suidos (50)",1325,0
6059,159123,16.15961,-93.313933,2025-05-22,Villa Corzo,"Suino de 8 meses de edad con miasis en el cuello.
","Aves (1), Gatos (1), Bovinos (1114), Perros (73), Équidos (59), Caprinos (1), Ovinos (25), Ovinos y caprinos (Rebaño mixto) (1), Suidos (50)",1325,0
6059,159577,15.0256,-92.12545,2025-05-22,Cacahoatán,"Canino de 4 años de edad con miasis en miembro anterior izquierdo.
","Aves (1), Gatos (1), Bovinos (1114), Perros (73), Équidos (59), Caprinos (1), Ovinos (25), Ovinos y caprinos (Rebaño mixto) (1), Suidos (50)",1325,0
6059,159579,14.9002,-92.2478,2025-05-25,Tapachula,"Canino de 4 años	de edad con miasis en región Lumbar.
","Aves (1), Gatos (1), Bovinos (1114), Perros (73), Équidos (59), Caprinos (1), Ovinos (25), Ovinos y caprinos (Rebaño mixto) (1), Suidos (50)",1325,0
6059,159583,14.9906,-92.2948,2025-05-26,Tapachula,"Canino de 4 años	de edad con miasis en región lumbar.
","Aves (1), Gatos (1), Bovinos (1114), Perros (73), Équidos (59), Caprinos (1), Ovinos (25), Ovinos y caprinos (Rebaño mixto) (1), Suidos (50)",1325,0
6059,159201,15.39276,-92.7208,2025-05-26,Acacoyagua,"Bovino de 10 días de edad con miasis en pezones.
","Aves (1), Gatos (1), Bovinos (1114), Perros (73), Équidos (59), Caprinos (1), Ovinos (25), Ovinos y caprinos (Rebaño mixto) (1), Suidos (50)",1325,0
6059,159202,15.1504,-92.36409,2025-05-26,Tapachula,"Bovino de 10 días de edad con miasis en región umbilical.
","Aves (1), Gatos (1), Bovinos (1114), Perros (73), Équidos (59), Caprinos (1), Ovinos (25), Ovinos y caprinos (Rebaño mixto) (1), Suidos (50)",1325,0
6059,159203,17.70787,-92.01625,2025-05-26,Catazajá,"Lote de 28 equinos para abasto de carne en movilización, donde se identificó dos animales de 3 años de edad con miasis en el miembro posterior derecho, en un punto de verificación e inspección federal (PVIF). ","Aves (1), Gatos (1), Bovinos (1114), Perros (73), Équidos (59), Caprinos (1), Ovinos (25), Ovinos y caprinos (Rebaño mixto) (1), Suidos (50)",1325,0
6059,159208,14.86461,-92.4479801,2025-05-26,Mazatán,"Bovino de 7 días de edad con miasis en	región umbilical.
","Aves (1), Gatos (1), Bovinos (1114), Perros (73), Équidos (59), Caprinos (1), Ovinos (25), Ovinos y caprinos (Rebaño mixto) (1), Suidos (50)",1325,0
6059,159209,15.30083,-92.38282,2025-05-26,Motozintla,"Canino de 3 años de edad con miasis en extremidad derecha.
","Aves (1), Gatos (1), Bovinos (1114), Perros (73), Équidos (59), Caprinos (1), Ovinos (25), Ovinos y caprinos (Rebaño mixto) (1), Suidos (50)",1325,0
6059,159207,14.86461,-92.44798,2025-05-26,Mazatán,"Canino de 5 años de edad con miasis en cabeza.

","Aves (1), Gatos (1), Bovinos (1114), Perros (73), Équidos (59), Caprinos (1), Ovinos (25), Ovinos y caprinos (Rebaño mixto) (1), Suidos (50)",1325,0
6059,159210,16.69255,-91.38316,2025-05-26,Ocosingo,"Bovino de 1 año 8 meses de edad con miasis en pliegue inguinal.
","Aves (1), Gatos (1), Bovinos (1114), Perros (73), Équidos (59), Caprinos (1), Ovinos (25), Ovinos y caprinos (Rebaño mixto) (1), Suidos (50)",1325,0
6059,159211,17.0454,-91.86975,2025-05-26,Ocosingo,"Bovino de 12 años de edad con miasis en antebrazo.
","Aves (1), Gatos (1), Bovinos (1114), Perros (73), Équidos (59), Caprinos (1), Ovinos (25), Ovinos y caprinos (Rebaño mixto) (1), Suidos (50)",1325,0
6059,159213,15.97026,-93.62552,2025-05-26,Tonalá,"Canino de 7 meses de edad con miasis en cuello.
","Aves (1), Gatos (1), Bovinos (1114), Perros (73), Équidos (59), Caprinos (1), Ovinos (25), Ovinos y caprinos (Rebaño mixto) (1), Suidos (50)",1325,0
6059,159479,16.15679,-94.06219,2025-05-26,Arriaga,"Bovino de 10 días de edad con miasis en región umbilical.
","Aves (1), Gatos (1), Bovinos (1114), Perros (73), Équidos (59), Caprinos (1), Ovinos (25), Ovinos y caprinos (Rebaño mixto) (1), Suidos (50)",1325,0
6059,159482,17.73815,-93.10158,2025-05-26,Juárez,"Equino de 10 años de edad con miasis en miembro posterior.
","Aves (1), Gatos (1), Bovinos (1114), Perros (73), Équidos (59), Caprinos (1), Ovinos (25), Ovinos y caprinos (Rebaño mixto) (1), Suidos (50)",1325,0
6059,159483,17.2748,-93.22191,2025-05-26,Francisco León,"Bovino de 1 mes de edad con miasis en	la pierna.
","Aves (1), Gatos (1), Bovinos (1114), Perros (73), Équidos (59), Caprinos (1), Ovinos (25), Ovinos y caprinos (Rebaño mixto) (1), Suidos (50)",1325,0
6059,159581,14.67,-92.3536,2025-05-26,Tapachula,"Canino de 10 años de edad con miasis en espacio interdigital.
","Aves (1), Gatos (1), Bovinos (1114), Perros (73), Équidos (59), Caprinos (1), Ovinos (25), Ovinos y caprinos (Rebaño mixto) (1), Suidos (50)",1325,0
6059,159090,15.16256,-92.533034,2025-05-24,Villa Comaltitlán,"Lote de 95 bovinos para abasto de carne en novilización, donde se identificó un animal de 1 año 8 meses de edad con miasis en cuello, en un punto de verificación e inspección federal (PVIF).
","Aves (1), Gatos (1), Bovinos (1114), Perros (73), Équidos (59), Caprinos (1), Ovinos (25), Ovinos y caprinos (Rebaño mixto) (1), Suidos (50)",1325,0
6059,159095,15.35829,-92.595519,2025-05-24,Escuintla,"Equino de 2 años de edad con miasis en región umbilical.
","Aves (1), Gatos (1), Bovinos (1114), Perros (73), Équidos (59), Caprinos (1), Ovinos (25), Ovinos y caprinos (Rebaño mixto) (1), Suidos (50)",1325,0
6059,159129,14.849,-92.288637,2025-05-24,Tapachula,"Bovino de 1 año de edad con miasis de oreja derecha.
","Aves (1), Gatos (1), Bovinos (1114), Perros (73), Équidos (59), Caprinos (1), Ovinos (25), Ovinos y caprinos (Rebaño mixto) (1), Suidos (50)",1325,0
6059,159131,14.5972,-92.2133,2025-05-24,Suchiate,"Bovino de 8 días de edad con miasis en	región umbilical.
","Aves (1), Gatos (1), Bovinos (1114), Perros (73), Équidos (59), Caprinos (1), Ovinos (25), Ovinos y caprinos (Rebaño mixto) (1), Suidos (50)",1325,0
6059,159582,14.6836,-92.2418,2025-05-26,Suchiate,"Canino de 1 año de edad con miasis en oreja.
","Aves (1), Gatos (1), Bovinos (1114), Perros (73), Équidos (59), Caprinos (1), Ovinos (25), Ovinos y caprinos (Rebaño mixto) (1), Suidos (50)",1325,0
6059,159584,14.7979,-92.3007,2025-05-26,Tapachula,"Bovino de 4 meses de edad con miasis en costilla.
","Aves (1), Gatos (1), Bovinos (1114), Perros (73), Équidos (59), Caprinos (1), Ovinos (25), Ovinos y caprinos (Rebaño mixto) (1), Suidos (50)",1325,0
6059,159585,15.0536,-92.433,2025-05-26,Tuzantán,"Suino de 3 años de edad con miasis en cuello.
","Aves (1), Gatos (1), Bovinos (1114), Perros (73), Équidos (59), Caprinos (1), Ovinos (25), Ovinos y caprinos (Rebaño mixto) (1), Suidos (50)",1325,0
6059,159674,16.013221,-93.823059,2025-05-26,Tonalá,"Bovino de 7 años	de edad con miasis en cuerno izquierdo.
","Aves (1), Gatos (1), Bovinos (1114), Perros (73), Équidos (59), Caprinos (1), Ovinos (25), Ovinos y caprinos (Rebaño mixto) (1), Suidos (50)",1325,0
6059,159495,16.51096,-90.64719,2025-05-26,Ocosingo,"Bovino de 1 año 8 meses de edad con miasis en 	miembro posterior derecho.
","Aves (1), Gatos (1), Bovinos (1114), Perros (73), Équidos (59), Caprinos (1), Ovinos (25), Ovinos y caprinos (Rebaño mixto) (1), Suidos (50)",1325,0
6059,159212,16.32938,-91.99286,2025-05-25,Las Margaritas,"Equino de 7 años de edad con miasis en miembro posterior derecho.
","Aves (1), Gatos (1), Bovinos (1114), Perros (73), Équidos (59), Caprinos (1), Ovinos (25), Ovinos y caprinos (Rebaño mixto) (1), Suidos (50)",1325,0
6059,159578,14.8235,-92.3272,2025-05-25,Tapachula,Canino de 4 años de edad con miasis en vulva.,"Aves (1), Gatos (1), Bovinos (1114), Perros (73), Équidos (59), Caprinos (1), Ovinos (25), Ovinos y caprinos (Rebaño mixto) (1), Suidos (50)",1325,0
6059,159189,14.84867,-92.27536,2025-05-24,Tapachula,"Suino de 2 años de edad con miasis en cuello.
","Aves (1), Gatos (1), Bovinos (1114), Perros (73), Équidos (59), Caprinos (1), Ovinos (25), Ovinos y caprinos (Rebaño mixto) (1), Suidos (50)",1325,0
6059,159190,17.12112,-92.28753,2025-05-24,Chilón,"Bovino de 2 meses de edad con miasis en región umbilical.
","Aves (1), Gatos (1), Bovinos (1114), Perros (73), Équidos (59), Caprinos (1), Ovinos (25), Ovinos y caprinos (Rebaño mixto) (1), Suidos (50)",1325,0
6059,159191,17.11982,-92.285693,2025-05-24,Chilón,"Bovino de 5 días de edad con miasis en	región umbilical.
","Aves (1), Gatos (1), Bovinos (1114), Perros (73), Équidos (59), Caprinos (1), Ovinos (25), Ovinos y caprinos (Rebaño mixto) (1), Suidos (50)",1325,0
6059,159199,16.40847,-93.83975,2025-05-24,Jiquipilas,"Bovino de 2 años de edad con miasis en escápula derecha.
","Aves (1), Gatos (1), Bovinos (1114), Perros (73), Équidos (59), Caprinos (1), Ovinos (25), Ovinos y caprinos (Rebaño mixto) (1), Suidos (50)",1325,0
6059,159200,16.38857,-93.8052,2025-05-24,Jiquipilas,"Bovino de 6 días de edad con miasis en	región umbilical.
","Aves (1), Gatos (1), Bovinos (1114), Perros (73), Équidos (59), Caprinos (1), Ovinos (25), Ovinos y caprinos (Rebaño mixto) (1), Suidos (50)",1325,0
6059,159204,16.19215,-93.27591,2025-05-24,Villa Corzo,"Bovino de 5 años de edad con miasis en región vulvar.
","Aves (1), Gatos (1), Bovinos (1114), Perros (73), Équidos (59), Caprinos (1), Ovinos (25), Ovinos y caprinos (Rebaño mixto) (1), Suidos (50)",1325,0
6059,159192,16.89393,-92.088959,2025-05-24,Ocosingo,"Canino de 5 años de edad con miasis en el antebrazo.
","Aves (1), Gatos (1), Bovinos (1114), Perros (73), Équidos (59), Caprinos (1), Ovinos (25), Ovinos y caprinos (Rebaño mixto) (1), Suidos (50)",1325,0
6059,159205,16.41522,-93.16835,2025-05-24,Villaflores,"Suino de 5 años de edad con miasis en cuello.
","Aves (1), Gatos (1), Bovinos (1114), Perros (73), Équidos (59), Caprinos (1), Ovinos (25), Ovinos y caprinos (Rebaño mixto) (1), Suidos (50)",1325,0
6059,159680,17.298157,-93.008628,2025-05-24,Ixhuatán,"Bovino de 5 años	de edad con miasis en corvejón.
","Aves (1), Gatos (1), Bovinos (1114), Perros (73), Équidos (59), Caprinos (1), Ovinos (25), Ovinos y caprinos (Rebaño mixto) (1), Suidos (50)",1325,0
6059,159498,16.27083,-93.96729,2025-05-24,Arriaga,"Bovino de 3 meses de edad  con miasis en cuernos.
","Aves (1), Gatos (1), Bovinos (1114), Perros (73), Équidos (59), Caprinos (1), Ovinos (25), Ovinos y caprinos (Rebaño mixto) (1), Suidos (50)",1325,0
6059,159088,15.33038,-92.584342,2025-05-23,Villa Comaltitlán,"Bovino de 5 años de edad con miasis en región vulvar
","Aves (1), Gatos (1), Bovinos (1114), Perros (73), Équidos (59), Caprinos (1), Ovinos (25), Ovinos y caprinos (Rebaño mixto) (1), Suidos (50)",1325,0
6059,159499,16.08662,-93.78383,2025-05-23,Tonalá,"Bovino de 10 días de edad con miasis en región umbilical.
","Aves (1), Gatos (1), Bovinos (1114), Perros (73), Équidos (59), Caprinos (1), Ovinos (25), Ovinos y caprinos (Rebaño mixto) (1), Suidos (50)",1325,0
6059,159488,16.09382,-91.59461,2025-05-23,La Trinitaria,"Bovino de 1 mes de edad con miasis en	región umbilical.
","Aves (1), Gatos (1), Bovinos (1114), Perros (73), Équidos (59), Caprinos (1), Ovinos (25), Ovinos y caprinos (Rebaño mixto) (1), Suidos (50)",1325,0
6059,159206,16.25583,-93.42938,2025-05-23,Villa Corzo,"Bovino de 6 años de edad con miasis en región vulvar.
","Aves (1), Gatos (1), Bovinos (1114), Perros (73), Équidos (59), Caprinos (1), Ovinos (25), Ovinos y caprinos (Rebaño mixto) (1), Suidos (50)",1325,0
6059,159089,15.36531,-92.593825,2025-05-23,Escuintla,"Bovino de 2 años de edad con miasis en región del ijar.
","Aves (1), Gatos (1), Bovinos (1114), Perros (73), Équidos (59), Caprinos (1), Ovinos (25), Ovinos y caprinos (Rebaño mixto) (1), Suidos (50)",1325,0
6059,159091,14.79869,-92.184873,2025-05-23,Frontera Hidalgo,"Canino de 2 años de edad con miasis en el dorso.
","Aves (1), Gatos (1), Bovinos (1114), Perros (73), Équidos (59), Caprinos (1), Ovinos (25), Ovinos y caprinos (Rebaño mixto) (1), Suidos (50)",1325,0
6059,159092,14.7271,-92.3433,2025-05-23,Tapachula,"Cerdo de 10 meses de edad con miasis en miembro posterior derecho. Gallina con miasis en cloaca. 
","Aves (1), Gatos (1), Bovinos (1114), Perros (73), Équidos (59), Caprinos (1), Ovinos (25), Ovinos y caprinos (Rebaño mixto) (1), Suidos (50)",1325,0
6059,159094,16.51096,-90.647193,2025-05-23,Ocosingo,"Bovino de 1 año 11 meses de edad con miasis en pabellón auricular derecho.
","Aves (1), Gatos (1), Bovinos (1114), Perros (73), Équidos (59), Caprinos (1), Ovinos (25), Ovinos y caprinos (Rebaño mixto) (1), Suidos (50)",1325,0
6059,159096,16.51096,-90.6471931,2025-05-23,Ocosingo,"Bovino de 1 año de edad con miasis en la oreja derecha.
","Aves (1), Gatos (1), Bovinos (1114), Perros (73), Équidos (59), Caprinos (1), Ovinos (25), Ovinos y caprinos (Rebaño mixto) (1), Suidos (50)",1325,0
6059,159127,16.25394,-93.3817,2025-05-23,Villa Corzo,"Bovino de 6 años de edad con miasis en región vulvar.
","Aves (1), Gatos (1), Bovinos (1114), Perros (73), Équidos (59), Caprinos (1), Ovinos (25), Ovinos y caprinos (Rebaño mixto) (1), Suidos (50)",1325,0
6059,159068,15.39008,-92.657385,2025-05-22,Acacoyagua,"Bovino de 1 mes de edad con  miasis en región umbilical.
","Aves (1), Gatos (1), Bovinos (1114), Perros (73), Équidos (59), Caprinos (1), Ovinos (25), Ovinos y caprinos (Rebaño mixto) (1), Suidos (50)",1325,0
6059,159069,15.34159,-92.539395,2025-05-22,Villa Comaltitlán,"Bovino de 2 meses de edad con miasis en  región umbilical.
","Aves (1), Gatos (1), Bovinos (1114), Perros (73), Équidos (59), Caprinos (1), Ovinos (25), Ovinos y caprinos (Rebaño mixto) (1), Suidos (50)",1325,0
6059,159079,16.83253,-91.99691,2025-05-22,Ocosingo,"Ovino de 2 años de edad con miasis en cabeza.
","Aves (1), Gatos (1), Bovinos (1114), Perros (73), Équidos (59), Caprinos (1), Ovinos (25), Ovinos y caprinos (Rebaño mixto) (1), Suidos (50)",1325,0
6059,159081,15.01343,-92.403531,2025-05-22,Huehuetán,"Suino de 3 años de edad con miasis en 	párpado superior izquierdo.
","Aves (1), Gatos (1), Bovinos (1114), Perros (73), Équidos (59), Caprinos (1), Ovinos (25), Ovinos y caprinos (Rebaño mixto) (1), Suidos (50)",1325,0
6059,159083,15.02364,-92.381153,2025-05-22,Huehuetán,"Canino de 3 años de edad con miasis en conducto auditivo derecho.
","Aves (1), Gatos (1), Bovinos (1114), Perros (73), Équidos (59), Caprinos (1), Ovinos (25), Ovinos y caprinos (Rebaño mixto) (1), Suidos (50)",1325,0
6059,159084,16.85765,-93.794543,2025-05-22,Cintalapa,"Bovino de 8 días de edad con miasis en	región umbilical.
","Aves (1), Gatos (1), Bovinos (1114), Perros (73), Équidos (59), Caprinos (1), Ovinos (25), Ovinos y caprinos (Rebaño mixto) (1), Suidos (50)",1325,0
6059,159085,17.12355,-91.934588,2025-05-22,Chilón,"Bovino de 7 días de edad con miasis en	región umbilical.
","Aves (1), Gatos (1), Bovinos (1114), Perros (73), Équidos (59), Caprinos (1), Ovinos (25), Ovinos y caprinos (Rebaño mixto) (1), Suidos (50)",1325,0
6059,159093,16.36927,-90.563748,2025-05-22,Ocosingo,"Bovino de 1 año 10 meses	 de edad con miasis en miembro anterior derecho.
","Aves (1), Gatos (1), Bovinos (1114), Perros (73), Équidos (59), Caprinos (1), Ovinos (25), Ovinos y caprinos (Rebaño mixto) (1), Suidos (50)",1325,0
6059,159120,16.09704,-93.17684,2025-05-22,Villa Corzo,"Bovino de 10 días de edad con miasis en región umbilical.
","Aves (1), Gatos (1), Bovinos (1114), Perros (73), Équidos (59), Caprinos (1), Ovinos (25), Ovinos y caprinos (Rebaño mixto) (1), Suidos (50)",1325,0
6059,159489,14.84475,-92.29693,2025-05-22,Tapachula,"Suino de 2 años de edad con miasis en dorso.
","Aves (1), Gatos (1), Bovinos (1114), Perros (73), Équidos (59), Caprinos (1), Ovinos (25), Ovinos y caprinos (Rebaño mixto) (1), Suidos (50)",1325,0
6059,159493,16.8278,-91.25643,2025-05-22,Ocosingo,"Bovino de 4 años de edad con miasis en región vulvar.
","Aves (1), Gatos (1), Bovinos (1114), Perros (73), Équidos (59), Caprinos (1), Ovinos (25), Ovinos y caprinos (Rebaño mixto) (1), Suidos (50)",1325,0
6059,159573,14.6504,-92.3169,2025-05-22,Tapachula,"Canino de 3 semanas de edad con miasis en oreja.
","Aves (1), Gatos (1), Bovinos (1114), Perros (73), Équidos (59), Caprinos (1), Ovinos (25), Ovinos y caprinos (Rebaño mixto) (1), Suidos (50)",1325,0
6059,159574,14.93816,-92.15975,2025-05-22,Tuxtla Chico,"Equino de 4 años de edad con miasis en miembro posterior izquierdo.
","Aves (1), Gatos (1), Bovinos (1114), Perros (73), Équidos (59), Caprinos (1), Ovinos (25), Ovinos y caprinos (Rebaño mixto) (1), Suidos (50)",1325,0
6059,159575,14.7468,-92.2743,2025-05-22,Tapachula,"Canino de 8 años	de edad con miembro posterior izquierdo.
","Aves (1), Gatos (1), Bovinos (1114), Perros (73), Équidos (59), Caprinos (1), Ovinos (25), Ovinos y caprinos (Rebaño mixto) (1), Suidos (50)",1325,0
6059,159569,14.8276,-92.31646,2025-05-21,Tapachula,"Bovino de 6 años de edad con miasis en ubre.
","Aves (1), Gatos (1), Bovinos (1114), Perros (73), Équidos (59), Caprinos (1), Ovinos (25), Ovinos y caprinos (Rebaño mixto) (1), Suidos (50)",1325,0
6059,159570,14.6956,-92.2742,2025-05-21,Suchiate,"Bovino de 5 días de edad con miasis en	región umbilical.
","Aves (1), Gatos (1), Bovinos (1114), Perros (73), Équidos (59), Caprinos (1), Ovinos (25), Ovinos y caprinos (Rebaño mixto) (1), Suidos (50)",1325,0
6059,159571,15.02032,-92.24165,2025-05-21,Cacahoatán,"Bovino de 6 días de edad con miasis en	región umbilical.
","Aves (1), Gatos (1), Bovinos (1114), Perros (73), Équidos (59), Caprinos (1), Ovinos (25), Ovinos y caprinos (Rebaño mixto) (1), Suidos (50)",1325,0
6059,159572,14.6956,-92.38,2025-05-21,Tapachula,"Bovino de 9 días de edad con miasis en	región umbilical.
","Aves (1), Gatos (1), Bovinos (1114), Perros (73), Équidos (59), Caprinos (1), Ovinos (25), Ovinos y caprinos (Rebaño mixto) (1), Suidos (50)",1325,0
6059,159038,15.00655,-92.431045,2025-05-20,Huehuetán,"Ovino de 1 año de edad con miasis en pezuña.
","Aves (1), Gatos (1), Bovinos (1114), Perros (73), Équidos (59), Caprinos (1), Ovinos (25), Ovinos y caprinos (Rebaño mixto) (1), Suidos (50)",1325,0
6059,159672,15.723761,-93.24576,2025-05-19,Pijijiapan,"Bovino de 5 años de edad con miasis en miembro posterior derecho.
","Aves (1), Gatos (1), Bovinos (1114), Perros (73), Équidos (59), Caprinos (1), Ovinos (25), Ovinos y caprinos (Rebaño mixto) (1), Suidos (50)",1325,0
6059,159561,17.62302,-92.1031,2025-05-17,Palenque,"Bovino de 8 días de edad con miasis en	región umbilical.
","Aves (1), Gatos (1), Bovinos (1114), Perros (73), Équidos (59), Caprinos (1), Ovinos (25), Ovinos y caprinos (Rebaño mixto) (1), Suidos (50)",1325,0
6059,159560,17.08171,-91.58444,2025-05-16,Ocosingo,"Bovino de 10 días de edad con miasis en región umbilical.
","Aves (1), Gatos (1), Bovinos (1114), Perros (73), Équidos (59), Caprinos (1), Ovinos (25), Ovinos y caprinos (Rebaño mixto) (1), Suidos (50)",1325,0
6059,159669,15.70505,-93.178365,2025-05-16,Pijijiapan,"Bovino de 5 años de edad con miasis en oreja.
","Aves (1), Gatos (1), Bovinos (1114), Perros (73), Équidos (59), Caprinos (1), Ovinos (25), Ovinos y caprinos (Rebaño mixto) (1), Suidos (50)",1325,0
6059,159668,15.531096,-93.024747,2025-05-15,Mapastepec,"Bovino de 4 años de edad con miasis en oreja.
","Aves (1), Gatos (1), Bovinos (1114), Perros (73), Équidos (59), Caprinos (1), Ovinos (25), Ovinos y caprinos (Rebaño mixto) (1), Suidos (50)",1325,0
6059,159670,15.789127,-93.35474,2025-05-15,Pijijiapan,"Bovino de 10 días de edad con miasis en región umbilical.
","Aves (1), Gatos (1), Bovinos (1114), Perros (73), Équidos (59), Caprinos (1), Ovinos (25), Ovinos y caprinos (Rebaño mixto) (1), Suidos (50)",1325,0
6059,159671,15.547132,-93.092376,2025-05-14,Pijijiapan,"Bovino de 12 días de edad con miasis en oreja.
","Aves (1), Gatos (1), Bovinos (1114), Perros (73), Équidos (59), Caprinos (1), Ovinos (25), Ovinos y caprinos (Rebaño mixto) (1), Suidos (50)",1325,0
6059,159613,15.71233,-93.37288,2025-05-13,Pijijiapan,"Bovino de 3 años	de edad con sacro.
","Aves (1), Gatos (1), Bovinos (1114), Perros (73), Équidos (59), Caprinos (1), Ovinos (25), Ovinos y caprinos (Rebaño mixto) (1), Suidos (50)",1325,0
6059,159617,15.72004,-93.29398,2025-05-13,Pijijiapan,"Bovino de 12 días de edad con miasis en región umbilical.
","Aves (1), Gatos (1), Bovinos (1114), Perros (73), Équidos (59), Caprinos (1), Ovinos (25), Ovinos y caprinos (Rebaño mixto) (1), Suidos (50)",1325,0
6059,159620,15.60898,-93.08611,2025-05-13,Pijijiapan,"Bovino de 5 años	de edad con miasis en prepucio.
","Aves (1), Gatos (1), Bovinos (1114), Perros (73), Équidos (59), Caprinos (1), Ovinos (25), Ovinos y caprinos (Rebaño mixto) (1), Suidos (50)",1325,0
6059,159610,15.70505,-93.17837,2025-05-12,Pijijiapan,"Bovino de 1 año de edad con miasis en nuca.
","Aves (1), Gatos (1), Bovinos (1114), Perros (73), Équidos (59), Caprinos (1), Ovinos (25), Ovinos y caprinos (Rebaño mixto) (1), Suidos (50)",1325,0
6059,159607,15.67654,-93.36872,2025-05-10,Pijijiapan,"Suino de 2 años de edad con miasis en cuello.
","Aves (1), Gatos (1), Bovinos (1114), Perros (73), Équidos (59), Caprinos (1), Ovinos (25), Ovinos y caprinos (Rebaño mixto) (1), Suidos (50)",1325,0
6059,159537,17.48628,-91.82242,2025-05-09,Palenque,"Bovino de 8 días de edad con miasis en	región umbilical.
","Aves (1), Gatos (1), Bovinos (1114), Perros (73), Équidos (59), Caprinos (1), Ovinos (25), Ovinos y caprinos (Rebaño mixto) (1), Suidos (50)",1325,0
6059,159603,15.62376,-93.11453,2025-05-09,Pijijiapan,"Bovino de 13 días de edad en miasis en región umbilical.
","Aves (1), Gatos (1), Bovinos (1114), Perros (73), Équidos (59), Caprinos (1), Ovinos (25), Ovinos y caprinos (Rebaño mixto) (1), Suidos (50)",1325,0
6059,159605,15.51424,-92.9635,2025-05-09,Mapastepec,"Bovino de 4 días de edad con miasis en	región umbilical.
","Aves (1), Gatos (1), Bovinos (1114), Perros (73), Équidos (59), Caprinos (1), Ovinos (25), Ovinos y caprinos (Rebaño mixto) (1), Suidos (50)",1325,0
6059,159538,17.38693,-91.62137,2025-05-08,Palenque,"Dos suinos de 1 mes ambos, uno con miasis en ojo izquierdo y el otro en ojo derecho.
","Aves (1), Gatos (1), Bovinos (1114), Perros (73), Équidos (59), Caprinos (1), Ovinos (25), Ovinos y caprinos (Rebaño mixto) (1), Suidos (50)",1325,0
6059,159539,17.16795,-91.60672,2025-05-08,Palenque,"Bovino de 7 años de edad con miasis en escápula.
","Aves (1), Gatos (1), Bovinos (1114), Perros (73), Équidos (59), Caprinos (1), Ovinos (25), Ovinos y caprinos (Rebaño mixto) (1), Suidos (50)",1325,0
6059,159540,17.37974,-91.80799,2025-05-08,Palenque,"Bovino de 1 mes de edad con miasis en región umbilical.
","Aves (1), Gatos (1), Bovinos (1114), Perros (73), Équidos (59), Caprinos (1), Ovinos (25), Ovinos y caprinos (Rebaño mixto) (1), Suidos (50)",1325,0
6059,159556,14.92731,-92.26459,2025-04-29,Tapachula,"Canino de 9 años de edad con miasis en miembro posterior derecho.
","Aves (1), Gatos (1), Bovinos (1114), Perros (73), Équidos (59), Caprinos (1), Ovinos (25), Ovinos y caprinos (Rebaño mixto) (1), Suidos (50)",1325,0
6059,159673,16.78179,-91.48482,2025-04-09,Ocosingo,"Bovino de 20 días de edad con miasis en región umbilical.
","Aves (1), Gatos (1), Bovinos (1114), Perros (73), Équidos (59), Caprinos (1), Ovinos (25), Ovinos y caprinos (Rebaño mixto) (1), Suidos (50)",1325,0
6059,159064,16.15501,-93.224277,2025-05-20,Villa Corzo,"Suino de 2 meses de edad con miasis en región escrotal.
","Aves (1), Gatos (1), Bovinos (1114), Perros (73), Équidos (59), Caprinos (1), Ovinos (25), Ovinos y caprinos (Rebaño mixto) (1), Suidos (50)",1325,0
6059,157958,16.10873,-93.79436,2025-05-03,Tonalá,"Dos caninos de 6 y 9 años de edad, uno con miasis en cabeza y otro en miembro anterior derecho.
","Aves (1), Gatos (1), Bovinos (1114), Perros (73), Équidos (59), Caprinos (1), Ovinos (25), Ovinos y caprinos (Rebaño mixto) (1), Suidos (50)",1325,0
6059,157818,15.01365,-92.39665,2025-05-02,Huehuetán,Suino de 2 años de edad con miasis en escápula.,"Aves (1), Gatos (1), Bovinos (1114), Perros (73), Équidos (59), Caprinos (1), Ovinos (25), Ovinos y caprinos (Rebaño mixto) (1), Suidos (50)",1325,0
6059,156448,15.82487,-93.54849,2025-04-23,Tonalá,"Suino de 1.5 años de edad con miasis en la región dorsal del cuello.
","Aves (1), Gatos (1), Bovinos (1114), Perros (73), Équidos (59), Caprinos (1), Ovinos (25), Ovinos y caprinos (Rebaño mixto) (1), Suidos (50)",1325,0
6059,156426,15.33819,-92.61066,2025-04-17,Escuintla,"Equino de 3 años de edad con miasis en la región vulvar. Nota del 10/06/2025: se cambió la especie indicada en este brote después que el país indicara información adicional.
","Aves (1), Gatos (1), Bovinos (1114), Perros (73), Équidos (59), Caprinos (1), Ovinos (25), Ovinos y caprinos (Rebaño mixto) (1), Suidos (50)",1325,0
6059,159045,15.55075,-92.301924,2025-05-21,Siltepec,"Equino de 3 meses de edad con miasis en región perianal.
","Aves (1), Gatos (1), Bovinos (1114), Perros (73), Équidos (59), Caprinos (1), Ovinos (25), Ovinos y caprinos (Rebaño mixto) (1), Suidos (50)",1325,0
6059,159054,15.42024,-92.562358,2025-05-21,Escuintla,"Bovino de 3 años de edad con miasis en miembro posterior izquierdo.
","Aves (1), Gatos (1), Bovinos (1114), Perros (73), Équidos (59), Caprinos (1), Ovinos (25), Ovinos y caprinos (Rebaño mixto) (1), Suidos (50)",1325,0
6059,159056,17.00993,-91.967148,2025-05-21,Chilón,"Bovino de 11 meses de edad con miasis en oreja.
","Aves (1), Gatos (1), Bovinos (1114), Perros (73), Équidos (59), Caprinos (1), Ovinos (25), Ovinos y caprinos (Rebaño mixto) (1), Suidos (50)",1325,0
6059,159057,14.7528,-92.2774,2025-05-21,Tapachula,"Canino de 2 años de edad con miasis en oreja derecha.
","Aves (1), Gatos (1), Bovinos (1114), Perros (73), Équidos (59), Caprinos (1), Ovinos (25), Ovinos y caprinos (Rebaño mixto) (1), Suidos (50)",1325,0
6059,159087,16.24556,-91.69097,2025-05-21,Las Margaritas,"Equino de 6 años de edad con miasis en antebrazo izquierdo.
","Aves (1), Gatos (1), Bovinos (1114), Perros (73), Équidos (59), Caprinos (1), Ovinos (25), Ovinos y caprinos (Rebaño mixto) (1), Suidos (50)",1325,0
6059,159216,16.31767,-93.41931,2025-05-21,Villaflores,"Bovino de 1 año de edad con miasis en cuello.
","Aves (1), Gatos (1), Bovinos (1114), Perros (73), Équidos (59), Caprinos (1), Ovinos (25), Ovinos y caprinos (Rebaño mixto) (1), Suidos (50)",1325,0
6059,159058,15.19615,-92.594364,2025-05-21,Villa Comaltitlán,"Bovino de 3 años de edad con miasis en región vulvar. Equino de 5 años de edad con miasis en miembro posterior izquierdo.
","Aves (1), Gatos (1), Bovinos (1114), Perros (73), Équidos (59), Caprinos (1), Ovinos (25), Ovinos y caprinos (Rebaño mixto) (1), Suidos (50)",1325,0
6059,158959,14.80442,-92.188781,2025-05-20,Frontera Hidalgo,"Canino de 16 años de edad con miasis en lado izquierdo de mandíbula.
","Aves (1), Gatos (1), Bovinos (1114), Perros (73), Équidos (59), Caprinos (1), Ovinos (25), Ovinos y caprinos (Rebaño mixto) (1), Suidos (50)",1325,0
6059,159035,15.16004,-92.471297,2025-05-20,Huixtla,"Suino de 1 año de edad con miasis en el lomo y oreja derecha.
","Aves (1), Gatos (1), Bovinos (1114), Perros (73), Équidos (59), Caprinos (1), Ovinos (25), Ovinos y caprinos (Rebaño mixto) (1), Suidos (50)",1325,0
6059,159036,15.0535,-92.504838,2025-05-20,Huixtla,"Bovino de 15 días de edad con miasis en región umbilical.
","Aves (1), Gatos (1), Bovinos (1114), Perros (73), Équidos (59), Caprinos (1), Ovinos (25), Ovinos y caprinos (Rebaño mixto) (1), Suidos (50)",1325,0
6059,159037,15.00636,-92.431413,2025-05-20,Huehuetán,"ovino de 1 año de edad con miasis en miembro anterior derecho.
","Aves (1), Gatos (1), Bovinos (1114), Perros (73), Équidos (59), Caprinos (1), Ovinos (25), Ovinos y caprinos (Rebaño mixto) (1), Suidos (50)",1325,0
6059,159040,16.0204,-93.691621,2025-05-20,Tonalá,"Bovino de 3 años de edad con miasis en región vulvar,
","Aves (1), Gatos (1), Bovinos (1114), Perros (73), Équidos (59), Caprinos (1), Ovinos (25), Ovinos y caprinos (Rebaño mixto) (1), Suidos (50)",1325,0
6059,159039,15.36111,-92.587469,2025-05-20,Escuintla,"Bovino de 1 año de edad con miasis en oreja derecha.
","Aves (1), Gatos (1), Bovinos (1114), Perros (73), Équidos (59), Caprinos (1), Ovinos (25), Ovinos y caprinos (Rebaño mixto) (1), Suidos (50)",1325,0
6059,159044,16.83935,-91.211552,2025-05-20,Ocosingo,"Bovino de 8 días de edad con miasis en	región umbilical.
","Aves (1), Gatos (1), Bovinos (1114), Perros (73), Équidos (59), Caprinos (1), Ovinos (25), Ovinos y caprinos (Rebaño mixto) (1), Suidos (50)",1325,0
6059,159046,15.589,-92.498668,2025-05-20,Siltepec,"Bovino de 6 años de edad con miasis en región vaginal.
","Aves (1), Gatos (1), Bovinos (1114), Perros (73), Équidos (59), Caprinos (1), Ovinos (25), Ovinos y caprinos (Rebaño mixto) (1), Suidos (50)",1325,0
6059,159047,15.59032,-92.502139,2025-05-20,Siltepec,"Bovino de 10 días de edad con miasis en región umbilical.
","Aves (1), Gatos (1), Bovinos (1114), Perros (73), Équidos (59), Caprinos (1), Ovinos (25), Ovinos y caprinos (Rebaño mixto) (1), Suidos (50)",1325,0
6059,159048,15.62256,-92.520267,2025-05-20,Siltepec,"Bovino de 7 días de edad con miasis en	región umbilical.
","Aves (1), Gatos (1), Bovinos (1114), Perros (73), Équidos (59), Caprinos (1), Ovinos (25), Ovinos y caprinos (Rebaño mixto) (1), Suidos (50)",1325,0
6059,159049,15.62389,-92.521552,2025-05-20,Siltepec,"Bovino de 7 años de edad con miasis en cuerno.
","Aves (1), Gatos (1), Bovinos (1114), Perros (73), Équidos (59), Caprinos (1), Ovinos (25), Ovinos y caprinos (Rebaño mixto) (1), Suidos (50)",1325,0
6059,159051,15.62575,-92.509802,2025-05-20,Siltepec,"Bovino de 10 días de edad con miasis en región umbilical.
","Aves (1), Gatos (1), Bovinos (1114), Perros (73), Équidos (59), Caprinos (1), Ovinos (25), Ovinos y caprinos (Rebaño mixto) (1), Suidos (50)",1325,0
6059,159055,16.06409,-93.36469,2025-05-20,Villa Corzo,"Bovino de 1 mes y medio de edad con miasis en región umbilical.
","Aves (1), Gatos (1), Bovinos (1114), Perros (73), Équidos (59), Caprinos (1), Ovinos (25), Ovinos y caprinos (Rebaño mixto) (1), Suidos (50)",1325,0
6059,159059,16.14134,-93.112319,2025-05-20,Villa Corzo,"Bovino de 1 mes de edad con miasis en	región umbilical.
","Aves (1), Gatos (1), Bovinos (1114), Perros (73), Équidos (59), Caprinos (1), Ovinos (25), Ovinos y caprinos (Rebaño mixto) (1), Suidos (50)",1325,0
6059,159060,17.44555,-92.49166,2025-05-20,Tila,"Bovino de 7 días de edad con miasis en	región umbilical.
","Aves (1), Gatos (1), Bovinos (1114), Perros (73), Équidos (59), Caprinos (1), Ovinos (25), Ovinos y caprinos (Rebaño mixto) (1), Suidos (50)",1325,0
6059,159061,16.47561,-94.088398,2025-05-20,Cintalapa,"Bovino de 6 meses de edad con miasis en cuerno.
","Aves (1), Gatos (1), Bovinos (1114), Perros (73), Équidos (59), Caprinos (1), Ovinos (25), Ovinos y caprinos (Rebaño mixto) (1), Suidos (50)",1325,0
6059,159062,16.32663,-93.008426,2025-05-20,Villa Corzo,"Bovino de 10 días de edad con miasis en región umbilical.
","Aves (1), Gatos (1), Bovinos (1114), Perros (73), Équidos (59), Caprinos (1), Ovinos (25), Ovinos y caprinos (Rebaño mixto) (1), Suidos (50)",1325,0
6059,159063,16.35411,-93.364986,2025-05-20,Villaflores,"Bovino de 4 meses de edad con miasis en región umbilical.
","Aves (1), Gatos (1), Bovinos (1114), Perros (73), Équidos (59), Caprinos (1), Ovinos (25), Ovinos y caprinos (Rebaño mixto) (1), Suidos (50)",1325,0
6059,159065,16.49995,-94.117081,2025-05-20,Cintalapa,"Bovino de 2 años de edad con miasis en cuello.
","Aves (1), Gatos (1), Bovinos (1114), Perros (73), Équidos (59), Caprinos (1), Ovinos (25), Ovinos y caprinos (Rebaño mixto) (1), Suidos (50)",1325,0
6059,159067,16.10851,-93.056939,2025-05-20,Villa Corzo,"Bovino de 4 días de edad con miasis en región umbilical.
","Aves (1), Gatos (1), Bovinos (1114), Perros (73), Équidos (59), Caprinos (1), Ovinos (25), Ovinos y caprinos (Rebaño mixto) (1), Suidos (50)",1325,0
6059,159086,16.35588,-91.57103,2025-05-20,Las Margaritas,"Bovino de 6 años de edad con miasis en pezuña izquierda.
","Aves (1), Gatos (1), Bovinos (1114), Perros (73), Équidos (59), Caprinos (1), Ovinos (25), Ovinos y caprinos (Rebaño mixto) (1), Suidos (50)",1325,0
6059,159050,15.63179,-92.509113,2025-05-20,Siltepec,"Bovino de 7 días de edad con miasis en	región umbilical.
","Aves (1), Gatos (1), Bovinos (1114), Perros (73), Équidos (59), Caprinos (1), Ovinos (25), Ovinos y caprinos (Rebaño mixto) (1), Suidos (50)",1325,0
6059,158944,15.42322,-92.574557,2025-05-19,Escuintla,"Bovino de 5 años de edad con miasis en miembro posterior derecho.
","Aves (1), Gatos (1), Bovinos (1114), Perros (73), Équidos (59), Caprinos (1), Ovinos (25), Ovinos y caprinos (Rebaño mixto) (1), Suidos (50)",1325,0
6059,158945,15.42258,-92.558694,2025-05-19,Escuintla,"Bovino de 4 años de edad con miasis en oreja derecha.
","Aves (1), Gatos (1), Bovinos (1114), Perros (73), Équidos (59), Caprinos (1), Ovinos (25), Ovinos y caprinos (Rebaño mixto) (1), Suidos (50)",1325,0
6059,158947,14.84848,-92.191342,2025-05-19,Metapa,"Ovino de 11 meses de edad con miasis en conducto auditivo izquierdo.
","Aves (1), Gatos (1), Bovinos (1114), Perros (73), Équidos (59), Caprinos (1), Ovinos (25), Ovinos y caprinos (Rebaño mixto) (1), Suidos (50)",1325,0
6059,158948,14.73808,-92.22124,2025-05-19,Frontera Hidalgo,"Suido de 3 años de edad con miasis en escroto.
","Aves (1), Gatos (1), Bovinos (1114), Perros (73), Équidos (59), Caprinos (1), Ovinos (25), Ovinos y caprinos (Rebaño mixto) (1), Suidos (50)",1325,0
6059,158949,16.38159,-93.322766,2025-05-19,Villaflores,"Bovino de 1 mes de edad con miasis en región umbilical.
","Aves (1), Gatos (1), Bovinos (1114), Perros (73), Équidos (59), Caprinos (1), Ovinos (25), Ovinos y caprinos (Rebaño mixto) (1), Suidos (50)",1325,0
6059,158950,15.31827,-92.356561,2025-05-19,Motozintla,"Canino de 2 años de edad con miasis en oreja izquierda.
","Aves (1), Gatos (1), Bovinos (1114), Perros (73), Équidos (59), Caprinos (1), Ovinos (25), Ovinos y caprinos (Rebaño mixto) (1), Suidos (50)",1325,0
6059,158951,16.51096,-90.647193,2025-05-19,Ocosingo,"Bovino de 2 años de edad con miasis en sacro.
","Aves (1), Gatos (1), Bovinos (1114), Perros (73), Équidos (59), Caprinos (1), Ovinos (25), Ovinos y caprinos (Rebaño mixto) (1), Suidos (50)",1325,0
6059,158952,16.36927,-90.563748,2025-05-19,Ocosingo,"Bovino de 2 años de edad con miasis en pezuña.
","Aves (1), Gatos (1), Bovinos (1114), Perros (73), Équidos (59), Caprinos (1), Ovinos (25), Ovinos y caprinos (Rebaño mixto) (1), Suidos (50)",1325,0
6059,158962,15.13189,-92.465124,2025-05-19,Tuzantán,"Bovino de 4 años de edad con miasis en región vulvar.
","Aves (1), Gatos (1), Bovinos (1114), Perros (73), Équidos (59), Caprinos (1), Ovinos (25), Ovinos y caprinos (Rebaño mixto) (1), Suidos (50)",1325,0
6059,159042,16.51095,-90.647237,2025-05-19,Ocosingo,"Bovino de 1 año 6 meses de edad con miasis en miembro posterior derecho.
","Aves (1), Gatos (1), Bovinos (1114), Perros (73), Équidos (59), Caprinos (1), Ovinos (25), Ovinos y caprinos (Rebaño mixto) (1), Suidos (50)",1325,0
6059,159043,16.51095,-90.6472371,2025-05-19,Ocosingo,"Bovino de 1 año 4 meses de edad con miasis en flanco izquierdo.
","Aves (1), Gatos (1), Bovinos (1114), Perros (73), Équidos (59), Caprinos (1), Ovinos (25), Ovinos y caprinos (Rebaño mixto) (1), Suidos (50)",1325,0
6059,159052,16.13564,-92.649691,2025-05-19,La Concordia,"Bovino de 6 años de edad con miasis en pezuña.
","Aves (1), Gatos (1), Bovinos (1114), Perros (73), Équidos (59), Caprinos (1), Ovinos (25), Ovinos y caprinos (Rebaño mixto) (1), Suidos (50)",1325,0
6059,159066,16.2806,-93.40411,2025-05-19,Villa Corzo,"Bovino de 6 años de edad con miasis en ubre.
","Aves (1), Gatos (1), Bovinos (1114), Perros (73), Équidos (59), Caprinos (1), Ovinos (25), Ovinos y caprinos (Rebaño mixto) (1), Suidos (50)",1325,0
6059,159041,16.50324,-90.66113,2025-05-19,Ocosingo,"Bovino de 2 años de edad con miasis en el pecho.
","Aves (1), Gatos (1), Bovinos (1114), Perros (73), Équidos (59), Caprinos (1), Ovinos (25), Ovinos y caprinos (Rebaño mixto) (1), Suidos (50)",1325,0
6059,158960,15.15822,-92.478121,2025-05-18,Huixtla,"Felino de 6 años de edad con miasis en el lado derecho del cuello.
","Aves (1), Gatos (1), Bovinos (1114), Perros (73), Équidos (59), Caprinos (1), Ovinos (25), Ovinos y caprinos (Rebaño mixto) (1), Suidos (50)",1325,0
6059,158963,14.94585,-92.313418,2025-05-18,Tapachula,"Bovino de 6 días de edad con miasis en	región umbilical.
","Aves (1), Gatos (1), Bovinos (1114), Perros (73), Équidos (59), Caprinos (1), Ovinos (25), Ovinos y caprinos (Rebaño mixto) (1), Suidos (50)",1325,0
6059,159034,15.1348,-92.467691,2025-05-18,Huixtla,"Canino de 2 años de edad con miasis en miembro posterior derecho.
","Aves (1), Gatos (1), Bovinos (1114), Perros (73), Équidos (59), Caprinos (1), Ovinos (25), Ovinos y caprinos (Rebaño mixto) (1), Suidos (50)",1325,0
6059,158938,15.19017,-92.393334,2025-05-17,Tuzantán,"Bovino de 4 años de edad con miasis en oreja izquierda.
","Aves (1), Gatos (1), Bovinos (1114), Perros (73), Équidos (59), Caprinos (1), Ovinos (25), Ovinos y caprinos (Rebaño mixto) (1), Suidos (50)",1325,0
6059,158957,16.04057,-93.739112,2025-05-18,Tonalá,"Bovino de 5 años de edad con miasis en ubre.
","Aves (1), Gatos (1), Bovinos (1114), Perros (73), Équidos (59), Caprinos (1), Ovinos (25), Ovinos y caprinos (Rebaño mixto) (1), Suidos (50)",1325,0
6059,158958,16.03094,-93.8129,2025-05-18,Tonalá,"Bovino de 1 año de edad con miasis en cuello.
","Aves (1), Gatos (1), Bovinos (1114), Perros (73), Équidos (59), Caprinos (1), Ovinos (25), Ovinos y caprinos (Rebaño mixto) (1), Suidos (50)",1325,0
6059,158961,15.13222,-92.51651,2025-05-18,Huixtla,"Bovino de 8 días de edad con miasis en el pecho.
","Aves (1), Gatos (1), Bovinos (1114), Perros (73), Équidos (59), Caprinos (1), Ovinos (25), Ovinos y caprinos (Rebaño mixto) (1), Suidos (50)",1325,0
6059,158939,14.87193,-92.429267,2025-05-17,Mazatán,"Bovino de 7 días de edad con miasis en	región umbilical.
","Aves (1), Gatos (1), Bovinos (1114), Perros (73), Équidos (59), Caprinos (1), Ovinos (25), Ovinos y caprinos (Rebaño mixto) (1), Suidos (50)",1325,0
6059,158941,16.96016,-93.014735,2025-05-17,Soyaló,"Bovino de 15 días de edad con miasis en región umbilical.
","Aves (1), Gatos (1), Bovinos (1114), Perros (73), Équidos (59), Caprinos (1), Ovinos (25), Ovinos y caprinos (Rebaño mixto) (1), Suidos (50)",1325,0
6059,158943,15.79926,-92.753802,2025-05-17,Angel Albino Corzo,"Bovino de 8 años de edad con miasis en ojo.
","Aves (1), Gatos (1), Bovinos (1114), Perros (73), Équidos (59), Caprinos (1), Ovinos (25), Ovinos y caprinos (Rebaño mixto) (1), Suidos (50)",1325,0
6059,158955,15.95645,-93.658245,2025-05-17,Tonalá,"Bovino de 7 días de edad con miasis en miembro posterior derecho.
","Aves (1), Gatos (1), Bovinos (1114), Perros (73), Équidos (59), Caprinos (1), Ovinos (25), Ovinos y caprinos (Rebaño mixto) (1), Suidos (50)",1325,0
6059,158956,16.04057,-93.739112,2025-05-17,Tonalá,"Bovino de 4 años de edad con miasis en región vulvar.
","Aves (1), Gatos (1), Bovinos (1114), Perros (73), Équidos (59), Caprinos (1), Ovinos (25), Ovinos y caprinos (Rebaño mixto) (1), Suidos (50)",1325,0
6059,159053,16.19514,-93.102707,2025-05-17,Villa Corzo,"Bovino de 2 meses de edad con miasis en región umbilical.
","Aves (1), Gatos (1), Bovinos (1114), Perros (73), Équidos (59), Caprinos (1), Ovinos (25), Ovinos y caprinos (Rebaño mixto) (1), Suidos (50)",1325,0
6059,159218,17.70787,-92.01625,2025-05-17,Catazajá,"Lote de 37 bovinos para abasto de carne en movilización, donde se identificó un animal de 10 años de edad con miasis en ubre, en un punto de verificación e inspección federal (PVIF). ","Aves (1), Gatos (1), Bovinos (1114), Perros (73), Équidos (59), Caprinos (1), Ovinos (25), Ovinos y caprinos (Rebaño mixto) (1), Suidos (50)",1325,0
6059,158925,15.36408,-92.621346,2025-05-16,Escuintla,"Bovino de 20 días de edad con miasis en la región umbilical.
","Aves (1), Gatos (1), Bovinos (1114), Perros (73), Équidos (59), Caprinos (1), Ovinos (25), Ovinos y caprinos (Rebaño mixto) (1), Suidos (50)",1325,0
6059,158940,16.37507,-91.95726,2025-05-16,Las Margaritas,"Bovino de 10 años de edad con miasis en ubre.
","Aves (1), Gatos (1), Bovinos (1114), Perros (73), Équidos (59), Caprinos (1), Ovinos (25), Ovinos y caprinos (Rebaño mixto) (1), Suidos (50)",1325,0
6059,159125,16.97812,-93.31922,2025-05-16,Berriozábal,"Bovino de 10 días de edad con miasis en región umbilical.
","Aves (1), Gatos (1), Bovinos (1114), Perros (73), Équidos (59), Caprinos (1), Ovinos (25), Ovinos y caprinos (Rebaño mixto) (1), Suidos (50)",1325,0
6059,158929,16.90639,-92.089858,2025-05-16,Ocosingo,"Canino de 9 años	de edad con miasis en canal auditivo izquierdo.
","Aves (1), Gatos (1), Bovinos (1114), Perros (73), Équidos (59), Caprinos (1), Ovinos (25), Ovinos y caprinos (Rebaño mixto) (1), Suidos (50)",1325,0
6059,158937,15.78645,-93.464278,2025-05-16,Tonalá,"Bovino de 8 días de edad con miasis en	región umbilical.
","Aves (1), Gatos (1), Bovinos (1114), Perros (73), Équidos (59), Caprinos (1), Ovinos (25), Ovinos y caprinos (Rebaño mixto) (1), Suidos (50)",1325,0
6059,158926,15.25847,-92.634488,2025-05-16,Acapetahua,"Bovino de 6 días de edad con miasis en	región umbilical.
","Aves (1), Gatos (1), Bovinos (1114), Perros (73), Équidos (59), Caprinos (1), Ovinos (25), Ovinos y caprinos (Rebaño mixto) (1), Suidos (50)",1325,0
6059,158927,14.84938,-92.186954,2025-05-16,Metapa,"Suino de 1 año de edad con miasis en cuello.
","Aves (1), Gatos (1), Bovinos (1114), Perros (73), Équidos (59), Caprinos (1), Ovinos (25), Ovinos y caprinos (Rebaño mixto) (1), Suidos (50)",1325,0
6059,158934,16.01055,-93.694532,2025-05-16,Tonalá,"Equino de 2 años de edad con miasis en ingle.
","Aves (1), Gatos (1), Bovinos (1114), Perros (73), Équidos (59), Caprinos (1), Ovinos (25), Ovinos y caprinos (Rebaño mixto) (1), Suidos (50)",1325,0
6059,158935,15.87773,-93.53033,2025-05-16,Tonalá,"Suino de 50 días de edad con miasis en	orejas.
","Aves (1), Gatos (1), Bovinos (1114), Perros (73), Équidos (59), Caprinos (1), Ovinos (25), Ovinos y caprinos (Rebaño mixto) (1), Suidos (50)",1325,0
6059,158936,15.94989,-93.52295,2025-05-16,Tonalá,"Bovino de 15 días de edad con miasis en región umbilical.
","Aves (1), Gatos (1), Bovinos (1114), Perros (73), Équidos (59), Caprinos (1), Ovinos (25), Ovinos y caprinos (Rebaño mixto) (1), Suidos (50)",1325,0
6059,158767,15.2614,-92.736716,2025-05-15,Acapetahua,"Bovino de 2 meses de edad con miasis en región umbilical.
","Aves (1), Gatos (1), Bovinos (1114), Perros (73), Équidos (59), Caprinos (1), Ovinos (25), Ovinos y caprinos (Rebaño mixto) (1), Suidos (50)",1325,0
6059,158768,15.41327,-92.656025,2025-05-15,Acacoyagua,"Bovino de 2 años de edad con miasis en cuernos.
","Aves (1), Gatos (1), Bovinos (1114), Perros (73), Équidos (59), Caprinos (1), Ovinos (25), Ovinos y caprinos (Rebaño mixto) (1), Suidos (50)",1325,0
6059,158769,16.91857,-91.322565,2025-05-15,Ocosingo,"Bovino de 4 días de edad con miasis en	región umbilical.
","Aves (1), Gatos (1), Bovinos (1114), Perros (73), Équidos (59), Caprinos (1), Ovinos (25), Ovinos y caprinos (Rebaño mixto) (1), Suidos (50)",1325,0
6059,158770,14.84021,-92.287417,2025-05-15,Tapachula,"Suino de 2 años de edad con miasis en lomo.
","Aves (1), Gatos (1), Bovinos (1114), Perros (73), Équidos (59), Caprinos (1), Ovinos (25), Ovinos y caprinos (Rebaño mixto) (1), Suidos (50)",1325,0
6059,158771,14.75465,-92.174254,2025-05-15,Frontera Hidalgo,"Bovino de 4 días de edad con miasis en	región umbilical.
","Aves (1), Gatos (1), Bovinos (1114), Perros (73), Équidos (59), Caprinos (1), Ovinos (25), Ovinos y caprinos (Rebaño mixto) (1), Suidos (50)",1325,0
6059,158772,14.7366,-92.3207,2025-05-15,Tapachula,"Suino de 3 años de edad con miasis en costillas del lado izquierdo.
","Aves (1), Gatos (1), Bovinos (1114), Perros (73), Équidos (59), Caprinos (1), Ovinos (25), Ovinos y caprinos (Rebaño mixto) (1), Suidos (50)",1325,0
6059,158773,16.92322,-91.371959,2025-05-15,Ocosingo,"Bovino de 10 días de edad con miasis en región umbilical.
","Aves (1), Gatos (1), Bovinos (1114), Perros (73), Équidos (59), Caprinos (1), Ovinos (25), Ovinos y caprinos (Rebaño mixto) (1), Suidos (50)",1325,0
6059,158774,15.1348,-92.467691,2025-05-15,Huixtla,"Bovino de 7 días de edad con miasis en	región umbilical.
","Aves (1), Gatos (1), Bovinos (1114), Perros (73), Équidos (59), Caprinos (1), Ovinos (25), Ovinos y caprinos (Rebaño mixto) (1), Suidos (50)",1325,0
6059,158775,14.99856,-92.436173,2025-05-15,Huehuetán,"Ovion de 2 años de edad con miasis en	pecho.
","Aves (1), Gatos (1), Bovinos (1114), Perros (73), Équidos (59), Caprinos (1), Ovinos (25), Ovinos y caprinos (Rebaño mixto) (1), Suidos (50)",1325,0
6059,158776,15.12745,-92.600695,2025-05-15,Huixtla,"Bovino de 6 años de edad con miasis en ubre.
","Aves (1), Gatos (1), Bovinos (1114), Perros (73), Équidos (59), Caprinos (1), Ovinos (25), Ovinos y caprinos (Rebaño mixto) (1), Suidos (50)",1325,0
6059,158777,15.1363,-92.465001,2025-05-15,Huixtla,"Canino de 1 año de edad con miasis en pecho.
","Aves (1), Gatos (1), Bovinos (1114), Perros (73), Équidos (59), Caprinos (1), Ovinos (25), Ovinos y caprinos (Rebaño mixto) (1), Suidos (50)",1325,0
6059,158921,16.32687,-92.887055,2025-05-15,Chiapa de Corzo,"Bovino de 6 años de edad con miasis en oreja derecha.
","Aves (1), Gatos (1), Bovinos (1114), Perros (73), Équidos (59), Caprinos (1), Ovinos (25), Ovinos y caprinos (Rebaño mixto) (1), Suidos (50)",1325,0
6059,158922,16.50425,-91.74594,2025-05-15,Las Margaritas,"Bovino de 3 años de edad con miasis en tarso.
","Aves (1), Gatos (1), Bovinos (1114), Perros (73), Équidos (59), Caprinos (1), Ovinos (25), Ovinos y caprinos (Rebaño mixto) (1), Suidos (50)",1325,0
6059,158924,16.88997,-92.103449,2025-05-15,Ocosingo,"Bovino de 3 años de edad con miasis en la base de la cola.
","Aves (1), Gatos (1), Bovinos (1114), Perros (73), Équidos (59), Caprinos (1), Ovinos (25), Ovinos y caprinos (Rebaño mixto) (1), Suidos (50)",1325,0
6059,158928,16.06072,-93.374853,2025-05-15,Villa Corzo,"Bovino de 7 años de edad con miasis en cuerno.
","Aves (1), Gatos (1), Bovinos (1114), Perros (73), Équidos (59), Caprinos (1), Ovinos (25), Ovinos y caprinos (Rebaño mixto) (1), Suidos (50)",1325,0
6059,158933,16.18964,-93.863081,2025-05-15,Arriaga,"Bovino de 7 días de edad con miasis en	región umbilical.
","Aves (1), Gatos (1), Bovinos (1114), Perros (73), Équidos (59), Caprinos (1), Ovinos (25), Ovinos y caprinos (Rebaño mixto) (1), Suidos (50)",1325,0
6059,158942,17.7194,-92.008453,2025-05-15,Catazajá,"Bovino de 10 días de edad con miasis en región umbilical.
","Aves (1), Gatos (1), Bovinos (1114), Perros (73), Équidos (59), Caprinos (1), Ovinos (25), Ovinos y caprinos (Rebaño mixto) (1), Suidos (50)",1325,0
6059,158946,16.10182,-93.00822,2025-05-15,Villa Corzo,"Bovino de 4 años de edad con miasis en región vulvar.
","Aves (1), Gatos (1), Bovinos (1114), Perros (73), Équidos (59), Caprinos (1), Ovinos (25), Ovinos y caprinos (Rebaño mixto) (1), Suidos (50)",1325,0
6059,158759,17.01085,-91.96842,2025-05-14,Chilón,"Bovino de 8 meses de edad con miasis en antebrazo.
","Aves (1), Gatos (1), Bovinos (1114), Perros (73), Équidos (59), Caprinos (1), Ovinos (25), Ovinos y caprinos (Rebaño mixto) (1), Suidos (50)",1325,0
6059,158760,15.43225,-92.656068,2025-05-14,Acacoyagua,"Bovino de 1 año de edad con miasis en región anal.
","Aves (1), Gatos (1), Bovinos (1114), Perros (73), Équidos (59), Caprinos (1), Ovinos (25), Ovinos y caprinos (Rebaño mixto) (1), Suidos (50)",1325,0
6059,158761,15.3593,-92.656709,2025-05-14,Escuintla,"Bovino de 9 meses de edad con miasis en cara.
","Aves (1), Gatos (1), Bovinos (1114), Perros (73), Équidos (59), Caprinos (1), Ovinos (25), Ovinos y caprinos (Rebaño mixto) (1), Suidos (50)",1325,0
6059,158762,14.89892,-92.267211,2025-05-14,Tapachula,"Ovino de 4 años de edad con miasis en	oreja izquierda.
","Aves (1), Gatos (1), Bovinos (1114), Perros (73), Équidos (59), Caprinos (1), Ovinos (25), Ovinos y caprinos (Rebaño mixto) (1), Suidos (50)",1325,0
6059,158763,14.87072,-92.249035,2025-05-14,Tapachula,"Canino de 2 años de edad con miasis en cuello.
","Aves (1), Gatos (1), Bovinos (1114), Perros (73), Équidos (59), Caprinos (1), Ovinos (25), Ovinos y caprinos (Rebaño mixto) (1), Suidos (50)",1325,0
6059,158764,16.30873,-93.786154,2025-05-14,Villaflores,"Bovino de 4 años de edad con miasis en cuernos.
","Aves (1), Gatos (1), Bovinos (1114), Perros (73), Équidos (59), Caprinos (1), Ovinos (25), Ovinos y caprinos (Rebaño mixto) (1), Suidos (50)",1325,0
6059,158765,15.58405,-92.394675,2025-05-14,Siltepec,"Bovino de 7 días de edad con miasis en región umbilical.
","Aves (1), Gatos (1), Bovinos (1114), Perros (73), Équidos (59), Caprinos (1), Ovinos (25), Ovinos y caprinos (Rebaño mixto) (1), Suidos (50)",1325,0
6059,158766,15.2614,-92.736716,2025-05-14,Acapetahua,"Bovino de 5 días de edad con miasis en región umbilical.
","Aves (1), Gatos (1), Bovinos (1114), Perros (73), Équidos (59), Caprinos (1), Ovinos (25), Ovinos y caprinos (Rebaño mixto) (1), Suidos (50)",1325,0
6059,158931,15.82123,-93.561222,2025-05-14,Tonalá,"Bovino de 13 días de edad con miasis de región umbilical.
","Aves (1), Gatos (1), Bovinos (1114), Perros (73), Équidos (59), Caprinos (1), Ovinos (25), Ovinos y caprinos (Rebaño mixto) (1), Suidos (50)",1325,0
6059,158932,15.91757,-93.500738,2025-05-14,Tonalá,"Bovino de 8 años de edad con miasis en ubre.
","Aves (1), Gatos (1), Bovinos (1114), Perros (73), Équidos (59), Caprinos (1), Ovinos (25), Ovinos y caprinos (Rebaño mixto) (1), Suidos (50)",1325,0
6059,159219,15.34129,-92.546132,2025-05-14,Villa Comaltitlán,Bovino de 7 días de edad con miasis en región umbilical.,"Aves (1), Gatos (1), Bovinos (1114), Perros (73), Équidos (59), Caprinos (1), Ovinos (25), Ovinos y caprinos (Rebaño mixto) (1), Suidos (50)",1325,0
6059,158923,16.94399,-91.949827,2025-05-14,Ocosingo,"Bovino de 1 mes de edad con miasis en región umbilical.
","Aves (1), Gatos (1), Bovinos (1114), Perros (73), Équidos (59), Caprinos (1), Ovinos (25), Ovinos y caprinos (Rebaño mixto) (1), Suidos (50)",1325,0
6059,158735,15.34543,-92.576676,2025-05-13,Escuintla,"Bovino de 6 años de edad con miasis en codo.
","Aves (1), Gatos (1), Bovinos (1114), Perros (73), Équidos (59), Caprinos (1), Ovinos (25), Ovinos y caprinos (Rebaño mixto) (1), Suidos (50)",1325,0
6059,158743,14.76863,-92.18346,2025-05-13,Frontera Hidalgo,"Canino de 2 años de edad con miasis en miembro anterior izquierdo.
","Aves (1), Gatos (1), Bovinos (1114), Perros (73), Équidos (59), Caprinos (1), Ovinos (25), Ovinos y caprinos (Rebaño mixto) (1), Suidos (50)",1325,0
6059,158744,17.73673,-91.774978,2025-05-13,Palenque,"Bovino de 2 meses de edad con miasis en oreja.
","Aves (1), Gatos (1), Bovinos (1114), Perros (73), Équidos (59), Caprinos (1), Ovinos (25), Ovinos y caprinos (Rebaño mixto) (1), Suidos (50)",1325,0
6059,158746,16.08253,-91.032522,2025-05-13,Ocosingo,"Bovino de 6 días de edad con miasis en	región umbilical.
","Aves (1), Gatos (1), Bovinos (1114), Perros (73), Équidos (59), Caprinos (1), Ovinos (25), Ovinos y caprinos (Rebaño mixto) (1), Suidos (50)",1325,0
6059,158745,16.87685,-91.265317,2025-05-13,Ocosingo,"Bovino de 1 mes de edad con miasis en región umbilical.
","Aves (1), Gatos (1), Bovinos (1114), Perros (73), Équidos (59), Caprinos (1), Ovinos (25), Ovinos y caprinos (Rebaño mixto) (1), Suidos (50)",1325,0
6059,158747,17.58278,-91.651695,2025-05-13,La Libertad,"Bovino de 1 mes de edad con miasis en	oreja.
","Aves (1), Gatos (1), Bovinos (1114), Perros (73), Équidos (59), Caprinos (1), Ovinos (25), Ovinos y caprinos (Rebaño mixto) (1), Suidos (50)",1325,0
6059,158748,16.40621,-93.667002,2025-05-13,Villaflores,"Bovino de 5 días de edad con miasis en región umbilical.
","Aves (1), Gatos (1), Bovinos (1114), Perros (73), Équidos (59), Caprinos (1), Ovinos (25), Ovinos y caprinos (Rebaño mixto) (1), Suidos (50)",1325,0
6059,158750,17.07423,-92.29403,2025-05-13,Chilón,"Bovino de 15 días de edad con miasis en región umbilical.
","Aves (1), Gatos (1), Bovinos (1114), Perros (73), Équidos (59), Caprinos (1), Ovinos (25), Ovinos y caprinos (Rebaño mixto) (1), Suidos (50)",1325,0
6059,158751,16.83126,-91.95054,2025-05-13,Ocosingo,"Bovino de 5 años de edad con miasis en región vulvar.

","Aves (1), Gatos (1), Bovinos (1114), Perros (73), Équidos (59), Caprinos (1), Ovinos (25), Ovinos y caprinos (Rebaño mixto) (1), Suidos (50)",1325,0
6059,158753,15.12571,-92.442421,2025-05-13,Tuzantán,"Suino de 1 año de edad con miasis en miembro posterior izquierdo.
","Aves (1), Gatos (1), Bovinos (1114), Perros (73), Équidos (59), Caprinos (1), Ovinos (25), Ovinos y caprinos (Rebaño mixto) (1), Suidos (50)",1325,0
6059,158754,14.97609,-92.33052,2025-05-13,Tapachula,"Equino de 7 años de edad con miasis en miembro posterior izquierdo.
","Aves (1), Gatos (1), Bovinos (1114), Perros (73), Équidos (59), Caprinos (1), Ovinos (25), Ovinos y caprinos (Rebaño mixto) (1), Suidos (50)",1325,0
6059,158755,15.15589,-92.508988,2025-05-13,Huixtla,"Bovino de 5 años de edad con miasis en ubre.
","Aves (1), Gatos (1), Bovinos (1114), Perros (73), Équidos (59), Caprinos (1), Ovinos (25), Ovinos y caprinos (Rebaño mixto) (1), Suidos (50)",1325,0
6059,158757,15.03222,-92.411031,2025-05-13,Huehuetán,"Bovino de 21 días de edad con miasis en región umbilical.
","Aves (1), Gatos (1), Bovinos (1114), Perros (73), Équidos (59), Caprinos (1), Ovinos (25), Ovinos y caprinos (Rebaño mixto) (1), Suidos (50)",1325,0
6059,158756,14.73282,-92.374419,2025-05-13,Tapachula,"Equino de 5 años de edad con miasis en miembro posterior derecho.
","Aves (1), Gatos (1), Bovinos (1114), Perros (73), Équidos (59), Caprinos (1), Ovinos (25), Ovinos y caprinos (Rebaño mixto) (1), Suidos (50)",1325,0
6059,158758,15.02365,-92.422146,2025-05-13,Huehuetán,"Bovino de 20 días de edad con miasis en región umbilical.
","Aves (1), Gatos (1), Bovinos (1114), Perros (73), Équidos (59), Caprinos (1), Ovinos (25), Ovinos y caprinos (Rebaño mixto) (1), Suidos (50)",1325,0
6059,158719,14.93888,-92.255995,2025-05-12,Tapachula,"Canino de 5 años de edad con miasis en miembro posterior izquierdo.
","Aves (1), Gatos (1), Bovinos (1114), Perros (73), Équidos (59), Caprinos (1), Ovinos (25), Ovinos y caprinos (Rebaño mixto) (1), Suidos (50)",1325,0
6059,158720,14.91725,-92.25283,2025-05-12,Tapachula,"Canino de 6 años de edad con miasis en el pecho.
","Aves (1), Gatos (1), Bovinos (1114), Perros (73), Équidos (59), Caprinos (1), Ovinos (25), Ovinos y caprinos (Rebaño mixto) (1), Suidos (50)",1325,0
6059,158725,15.39266,-92.652085,2025-05-12,Acacoyagua,"Bovino de 4 años de edad con miasis en región vulvar.
","Aves (1), Gatos (1), Bovinos (1114), Perros (73), Équidos (59), Caprinos (1), Ovinos (25), Ovinos y caprinos (Rebaño mixto) (1), Suidos (50)",1325,0
6059,158727,14.85649,-92.359993,2025-05-12,Tapachula,"Bovino de 2 años de edad con miasis en cabeza.
","Aves (1), Gatos (1), Bovinos (1114), Perros (73), Équidos (59), Caprinos (1), Ovinos (25), Ovinos y caprinos (Rebaño mixto) (1), Suidos (50)",1325,0
6059,158728,17.6797,-92.218508,2025-05-12,Palenque,"Bovino de 3 años de edad con región perianal.
","Aves (1), Gatos (1), Bovinos (1114), Perros (73), Équidos (59), Caprinos (1), Ovinos (25), Ovinos y caprinos (Rebaño mixto) (1), Suidos (50)",1325,0
6059,158729,14.8397,-92.279446,2025-05-12,Tapachula,"Bovino de10 días de edad con miasis de región umbilical.
","Aves (1), Gatos (1), Bovinos (1114), Perros (73), Équidos (59), Caprinos (1), Ovinos (25), Ovinos y caprinos (Rebaño mixto) (1), Suidos (50)",1325,0
6059,158731,16.93958,-91.328014,2025-05-12,Ocosingo,"Canino de 3 años de edad con miasis en cuello.
","Aves (1), Gatos (1), Bovinos (1114), Perros (73), Équidos (59), Caprinos (1), Ovinos (25), Ovinos y caprinos (Rebaño mixto) (1), Suidos (50)",1325,0
6059,158732,14.5387,-92.2257,2025-05-12,Suchiate,"Equino de 3 años de edad con miasis en cuello.
","Aves (1), Gatos (1), Bovinos (1114), Perros (73), Équidos (59), Caprinos (1), Ovinos (25), Ovinos y caprinos (Rebaño mixto) (1), Suidos (50)",1325,0
6059,158733,16.81726,-92.03846,2025-05-12,Altamirano,"Bovino de 15 años de edad con miasis en ojo.
","Aves (1), Gatos (1), Bovinos (1114), Perros (73), Équidos (59), Caprinos (1), Ovinos (25), Ovinos y caprinos (Rebaño mixto) (1), Suidos (50)",1325,0
6059,158734,16.84677,-92.10558,2025-05-12,Ocosingo,"Bovino de 2 años y otro de 10 años edad, con uno con miasis en Glúteo y otro en pierna, respectivamente.
","Aves (1), Gatos (1), Bovinos (1114), Perros (73), Équidos (59), Caprinos (1), Ovinos (25), Ovinos y caprinos (Rebaño mixto) (1), Suidos (50)",1325,0
6059,158736,16.0416,-93.113493,2025-05-12,Villa Corzo,Bovino de 8 días de edad con miasis en	región umbilical.,"Aves (1), Gatos (1), Bovinos (1114), Perros (73), Équidos (59), Caprinos (1), Ovinos (25), Ovinos y caprinos (Rebaño mixto) (1), Suidos (50)",1325,0
6059,158737,16.92668,-93.884213,2025-05-12,Cintalapa,"Bovino de 1 año 6 meses de edad con miasis en	cabeza y cuello.
","Aves (1), Gatos (1), Bovinos (1114), Perros (73), Équidos (59), Caprinos (1), Ovinos (25), Ovinos y caprinos (Rebaño mixto) (1), Suidos (50)",1325,0
6059,158738,16.92666,-93.834521,2025-05-12,Cintalapa,"Bovino de 6 años de edad con miasis en miembro posterior derecho.
","Aves (1), Gatos (1), Bovinos (1114), Perros (73), Équidos (59), Caprinos (1), Ovinos (25), Ovinos y caprinos (Rebaño mixto) (1), Suidos (50)",1325,0
6059,158739,16.93769,-93.914978,2025-05-12,Cintalapa,"Bovino de 8 años de edad con miasis en cuernos.
","Aves (1), Gatos (1), Bovinos (1114), Perros (73), Équidos (59), Caprinos (1), Ovinos (25), Ovinos y caprinos (Rebaño mixto) (1), Suidos (50)",1325,0
6059,158740,15.8126,-93.438985,2025-05-12,Tonalá,"Bovino de 6 días de edad con miasis con región umbilical.
","Aves (1), Gatos (1), Bovinos (1114), Perros (73), Équidos (59), Caprinos (1), Ovinos (25), Ovinos y caprinos (Rebaño mixto) (1), Suidos (50)",1325,0
6059,158741,15.81372,-93.531891,2025-05-12,Tonalá,"Bovino de 8 días de edad con miasis en	región umbilical.
","Aves (1), Gatos (1), Bovinos (1114), Perros (73), Équidos (59), Caprinos (1), Ovinos (25), Ovinos y caprinos (Rebaño mixto) (1), Suidos (50)",1325,0
6059,158742,15.94391,-93.609712,2025-05-12,Tonalá,"Bovino de 7 días de edad con miasis en	región umbilical.
","Aves (1), Gatos (1), Bovinos (1114), Perros (73), Équidos (59), Caprinos (1), Ovinos (25), Ovinos y caprinos (Rebaño mixto) (1), Suidos (50)",1325,0
6059,158749,16.18595,-93.091462,2025-05-12,Villa Corzo,"Bovino de 20 días de edad con miasis en región umbilical.
","Aves (1), Gatos (1), Bovinos (1114), Perros (73), Équidos (59), Caprinos (1), Ovinos (25), Ovinos y caprinos (Rebaño mixto) (1), Suidos (50)",1325,0
6059,158752,16.33276,-91.6259,2025-05-12,Las Margaritas,"Equino de 7 años de edad con miasis en testículo.
","Aves (1), Gatos (1), Bovinos (1114), Perros (73), Équidos (59), Caprinos (1), Ovinos (25), Ovinos y caprinos (Rebaño mixto) (1), Suidos (50)",1325,0
6059,158715,15.90667,-93.522182,2025-05-11,Tonalá,"Bovino de 8 meses de edad con miasis en costilla derecha.
","Aves (1), Gatos (1), Bovinos (1114), Perros (73), Équidos (59), Caprinos (1), Ovinos (25), Ovinos y caprinos (Rebaño mixto) (1), Suidos (50)",1325,0
6059,158716,15.8743,-93.46092,2025-05-11,Tonalá,"Equino de 8 años de edad con miasis en cuello.
","Aves (1), Gatos (1), Bovinos (1114), Perros (73), Équidos (59), Caprinos (1), Ovinos (25), Ovinos y caprinos (Rebaño mixto) (1), Suidos (50)",1325,0
6059,158717,16.20599,-93.853012,2025-05-11,Arriaga,"Bovino de 1 año 10 meses de edad con miasis en prepucio.
","Aves (1), Gatos (1), Bovinos (1114), Perros (73), Équidos (59), Caprinos (1), Ovinos (25), Ovinos y caprinos (Rebaño mixto) (1), Suidos (50)",1325,0
6059,158718,16.26567,-91.837632,2025-05-11,La Independencia,"Bovino de 4 años de edad con miasis en escápula.
","Aves (1), Gatos (1), Bovinos (1114), Perros (73), Équidos (59), Caprinos (1), Ovinos (25), Ovinos y caprinos (Rebaño mixto) (1), Suidos (50)",1325,0
6059,158648,15.35392,-92.725236,2025-05-10,Acacoyagua,"Bovino de 8 días de edad con miasis en	flanco derecho.
","Aves (1), Gatos (1), Bovinos (1114), Perros (73), Équidos (59), Caprinos (1), Ovinos (25), Ovinos y caprinos (Rebaño mixto) (1), Suidos (50)",1325,0
6059,158653,14.87279,-92.413569,2025-05-10,Mazatán,"Equino de 9 años de edad con miasis en miembro posterior izquierdo.
","Aves (1), Gatos (1), Bovinos (1114), Perros (73), Équidos (59), Caprinos (1), Ovinos (25), Ovinos y caprinos (Rebaño mixto) (1), Suidos (50)",1325,0
6059,158654,16.32716,-90.707087,2025-05-10,Ocosingo,"Bovino de 1 año 2 meses de edad con miasis en el lomo.
","Aves (1), Gatos (1), Bovinos (1114), Perros (73), Équidos (59), Caprinos (1), Ovinos (25), Ovinos y caprinos (Rebaño mixto) (1), Suidos (50)",1325,0
6059,158655,16.32962,-90.695437,2025-05-10,Ocosingo,"Bovino de 5 días de edad con miasis en	región umbilical.
","Aves (1), Gatos (1), Bovinos (1114), Perros (73), Équidos (59), Caprinos (1), Ovinos (25), Ovinos y caprinos (Rebaño mixto) (1), Suidos (50)",1325,0
6059,158657,16.34429,-91.46882,2025-05-10,Las Margaritas,"Bovino de 1 mes de edad con miasis en	región umbilical.
","Aves (1), Gatos (1), Bovinos (1114), Perros (73), Équidos (59), Caprinos (1), Ovinos (25), Ovinos y caprinos (Rebaño mixto) (1), Suidos (50)",1325,0
6059,158659,15.94518,-93.519771,2025-05-10,Tonalá,,"Aves (1), Gatos (1), Bovinos (1114), Perros (73), Équidos (59), Caprinos (1), Ovinos (25), Ovinos y caprinos (Rebaño mixto) (1), Suidos (50)",1325,0
6059,158660,15.82394,-93.50379,2025-05-10,Tonalá,"Bovino de 6 años de edad con miasis en cuerno izquierdo.
","Aves (1), Gatos (1), Bovinos (1114), Perros (73), Équidos (59), Caprinos (1), Ovinos (25), Ovinos y caprinos (Rebaño mixto) (1), Suidos (50)",1325,0
6059,158661,15.83488,-93.452088,2025-05-10,Tonalá,"Bovino de 7 meses de edad con miasis en región ventral del cuello.
","Aves (1), Gatos (1), Bovinos (1114), Perros (73), Équidos (59), Caprinos (1), Ovinos (25), Ovinos y caprinos (Rebaño mixto) (1), Suidos (50)",1325,0
6059,158662,15.84954,-93.422992,2025-05-10,Tonalá,"Bovino de 8 años de edad con miasis en cuerno.
","Aves (1), Gatos (1), Bovinos (1114), Perros (73), Équidos (59), Caprinos (1), Ovinos (25), Ovinos y caprinos (Rebaño mixto) (1), Suidos (50)",1325,0
6059,158713,16.91546,-92.101613,2025-05-10,Ocosingo,"Bovino de 25  días de edad con miasis en región umbilical.
","Aves (1), Gatos (1), Bovinos (1114), Perros (73), Équidos (59), Caprinos (1), Ovinos (25), Ovinos y caprinos (Rebaño mixto) (1), Suidos (50)",1325,0
6059,158631,16.82745,-91.3669,2025-05-09,Ocosingo,"Bovino de 1 semana de edad con miasis en región umbilical.
","Aves (1), Gatos (1), Bovinos (1114), Perros (73), Équidos (59), Caprinos (1), Ovinos (25), Ovinos y caprinos (Rebaño mixto) (1), Suidos (50)",1325,0
6059,158634,14.78427,-92.196682,2025-05-09,Frontera Hidalgo,"Canino de 2 años de edad con miasis en cabeza.
","Aves (1), Gatos (1), Bovinos (1114), Perros (73), Équidos (59), Caprinos (1), Ovinos (25), Ovinos y caprinos (Rebaño mixto) (1), Suidos (50)",1325,0
6059,158644,16.98633,-91.794235,2025-05-09,Ocosingo,"Un bovino de 3 días y otro de 8 días de edad, ambos con miasis en región umbilical.
","Aves (1), Gatos (1), Bovinos (1114), Perros (73), Équidos (59), Caprinos (1), Ovinos (25), Ovinos y caprinos (Rebaño mixto) (1), Suidos (50)",1325,0
6059,158645,16.9635,-91.89142,2025-05-09,Ocosingo,"Bovino de 8 meses de edad con miasis en tarso.
","Aves (1), Gatos (1), Bovinos (1114), Perros (73), Équidos (59), Caprinos (1), Ovinos (25), Ovinos y caprinos (Rebaño mixto) (1), Suidos (50)",1325,0
6059,158646,16.94031,-91.8887,2025-05-09,Ocosingo,"Bovino de 11 meses de edad con miasis en región anal.
","Aves (1), Gatos (1), Bovinos (1114), Perros (73), Équidos (59), Caprinos (1), Ovinos (25), Ovinos y caprinos (Rebaño mixto) (1), Suidos (50)",1325,0
6059,158647,16.2557,-91.705587,2025-05-09,Las Margaritas,"Bovino de 20 días de edad con miasis en región umbilical.
","Aves (1), Gatos (1), Bovinos (1114), Perros (73), Équidos (59), Caprinos (1), Ovinos (25), Ovinos y caprinos (Rebaño mixto) (1), Suidos (50)",1325,0
6059,158650,15.88016,-92.621004,2025-05-09,Angel Albino Corzo,"Bovino de 10 días de edad con miasis en región umbilical.
","Aves (1), Gatos (1), Bovinos (1114), Perros (73), Équidos (59), Caprinos (1), Ovinos (25), Ovinos y caprinos (Rebaño mixto) (1), Suidos (50)",1325,0
6059,158652,16.00564,-93.279962,2025-05-09,Villa Corzo,"Bovino de 4 años de edad con miasis en miembro posterior izquierdo.
","Aves (1), Gatos (1), Bovinos (1114), Perros (73), Équidos (59), Caprinos (1), Ovinos (25), Ovinos y caprinos (Rebaño mixto) (1), Suidos (50)",1325,0
6059,158656,16.22306,-91.254301,2025-05-09,Las Margaritas,"Bovino de 15 días de edad con miasis en región umbilical.
","Aves (1), Gatos (1), Bovinos (1114), Perros (73), Équidos (59), Caprinos (1), Ovinos (25), Ovinos y caprinos (Rebaño mixto) (1), Suidos (50)",1325,0
6059,158714,14.6198,-92.2735,2025-05-09,Suchiate,"Bovino de 2 años de edad con miasis en miembros anteriores y posteriores.
","Aves (1), Gatos (1), Bovinos (1114), Perros (73), Équidos (59), Caprinos (1), Ovinos (25), Ovinos y caprinos (Rebaño mixto) (1), Suidos (50)",1325,0
6059,158722,14.88192,-92.271848,2025-05-09,Tapachula,"Canino de 3 años de edad con miasis en miembro posterior derecho.
","Aves (1), Gatos (1), Bovinos (1114), Perros (73), Équidos (59), Caprinos (1), Ovinos (25), Ovinos y caprinos (Rebaño mixto) (1), Suidos (50)",1325,0
6059,158724,15.40538,-92.723175,2025-05-09,Acacoyagua,"Bovino de 2 años de edad con miasis en región vulvar.
","Aves (1), Gatos (1), Bovinos (1114), Perros (73), Équidos (59), Caprinos (1), Ovinos (25), Ovinos y caprinos (Rebaño mixto) (1), Suidos (50)",1325,0
6059,158721,14.93534,-92.450771,2025-05-09,Mazatán,"Ovino de 1 año de edad con miasis en oreja izquierda.
","Aves (1), Gatos (1), Bovinos (1114), Perros (73), Équidos (59), Caprinos (1), Ovinos (25), Ovinos y caprinos (Rebaño mixto) (1), Suidos (50)",1325,0
6059,158076,15.16311,-92.36513,2025-05-08,Tapachula,"Bovino de 2 años de edad con miasis en región vaginal.
","Aves (1), Gatos (1), Bovinos (1114), Perros (73), Équidos (59), Caprinos (1), Ovinos (25), Ovinos y caprinos (Rebaño mixto) (1), Suidos (50)",1325,0
6059,158078,16.90632,-93.02714,2025-05-08,Soyaló,"Bovino de 9 días de edad con miasis en región umbilical.
","Aves (1), Gatos (1), Bovinos (1114), Perros (73), Équidos (59), Caprinos (1), Ovinos (25), Ovinos y caprinos (Rebaño mixto) (1), Suidos (50)",1325,0
6059,158077,15.1247,-92.44398,2025-05-08,Tuzantán,"Bovino de 6 años de edad con miasis en cuerno derecho.
","Aves (1), Gatos (1), Bovinos (1114), Perros (73), Équidos (59), Caprinos (1), Ovinos (25), Ovinos y caprinos (Rebaño mixto) (1), Suidos (50)",1325,0
6059,158640,15.85027,-93.660702,2025-05-08,Tonalá,"Bovino de 10 días de edad con miasis en región umbilical.
","Aves (1), Gatos (1), Bovinos (1114), Perros (73), Équidos (59), Caprinos (1), Ovinos (25), Ovinos y caprinos (Rebaño mixto) (1), Suidos (50)",1325,0
6059,158639,16.01174,-93.563956,2025-05-08,Tonalá,"Bovino de 1 año 6 meses de edad con miasis en el cuello.
","Aves (1), Gatos (1), Bovinos (1114), Perros (73), Équidos (59), Caprinos (1), Ovinos (25), Ovinos y caprinos (Rebaño mixto) (1), Suidos (50)",1325,0
6059,158638,15.87967,-93.462543,2025-05-08,Tonalá,"Bovino de 6 días de edad con miasis en	región umbilical.
","Aves (1), Gatos (1), Bovinos (1114), Perros (73), Équidos (59), Caprinos (1), Ovinos (25), Ovinos y caprinos (Rebaño mixto) (1), Suidos (50)",1325,0
6059,158637,15.91444,-93.619051,2025-05-08,Tonalá,"Bovino de 45 días de edad con miasis en región ventral del cuello.
","Aves (1), Gatos (1), Bovinos (1114), Perros (73), Équidos (59), Caprinos (1), Ovinos (25), Ovinos y caprinos (Rebaño mixto) (1), Suidos (50)",1325,0
6059,158582,16.87685,-91.265317,2025-05-08,Ocosingo,"Bovino de 15 días de edad con miasis en región umbilical.
","Aves (1), Gatos (1), Bovinos (1114), Perros (73), Équidos (59), Caprinos (1), Ovinos (25), Ovinos y caprinos (Rebaño mixto) (1), Suidos (50)",1325,0
6059,158583,16.940811,-91.295428,2025-05-08,Ocosingo,"Bovino de 1 semana de edad con miasis en la región umbilical.
","Aves (1), Gatos (1), Bovinos (1114), Perros (73), Équidos (59), Caprinos (1), Ovinos (25), Ovinos y caprinos (Rebaño mixto) (1), Suidos (50)",1325,0
6059,158630,15.513707,-92.320928,2025-05-08,Siltepec,"Equino de 4 años de edad con miasis en cabeza.
","Aves (1), Gatos (1), Bovinos (1114), Perros (73), Équidos (59), Caprinos (1), Ovinos (25), Ovinos y caprinos (Rebaño mixto) (1), Suidos (50)",1325,0
6059,158632,15.83198,-92.709591,2025-05-08,Angel Albino Corzo,"Bovino de 2 años de edad con miasis en anca.
","Aves (1), Gatos (1), Bovinos (1114), Perros (73), Équidos (59), Caprinos (1), Ovinos (25), Ovinos y caprinos (Rebaño mixto) (1), Suidos (50)",1325,0
6059,158633,16.16919,-93.088834,2025-05-08,Villa Corzo,"Bovino de 2 meses de edad con miasis en región umbilical.
","Aves (1), Gatos (1), Bovinos (1114), Perros (73), Équidos (59), Caprinos (1), Ovinos (25), Ovinos y caprinos (Rebaño mixto) (1), Suidos (50)",1325,0
6059,158636,15.96555,-93.212229,2025-05-08,Villa Corzo,"Bovino de 2 meses de edad con miasis en la	región dorsal del cuello.
","Aves (1), Gatos (1), Bovinos (1114), Perros (73), Équidos (59), Caprinos (1), Ovinos (25), Ovinos y caprinos (Rebaño mixto) (1), Suidos (50)",1325,0
6059,158641,15.212898,-92.575713,2025-05-08,Villa Comaltitlán,"Bovino de 5 días de edad con miasis en	región umbilical.
","Aves (1), Gatos (1), Bovinos (1114), Perros (73), Équidos (59), Caprinos (1), Ovinos (25), Ovinos y caprinos (Rebaño mixto) (1), Suidos (50)",1325,0
6059,158642,15.212898,-92.575712,2025-05-08,Villa Comaltitlán,"Bovino de 5 días de edad con miasis en región umbilical.
","Aves (1), Gatos (1), Bovinos (1114), Perros (73), Équidos (59), Caprinos (1), Ovinos (25), Ovinos y caprinos (Rebaño mixto) (1), Suidos (50)",1325,0
6059,158643,15.212898,-92.575711,2025-05-08,Villa Comaltitlán,"Bovino de 5 años de edad con miasis en base de la cola.
","Aves (1), Gatos (1), Bovinos (1114), Perros (73), Équidos (59), Caprinos (1), Ovinos (25), Ovinos y caprinos (Rebaño mixto) (1), Suidos (50)",1325,0
6059,158651,15.88582,-92.618766,2025-05-08,Angel Albino Corzo,"Bovino de 4 años de edad con miasis en cuernos.
","Aves (1), Gatos (1), Bovinos (1114), Perros (73), Équidos (59), Caprinos (1), Ovinos (25), Ovinos y caprinos (Rebaño mixto) (1), Suidos (50)",1325,0
6059,158635,15.97942,-92.853998,2025-05-08,La Concordia,"Suino de 7 meses de edad con miasis en el cuello.
","Aves (1), Gatos (1), Bovinos (1114), Perros (73), Équidos (59), Caprinos (1), Ovinos (25), Ovinos y caprinos (Rebaño mixto) (1), Suidos (50)",1325,0
6059,158953,15.53602,-93.008245,2025-05-08,Mapastepec,"Bovino de 10 meses de edad con miasis en región umbilical.
","Aves (1), Gatos (1), Bovinos (1114), Perros (73), Équidos (59), Caprinos (1), Ovinos (25), Ovinos y caprinos (Rebaño mixto) (1), Suidos (50)",1325,0
6059,159112,15.70974,-93.17348,2025-05-08,Pijijiapan,"Bovino de 5 años	de edad con miasis en ubre.
","Aves (1), Gatos (1), Bovinos (1114), Perros (73), Équidos (59), Caprinos (1), Ovinos (25), Ovinos y caprinos (Rebaño mixto) (1), Suidos (50)",1325,0
6059,159113,15.55722,-93.17465,2025-05-08,Pijijiapan,"Bovino de 5 días de edad con miasis en	región umbilical.
","Aves (1), Gatos (1), Bovinos (1114), Perros (73), Équidos (59), Caprinos (1), Ovinos (25), Ovinos y caprinos (Rebaño mixto) (1), Suidos (50)",1325,0
6059,159115,15.58392,-93.117222,2025-05-08,Pijijiapan,"Bovino de 1 año 8 meses de edad con miasis en el testículo.
","Aves (1), Gatos (1), Bovinos (1114), Perros (73), Équidos (59), Caprinos (1), Ovinos (25), Ovinos y caprinos (Rebaño mixto) (1), Suidos (50)",1325,0
6059,159117,15.57759,-93.113792,2025-05-08,Pijijiapan,"Bovino de 7 días de edad con miasis en	región umbilical.
","Aves (1), Gatos (1), Bovinos (1114), Perros (73), Équidos (59), Caprinos (1), Ovinos (25), Ovinos y caprinos (Rebaño mixto) (1), Suidos (50)",1325,0
6059,158055,15.2301,-92.74339,2025-05-07,Acapetahua,"Bovino de 10 días de edad con miasis en región umbilical.
","Aves (1), Gatos (1), Bovinos (1114), Perros (73), Équidos (59), Caprinos (1), Ovinos (25), Ovinos y caprinos (Rebaño mixto) (1), Suidos (50)",1325,0
6059,158056,15.23225,-92.74812,2025-05-07,Acapetahua,Suino de 2 años de edad con miasis en la parte dorsal del tórax.,"Aves (1), Gatos (1), Bovinos (1114), Perros (73), Équidos (59), Caprinos (1), Ovinos (25), Ovinos y caprinos (Rebaño mixto) (1), Suidos (50)",1325,0
6059,158058,16.92536,-91.36165,2025-05-07,Ocosingo,"Bovino de 1 mes de edad con miasis en región umbilical.
","Aves (1), Gatos (1), Bovinos (1114), Perros (73), Équidos (59), Caprinos (1), Ovinos (25), Ovinos y caprinos (Rebaño mixto) (1), Suidos (50)",1325,0
6059,158062,16.98076,-92.0954,2025-05-07,Ocosingo,"Bovino de 5 años de edad con miasis en ubre,","Aves (1), Gatos (1), Bovinos (1114), Perros (73), Équidos (59), Caprinos (1), Ovinos (25), Ovinos y caprinos (Rebaño mixto) (1), Suidos (50)",1325,0
6059,158075,14.73857,-92.17158,2025-05-07,Frontera Hidalgo,"Equino de 6 años de edad con miasis en miembro posterior derecho.
","Aves (1), Gatos (1), Bovinos (1114), Perros (73), Équidos (59), Caprinos (1), Ovinos (25), Ovinos y caprinos (Rebaño mixto) (1), Suidos (50)",1325,0
6059,158584,16.34467,-91.456597,2025-05-07,Las Margaritas,"Bovino de 28 días de edad con miasis en región umbilical.
","Aves (1), Gatos (1), Bovinos (1114), Perros (73), Équidos (59), Caprinos (1), Ovinos (25), Ovinos y caprinos (Rebaño mixto) (1), Suidos (50)",1325,0
6059,158585,16.33912,-91.44066,2025-05-07,Las Margaritas,"Bovino de 16 días de edad con miasis en región umbilical.
","Aves (1), Gatos (1), Bovinos (1114), Perros (73), Équidos (59), Caprinos (1), Ovinos (25), Ovinos y caprinos (Rebaño mixto) (1), Suidos (50)",1325,0
6059,158586,16.11447,-93.79233,2025-05-07,Tonalá,"Bovino de 6 años de edad con miasis en región vulvar.
","Aves (1), Gatos (1), Bovinos (1114), Perros (73), Équidos (59), Caprinos (1), Ovinos (25), Ovinos y caprinos (Rebaño mixto) (1), Suidos (50)",1325,0
6059,158587,15.89668,-93.389432,2025-05-07,Tonalá,"Bovino de 40 días de edad con miasis en región dorsal del cuello.
","Aves (1), Gatos (1), Bovinos (1114), Perros (73), Équidos (59), Caprinos (1), Ovinos (25), Ovinos y caprinos (Rebaño mixto) (1), Suidos (50)",1325,0
6059,158588,15.86489,-93.420309,2025-05-07,Tonalá,"Bovino de 6 años de edad con miasis en región vulvar.
","Aves (1), Gatos (1), Bovinos (1114), Perros (73), Équidos (59), Caprinos (1), Ovinos (25), Ovinos y caprinos (Rebaño mixto) (1), Suidos (50)",1325,0
6059,158628,15.85481,-93.392209,2025-05-07,Tonalá,"Bovino de 40 días de edad con miasis en región dorsal del cuello.
","Aves (1), Gatos (1), Bovinos (1114), Perros (73), Équidos (59), Caprinos (1), Ovinos (25), Ovinos y caprinos (Rebaño mixto) (1), Suidos (50)",1325,0
6059,158629,15.26494,-92.556821,2025-05-07,Villa Comaltitlán,"Bovino de 10 días de edad con miasis en región umbilical.
","Aves (1), Gatos (1), Bovinos (1114), Perros (73), Équidos (59), Caprinos (1), Ovinos (25), Ovinos y caprinos (Rebaño mixto) (1), Suidos (50)",1325,0
6059,157961,15.3486,-92.54261,2025-05-06,Villa Comaltitlán,Bovino de 6 años de edad con miasis en ubre.,"Aves (1), Gatos (1), Bovinos (1114), Perros (73), Équidos (59), Caprinos (1), Ovinos (25), Ovinos y caprinos (Rebaño mixto) (1), Suidos (50)",1325,0
6059,158040,16.20593,-93.85298,2025-05-06,Arriaga,"Bovino de 1 año 6 meses de edad con miasis en cuerno izquierdo.

","Aves (1), Gatos (1), Bovinos (1114), Perros (73), Équidos (59), Caprinos (1), Ovinos (25), Ovinos y caprinos (Rebaño mixto) (1), Suidos (50)",1325,0
6059,158041,15.34108,-92.54593,2025-05-06,Villa Comaltitlán,Bovino de 7 años de edad con miasis en cuerno izquierdo.,"Aves (1), Gatos (1), Bovinos (1114), Perros (73), Équidos (59), Caprinos (1), Ovinos (25), Ovinos y caprinos (Rebaño mixto) (1), Suidos (50)",1325,0
6059,158042,16.20609,-93.85291,2025-05-06,Arriaga,"Bovino de 1 año 1 mes de edad con miasis  en oreja izquierda.

","Aves (1), Gatos (1), Bovinos (1114), Perros (73), Équidos (59), Caprinos (1), Ovinos (25), Ovinos y caprinos (Rebaño mixto) (1), Suidos (50)",1325,0
6059,158043,16.83043,-91.92662,2025-05-06,Ocosingo,"Bovino de 8 días de edad con miasis en región umbilical.
","Aves (1), Gatos (1), Bovinos (1114), Perros (73), Équidos (59), Caprinos (1), Ovinos (25), Ovinos y caprinos (Rebaño mixto) (1), Suidos (50)",1325,0
6059,158050,17.31482,-93.10148,2025-05-06,Chapultenango,"Bovino de 8 días de edad con miasis en región umbilical.
","Aves (1), Gatos (1), Bovinos (1114), Perros (73), Équidos (59), Caprinos (1), Ovinos (25), Ovinos y caprinos (Rebaño mixto) (1), Suidos (50)",1325,0
6059,158052,16.93638,-91.36198,2025-05-06,Ocosingo,"Bovino de 1 semana de edad con miasis en región umbilical.
","Aves (1), Gatos (1), Bovinos (1114), Perros (73), Équidos (59), Caprinos (1), Ovinos (25), Ovinos y caprinos (Rebaño mixto) (1), Suidos (50)",1325,0
6059,158051,17.44765,-93.04251,2025-05-06,Solosuchiapa,"Bovino de 8 días de edad con miasis en región umbilical.
","Aves (1), Gatos (1), Bovinos (1114), Perros (73), Équidos (59), Caprinos (1), Ovinos (25), Ovinos y caprinos (Rebaño mixto) (1), Suidos (50)",1325,0
6059,158054,16.85636,-91.28224,2025-05-06,Ocosingo,"Bovino de 6 días de edad con miasis en región umbilical.
","Aves (1), Gatos (1), Bovinos (1114), Perros (73), Équidos (59), Caprinos (1), Ovinos (25), Ovinos y caprinos (Rebaño mixto) (1), Suidos (50)",1325,0
6059,158059,14.93718,-92.31934,2025-05-06,Tapachula,"Bovino de 7 días de edad con miasis en región umbilical, oreja y cuello.
","Aves (1), Gatos (1), Bovinos (1114), Perros (73), Équidos (59), Caprinos (1), Ovinos (25), Ovinos y caprinos (Rebaño mixto) (1), Suidos (50)",1325,0
6059,158060,14.95733,-92.30706,2025-05-06,Tapachula,"Bovino de 5 días de edad con miasis en región umbilical.
","Aves (1), Gatos (1), Bovinos (1114), Perros (73), Équidos (59), Caprinos (1), Ovinos (25), Ovinos y caprinos (Rebaño mixto) (1), Suidos (50)",1325,0
6059,158061,15.22359,-92.55585,2025-05-06,Villa Comaltitlán,"Bovino de 21 días de edad con miasis en región umbilical.
","Aves (1), Gatos (1), Bovinos (1114), Perros (73), Équidos (59), Caprinos (1), Ovinos (25), Ovinos y caprinos (Rebaño mixto) (1), Suidos (50)",1325,0
6059,158068,17.69751,-92.04195,2025-05-06,Catazajá,"Bovino de 8 días de edad con miasis en región umbilical.
","Aves (1), Gatos (1), Bovinos (1114), Perros (73), Équidos (59), Caprinos (1), Ovinos (25), Ovinos y caprinos (Rebaño mixto) (1), Suidos (50)",1325,0
6059,158069,17.70237,-92.0347,2025-05-06,Catazajá,Equino de 3 años de edad con miasis en rodilla.,"Aves (1), Gatos (1), Bovinos (1114), Perros (73), Équidos (59), Caprinos (1), Ovinos (25), Ovinos y caprinos (Rebaño mixto) (1), Suidos (50)",1325,0
6059,157809,15.83341,-93.44667,2025-05-05,Tonalá,,"Aves (1), Gatos (1), Bovinos (1114), Perros (73), Équidos (59), Caprinos (1), Ovinos (25), Ovinos y caprinos (Rebaño mixto) (1), Suidos (50)",1325,0
6059,158029,17.34621,-93.00411,2025-05-05,Solosuchiapa,"Bovino de 1 año 6 meses de meses con miasis en cuello.
","Aves (1), Gatos (1), Bovinos (1114), Perros (73), Équidos (59), Caprinos (1), Ovinos (25), Ovinos y caprinos (Rebaño mixto) (1), Suidos (50)",1325,0
6059,158030,17.38008,-93.11119,2025-05-05,Ixtacomitán,"Bovino de 20 días de edad con miasis en región umbilical.
","Aves (1), Gatos (1), Bovinos (1114), Perros (73), Équidos (59), Caprinos (1), Ovinos (25), Ovinos y caprinos (Rebaño mixto) (1), Suidos (50)",1325,0
6059,158032,14.82444,-92.26835,2025-05-05,Tapachula,"Bovino de 20 días de edad con miasis en región umbilical.
","Aves (1), Gatos (1), Bovinos (1114), Perros (73), Équidos (59), Caprinos (1), Ovinos (25), Ovinos y caprinos (Rebaño mixto) (1), Suidos (50)",1325,0
6059,158033,14.95055,-92.32778,2025-05-05,Tapachula,"Bovino de 10 días de edad con miasis en región umbilical.
","Aves (1), Gatos (1), Bovinos (1114), Perros (73), Équidos (59), Caprinos (1), Ovinos (25), Ovinos y caprinos (Rebaño mixto) (1), Suidos (50)",1325,0
6059,158034,14.79685,-92.33066,2025-05-05,Tapachula,Ovino de 2 años de edad con miasis en cuello.,"Aves (1), Gatos (1), Bovinos (1114), Perros (73), Équidos (59), Caprinos (1), Ovinos (25), Ovinos y caprinos (Rebaño mixto) (1), Suidos (50)",1325,0
6059,158035,16.84987,-91.72934,2025-05-05,Ocosingo,"Bovinos de 15 días (2), 10 días (1) y  4 años (1) de edad con miasis en región umbilical (3) y ubre (1).
","Aves (1), Gatos (1), Bovinos (1114), Perros (73), Équidos (59), Caprinos (1), Ovinos (25), Ovinos y caprinos (Rebaño mixto) (1), Suidos (50)",1325,0
6059,158036,16.82667,-92.04809,2025-05-05,Ocosingo,"Bovino de 11 meses de edad con miasis en región preesternal.
","Aves (1), Gatos (1), Bovinos (1114), Perros (73), Équidos (59), Caprinos (1), Ovinos (25), Ovinos y caprinos (Rebaño mixto) (1), Suidos (50)",1325,0
6059,158038,16.818,-91.70818,2025-05-05,Ocosingo,"Dos bovinos de 1 mes de edad con miasis ambos en región umbilical.
","Aves (1), Gatos (1), Bovinos (1114), Perros (73), Équidos (59), Caprinos (1), Ovinos (25), Ovinos y caprinos (Rebaño mixto) (1), Suidos (50)",1325,0
6059,158037,17.0455,-91.87101,2025-05-05,Ocosingo,"Bovinos de 4 años y 15 días de edad, con miasis en región vulvar y en región umbilical respectivamente.

","Aves (1), Gatos (1), Bovinos (1114), Perros (73), Équidos (59), Caprinos (1), Ovinos (25), Ovinos y caprinos (Rebaño mixto) (1), Suidos (50)",1325,0
6059,158039,16.35352,-91.58222,2025-05-05,Las Margaritas,"Bovino de 15 días de edad con miasis en región umbilical.
","Aves (1), Gatos (1), Bovinos (1114), Perros (73), Équidos (59), Caprinos (1), Ovinos (25), Ovinos y caprinos (Rebaño mixto) (1), Suidos (50)",1325,0
6059,158065,15.81014,-93.38914,2025-05-05,Pijijiapan,"Bovino de 8 meses de edad con miasis en región umbilical.
","Aves (1), Gatos (1), Bovinos (1114), Perros (73), Équidos (59), Caprinos (1), Ovinos (25), Ovinos y caprinos (Rebaño mixto) (1), Suidos (50)",1325,0
6059,158066,16.05637,-93.64416,2025-05-05,Villa Corzo,Bovino de 10 dias de edad con miasis en el lomo.,"Aves (1), Gatos (1), Bovinos (1114), Perros (73), Équidos (59), Caprinos (1), Ovinos (25), Ovinos y caprinos (Rebaño mixto) (1), Suidos (50)",1325,0
6059,158067,15.84425,-93.64798,2025-05-05,Tonalá,"Bovino de 8 días de edad con miasis en región umbilical.
","Aves (1), Gatos (1), Bovinos (1114), Perros (73), Équidos (59), Caprinos (1), Ovinos (25), Ovinos y caprinos (Rebaño mixto) (1), Suidos (50)",1325,0
6059,158070,16.1611,-91.16498,2025-05-05,Las Margaritas,Bovino de 5 años de edad con miasis en cuerno.,"Aves (1), Gatos (1), Bovinos (1114), Perros (73), Équidos (59), Caprinos (1), Ovinos (25), Ovinos y caprinos (Rebaño mixto) (1), Suidos (50)",1325,0
6059,158071,16.18391,-91.33874,2025-05-05,Las Margaritas,"Bovino de 20 días de edad con miasis en región umbilical.
","Aves (1), Gatos (1), Bovinos (1114), Perros (73), Équidos (59), Caprinos (1), Ovinos (25), Ovinos y caprinos (Rebaño mixto) (1), Suidos (50)",1325,0
6059,158073,16.08616,-91.24382,2025-05-05,Las Margaritas,"Bovino de 10 días de edad con miasis en región umbilical.
","Aves (1), Gatos (1), Bovinos (1114), Perros (73), Équidos (59), Caprinos (1), Ovinos (25), Ovinos y caprinos (Rebaño mixto) (1), Suidos (50)",1325,0
6059,158074,16.19395,-91.21569,2025-05-05,Las Margaritas,"Bovino de 5 años de edad con miasis en pectoral derecho.
","Aves (1), Gatos (1), Bovinos (1114), Perros (73), Équidos (59), Caprinos (1), Ovinos (25), Ovinos y caprinos (Rebaño mixto) (1), Suidos (50)",1325,0
6059,158072,16.0932,-91.24729,2025-05-05,Las Margaritas,"Bovino de 11 días de edad con miasis en región umbilical.
","Aves (1), Gatos (1), Bovinos (1114), Perros (73), Équidos (59), Caprinos (1), Ovinos (25), Ovinos y caprinos (Rebaño mixto) (1), Suidos (50)",1325,0
6059,157962,15.3486,-92.54261,2025-05-05,Villa Comaltitlán,"Bovino de 15 días de edad con miasis en región umbilical.
","Aves (1), Gatos (1), Bovinos (1114), Perros (73), Équidos (59), Caprinos (1), Ovinos (25), Ovinos y caprinos (Rebaño mixto) (1), Suidos (50)",1325,0
6059,158954,15.80366,-93.40139,2025-05-05,Tonalá,"Canino de 3 años	de edad con miasis en pabellón auricular derecho.
","Aves (1), Gatos (1), Bovinos (1114), Perros (73), Équidos (59), Caprinos (1), Ovinos (25), Ovinos y caprinos (Rebaño mixto) (1), Suidos (50)",1325,0
6059,159075,16.47246,-93.063237,2025-05-05,Chiapa de Corzo,"Dos bovinos ambos de 2 años de edad con miasis en cuernos.
","Aves (1), Gatos (1), Bovinos (1114), Perros (73), Équidos (59), Caprinos (1), Ovinos (25), Ovinos y caprinos (Rebaño mixto) (1), Suidos (50)",1325,0
6059,157942,15.36563,-92.73009,2025-05-04,Acacoyagua,"Bovino de 10 días de edad con miasis en región umbilical.
","Aves (1), Gatos (1), Bovinos (1114), Perros (73), Équidos (59), Caprinos (1), Ovinos (25), Ovinos y caprinos (Rebaño mixto) (1), Suidos (50)",1325,0
6059,157952,14.74415,-92.21153,2025-05-04,Frontera Hidalgo,"Bovino de 9 días de edad con miasis en región umbilical.
","Aves (1), Gatos (1), Bovinos (1114), Perros (73), Équidos (59), Caprinos (1), Ovinos (25), Ovinos y caprinos (Rebaño mixto) (1), Suidos (50)",1325,0
6059,157953,14.82765,-92.27554,2025-05-04,Tapachula,Bovino de 15 días de edad con miasis en región umbilical.,"Aves (1), Gatos (1), Bovinos (1114), Perros (73), Équidos (59), Caprinos (1), Ovinos (25), Ovinos y caprinos (Rebaño mixto) (1), Suidos (50)",1325,0
6059,157960,15.05451,-92.50391,2025-05-04,Huixtla,"Bovino de 5 días de edad con miasis en región umbilical.
","Aves (1), Gatos (1), Bovinos (1114), Perros (73), Équidos (59), Caprinos (1), Ovinos (25), Ovinos y caprinos (Rebaño mixto) (1), Suidos (50)",1325,0
6059,158027,17.08083,-91.5829,2025-05-04,Ocosingo,"Dos bovinos de 10 y 6 días de edad, ambos con miasis en región umbilical.
","Aves (1), Gatos (1), Bovinos (1114), Perros (73), Équidos (59), Caprinos (1), Ovinos (25), Ovinos y caprinos (Rebaño mixto) (1), Suidos (50)",1325,0
6059,158028,17.2535,-91.5454,2025-05-04,Palenque,"Bovino de 9 días de edad con miasis en región umbilical.
","Aves (1), Gatos (1), Bovinos (1114), Perros (73), Équidos (59), Caprinos (1), Ovinos (25), Ovinos y caprinos (Rebaño mixto) (1), Suidos (50)",1325,0
6059,158044,16.22829,-91.26095,2025-05-04,Las Margaritas,"Equino de 4 años de edad con miasis en oreja.
","Aves (1), Gatos (1), Bovinos (1114), Perros (73), Équidos (59), Caprinos (1), Ovinos (25), Ovinos y caprinos (Rebaño mixto) (1), Suidos (50)",1325,0
6059,158045,16.19404,-91.46642,2025-05-04,Las Margaritas,"Bovino de 1 año 6 meses de edad con miasis en pectoral derecho.
","Aves (1), Gatos (1), Bovinos (1114), Perros (73), Équidos (59), Caprinos (1), Ovinos (25), Ovinos y caprinos (Rebaño mixto) (1), Suidos (50)",1325,0
6059,158046,16.20385,-91.52863,2025-05-04,Las Margaritas,"Bovino de 1 mes de edad con miasis en región umbilical.
","Aves (1), Gatos (1), Bovinos (1114), Perros (73), Équidos (59), Caprinos (1), Ovinos (25), Ovinos y caprinos (Rebaño mixto) (1), Suidos (50)",1325,0
6059,158048,16.19909,-91.40437,2025-05-04,Las Margaritas,"Bovino de 4 años de edad con miasis en miembro posterior izquierdo.
","Aves (1), Gatos (1), Bovinos (1114), Perros (73), Équidos (59), Caprinos (1), Ovinos (25), Ovinos y caprinos (Rebaño mixto) (1), Suidos (50)",1325,0
6059,158047,16.15795,-91.21627,2025-05-04,Las Margaritas,"Bovino de 15 días de edad con miasis en región umbilical.


","Aves (1), Gatos (1), Bovinos (1114), Perros (73), Équidos (59), Caprinos (1), Ovinos (25), Ovinos y caprinos (Rebaño mixto) (1), Suidos (50)",1325,0
6059,158049,16.19289,-91.46616,2025-05-04,Las Margaritas,"Bovino de 15 años de edad con miasis en oreja izquierda.
","Aves (1), Gatos (1), Bovinos (1114), Perros (73), Équidos (59), Caprinos (1), Ovinos (25), Ovinos y caprinos (Rebaño mixto) (1), Suidos (50)",1325,0
6059,158063,15.87177,-93.37243,2025-05-04,Tonalá,"Bovino de 1 año 6 meses de edad con miasis en cuello.
","Aves (1), Gatos (1), Bovinos (1114), Perros (73), Équidos (59), Caprinos (1), Ovinos (25), Ovinos y caprinos (Rebaño mixto) (1), Suidos (50)",1325,0
6059,158064,15.80304,-93.40294,2025-05-04,Tonalá,Suino de 1 año de edad con miasis en trompa.,"Aves (1), Gatos (1), Bovinos (1114), Perros (73), Équidos (59), Caprinos (1), Ovinos (25), Ovinos y caprinos (Rebaño mixto) (1), Suidos (50)",1325,0
6059,157959,16.40619,-91.59647,2025-05-04,Las Margaritas,"Bovino de 16 días de edad con miasis en región umbilical.
","Aves (1), Gatos (1), Bovinos (1114), Perros (73), Équidos (59), Caprinos (1), Ovinos (25), Ovinos y caprinos (Rebaño mixto) (1), Suidos (50)",1325,0
6059,157815,15.32948,-92.6534,2025-05-03,Escuintla,"Canino de 3 años de edad con miasis en la parte dorsal de la cabeza.
","Aves (1), Gatos (1), Bovinos (1114), Perros (73), Équidos (59), Caprinos (1), Ovinos (25), Ovinos y caprinos (Rebaño mixto) (1), Suidos (50)",1325,0
6059,157813,16.81309,-91.98548,2025-05-03,Altamirano,"Bovino de 20 días de edad con miasis en región umbilical.
","Aves (1), Gatos (1), Bovinos (1114), Perros (73), Équidos (59), Caprinos (1), Ovinos (25), Ovinos y caprinos (Rebaño mixto) (1), Suidos (50)",1325,0
6059,157816,15.31056,-92.60512,2025-05-03,Escuintla,"Bovino de 15 días de edad con miasis en región umbilical.
","Aves (1), Gatos (1), Bovinos (1114), Perros (73), Équidos (59), Caprinos (1), Ovinos (25), Ovinos y caprinos (Rebaño mixto) (1), Suidos (50)",1325,0
6059,157940,14.7723,-92.2742,2025-05-03,Tapachula,"Equino de 5 años de edad con miasis en miembro anterior izquierdo.
","Aves (1), Gatos (1), Bovinos (1114), Perros (73), Équidos (59), Caprinos (1), Ovinos (25), Ovinos y caprinos (Rebaño mixto) (1), Suidos (50)",1325,0
6059,157941,14.849,-92.3535,2025-05-03,Tapachula,"Bovino de 25 días de edad con miasis en región umbilical.
","Aves (1), Gatos (1), Bovinos (1114), Perros (73), Équidos (59), Caprinos (1), Ovinos (25), Ovinos y caprinos (Rebaño mixto) (1), Suidos (50)",1325,0
6059,157946,16.40642,-91.59566,2025-05-03,Las Margaritas,"Bovino de 15 días de edad con miasis en región umbilical.
","Aves (1), Gatos (1), Bovinos (1114), Perros (73), Équidos (59), Caprinos (1), Ovinos (25), Ovinos y caprinos (Rebaño mixto) (1), Suidos (50)",1325,0
6059,157948,16.9189,-91.34689,2025-05-03,Ocosingo,"Bovino de 8 meses de edad con miasis en región umbilical.
","Aves (1), Gatos (1), Bovinos (1114), Perros (73), Équidos (59), Caprinos (1), Ovinos (25), Ovinos y caprinos (Rebaño mixto) (1), Suidos (50)",1325,0
6059,157955,16.06679,-93.70582,2025-05-03,Tonalá,"Bovino de 6 días de edad con miasis en región umbilical.
","Aves (1), Gatos (1), Bovinos (1114), Perros (73), Équidos (59), Caprinos (1), Ovinos (25), Ovinos y caprinos (Rebaño mixto) (1), Suidos (50)",1325,0
6059,158025,17.37236,-91.80763,2025-05-03,Palenque,Bovino de 4 años de edad con miasis en el cuerno.,"Aves (1), Gatos (1), Bovinos (1114), Perros (73), Équidos (59), Caprinos (1), Ovinos (25), Ovinos y caprinos (Rebaño mixto) (1), Suidos (50)",1325,0
6059,158026,17.37371,-91.80548,2025-05-03,Palenque,"Bovino de 2 meses de edad con miasis en miembros posteriores.
","Aves (1), Gatos (1), Bovinos (1114), Perros (73), Équidos (59), Caprinos (1), Ovinos (25), Ovinos y caprinos (Rebaño mixto) (1), Suidos (50)",1325,0
6059,159078,16.12471,-93.020873,2025-05-03,Villa Corzo,"Bovino de 7 días de edad con miasis en	región umbilical,
","Aves (1), Gatos (1), Bovinos (1114), Perros (73), Équidos (59), Caprinos (1), Ovinos (25), Ovinos y caprinos (Rebaño mixto) (1), Suidos (50)",1325,0
6059,159110,15.49298,-92.978742,2025-05-03,Mapastepec,"Bovino de 2 años de edad con miasis en pezuña.
","Aves (1), Gatos (1), Bovinos (1114), Perros (73), Équidos (59), Caprinos (1), Ovinos (25), Ovinos y caprinos (Rebaño mixto) (1), Suidos (50)",1325,0
6059,159111,15.66451,-93.187622,2025-05-03,Pijijiapan,"Bovino de 7 días de edad con miasis de región umbilical.
","Aves (1), Gatos (1), Bovinos (1114), Perros (73), Équidos (59), Caprinos (1), Ovinos (25), Ovinos y caprinos (Rebaño mixto) (1), Suidos (50)",1325,0
6059,157794,14.68042,-92.15189,2025-05-02,Suchiate,"Canino de 2 años de edad con miasis en cadera.
","Aves (1), Gatos (1), Bovinos (1114), Perros (73), Équidos (59), Caprinos (1), Ovinos (25), Ovinos y caprinos (Rebaño mixto) (1), Suidos (50)",1325,0
6059,157795,15.16366,-92.36478,2025-05-02,Tapachula,"Bovino de 4 años de edad con miasis en oreja derecha.
","Aves (1), Gatos (1), Bovinos (1114), Perros (73), Équidos (59), Caprinos (1), Ovinos (25), Ovinos y caprinos (Rebaño mixto) (1), Suidos (50)",1325,0
6059,157798,16.99927,-92.09461,2025-05-02,Chilón,"Bovino de 8 días de edad con miasis en región umbilical.
","Aves (1), Gatos (1), Bovinos (1114), Perros (73), Équidos (59), Caprinos (1), Ovinos (25), Ovinos y caprinos (Rebaño mixto) (1), Suidos (50)",1325,0
6059,157799,16.77863,-91.32366,2025-05-02,Ocosingo,"Bovino de 7 días de edad con miasis en región umbilical.
","Aves (1), Gatos (1), Bovinos (1114), Perros (73), Équidos (59), Caprinos (1), Ovinos (25), Ovinos y caprinos (Rebaño mixto) (1), Suidos (50)",1325,0
6059,157801,16.71618,-92.04339,2025-05-02,Altamirano,Bovino de 1 año de edad con miasis en pecho.,"Aves (1), Gatos (1), Bovinos (1114), Perros (73), Équidos (59), Caprinos (1), Ovinos (25), Ovinos y caprinos (Rebaño mixto) (1), Suidos (50)",1325,0
6059,157802,14.66526,-92.15633,2025-05-02,Suchiate,Canino de 11 años de edad con miasis en zona perianal. ,"Aves (1), Gatos (1), Bovinos (1114), Perros (73), Équidos (59), Caprinos (1), Ovinos (25), Ovinos y caprinos (Rebaño mixto) (1), Suidos (50)",1325,0
6059,157808,15.88852,-93.46259,2025-05-02,Tonalá,"Bovino de 2 meses de edad con miasis en región ventral del cuello.
","Aves (1), Gatos (1), Bovinos (1114), Perros (73), Équidos (59), Caprinos (1), Ovinos (25), Ovinos y caprinos (Rebaño mixto) (1), Suidos (50)",1325,0
6059,157811,16.40889,-93.83626,2025-05-02,Jiquipilas,"Bovino de 5 días de edad con miasis en región umbilical.
","Aves (1), Gatos (1), Bovinos (1114), Perros (73), Équidos (59), Caprinos (1), Ovinos (25), Ovinos y caprinos (Rebaño mixto) (1), Suidos (50)",1325,0
6059,157812,17.67828,-92.02632,2025-05-02,Catazajá,Ovino de 5 años de edad con miasis en esternón.,"Aves (1), Gatos (1), Bovinos (1114), Perros (73), Équidos (59), Caprinos (1), Ovinos (25), Ovinos y caprinos (Rebaño mixto) (1), Suidos (50)",1325,0
6059,157814,17.47879,-91.91581,2025-05-02,Palenque,"Bovino de 4 días de edad con miasis en región umbilical.
","Aves (1), Gatos (1), Bovinos (1114), Perros (73), Équidos (59), Caprinos (1), Ovinos (25), Ovinos y caprinos (Rebaño mixto) (1), Suidos (50)",1325,0
6059,157819,15.01696,-92.4421,2025-05-02,Huehuetán,"Bovino de 10 días de edad con miasis en cavidad oral.
","Aves (1), Gatos (1), Bovinos (1114), Perros (73), Équidos (59), Caprinos (1), Ovinos (25), Ovinos y caprinos (Rebaño mixto) (1), Suidos (50)",1325,0
6059,157820,14.74487,-92.4213,2025-05-02,Tapachula,Bovino de 5 años de edad con miasis en ubre.,"Aves (1), Gatos (1), Bovinos (1114), Perros (73), Équidos (59), Caprinos (1), Ovinos (25), Ovinos y caprinos (Rebaño mixto) (1), Suidos (50)",1325,0
6059,157945,16.35539,-91.57102,2025-05-02,Las Margaritas,Canino de 6 años de edad con miasis en el cuello.,"Aves (1), Gatos (1), Bovinos (1114), Perros (73), Équidos (59), Caprinos (1), Ovinos (25), Ovinos y caprinos (Rebaño mixto) (1), Suidos (50)",1325,0
6059,157939,14.5865,-92.2178,2025-05-02,Suchiate,"Equino de 5 años de edad con miasis en miembro anterior izquierdo.
","Aves (1), Gatos (1), Bovinos (1114), Perros (73), Équidos (59), Caprinos (1), Ovinos (25), Ovinos y caprinos (Rebaño mixto) (1), Suidos (50)",1325,0
6059,157954,15.88979,-93.45024,2025-05-02,Tonalá,"Bovino de 1 mes de edad con miasis en región umbilical.
","Aves (1), Gatos (1), Bovinos (1114), Perros (73), Équidos (59), Caprinos (1), Ovinos (25), Ovinos y caprinos (Rebaño mixto) (1), Suidos (50)",1325,0
6059,159071,16.27095,-93.275314,2025-05-02,Villaflores,"Bovino de 4 años de edad con miasis en ubre.
","Aves (1), Gatos (1), Bovinos (1114), Perros (73), Équidos (59), Caprinos (1), Ovinos (25), Ovinos y caprinos (Rebaño mixto) (1), Suidos (50)",1325,0
6059,159109,15.8882,-93.5868,2025-05-02,Tonalá,"Bovino de 4 días de edad con miasis en	región umbilical.
","Aves (1), Gatos (1), Bovinos (1114), Perros (73), Équidos (59), Caprinos (1), Ovinos (25), Ovinos y caprinos (Rebaño mixto) (1), Suidos (50)",1325,0
6059,157786,15.31652,-92.7335,2025-05-01,Acapetahua,"Bovino de 10 días de edad con miasis en región umbilical.
","Aves (1), Gatos (1), Bovinos (1114), Perros (73), Équidos (59), Caprinos (1), Ovinos (25), Ovinos y caprinos (Rebaño mixto) (1), Suidos (50)",1325,0
6059,157787,17.49635,-91.8867,2025-05-01,Palenque,"Bovino de 8 meses de edad con miasis en cuerno derecho
","Aves (1), Gatos (1), Bovinos (1114), Perros (73), Équidos (59), Caprinos (1), Ovinos (25), Ovinos y caprinos (Rebaño mixto) (1), Suidos (50)",1325,0
6059,157788,17.17725,-91.58338,2025-05-01,Palenque,"Bovino de 13 días de edad con miasis en región umbilical.
","Aves (1), Gatos (1), Bovinos (1114), Perros (73), Équidos (59), Caprinos (1), Ovinos (25), Ovinos y caprinos (Rebaño mixto) (1), Suidos (50)",1325,0
6059,157789,17.16222,-91.5709,2025-05-01,Palenque,"Bovino de 1 año 6 meses de edad con miasis en prepucio.
","Aves (1), Gatos (1), Bovinos (1114), Perros (73), Équidos (59), Caprinos (1), Ovinos (25), Ovinos y caprinos (Rebaño mixto) (1), Suidos (50)",1325,0
6059,157790,14.68176,-92.16836,2025-05-01,Suchiate,"Suino de 9 meses de edad con miasis en el cuello.
","Aves (1), Gatos (1), Bovinos (1114), Perros (73), Équidos (59), Caprinos (1), Ovinos (25), Ovinos y caprinos (Rebaño mixto) (1), Suidos (50)",1325,0
6059,157791,16.83755,-91.70879,2025-05-01,Ocosingo,"Bovino de 8 días de edad con miasis en región umbilical.
","Aves (1), Gatos (1), Bovinos (1114), Perros (73), Équidos (59), Caprinos (1), Ovinos (25), Ovinos y caprinos (Rebaño mixto) (1), Suidos (50)",1325,0
6059,157792,16.86587,-91.94898,2025-05-01,Ocosingo,"Equino de 9 años de edad con miasis en macetero izquierdo.
","Aves (1), Gatos (1), Bovinos (1114), Perros (73), Équidos (59), Caprinos (1), Ovinos (25), Ovinos y caprinos (Rebaño mixto) (1), Suidos (50)",1325,0
6059,157796,15.90149,-93.72818,2025-05-01,Tonalá,"Bovino de 8 días de edad con miasis en región umbilical.
","Aves (1), Gatos (1), Bovinos (1114), Perros (73), Équidos (59), Caprinos (1), Ovinos (25), Ovinos y caprinos (Rebaño mixto) (1), Suidos (50)",1325,0
6059,157797,15.85997,-93.66814,2025-05-01,Tonalá,,"Aves (1), Gatos (1), Bovinos (1114), Perros (73), Équidos (59), Caprinos (1), Ovinos (25), Ovinos y caprinos (Rebaño mixto) (1), Suidos (50)",1325,0
6059,157944,16.3454,-91.46825,2025-05-01,Las Margaritas,Canino de 5 años de edad con miasis en el cuello.,"Aves (1), Gatos (1), Bovinos (1114), Perros (73), Équidos (59), Caprinos (1), Ovinos (25), Ovinos y caprinos (Rebaño mixto) (1), Suidos (50)",1325,0
6059,158031,17.26475,-92.71929,2025-05-01,Huitiupán,"Bovino de 15 días de edad con miasis en región umbilical.
","Aves (1), Gatos (1), Bovinos (1114), Perros (73), Équidos (59), Caprinos (1), Ovinos (25), Ovinos y caprinos (Rebaño mixto) (1), Suidos (50)",1325,0
6059,159072,15.95514,-93.356293,2025-05-01,Villa Corzo,"Bovino de 10 días de edad con miasis en la región umbilical.
","Aves (1), Gatos (1), Bovinos (1114), Perros (73), Équidos (59), Caprinos (1), Ovinos (25), Ovinos y caprinos (Rebaño mixto) (1), Suidos (50)",1325,0
6059,159097,15.56806,-93.13165,2025-05-01,Pijijiapan,"Bovino de 8 días de edad con miasis en el sacro.
","Aves (1), Gatos (1), Bovinos (1114), Perros (73), Équidos (59), Caprinos (1), Ovinos (25), Ovinos y caprinos (Rebaño mixto) (1), Suidos (50)",1325,0
6059,159108,15.56908,-93.154528,2025-05-01,Pijijiapan,"Bovino de 8 días de edad con miasis en	región umbilical.
","Aves (1), Gatos (1), Bovinos (1114), Perros (73), Équidos (59), Caprinos (1), Ovinos (25), Ovinos y caprinos (Rebaño mixto) (1), Suidos (50)",1325,0
6059,157161,15.07995,-92.51922,2025-04-30,Huixtla,"Bovino de 1 año de edad con miasis en oreja.
","Aves (1), Gatos (1), Bovinos (1114), Perros (73), Équidos (59), Caprinos (1), Ovinos (25), Ovinos y caprinos (Rebaño mixto) (1), Suidos (50)",1325,0
6059,157163,15.35531,-92.57405,2025-04-30,Escuintla,"Bovino de 1 año de edad con miasis en oreja.
","Aves (1), Gatos (1), Bovinos (1114), Perros (73), Équidos (59), Caprinos (1), Ovinos (25), Ovinos y caprinos (Rebaño mixto) (1), Suidos (50)",1325,0
6059,157162,15.04561,-92.48914,2025-04-30,Tuzantán,"Ovino de 1 año de edad con miasis en pezuña.
","Aves (1), Gatos (1), Bovinos (1114), Perros (73), Équidos (59), Caprinos (1), Ovinos (25), Ovinos y caprinos (Rebaño mixto) (1), Suidos (50)",1325,0
6059,157781,16.89068,-92.03593,2025-04-30,Ocosingo,"Bovino de 4 años de edad con miasis en prepucio.
","Aves (1), Gatos (1), Bovinos (1114), Perros (73), Équidos (59), Caprinos (1), Ovinos (25), Ovinos y caprinos (Rebaño mixto) (1), Suidos (50)",1325,0
6059,157782,14.57473,-92.26614,2025-04-30,Suchiate,"Bovino de 1 día de edad con miasis en región umbilical.
","Aves (1), Gatos (1), Bovinos (1114), Perros (73), Équidos (59), Caprinos (1), Ovinos (25), Ovinos y caprinos (Rebaño mixto) (1), Suidos (50)",1325,0
6059,157783,17.68291,-93.15417,2025-04-30,Juárez,"Bovino de 1 año de edad con miasis alrededor del ojo.
","Aves (1), Gatos (1), Bovinos (1114), Perros (73), Équidos (59), Caprinos (1), Ovinos (25), Ovinos y caprinos (Rebaño mixto) (1), Suidos (50)",1325,0
6059,157785,17.06401,-92.19374,2025-04-30,Chilón,"Bovino de 1 año 6 meses de edad con miasis en región dorsal del cuello.
","Aves (1), Gatos (1), Bovinos (1114), Perros (73), Équidos (59), Caprinos (1), Ovinos (25), Ovinos y caprinos (Rebaño mixto) (1), Suidos (50)",1325,0
6059,157804,14.95547,-92.31583,2025-04-30,Tapachula,"Bovino de 3 años de edad con miasis en cuerno izquierdo.
","Aves (1), Gatos (1), Bovinos (1114), Perros (73), Équidos (59), Caprinos (1), Ovinos (25), Ovinos y caprinos (Rebaño mixto) (1), Suidos (50)",1325,0
6059,157805,14.95005,-92.30862,2025-04-30,Tapachula,"Bovino de 10 días de edad con miasis en región umbilical.
","Aves (1), Gatos (1), Bovinos (1114), Perros (73), Équidos (59), Caprinos (1), Ovinos (25), Ovinos y caprinos (Rebaño mixto) (1), Suidos (50)",1325,0
6059,157806,14.96556,-92.30764,2025-04-30,Tapachula,Bovino de 3 meses de edad con miasis en el cuello.,"Aves (1), Gatos (1), Bovinos (1114), Perros (73), Équidos (59), Caprinos (1), Ovinos (25), Ovinos y caprinos (Rebaño mixto) (1), Suidos (50)",1325,0
6059,157807,14.97409,-92.31823,2025-04-30,Tapachula,"Bovino de 7 días de edad con miasis en región umbilical.
","Aves (1), Gatos (1), Bovinos (1114), Perros (73), Équidos (59), Caprinos (1), Ovinos (25), Ovinos y caprinos (Rebaño mixto) (1), Suidos (50)",1325,0
6059,158022,15.44134,-93.06422,2025-04-30,Mapastepec,"Bovino de 15 años de edad con miasis en cuernos,","Aves (1), Gatos (1), Bovinos (1114), Perros (73), Équidos (59), Caprinos (1), Ovinos (25), Ovinos y caprinos (Rebaño mixto) (1), Suidos (50)",1325,0
6059,158023,15.49836,-92.96194,2025-04-30,Mapastepec,"Bovino de 6 días de edad con miasis en región umbilical.
","Aves (1), Gatos (1), Bovinos (1114), Perros (73), Équidos (59), Caprinos (1), Ovinos (25), Ovinos y caprinos (Rebaño mixto) (1), Suidos (50)",1325,0
6059,158024,15.57673,-93.18879,2025-04-30,Pijijiapan,"Bovino de 1 dia de edad con miasis en la papada,","Aves (1), Gatos (1), Bovinos (1114), Perros (73), Équidos (59), Caprinos (1), Ovinos (25), Ovinos y caprinos (Rebaño mixto) (1), Suidos (50)",1325,0
6059,159073,16.3836,-93.255862,2025-04-30,Villaflores,"Canino de 2 años de edad con miasis en grupa.
","Aves (1), Gatos (1), Bovinos (1114), Perros (73), Équidos (59), Caprinos (1), Ovinos (25), Ovinos y caprinos (Rebaño mixto) (1), Suidos (50)",1325,0
6059,159076,15.84033,-92.69331,2025-04-30,Angel Albino Corzo,"Bovino de 10 días de edad con miasis en región umbilical.
","Aves (1), Gatos (1), Bovinos (1114), Perros (73), Équidos (59), Caprinos (1), Ovinos (25), Ovinos y caprinos (Rebaño mixto) (1), Suidos (50)",1325,0
6059,159077,16.96688,-93.911026,2025-04-30,Cintalapa,"Bovino de 4 años de edad con miasis en región vulvar.
","Aves (1), Gatos (1), Bovinos (1114), Perros (73), Équidos (59), Caprinos (1), Ovinos (25), Ovinos y caprinos (Rebaño mixto) (1), Suidos (50)",1325,0
6059,159101,16.67049,-93.241876,2025-04-30,Suchiapa,"Bovino de 8 días de edad con miasis en la región umbilical.
","Aves (1), Gatos (1), Bovinos (1114), Perros (73), Équidos (59), Caprinos (1), Ovinos (25), Ovinos y caprinos (Rebaño mixto) (1), Suidos (50)",1325,0
6059,159105,15.52119,-93.061139,2025-04-30,Pijijiapan,"Bovino de 7 días de edad con miasis en región umbilical.
","Aves (1), Gatos (1), Bovinos (1114), Perros (73), Équidos (59), Caprinos (1), Ovinos (25), Ovinos y caprinos (Rebaño mixto) (1), Suidos (50)",1325,0
6059,159074,16.06955,-93.364426,2025-04-30,Villa Corzo,"Bovino de 10 días de edad con miasis en cuerno.
","Aves (1), Gatos (1), Bovinos (1114), Perros (73), Équidos (59), Caprinos (1), Ovinos (25), Ovinos y caprinos (Rebaño mixto) (1), Suidos (50)",1325,0
6059,156875,16.84968,-91.2426,2025-04-29,Ocosingo,"Bovino de 4 días de edad con miasis en región umbilical.
","Aves (1), Gatos (1), Bovinos (1114), Perros (73), Équidos (59), Caprinos (1), Ovinos (25), Ovinos y caprinos (Rebaño mixto) (1), Suidos (50)",1325,0
6059,156874,17.1813,-92.35871,2025-04-29,Yajalón,"Suino de 3 meses de edad con miasis en miembro posterior derecho.
","Aves (1), Gatos (1), Bovinos (1114), Perros (73), Équidos (59), Caprinos (1), Ovinos (25), Ovinos y caprinos (Rebaño mixto) (1), Suidos (50)",1325,0
6059,156873,16.54926,-93.81634,2025-04-29,Cintalapa,"Bovino de 15 días de edad con miasis en glúteo izquierdo.
","Aves (1), Gatos (1), Bovinos (1114), Perros (73), Équidos (59), Caprinos (1), Ovinos (25), Ovinos y caprinos (Rebaño mixto) (1), Suidos (50)",1325,0
6059,156872,16.02539,-92.40703,2025-04-29,La Concordia,"Bovino de 4 años de edad con miasis en tarso y metatarso del tren posterior.
","Aves (1), Gatos (1), Bovinos (1114), Perros (73), Équidos (59), Caprinos (1), Ovinos (25), Ovinos y caprinos (Rebaño mixto) (1), Suidos (50)",1325,0
6059,156857,16.87306,-91.24286,2025-04-29,Ocosingo,"Bovino de 1 mes de edad con miasis en región umbilical.
","Aves (1), Gatos (1), Bovinos (1114), Perros (73), Équidos (59), Caprinos (1), Ovinos (25), Ovinos y caprinos (Rebaño mixto) (1), Suidos (50)",1325,0
6059,156863,17.70787,-92.01625,2025-04-29,Catazajá,"Bovino de 9 años de edad con miasis en cuerno derecho.
","Aves (1), Gatos (1), Bovinos (1114), Perros (73), Équidos (59), Caprinos (1), Ovinos (25), Ovinos y caprinos (Rebaño mixto) (1), Suidos (50)",1325,0
6059,156868,15.04901,-92.48109,2025-04-29,Tuzantán,"Bovino de 6 años de edad con miasis en cuerno.
","Aves (1), Gatos (1), Bovinos (1114), Perros (73), Équidos (59), Caprinos (1), Ovinos (25), Ovinos y caprinos (Rebaño mixto) (1), Suidos (50)",1325,0
6059,156869,15.10214,-92.46353,2025-04-29,Tuzantán,"Bovino de 4 días de edad con miasis en región umbilical.
","Aves (1), Gatos (1), Bovinos (1114), Perros (73), Équidos (59), Caprinos (1), Ovinos (25), Ovinos y caprinos (Rebaño mixto) (1), Suidos (50)",1325,0
6059,157157,17.01243,-92.02866,2025-04-29,Chilón,"Bovino de 8 días de edad con miasis en región umbilical.
","Aves (1), Gatos (1), Bovinos (1114), Perros (73), Équidos (59), Caprinos (1), Ovinos (25), Ovinos y caprinos (Rebaño mixto) (1), Suidos (50)",1325,0
6059,157160,15.89247,-93.46578,2025-04-29,Tonalá,"Bovino de 45 días de edad con miasis en región ventral del cuello.
","Aves (1), Gatos (1), Bovinos (1114), Perros (73), Équidos (59), Caprinos (1), Ovinos (25), Ovinos y caprinos (Rebaño mixto) (1), Suidos (50)",1325,0
6059,158020,15.64036,-93.03068,2025-04-29,Pijijiapan,"Bovino de 7 días de edad con miasis en región umbilical.
","Aves (1), Gatos (1), Bovinos (1114), Perros (73), Équidos (59), Caprinos (1), Ovinos (25), Ovinos y caprinos (Rebaño mixto) (1), Suidos (50)",1325,0
6059,158021,15.56276,-93.14744,2025-04-29,Pijijiapan,"Bovino de 7 días de edad con miasis en región umbilical.
","Aves (1), Gatos (1), Bovinos (1114), Perros (73), Équidos (59), Caprinos (1), Ovinos (25), Ovinos y caprinos (Rebaño mixto) (1), Suidos (50)",1325,0
6059,159103,15.6018,-93.0797,2025-04-29,Pijijiapan,"Bovino de 7 días de edad con miasis en	región umbilical.
","Aves (1), Gatos (1), Bovinos (1114), Perros (73), Équidos (59), Caprinos (1), Ovinos (25), Ovinos y caprinos (Rebaño mixto) (1), Suidos (50)",1325,0
6059,159106,15.59184,-93.282105,2025-04-29,Pijijiapan,"Bovino de 5 días de edad con miasis en	región umbilical,
","Aves (1), Gatos (1), Bovinos (1114), Perros (73), Équidos (59), Caprinos (1), Ovinos (25), Ovinos y caprinos (Rebaño mixto) (1), Suidos (50)",1325,0
6059,156876,14.57473,-92.26614,2025-04-29,Suchiate,Bovino de 1 año de edad con miasis en cuello.,"Aves (1), Gatos (1), Bovinos (1114), Perros (73), Équidos (59), Caprinos (1), Ovinos (25), Ovinos y caprinos (Rebaño mixto) (1), Suidos (50)",1325,0
6059,156877,17.00948,-92.02637,2025-04-29,Chilón,"Bovino de 9 días de edad con miasis en región umbilical.
","Aves (1), Gatos (1), Bovinos (1114), Perros (73), Équidos (59), Caprinos (1), Ovinos (25), Ovinos y caprinos (Rebaño mixto) (1), Suidos (50)",1325,0
6059,156878,17.06196,-92.05306,2025-04-29,Chilón,"Bovino de 8 días de edad con miasis en región umbilical.
","Aves (1), Gatos (1), Bovinos (1114), Perros (73), Équidos (59), Caprinos (1), Ovinos (25), Ovinos y caprinos (Rebaño mixto) (1), Suidos (50)",1325,0
6059,156870,15.13178,-92.24181,2025-04-29,Tapachula,"Bovino de 10 días de edad con miasis en región umbilical.
","Aves (1), Gatos (1), Bovinos (1114), Perros (73), Équidos (59), Caprinos (1), Ovinos (25), Ovinos y caprinos (Rebaño mixto) (1), Suidos (50)",1325,0
6059,157784,16.59236,-92.52568,2025-04-29,Teopisca,"Bovino de 1 mes de edad con miasis en región umbilical.
","Aves (1), Gatos (1), Bovinos (1114), Perros (73), Équidos (59), Caprinos (1), Ovinos (25), Ovinos y caprinos (Rebaño mixto) (1), Suidos (50)",1325,0
6059,157963,15.75669,-93.13732,2025-04-29,Pijijiapan,"Bovino de 5 años de edad con miasis en ubre,","Aves (1), Gatos (1), Bovinos (1114), Perros (73), Équidos (59), Caprinos (1), Ovinos (25), Ovinos y caprinos (Rebaño mixto) (1), Suidos (50)",1325,0
6059,156837,15.22027,-92.57595,2025-04-28,Villa Comaltitlán,"Bovino de 5 años de edad con miasis en región vulvar.
","Aves (1), Gatos (1), Bovinos (1114), Perros (73), Équidos (59), Caprinos (1), Ovinos (25), Ovinos y caprinos (Rebaño mixto) (1), Suidos (50)",1325,0
6059,156839,15.11853,-92.47128,2025-04-28,Tuzantán,Bovino de 7 años de edad con miasis en pierna.,"Aves (1), Gatos (1), Bovinos (1114), Perros (73), Équidos (59), Caprinos (1), Ovinos (25), Ovinos y caprinos (Rebaño mixto) (1), Suidos (50)",1325,0
6059,156840,16.53145,-91.31262,2025-04-28,Ocosingo,"Bovino de 15 días de edad con miasis en región umbilical.
","Aves (1), Gatos (1), Bovinos (1114), Perros (73), Équidos (59), Caprinos (1), Ovinos (25), Ovinos y caprinos (Rebaño mixto) (1), Suidos (50)",1325,0
6059,156841,16.53145,-91.3126201,2025-04-28,Ocosingo,Bovino de 1 año de edad con miasis en la oreja.,"Aves (1), Gatos (1), Bovinos (1114), Perros (73), Équidos (59), Caprinos (1), Ovinos (25), Ovinos y caprinos (Rebaño mixto) (1), Suidos (50)",1325,0
6059,156856,15.33537,-92.54591,2025-04-28,Villa Comaltitlán,"Bovino de 2 años de edad con miasis en oreja derecha.
","Aves (1), Gatos (1), Bovinos (1114), Perros (73), Équidos (59), Caprinos (1), Ovinos (25), Ovinos y caprinos (Rebaño mixto) (1), Suidos (50)",1325,0
6059,156858,15.75724,-93.52701,2025-04-28,Pijijiapan,"Bovino de 4.8 años de edad con miasis en cuernos.
","Aves (1), Gatos (1), Bovinos (1114), Perros (73), Équidos (59), Caprinos (1), Ovinos (25), Ovinos y caprinos (Rebaño mixto) (1), Suidos (50)",1325,0
6059,156859,16.92514,-91.36388,2025-04-28,Ocosingo,"Suino de 8 meses de edad con miasis en región escrotal.
","Aves (1), Gatos (1), Bovinos (1114), Perros (73), Équidos (59), Caprinos (1), Ovinos (25), Ovinos y caprinos (Rebaño mixto) (1), Suidos (50)",1325,0
6059,156860,16.88646,-92.01921,2025-04-28,Ocosingo,Bovino de 5 años de edad con miasis en ubre.,"Aves (1), Gatos (1), Bovinos (1114), Perros (73), Équidos (59), Caprinos (1), Ovinos (25), Ovinos y caprinos (Rebaño mixto) (1), Suidos (50)",1325,0
6059,156861,16.71043,-91.39906,2025-04-28,Ocosingo,"Equino de 8 meses de edad con miasis en el tarso.
","Aves (1), Gatos (1), Bovinos (1114), Perros (73), Équidos (59), Caprinos (1), Ovinos (25), Ovinos y caprinos (Rebaño mixto) (1), Suidos (50)",1325,0
6059,157153,15.75095,-93.33703,2025-04-28,Pijijiapan,"Bovino de 4 días de edad con miasis en región umbilical.
","Aves (1), Gatos (1), Bovinos (1114), Perros (73), Équidos (59), Caprinos (1), Ovinos (25), Ovinos y caprinos (Rebaño mixto) (1), Suidos (50)",1325,0
6059,157155,15.60868,-93.14439,2025-04-28,Pijijiapan,"Bovino de 7 días de edad con miasis en región umbilical.
","Aves (1), Gatos (1), Bovinos (1114), Perros (73), Équidos (59), Caprinos (1), Ovinos (25), Ovinos y caprinos (Rebaño mixto) (1), Suidos (50)",1325,0
6059,157156,15.84493,-93.36959,2025-04-28,Pijijiapan,"Bovino de 2 años de edad con miasis en cuello.
","Aves (1), Gatos (1), Bovinos (1114), Perros (73), Équidos (59), Caprinos (1), Ovinos (25), Ovinos y caprinos (Rebaño mixto) (1), Suidos (50)",1325,0
6059,157158,15.8347,-93.38106,2025-04-28,Pijijiapan,"Bovino de 8 días de edad con miasis en región umbilical.
","Aves (1), Gatos (1), Bovinos (1114), Perros (73), Équidos (59), Caprinos (1), Ovinos (25), Ovinos y caprinos (Rebaño mixto) (1), Suidos (50)",1325,0
6059,157159,15.82368,-93.35662,2025-04-28,Pijijiapan,"Bovino de 10 días de edad con miasis en región umbilical.
","Aves (1), Gatos (1), Bovinos (1114), Perros (73), Équidos (59), Caprinos (1), Ovinos (25), Ovinos y caprinos (Rebaño mixto) (1), Suidos (50)",1325,0
6059,156862,16.94001,-91.94237,2025-04-28,Ocosingo,Equino de 3 años de edad con miasis en el tarso.,"Aves (1), Gatos (1), Bovinos (1114), Perros (73), Équidos (59), Caprinos (1), Ovinos (25), Ovinos y caprinos (Rebaño mixto) (1), Suidos (50)",1325,0
6059,156871,16.25068,-93.08954,2025-04-28,Villa Corzo,"Bovino de 1 semana de edad con miasis en región umbilical.
","Aves (1), Gatos (1), Bovinos (1114), Perros (73), Équidos (59), Caprinos (1), Ovinos (25), Ovinos y caprinos (Rebaño mixto) (1), Suidos (50)",1325,0
6059,157154,15.59188,-93.11853,2025-04-28,Pijijiapan,"Suino de 2 años de edad con miasis en región anal.
","Aves (1), Gatos (1), Bovinos (1114), Perros (73), Équidos (59), Caprinos (1), Ovinos (25), Ovinos y caprinos (Rebaño mixto) (1), Suidos (50)",1325,0
6059,157964,15.76976,-93.12207,2025-04-28,Pijijiapan,"Bovino de 5 días de edad con miasis en región umbilical.
","Aves (1), Gatos (1), Bovinos (1114), Perros (73), Équidos (59), Caprinos (1), Ovinos (25), Ovinos y caprinos (Rebaño mixto) (1), Suidos (50)",1325,0
6059,157965,15.4933,-93.0665,2025-04-28,Mapastepec,Bovino de 2 años de edad en región vulvar.,"Aves (1), Gatos (1), Bovinos (1114), Perros (73), Équidos (59), Caprinos (1), Ovinos (25), Ovinos y caprinos (Rebaño mixto) (1), Suidos (50)",1325,0
6059,159098,15.71676,-93.293903,2025-04-28,Pijijiapan,"Bovino de 7 días de edad con miasis en región umbilical.
","Aves (1), Gatos (1), Bovinos (1114), Perros (73), Équidos (59), Caprinos (1), Ovinos (25), Ovinos y caprinos (Rebaño mixto) (1), Suidos (50)",1325,0
6059,159099,15.59786,-93.087953,2025-04-28,Pijijiapan,"Bovino de 2 años 10 meses de edad con miasis en el	prepucio.
","Aves (1), Gatos (1), Bovinos (1114), Perros (73), Équidos (59), Caprinos (1), Ovinos (25), Ovinos y caprinos (Rebaño mixto) (1), Suidos (50)",1325,0
6059,156827,14.84721,-92.51887,2025-04-27,Mazatán,"Equino de 6 años de edad con miasis en conducto nasal derecho.
","Aves (1), Gatos (1), Bovinos (1114), Perros (73), Équidos (59), Caprinos (1), Ovinos (25), Ovinos y caprinos (Rebaño mixto) (1), Suidos (50)",1325,0
6059,156828,15.15538,-92.44329,2025-04-27,Tuzantán,"Bovino de 10 días de edad con miasis en región umbilical.
","Aves (1), Gatos (1), Bovinos (1114), Perros (73), Équidos (59), Caprinos (1), Ovinos (25), Ovinos y caprinos (Rebaño mixto) (1), Suidos (50)",1325,0
6059,156829,15.22881,-92.58148,2025-04-27,Villa Comaltitlán,"Bovino de 5 años de edad con miasis en ubre.
","Aves (1), Gatos (1), Bovinos (1114), Perros (73), Équidos (59), Caprinos (1), Ovinos (25), Ovinos y caprinos (Rebaño mixto) (1), Suidos (50)",1325,0
6059,156833,15.94518,-93.51977,2025-04-27,Tonalá,"Bovino de 10 días de edad con miasis en región umbilical.
","Aves (1), Gatos (1), Bovinos (1114), Perros (73), Équidos (59), Caprinos (1), Ovinos (25), Ovinos y caprinos (Rebaño mixto) (1), Suidos (50)",1325,0
6059,156836,14.5633,-92.2138,2025-04-27,Suchiate,"Canino de 4 años de edad con miasis en miembro anterior derecho.
","Aves (1), Gatos (1), Bovinos (1114), Perros (73), Équidos (59), Caprinos (1), Ovinos (25), Ovinos y caprinos (Rebaño mixto) (1), Suidos (50)",1325,0
6059,156838,16.92461,-93.86235,2025-04-27,Cintalapa,Bovino de 8 años de edad con miasis en cuernos.,"Aves (1), Gatos (1), Bovinos (1114), Perros (73), Équidos (59), Caprinos (1), Ovinos (25), Ovinos y caprinos (Rebaño mixto) (1), Suidos (50)",1325,0
6059,157150,15.46405,-92.99484,2025-04-27,Mapastepec,"Equino de 3 años de edad con miasis en miembros anteriores.
","Aves (1), Gatos (1), Bovinos (1114), Perros (73), Équidos (59), Caprinos (1), Ovinos (25), Ovinos y caprinos (Rebaño mixto) (1), Suidos (50)",1325,0
6059,157151,15.47648,-92.95377,2025-04-27,Mapastepec,"Bovino de 25 días de edad con miasis en región umbilical.
","Aves (1), Gatos (1), Bovinos (1114), Perros (73), Équidos (59), Caprinos (1), Ovinos (25), Ovinos y caprinos (Rebaño mixto) (1), Suidos (50)",1325,0
6059,157152,15.47106,-92.95987,2025-04-27,Mapastepec,"Bovino de 20 días de edad con miasis en región umbilical.
","Aves (1), Gatos (1), Bovinos (1114), Perros (73), Équidos (59), Caprinos (1), Ovinos (25), Ovinos y caprinos (Rebaño mixto) (1), Suidos (50)",1325,0
6059,156806,15.33537,-92.54591,2025-04-26,Villa Comaltitlán,"Bovino de 3 meses de edad con miasis en región ventral del cuello.
","Aves (1), Gatos (1), Bovinos (1114), Perros (73), Équidos (59), Caprinos (1), Ovinos (25), Ovinos y caprinos (Rebaño mixto) (1), Suidos (50)",1325,0
6059,156826,16.77863,-91.32366,2025-04-26,Ocosingo,"Bovino de 7 días de edad con miasis en región umbilical.
","Aves (1), Gatos (1), Bovinos (1114), Perros (73), Équidos (59), Caprinos (1), Ovinos (25), Ovinos y caprinos (Rebaño mixto) (1), Suidos (50)",1325,0
6059,156831,15.97436,-93.60949,2025-04-26,Tonalá,"Bovino de 7 días de edad con miasis en región umbilical.
","Aves (1), Gatos (1), Bovinos (1114), Perros (73), Équidos (59), Caprinos (1), Ovinos (25), Ovinos y caprinos (Rebaño mixto) (1), Suidos (50)",1325,0
6059,156834,16.08965,-93.73289,2025-04-26,Tonalá,"Bovino de 2 meses de edad con miasis en región umbilical.
","Aves (1), Gatos (1), Bovinos (1114), Perros (73), Équidos (59), Caprinos (1), Ovinos (25), Ovinos y caprinos (Rebaño mixto) (1), Suidos (50)",1325,0
6059,156835,15.05049,-92.11195,2025-04-26,Cacahoatán,"Bovino de 5 años de edad con miasis en la base de la cola.
","Aves (1), Gatos (1), Bovinos (1114), Perros (73), Équidos (59), Caprinos (1), Ovinos (25), Ovinos y caprinos (Rebaño mixto) (1), Suidos (50)",1325,0
6059,156865,17.42903,-92.49472,2025-04-26,Tila,"Bovino de 11 días de edad con miasis en región umbilical.
","Aves (1), Gatos (1), Bovinos (1114), Perros (73), Équidos (59), Caprinos (1), Ovinos (25), Ovinos y caprinos (Rebaño mixto) (1), Suidos (50)",1325,0
6059,156866,17.47867,-92.52501,2025-04-26,Tila,"Bovino de 14 días de edad con miasis en región umbilical.
","Aves (1), Gatos (1), Bovinos (1114), Perros (73), Équidos (59), Caprinos (1), Ovinos (25), Ovinos y caprinos (Rebaño mixto) (1), Suidos (50)",1325,0
6059,157148,15.57052,-93.17514,2025-04-26,Pijijiapan,Bovino de 6 dias de edad con miasis en la región umbilical.,"Aves (1), Gatos (1), Bovinos (1114), Perros (73), Équidos (59), Caprinos (1), Ovinos (25), Ovinos y caprinos (Rebaño mixto) (1), Suidos (50)",1325,0
6059,157149,15.49408,-93.08077,2025-04-26,Pijijiapan,Bovino de 1 año de edad con miasis en oreja derecha.,"Aves (1), Gatos (1), Bovinos (1114), Perros (73), Équidos (59), Caprinos (1), Ovinos (25), Ovinos y caprinos (Rebaño mixto) (1), Suidos (50)",1325,0
6059,156680,15.25215,-92.33579,2025-04-25,Motozintla,"Bovino de 10 días de edad con miasis en región umbilical.
","Aves (1), Gatos (1), Bovinos (1114), Perros (73), Équidos (59), Caprinos (1), Ovinos (25), Ovinos y caprinos (Rebaño mixto) (1), Suidos (50)",1325,0
6059,156691,16.94259,-92.1156,2025-04-25,Ocosingo,"Bovino de 4 años de edad con miasis en región isquiatica.
","Aves (1), Gatos (1), Bovinos (1114), Perros (73), Équidos (59), Caprinos (1), Ovinos (25), Ovinos y caprinos (Rebaño mixto) (1), Suidos (50)",1325,0
6059,156692,15.0594,-92.46636,2025-04-25,Tuzantán,"Bovino de 8 días de edad con miasis en región umbilical.
","Aves (1), Gatos (1), Bovinos (1114), Perros (73), Équidos (59), Caprinos (1), Ovinos (25), Ovinos y caprinos (Rebaño mixto) (1), Suidos (50)",1325,0
6059,156693,14.67375,-92.26379,2025-04-25,Suchiate,"Suino de 1 año de edad con miasis en miembro anterior derecho.
","Aves (1), Gatos (1), Bovinos (1114), Perros (73), Équidos (59), Caprinos (1), Ovinos (25), Ovinos y caprinos (Rebaño mixto) (1), Suidos (50)",1325,0
6059,156694,16.51096,-90.64719,2025-04-25,Ocosingo,"Bovino de 1.5 años de edad con miasis en región del prepucio.

","Aves (1), Gatos (1), Bovinos (1114), Perros (73), Équidos (59), Caprinos (1), Ovinos (25), Ovinos y caprinos (Rebaño mixto) (1), Suidos (50)",1325,0
6059,156695,15.96195,-93.22139,2025-04-25,Villa Corzo,"Bovino de 15 días de edad con miasis en región umbilical.
","Aves (1), Gatos (1), Bovinos (1114), Perros (73), Équidos (59), Caprinos (1), Ovinos (25), Ovinos y caprinos (Rebaño mixto) (1), Suidos (50)",1325,0
6059,156696,16.39219,-90.57791,2025-04-25,Ocosingo,Bovino de 2 años de edad con miasis en oreja.,"Aves (1), Gatos (1), Bovinos (1114), Perros (73), Équidos (59), Caprinos (1), Ovinos (25), Ovinos y caprinos (Rebaño mixto) (1), Suidos (50)",1325,0
6059,156697,16.88997,-92.10345,2025-04-25,Ocosingo,"Becerro de 8 meses y vaca de 4 años de edad con miasis, uno en miembro anterior derecho y otro (vaca) en región preesternal.

","Aves (1), Gatos (1), Bovinos (1114), Perros (73), Équidos (59), Caprinos (1), Ovinos (25), Ovinos y caprinos (Rebaño mixto) (1), Suidos (50)",1325,0
6059,156803,14.99779,-92.16226,2025-04-25,Cacahoatán,"Canino de 6 años de edad con miasis en costado del ojo derecho.
","Aves (1), Gatos (1), Bovinos (1114), Perros (73), Équidos (59), Caprinos (1), Ovinos (25), Ovinos y caprinos (Rebaño mixto) (1), Suidos (50)",1325,0
6059,156676,17.05814,-91.88536,2025-04-24,Chilón,"Bovino de 5 días de edad con miasis en región umbilical.
","Aves (1), Gatos (1), Bovinos (1114), Perros (73), Équidos (59), Caprinos (1), Ovinos (25), Ovinos y caprinos (Rebaño mixto) (1), Suidos (50)",1325,0
6059,156677,15.2506,-92.79889,2025-04-24,Acapetahua,"Equino de 2 años de edad con miasis en miembro posterior derecho.
","Aves (1), Gatos (1), Bovinos (1114), Perros (73), Équidos (59), Caprinos (1), Ovinos (25), Ovinos y caprinos (Rebaño mixto) (1), Suidos (50)",1325,0
6059,156678,17.0451,-91.87347,2025-04-24,Ocosingo,"Bovino de 4 años de edad con miasis en región vulvar.
","Aves (1), Gatos (1), Bovinos (1114), Perros (73), Équidos (59), Caprinos (1), Ovinos (25), Ovinos y caprinos (Rebaño mixto) (1), Suidos (50)",1325,0
6059,156679,15.03987,-92.48965,2025-04-24,Tuzantán,"Bovino de 5 años de edad con miasis en región del cuerno y conducto auditivo.
","Aves (1), Gatos (1), Bovinos (1114), Perros (73), Équidos (59), Caprinos (1), Ovinos (25), Ovinos y caprinos (Rebaño mixto) (1), Suidos (50)",1325,0
6059,156804,14.88072,-92.18713,2025-04-25,Tuxtla Chico,"Equino de 4 años de edad con miasis en oreja izquierda.
","Aves (1), Gatos (1), Bovinos (1114), Perros (73), Équidos (59), Caprinos (1), Ovinos (25), Ovinos y caprinos (Rebaño mixto) (1), Suidos (50)",1325,0
6059,156805,16.18554,-91.22283,2025-04-25,Las Margaritas,"Bovino de 1 mes de edad con miasis en región umbilical.
","Aves (1), Gatos (1), Bovinos (1114), Perros (73), Équidos (59), Caprinos (1), Ovinos (25), Ovinos y caprinos (Rebaño mixto) (1), Suidos (50)",1325,0
6059,156832,16.06052,-93.6786,2025-04-25,Tonalá,"Equno de 5 años de edad con miasis en región dorsal del cuello.
","Aves (1), Gatos (1), Bovinos (1114), Perros (73), Équidos (59), Caprinos (1), Ovinos (25), Ovinos y caprinos (Rebaño mixto) (1), Suidos (50)",1325,0
6059,157145,17.70616,-92.03359,2025-04-25,Catazajá,"Ovino de 1.5 años de edad con miasis en miembro anterior derecho.
","Aves (1), Gatos (1), Bovinos (1114), Perros (73), Équidos (59), Caprinos (1), Ovinos (25), Ovinos y caprinos (Rebaño mixto) (1), Suidos (50)",1325,0
6059,157146,15.52299,-93.01125,2025-04-25,Mapastepec,Bovino de 5 días de edad con miasis en región umbilical.,"Aves (1), Gatos (1), Bovinos (1114), Perros (73), Équidos (59), Caprinos (1), Ovinos (25), Ovinos y caprinos (Rebaño mixto) (1), Suidos (50)",1325,0
6059,157147,15.60006,-93.10636,2025-04-25,Pijijiapan,Bovino de 1 año de edad con miasis en jiba.,"Aves (1), Gatos (1), Bovinos (1114), Perros (73), Équidos (59), Caprinos (1), Ovinos (25), Ovinos y caprinos (Rebaño mixto) (1), Suidos (50)",1325,0
6059,156690,16.04794,-92.8675,2025-04-24,La Concordia,Bovino de 2 años de edad con miasis en region del cuerno.,"Aves (1), Gatos (1), Bovinos (1114), Perros (73), Équidos (59), Caprinos (1), Ovinos (25), Ovinos y caprinos (Rebaño mixto) (1), Suidos (50)",1325,0
6059,156809,16.38808,-91.68459,2025-04-24,Las Margaritas,"Bovino de 14 años de edad con miasis en zona ventral.
","Aves (1), Gatos (1), Bovinos (1114), Perros (73), Équidos (59), Caprinos (1), Ovinos (25), Ovinos y caprinos (Rebaño mixto) (1), Suidos (50)",1325,0
6059,156810,16.37666,-91.67046,2025-04-24,Las Margaritas,"Bovino de 1 mes de edad con miasis en región umbilical.
","Aves (1), Gatos (1), Bovinos (1114), Perros (73), Équidos (59), Caprinos (1), Ovinos (25), Ovinos y caprinos (Rebaño mixto) (1), Suidos (50)",1325,0
6059,156824,15.74821,-93.35552,2025-04-24,Pijijiapan,"Bovino de 5 días de edad con miasis en el dorso.
","Aves (1), Gatos (1), Bovinos (1114), Perros (73), Équidos (59), Caprinos (1), Ovinos (25), Ovinos y caprinos (Rebaño mixto) (1), Suidos (50)",1325,0
6059,156825,15.61909,-93.14214,2025-04-24,Pijijiapan,Suino de 1 año de edad con miasis en el cuello.,"Aves (1), Gatos (1), Bovinos (1114), Perros (73), Équidos (59), Caprinos (1), Ovinos (25), Ovinos y caprinos (Rebaño mixto) (1), Suidos (50)",1325,0
6059,156830,15.80005,-93.58454,2025-04-24,Tonalá,Bovino de 6 años de edad con miasis en cuerno derecho.,"Aves (1), Gatos (1), Bovinos (1114), Perros (73), Équidos (59), Caprinos (1), Ovinos (25), Ovinos y caprinos (Rebaño mixto) (1), Suidos (50)",1325,0
6059,156864,17.39074,-92.31424,2025-04-24,Tumbalá,"Bovino de 7 meses de edad con miasis en cuernos.
","Aves (1), Gatos (1), Bovinos (1114), Perros (73), Équidos (59), Caprinos (1), Ovinos (25), Ovinos y caprinos (Rebaño mixto) (1), Suidos (50)",1325,0
6059,157144,17.59467,-91.88102,2025-04-24,Palenque,Bovino de 3 años de edad con miasis en el oido.,"Aves (1), Gatos (1), Bovinos (1114), Perros (73), Équidos (59), Caprinos (1), Ovinos (25), Ovinos y caprinos (Rebaño mixto) (1), Suidos (50)",1325,0
6059,156879,17.67067,-91.88047,2025-04-24,Palenque,"Bovino de 3 años de edad con miasis en región vulvar.
","Aves (1), Gatos (1), Bovinos (1114), Perros (73), Équidos (59), Caprinos (1), Ovinos (25), Ovinos y caprinos (Rebaño mixto) (1), Suidos (50)",1325,0
6059,159195,14.84304,-92.27086,2025-04-24,Tapachula,"Bovino de 3 años de edad con miasis en región vulvar.
","Aves (1), Gatos (1), Bovinos (1114), Perros (73), Équidos (59), Caprinos (1), Ovinos (25), Ovinos y caprinos (Rebaño mixto) (1), Suidos (50)",1325,0
6059,156442,15.34214,-92.61854,2025-04-23,Escuintla,"Bovino de 2 años de edad con miasis en miembro posterior derecho.
","Aves (1), Gatos (1), Bovinos (1114), Perros (73), Équidos (59), Caprinos (1), Ovinos (25), Ovinos y caprinos (Rebaño mixto) (1), Suidos (50)",1325,0
6059,156443,15.25487,-92.64626,2025-04-23,Acapetahua,"Bovino de 10 días de edad con miasis en la región umbilical.
","Aves (1), Gatos (1), Bovinos (1114), Perros (73), Équidos (59), Caprinos (1), Ovinos (25), Ovinos y caprinos (Rebaño mixto) (1), Suidos (50)",1325,0
6059,156447,15.04901,-92.48109,2025-04-23,Tuzantán,Bovino de 5 meses de edad con miasis en cuerno.,"Aves (1), Gatos (1), Bovinos (1114), Perros (73), Équidos (59), Caprinos (1), Ovinos (25), Ovinos y caprinos (Rebaño mixto) (1), Suidos (50)",1325,0
6059,156674,16.69072,-91.37928,2025-04-23,Ocosingo,"Bovino de 5 años de edad con miasis en región vulvar.
","Aves (1), Gatos (1), Bovinos (1114), Perros (73), Équidos (59), Caprinos (1), Ovinos (25), Ovinos y caprinos (Rebaño mixto) (1), Suidos (50)",1325,0
6059,156675,16.0561,-93.34115,2025-04-23,Villa Corzo,"Bovino de 4 días de edad con miasis en región umbilical.
","Aves (1), Gatos (1), Bovinos (1114), Perros (73), Équidos (59), Caprinos (1), Ovinos (25), Ovinos y caprinos (Rebaño mixto) (1), Suidos (50)",1325,0
6059,156807,16.37487,-91.68569,2025-04-23,Las Margaritas,"Bovino de 1 año de edad con miasis en el esternón.
","Aves (1), Gatos (1), Bovinos (1114), Perros (73), Équidos (59), Caprinos (1), Ovinos (25), Ovinos y caprinos (Rebaño mixto) (1), Suidos (50)",1325,0
6059,156808,16.38345,-91.69357,2025-04-23,Las Margaritas,"Bovino de 1 mes de edad con miasis en región umbilical.
","Aves (1), Gatos (1), Bovinos (1114), Perros (73), Équidos (59), Caprinos (1), Ovinos (25), Ovinos y caprinos (Rebaño mixto) (1), Suidos (50)",1325,0
6059,156821,15.70368,-93.31043,2025-04-23,Pijijiapan,"Bovino de 7 días de edad con miasis en pierna derecha.
","Aves (1), Gatos (1), Bovinos (1114), Perros (73), Équidos (59), Caprinos (1), Ovinos (25), Ovinos y caprinos (Rebaño mixto) (1), Suidos (50)",1325,0
6059,156812,15.70368,-93.09713,2025-04-23,Pijijiapan,"Bovino de 8 días de edad con miasis en región umbilical.
","Aves (1), Gatos (1), Bovinos (1114), Perros (73), Équidos (59), Caprinos (1), Ovinos (25), Ovinos y caprinos (Rebaño mixto) (1), Suidos (50)",1325,0
6059,156822,15.71783,-93.38997,2025-04-23,Pijijiapan,"Bovino de 5 días de edad con miasis en región umbilical.
","Aves (1), Gatos (1), Bovinos (1114), Perros (73), Équidos (59), Caprinos (1), Ovinos (25), Ovinos y caprinos (Rebaño mixto) (1), Suidos (50)",1325,0
6059,156823,15.68197,-93.3795,2025-04-23,Pijijiapan,"Bovino de 5 días de edad con miasis en región umbilical.
","Aves (1), Gatos (1), Bovinos (1114), Perros (73), Équidos (59), Caprinos (1), Ovinos (25), Ovinos y caprinos (Rebaño mixto) (1), Suidos (50)",1325,0
6059,156811,15.58441,-93.11539,2025-04-23,Pijijiapan,"Suino de 8 meses de edad con miasis en el dorso.
","Aves (1), Gatos (1), Bovinos (1114), Perros (73), Équidos (59), Caprinos (1), Ovinos (25), Ovinos y caprinos (Rebaño mixto) (1), Suidos (50)",1325,0
6059,156867,17.29368,-92.16215,2025-04-23,Tumbalá,"Bovino de 8 días de edad con miasis en región umbilical.
","Aves (1), Gatos (1), Bovinos (1114), Perros (73), Équidos (59), Caprinos (1), Ovinos (25), Ovinos y caprinos (Rebaño mixto) (1), Suidos (50)",1325,0
6059,158723,15.84062,-93.384974,2025-04-23,Pijijiapan,"Bovino de 5 años de edad con miembro posterior izquierdo.
","Aves (1), Gatos (1), Bovinos (1114), Perros (73), Équidos (59), Caprinos (1), Ovinos (25), Ovinos y caprinos (Rebaño mixto) (1), Suidos (50)",1325,0
6059,159194,15.01661,-92.39011,2025-04-23,Huehuetán,"Bovino de 21 días de edad con miasis en región umbilical.
","Aves (1), Gatos (1), Bovinos (1114), Perros (73), Équidos (59), Caprinos (1), Ovinos (25), Ovinos y caprinos (Rebaño mixto) (1), Suidos (50)",1325,0
6059,159198,14.86839,-92.26696,2025-04-23,Tapachula,"Canino de 9 meses de edad con miasis en miembro anterior derecho.
","Aves (1), Gatos (1), Bovinos (1114), Perros (73), Équidos (59), Caprinos (1), Ovinos (25), Ovinos y caprinos (Rebaño mixto) (1), Suidos (50)",1325,0
6059,156431,16.37427,-90.56247,2025-04-22,Ocosingo,"Dos bovinos de 2 años y 1.5 años de edad, con miasis uno en cuerno derecho y otro en miembro anterior derecho.","Aves (1), Gatos (1), Bovinos (1114), Perros (73), Équidos (59), Caprinos (1), Ovinos (25), Ovinos y caprinos (Rebaño mixto) (1), Suidos (50)",1325,0
6059,156432,16.95457,-91.31557,2025-04-22,Ocosingo,"Bovino de 5 días de edad con miasis en la región umbilical.
","Aves (1), Gatos (1), Bovinos (1114), Perros (73), Équidos (59), Caprinos (1), Ovinos (25), Ovinos y caprinos (Rebaño mixto) (1), Suidos (50)",1325,0
6059,156433,15.73812,-93.35242,2025-04-22,Pijijiapan,"Bovino de 3 años de edad con miasis en el cuerno.
","Aves (1), Gatos (1), Bovinos (1114), Perros (73), Équidos (59), Caprinos (1), Ovinos (25), Ovinos y caprinos (Rebaño mixto) (1), Suidos (50)",1325,0
6059,156435,15.53137,-93.09508,2025-04-22,Pijijiapan,"Suino de 1 año de edad con miasis en la región del cuello.
","Aves (1), Gatos (1), Bovinos (1114), Perros (73), Équidos (59), Caprinos (1), Ovinos (25), Ovinos y caprinos (Rebaño mixto) (1), Suidos (50)",1325,0
6059,156439,15.0904,-92.47709,2025-04-22,Tuzantán,"Bovino de 10 días de edad con miasis en la nuca.
","Aves (1), Gatos (1), Bovinos (1114), Perros (73), Équidos (59), Caprinos (1), Ovinos (25), Ovinos y caprinos (Rebaño mixto) (1), Suidos (50)",1325,0
6059,156440,15.25646,-92.74224,2025-04-22,Acapetahua,"Bovino de 5 años de edad con miasis en la región del prepucio.
","Aves (1), Gatos (1), Bovinos (1114), Perros (73), Équidos (59), Caprinos (1), Ovinos (25), Ovinos y caprinos (Rebaño mixto) (1), Suidos (50)",1325,0
6059,156441,15.34342,-92.55501,2025-04-22,Villa Comaltitlán,"Bovino de 1 año de edad con miasis en la oreja izquierda.
","Aves (1), Gatos (1), Bovinos (1114), Perros (73), Équidos (59), Caprinos (1), Ovinos (25), Ovinos y caprinos (Rebaño mixto) (1), Suidos (50)",1325,0
6059,156408,14.56624,-92.25121,2025-04-21,Suchiate,Bovino de 1 año de edad con miasis en la oreja izquierda.,"Aves (1), Gatos (1), Bovinos (1114), Perros (73), Équidos (59), Caprinos (1), Ovinos (25), Ovinos y caprinos (Rebaño mixto) (1), Suidos (50)",1325,0
6059,156418,15.28351,-92.63188,2025-04-21,Acapetahua,"Suino de 5 años de edad con miasis en glándula mamaria.
","Aves (1), Gatos (1), Bovinos (1114), Perros (73), Équidos (59), Caprinos (1), Ovinos (25), Ovinos y caprinos (Rebaño mixto) (1), Suidos (50)",1325,0
6059,156421,16.44802,-90.72663,2025-04-21,Ocosingo,"Bovino de 7 días de edad con miasis en la región umbilical.
","Aves (1), Gatos (1), Bovinos (1114), Perros (73), Équidos (59), Caprinos (1), Ovinos (25), Ovinos y caprinos (Rebaño mixto) (1), Suidos (50)",1325,0
6059,156422,16.1574,-91.87442,2025-04-21,La Trinitaria,"Bovino de 1.8 años de edad con miasis en región del prepucio.
","Aves (1), Gatos (1), Bovinos (1114), Perros (73), Équidos (59), Caprinos (1), Ovinos (25), Ovinos y caprinos (Rebaño mixto) (1), Suidos (50)",1325,0
6059,156425,14.93734,-92.16673,2025-04-21,Tuxtla Chico,"Equino de 5 años de edad con miasis en canal auditivo izquierdo.
","Aves (1), Gatos (1), Bovinos (1114), Perros (73), Équidos (59), Caprinos (1), Ovinos (25), Ovinos y caprinos (Rebaño mixto) (1), Suidos (50)",1325,0
6059,156434,15.46303,-93.07181,2025-04-21,Mapastepec,"Bovino de 8 días de edad con miasis en la región umbilical.
","Aves (1), Gatos (1), Bovinos (1114), Perros (73), Équidos (59), Caprinos (1), Ovinos (25), Ovinos y caprinos (Rebaño mixto) (1), Suidos (50)",1325,0
6059,156436,15.4497,-93.04339,2025-04-21,Mapastepec,"Bovino de 6 años de edad con miasis en el cuerno.
","Aves (1), Gatos (1), Bovinos (1114), Perros (73), Équidos (59), Caprinos (1), Ovinos (25), Ovinos y caprinos (Rebaño mixto) (1), Suidos (50)",1325,0
6059,156437,15.69886,-93.29048,2025-04-21,Pijijiapan,"Bovino de 20 días de edad con miasis en la región umbilical.
","Aves (1), Gatos (1), Bovinos (1114), Perros (73), Équidos (59), Caprinos (1), Ovinos (25), Ovinos y caprinos (Rebaño mixto) (1), Suidos (50)",1325,0
6059,156446,15.09914,-92.40016,2025-04-21,Tuzantán,"Bovino de 5 años de edad con miasis en la ubre.
","Aves (1), Gatos (1), Bovinos (1114), Perros (73), Équidos (59), Caprinos (1), Ovinos (25), Ovinos y caprinos (Rebaño mixto) (1), Suidos (50)",1325,0
6059,156450,15.9428,-93.49213,2025-04-21,Tonalá,,"Aves (1), Gatos (1), Bovinos (1114), Perros (73), Équidos (59), Caprinos (1), Ovinos (25), Ovinos y caprinos (Rebaño mixto) (1), Suidos (50)",1325,0
6059,156438,15.66136,-93.16505,2025-04-21,Pijijiapan,Bovino de 2 años de edad con  miasis en región escrotal.,"Aves (1), Gatos (1), Bovinos (1114), Perros (73), Équidos (59), Caprinos (1), Ovinos (25), Ovinos y caprinos (Rebaño mixto) (1), Suidos (50)",1325,0
6059,156420,16.42626,-90.69951,2025-04-21,Ocosingo,"Bovino de 8 días de edad con miasis en la región umbilical.
","Aves (1), Gatos (1), Bovinos (1114), Perros (73), Équidos (59), Caprinos (1), Ovinos (25), Ovinos y caprinos (Rebaño mixto) (1), Suidos (50)",1325,0
6059,157949,16.10809,-93.87468,2025-04-21,Tonalá,"Bovino de 8 días de edad con miasis en región umbilical.
","Aves (1), Gatos (1), Bovinos (1114), Perros (73), Équidos (59), Caprinos (1), Ovinos (25), Ovinos y caprinos (Rebaño mixto) (1), Suidos (50)",1325,0
6059,156428,16.13043,-93.23829,2025-04-20,Villa Corzo,"Bovino de 3 años de edad con miasis en la región vulvar.
","Aves (1), Gatos (1), Bovinos (1114), Perros (73), Équidos (59), Caprinos (1), Ovinos (25), Ovinos y caprinos (Rebaño mixto) (1), Suidos (50)",1325,0
6059,156847,17.7561,-91.96306,2025-04-19,Catazajá,"Bovino de 10 días de edad con miasis en región umbilical.
","Aves (1), Gatos (1), Bovinos (1114), Perros (73), Équidos (59), Caprinos (1), Ovinos (25), Ovinos y caprinos (Rebaño mixto) (1), Suidos (50)",1325,0
6059,156848,17.73723,-92.16292,2025-04-19,Palenque,"Bovino de 20 días de edad con miasis en región umbilical.
","Aves (1), Gatos (1), Bovinos (1114), Perros (73), Équidos (59), Caprinos (1), Ovinos (25), Ovinos y caprinos (Rebaño mixto) (1), Suidos (50)",1325,0
6059,156855,17.53104,-92.08519,2025-04-19,Palenque,"Bovino de 4 meses de edad con miasis en oreja izquierda.
","Aves (1), Gatos (1), Bovinos (1114), Perros (73), Équidos (59), Caprinos (1), Ovinos (25), Ovinos y caprinos (Rebaño mixto) (1), Suidos (50)",1325,0
6059,156382,16.83935,-91.21155,2025-04-18,Ocosingo,"Bovino de 3 años de edad con miasis en la región vulvar.
","Aves (1), Gatos (1), Bovinos (1114), Perros (73), Équidos (59), Caprinos (1), Ovinos (25), Ovinos y caprinos (Rebaño mixto) (1), Suidos (50)",1325,0
6059,156415,15.66451,-93.18762,2025-04-18,Pijijiapan,"Bovino de 5 años de edad con miasis en la región vulvar.
","Aves (1), Gatos (1), Bovinos (1114), Perros (73), Équidos (59), Caprinos (1), Ovinos (25), Ovinos y caprinos (Rebaño mixto) (1), Suidos (50)",1325,0
6059,156417,15.3874,-93.0681,2025-04-18,Mapastepec,"Bovino de 9 días de edad con miasis en la región umbilical.
","Aves (1), Gatos (1), Bovinos (1114), Perros (73), Équidos (59), Caprinos (1), Ovinos (25), Ovinos y caprinos (Rebaño mixto) (1), Suidos (50)",1325,0
6059,156375,16.53145,-91.31262,2025-04-17,Ocosingo,"Bovino de 1 mes de edad con miasis en la región umbilical.
","Aves (1), Gatos (1), Bovinos (1114), Perros (73), Équidos (59), Caprinos (1), Ovinos (25), Ovinos y caprinos (Rebaño mixto) (1), Suidos (50)",1325,0
6059,156376,16.53146,-91.31263,2025-04-17,Ocosingo,"Bovino de  1 semana de edad con miasis en la región umbilical.
","Aves (1), Gatos (1), Bovinos (1114), Perros (73), Équidos (59), Caprinos (1), Ovinos (25), Ovinos y caprinos (Rebaño mixto) (1), Suidos (50)",1325,0
6059,156378,16.53145,-91.3126201,2025-04-17,Ocosingo,"Bovino de 1 mes de edad con miasis en la región umbilical.
","Aves (1), Gatos (1), Bovinos (1114), Perros (73), Équidos (59), Caprinos (1), Ovinos (25), Ovinos y caprinos (Rebaño mixto) (1), Suidos (50)",1325,0
6059,156384,17.2887,-92.15622,2025-04-17,Tumbalá,"Bovino de 5 años de edad con miasis en la región del prepucio.
","Aves (1), Gatos (1), Bovinos (1114), Perros (73), Équidos (59), Caprinos (1), Ovinos (25), Ovinos y caprinos (Rebaño mixto) (1), Suidos (50)",1325,0
6059,156386,17.41601,-92.19832,2025-04-17,Salto de Agua,"Bovino de 5 años de edad con miasis en el cuerno.
","Aves (1), Gatos (1), Bovinos (1114), Perros (73), Équidos (59), Caprinos (1), Ovinos (25), Ovinos y caprinos (Rebaño mixto) (1), Suidos (50)",1325,0
6059,156402,15.70151,-93.33475,2025-04-17,Pijijiapan,"Bovino de 10 días de edad con miasis en la región umbilical.
","Aves (1), Gatos (1), Bovinos (1114), Perros (73), Équidos (59), Caprinos (1), Ovinos (25), Ovinos y caprinos (Rebaño mixto) (1), Suidos (50)",1325,0
6059,156403,14.93327,-92.1679,2025-04-17,Tuxtla Chico,Bovino de 4 años de edad con miasis en pliegue del cojinete y espacio interdigital.,"Aves (1), Gatos (1), Bovinos (1114), Perros (73), Équidos (59), Caprinos (1), Ovinos (25), Ovinos y caprinos (Rebaño mixto) (1), Suidos (50)",1325,0
6059,156424,16.15326,-91.58443,2025-04-17,La Independencia,"Bovino de 12 años de edad con miasis en el recto.
","Aves (1), Gatos (1), Bovinos (1114), Perros (73), Équidos (59), Caprinos (1), Ovinos (25), Ovinos y caprinos (Rebaño mixto) (1), Suidos (50)",1325,0
6059,156449,15.95988,-93.60785,2025-04-17,Tonalá,"Bovino de 8 días de edad con miasis en la región umbilical.
","Aves (1), Gatos (1), Bovinos (1114), Perros (73), Équidos (59), Caprinos (1), Ovinos (25), Ovinos y caprinos (Rebaño mixto) (1), Suidos (50)",1325,0
6059,156451,15.86207,-93.66612,2025-04-17,Tonalá,"Bovino de 6 días de edad con miasis en la región umbilical.
","Aves (1), Gatos (1), Bovinos (1114), Perros (73), Équidos (59), Caprinos (1), Ovinos (25), Ovinos y caprinos (Rebaño mixto) (1), Suidos (50)",1325,0
6059,156850,17.34086,-91.87687,2025-04-17,Palenque,"Bovino de 12 años de edad con miasis en la base de la cola.
","Aves (1), Gatos (1), Bovinos (1114), Perros (73), Équidos (59), Caprinos (1), Ovinos (25), Ovinos y caprinos (Rebaño mixto) (1), Suidos (50)",1325,0
6059,156853,17.69423,-92.17219,2025-04-17,Palenque,"Bovino de 8 días de edad con miasis en región umbilical.
","Aves (1), Gatos (1), Bovinos (1114), Perros (73), Équidos (59), Caprinos (1), Ovinos (25), Ovinos y caprinos (Rebaño mixto) (1), Suidos (50)",1325,0
6059,156854,17.69522,-92.30501,2025-04-17,Macuspana,Suino de 6 años de edad con miasis en región escrotal.,"Aves (1), Gatos (1), Bovinos (1114), Perros (73), Équidos (59), Caprinos (1), Ovinos (25), Ovinos y caprinos (Rebaño mixto) (1), Suidos (50)",1325,0
6059,156173,15.30925,-92.36508,2025-04-16,Motozintla,Bovino de 3 años de edad con miasis en miembro posterior derecho.,"Aves (1), Gatos (1), Bovinos (1114), Perros (73), Équidos (59), Caprinos (1), Ovinos (25), Ovinos y caprinos (Rebaño mixto) (1), Suidos (50)",1325,0
6059,156414,15.42438,-93.06228,2025-04-16,Mapastepec,"Bovino de 5 días de edad con miasis en la región umbilical.
","Aves (1), Gatos (1), Bovinos (1114), Perros (73), Équidos (59), Caprinos (1), Ovinos (25), Ovinos y caprinos (Rebaño mixto) (1), Suidos (50)",1325,0
6059,156413,15.50125,-92.87404,2025-04-16,Mapastepec,"Bovino de 10 años de edad con miasis en oreja izquierda.
","Aves (1), Gatos (1), Bovinos (1114), Perros (73), Équidos (59), Caprinos (1), Ovinos (25), Ovinos y caprinos (Rebaño mixto) (1), Suidos (50)",1325,0
6059,156377,15.95173,-93.37117,2025-04-16,Villa Corzo,"Bovino de 6 años de edad con miasis en el cuerno.
","Aves (1), Gatos (1), Bovinos (1114), Perros (73), Équidos (59), Caprinos (1), Ovinos (25), Ovinos y caprinos (Rebaño mixto) (1), Suidos (50)",1325,0
6059,156391,17.40902,-92.32726,2025-04-16,Salto de Agua,"Bovino de 10 días de edad con miasis en la región umbilical.
","Aves (1), Gatos (1), Bovinos (1114), Perros (73), Équidos (59), Caprinos (1), Ovinos (25), Ovinos y caprinos (Rebaño mixto) (1), Suidos (50)",1325,0
6059,156398,16.83253,-92.99691,2025-04-16,Chiapa de Corzo,"Ovino de 3 años de edad con miasis en miembro anterior izquierdo.
","Aves (1), Gatos (1), Bovinos (1114), Perros (73), Équidos (59), Caprinos (1), Ovinos (25), Ovinos y caprinos (Rebaño mixto) (1), Suidos (50)",1325,0
6059,156399,16.87952,-91.96075,2025-04-16,Ocosingo,"Bovino de 8 días de edad con miasis en la región umbilical.
","Aves (1), Gatos (1), Bovinos (1114), Perros (73), Équidos (59), Caprinos (1), Ovinos (25), Ovinos y caprinos (Rebaño mixto) (1), Suidos (50)",1325,0
6059,156409,15.40214,-92.8239,2025-04-16,Mapastepec,"Bovino de 7 días de edad con miasis en la región umbilical.
","Aves (1), Gatos (1), Bovinos (1114), Perros (73), Équidos (59), Caprinos (1), Ovinos (25), Ovinos y caprinos (Rebaño mixto) (1), Suidos (50)",1325,0
6059,156410,15.82605,-93.36991,2025-04-16,Pijijiapan,"Bovino de 5 días de edad con miasis en la región umbilical.
","Aves (1), Gatos (1), Bovinos (1114), Perros (73), Équidos (59), Caprinos (1), Ovinos (25), Ovinos y caprinos (Rebaño mixto) (1), Suidos (50)",1325,0
6059,156411,15.48783,-93.07586,2025-04-16,Mapastepec,Equino de 9 años de edad con miasis en region pectoral.,"Aves (1), Gatos (1), Bovinos (1114), Perros (73), Équidos (59), Caprinos (1), Ovinos (25), Ovinos y caprinos (Rebaño mixto) (1), Suidos (50)",1325,0
6059,156412,15.61574,-93.33774,2025-04-16,Pijijiapan,"Bovino de 4 años de edad con miasis en el cuerno.
","Aves (1), Gatos (1), Bovinos (1114), Perros (73), Équidos (59), Caprinos (1), Ovinos (25), Ovinos y caprinos (Rebaño mixto) (1), Suidos (50)",1325,0
6059,156077,15.16434,-92.36508,2025-04-15,Tapachula,"Bovino de 5 meses de edad con miasis en oreja izquierda.
","Aves (1), Gatos (1), Bovinos (1114), Perros (73), Équidos (59), Caprinos (1), Ovinos (25), Ovinos y caprinos (Rebaño mixto) (1), Suidos (50)",1325,0
6059,156082,15.75558,-93.34172,2025-04-15,Pijijiapan,"Bovino de 8 dias de edad con miasis en región umbilical.
","Aves (1), Gatos (1), Bovinos (1114), Perros (73), Équidos (59), Caprinos (1), Ovinos (25), Ovinos y caprinos (Rebaño mixto) (1), Suidos (50)",1325,0
6059,156084,16.82168,-91.71379,2025-04-15,Ocosingo,"Bovino de 15 días de edad con miasis en región umbilical.
","Aves (1), Gatos (1), Bovinos (1114), Perros (73), Équidos (59), Caprinos (1), Ovinos (25), Ovinos y caprinos (Rebaño mixto) (1), Suidos (50)",1325,0
6059,156852,17.70195,-92.01904,2025-04-16,Catazajá,"Bovino de 2 años de edad con miasis en cuerno derecho.
","Aves (1), Gatos (1), Bovinos (1114), Perros (73), Équidos (59), Caprinos (1), Ovinos (25), Ovinos y caprinos (Rebaño mixto) (1), Suidos (50)",1325,0
6059,156416,15.771,-93.26858,2025-04-16,Pijijiapan,"Bovino de 5  años de edad con miasis en el cuerno.
","Aves (1), Gatos (1), Bovinos (1114), Perros (73), Équidos (59), Caprinos (1), Ovinos (25), Ovinos y caprinos (Rebaño mixto) (1), Suidos (50)",1325,0
6059,156419,16.25484,-90.78308,2025-04-16,Ocosingo,"Bovino de 8 días de edad con miasis en la región umbilical.
","Aves (1), Gatos (1), Bovinos (1114), Perros (73), Équidos (59), Caprinos (1), Ovinos (25), Ovinos y caprinos (Rebaño mixto) (1), Suidos (50)",1325,0
6059,156423,16.1574,-91.87442,2025-04-16,La Trinitaria,"Bovino de 4 años de edad con miasus en región escrotal.
","Aves (1), Gatos (1), Bovinos (1114), Perros (73), Équidos (59), Caprinos (1), Ovinos (25), Ovinos y caprinos (Rebaño mixto) (1), Suidos (50)",1325,0
6059,156427,14.99366,-92.41483,2025-04-16,Huehuetán,"Bovino de 10 días de edad con miasis en la región umbilical.
","Aves (1), Gatos (1), Bovinos (1114), Perros (73), Équidos (59), Caprinos (1), Ovinos (25), Ovinos y caprinos (Rebaño mixto) (1), Suidos (50)",1325,0
6059,156430,15.70959,-93.32707,2025-04-16,Pijijiapan,"Bovino de 5 años de edad con miasis en cuerno derecho.
","Aves (1), Gatos (1), Bovinos (1114), Perros (73), Équidos (59), Caprinos (1), Ovinos (25), Ovinos y caprinos (Rebaño mixto) (1), Suidos (50)",1325,0
6059,156444,17.77741,-92.06177,2025-04-16,Catazajá,"Bovino de 3 años de edad con miasis en miembro posterior izquierdo.
","Aves (1), Gatos (1), Bovinos (1114), Perros (73), Équidos (59), Caprinos (1), Ovinos (25), Ovinos y caprinos (Rebaño mixto) (1), Suidos (50)",1325,0
6059,156086,16.08283,-90.97153,2025-04-15,Ocosingo,"Bovino de 20 días de edad con miasis en región umbilical.
","Aves (1), Gatos (1), Bovinos (1114), Perros (73), Équidos (59), Caprinos (1), Ovinos (25), Ovinos y caprinos (Rebaño mixto) (1), Suidos (50)",1325,0
6059,156152,17.0358,-91.5236,2025-04-15,Ocosingo,Bovino de 6 dias de edad con miasis en la región umbilical.,"Aves (1), Gatos (1), Bovinos (1114), Perros (73), Équidos (59), Caprinos (1), Ovinos (25), Ovinos y caprinos (Rebaño mixto) (1), Suidos (50)",1325,0
6059,156154,16.87685,-91.26532,2025-04-15,Ocosingo,Bovino de 20 dias de edad con miasis en el cuello.,"Aves (1), Gatos (1), Bovinos (1114), Perros (73), Équidos (59), Caprinos (1), Ovinos (25), Ovinos y caprinos (Rebaño mixto) (1), Suidos (50)",1325,0
6059,156155,16.47114,-90.64301,2025-04-15,Ocosingo,Bovino de 14 meses de edad con miasis en región umbilical.,"Aves (1), Gatos (1), Bovinos (1114), Perros (73), Équidos (59), Caprinos (1), Ovinos (25), Ovinos y caprinos (Rebaño mixto) (1), Suidos (50)",1325,0
6059,156390,17.40301,-92.31446,2025-04-15,Salto de Agua,"Bovino de 11 días de edad con miasis en la región umbilical.
","Aves (1), Gatos (1), Bovinos (1114), Perros (73), Équidos (59), Caprinos (1), Ovinos (25), Ovinos y caprinos (Rebaño mixto) (1), Suidos (50)",1325,0
6059,156400,16.21137,-90.70368,2025-04-15,Ocosingo,"Bovino de 5 años de edad con miasis en la región del pene.
","Aves (1), Gatos (1), Bovinos (1114), Perros (73), Équidos (59), Caprinos (1), Ovinos (25), Ovinos y caprinos (Rebaño mixto) (1), Suidos (50)",1325,0
6059,156401,16.315,-90.78518,2025-04-15,Ocosingo,"Bovino de 5 años de edad con miasis en la región vulvar.
","Aves (1), Gatos (1), Bovinos (1114), Perros (73), Équidos (59), Caprinos (1), Ovinos (25), Ovinos y caprinos (Rebaño mixto) (1), Suidos (50)",1325,0
6059,156405,16.28397,-93.81515,2025-04-15,Arriaga,"Bovino de 2 meses de edad con miasis en la región umbilical.
","Aves (1), Gatos (1), Bovinos (1114), Perros (73), Équidos (59), Caprinos (1), Ovinos (25), Ovinos y caprinos (Rebaño mixto) (1), Suidos (50)",1325,0
6059,156406,17.49819,-91.78685,2025-04-15,Palenque,Bovino de 4 años de edad con miasis en cuerno derecho.,"Aves (1), Gatos (1), Bovinos (1114), Perros (73), Équidos (59), Caprinos (1), Ovinos (25), Ovinos y caprinos (Rebaño mixto) (1), Suidos (50)",1325,0
6059,156407,17.70187,-91.8719,2025-04-15,Palenque,"Bovino de 2 meses de edad con miasis en la región umbilical.
","Aves (1), Gatos (1), Bovinos (1114), Perros (73), Équidos (59), Caprinos (1), Ovinos (25), Ovinos y caprinos (Rebaño mixto) (1), Suidos (50)",1325,0
6059,155993,14.69884,-92.1527,2025-04-14,Suchiate,Canino de 7 años de edad con miasis en la cadera.,"Aves (1), Gatos (1), Bovinos (1114), Perros (73), Équidos (59), Caprinos (1), Ovinos (25), Ovinos y caprinos (Rebaño mixto) (1), Suidos (50)",1325,0
6059,155995,15.462,-93.0308,2025-04-14,Mapastepec,Bovino de 10 años de edad con miasis en lesion cavernosa en falange izquierda.,"Aves (1), Gatos (1), Bovinos (1114), Perros (73), Équidos (59), Caprinos (1), Ovinos (25), Ovinos y caprinos (Rebaño mixto) (1), Suidos (50)",1325,0
6059,155996,15.65554,-93.0382,2025-04-14,Pijijiapan,"Bovino de 10 días de edad con miasis en región umbilical.
","Aves (1), Gatos (1), Bovinos (1114), Perros (73), Équidos (59), Caprinos (1), Ovinos (25), Ovinos y caprinos (Rebaño mixto) (1), Suidos (50)",1325,0
6059,155997,15.65547,-93.0262,2025-04-14,Pijijiapan,Bovino de 1 año de edad con miasis en lesió cavernosa en pecho y papada.,"Aves (1), Gatos (1), Bovinos (1114), Perros (73), Équidos (59), Caprinos (1), Ovinos (25), Ovinos y caprinos (Rebaño mixto) (1), Suidos (50)",1325,0
6059,155998,15.72693,-93.3672,2025-04-14,Pijijiapan,Bovino de 1 año de edad con miasis en la vulva.,"Aves (1), Gatos (1), Bovinos (1114), Perros (73), Équidos (59), Caprinos (1), Ovinos (25), Ovinos y caprinos (Rebaño mixto) (1), Suidos (50)",1325,0
6059,155999,16.90273,-91.6289,2025-04-14,Ocosingo,"Bovino de 10 días de edad con miasis en región umbilical.
","Aves (1), Gatos (1), Bovinos (1114), Perros (73), Équidos (59), Caprinos (1), Ovinos (25), Ovinos y caprinos (Rebaño mixto) (1), Suidos (50)",1325,0
6059,156000,17.03657,-91.7482,2025-04-14,Ocosingo,Bovino de 2 años de edad con miasis en el pecho.,"Aves (1), Gatos (1), Bovinos (1114), Perros (73), Équidos (59), Caprinos (1), Ovinos (25), Ovinos y caprinos (Rebaño mixto) (1), Suidos (50)",1325,0
6059,156001,15.2298,-92.9292,2025-04-14,Acapetahua,Bovino de 2 años de edad con miasis en el prepucio.,"Aves (1), Gatos (1), Bovinos (1114), Perros (73), Équidos (59), Caprinos (1), Ovinos (25), Ovinos y caprinos (Rebaño mixto) (1), Suidos (50)",1325,0
6059,156075,15.01676,-92.44016,2025-04-14,Huehuetán,"Bovino de 6 años de edad con miasis en región del prepucio.
","Aves (1), Gatos (1), Bovinos (1114), Perros (73), Équidos (59), Caprinos (1), Ovinos (25), Ovinos y caprinos (Rebaño mixto) (1), Suidos (50)",1325,0
6059,156076,14.97367,-92.3231,2025-04-14,Tapachula,"Bovino de 7 dias de edad con miasis en la región umbilical.
","Aves (1), Gatos (1), Bovinos (1114), Perros (73), Équidos (59), Caprinos (1), Ovinos (25), Ovinos y caprinos (Rebaño mixto) (1), Suidos (50)",1325,0
6059,156078,17.57318,-91.74204,2025-04-14,Palenque,"Bovino de 4 días de edad con miasis en región umbilical.
","Aves (1), Gatos (1), Bovinos (1114), Perros (73), Équidos (59), Caprinos (1), Ovinos (25), Ovinos y caprinos (Rebaño mixto) (1), Suidos (50)",1325,0
6059,156079,14.9294,-92.21067,2025-04-14,Tuxtla Chico,Bovino de 4 meses de edad con miasis en región umbilical.,"Aves (1), Gatos (1), Bovinos (1114), Perros (73), Équidos (59), Caprinos (1), Ovinos (25), Ovinos y caprinos (Rebaño mixto) (1), Suidos (50)",1325,0
6059,156080,15.07976,-92.64414,2025-04-14,Huixtla,Bovino de 14 años de edad con miasis en recto.,"Aves (1), Gatos (1), Bovinos (1114), Perros (73), Équidos (59), Caprinos (1), Ovinos (25), Ovinos y caprinos (Rebaño mixto) (1), Suidos (50)",1325,0
6059,156081,14.6157,-92.1976,2025-04-14,Suchiate,Canino de 2 años de edad con miasis en cuello.,"Aves (1), Gatos (1), Bovinos (1114), Perros (73), Équidos (59), Caprinos (1), Ovinos (25), Ovinos y caprinos (Rebaño mixto) (1), Suidos (50)",1325,0
6059,156158,17.70192,-92.01901,2025-04-14,Catazajá,Bovino de 2 años de edad en región de prepucio.,"Aves (1), Gatos (1), Bovinos (1114), Perros (73), Équidos (59), Caprinos (1), Ovinos (25), Ovinos y caprinos (Rebaño mixto) (1), Suidos (50)",1325,0
6059,156397,17.27654,-92.15825,2025-04-14,Tumbalá,"Bovino de 13 días de edad con miasis en la región umbilical.
","Aves (1), Gatos (1), Bovinos (1114), Perros (73), Équidos (59), Caprinos (1), Ovinos (25), Ovinos y caprinos (Rebaño mixto) (1), Suidos (50)",1325,0
6059,156429,15.849,-93.40793,2025-04-14,Tonalá,"Bovino de 18 días de edad con miasis en la región umbilical.
","Aves (1), Gatos (1), Bovinos (1114), Perros (73), Équidos (59), Caprinos (1), Ovinos (25), Ovinos y caprinos (Rebaño mixto) (1), Suidos (50)",1325,0
6059,156851,17.72509,-92.05529,2025-04-14,Catazajá,"Bovino de 15 años de edad con miasis en oidos.
","Aves (1), Gatos (1), Bovinos (1114), Perros (73), Équidos (59), Caprinos (1), Ovinos (25), Ovinos y caprinos (Rebaño mixto) (1), Suidos (50)",1325,0
6059,156074,17.70787,-92.0163,2025-04-13,Catazajá,Bovino de 2 años de edad con miasis en la región del prepucio.,"Aves (1), Gatos (1), Bovinos (1114), Perros (73), Équidos (59), Caprinos (1), Ovinos (25), Ovinos y caprinos (Rebaño mixto) (1), Suidos (50)",1325,0
6059,156153,17.51428,-91.88618,2025-04-13,Palenque,Bovino de 20 días de edad con miasis en región umbilical.,"Aves (1), Gatos (1), Bovinos (1114), Perros (73), Équidos (59), Caprinos (1), Ovinos (25), Ovinos y caprinos (Rebaño mixto) (1), Suidos (50)",1325,0
6059,156157,17.73343,-92.07474,2025-04-13,Catazajá,Bovino de 5 años de edad con miasis en la ubre. ,"Aves (1), Gatos (1), Bovinos (1114), Perros (73), Équidos (59), Caprinos (1), Ovinos (25), Ovinos y caprinos (Rebaño mixto) (1), Suidos (50)",1325,0
6059,156165,16.3276,-90.69427,2025-04-13,Ocosingo,Bovino de 8 días de edad con miasis en la región umbilical.,"Aves (1), Gatos (1), Bovinos (1114), Perros (73), Équidos (59), Caprinos (1), Ovinos (25), Ovinos y caprinos (Rebaño mixto) (1), Suidos (50)",1325,0
6059,156169,16.3226,-90.69427,2025-04-13,Ocosingo,Bovino de 4 años de edad con miasis en región vulvar.,"Aves (1), Gatos (1), Bovinos (1114), Perros (73), Équidos (59), Caprinos (1), Ovinos (25), Ovinos y caprinos (Rebaño mixto) (1), Suidos (50)",1325,0
6059,155964,15.41156,-92.83579,2025-04-12,Mapastepec,Bovino de 8 años de edad con miasis en la ubre (cuarto derecho delantero).,"Aves (1), Gatos (1), Bovinos (1114), Perros (73), Équidos (59), Caprinos (1), Ovinos (25), Ovinos y caprinos (Rebaño mixto) (1), Suidos (50)",1325,0
6059,155965,15.60459,-93.15077,2025-04-12,Pijijiapan,Bovino de 6 años de edad con miasis en la ubre (cuarto posterior izquierdo).,"Aves (1), Gatos (1), Bovinos (1114), Perros (73), Équidos (59), Caprinos (1), Ovinos (25), Ovinos y caprinos (Rebaño mixto) (1), Suidos (50)",1325,0
6059,159193,15.27646,-92.61692,2025-04-12,Escuintla,"Bovino de 8 días de edad con miasis en	región umbilical.
","Aves (1), Gatos (1), Bovinos (1114), Perros (73), Équidos (59), Caprinos (1), Ovinos (25), Ovinos y caprinos (Rebaño mixto) (1), Suidos (50)",1325,0
6059,156849,17.7746,-91.99635,2025-04-12,Catazajá,"Bovino de 5 meses de edad con miasis en comisura del labio superior derecho.
","Aves (1), Gatos (1), Bovinos (1114), Perros (73), Équidos (59), Caprinos (1), Ovinos (25), Ovinos y caprinos (Rebaño mixto) (1), Suidos (50)",1325,0
6059,156445,17.72805,-91.94461,2025-04-12,Catazajá,"Bovino de 15 días de edad con miasis en la región umbilical.
","Aves (1), Gatos (1), Bovinos (1114), Perros (73), Équidos (59), Caprinos (1), Ovinos (25), Ovinos y caprinos (Rebaño mixto) (1), Suidos (50)",1325,0
6059,155966,15.57373,-93.11167,2025-04-12,Pijijiapan,Equino de 5 años de edad con miasis en miembro posterior izquierdo.,"Aves (1), Gatos (1), Bovinos (1114), Perros (73), Équidos (59), Caprinos (1), Ovinos (25), Ovinos y caprinos (Rebaño mixto) (1), Suidos (50)",1325,0
6059,155967,15.74219,-93.36161,2025-04-12,Pijijiapan,Bovino de 15 días de edad con miasis en región umbilical.,"Aves (1), Gatos (1), Bovinos (1114), Perros (73), Équidos (59), Caprinos (1), Ovinos (25), Ovinos y caprinos (Rebaño mixto) (1), Suidos (50)",1325,0
6059,155994,17.70787,-92.0163,2025-04-12,Catazajá,"Lote de 91 bovinos, donde se detectó un animal de 18 meses de edad con miasis en comisura bucal izquierda.","Aves (1), Gatos (1), Bovinos (1114), Perros (73), Équidos (59), Caprinos (1), Ovinos (25), Ovinos y caprinos (Rebaño mixto) (1), Suidos (50)",1325,0
6059,156160,16.51559,-90.65247,2025-04-12,Ocosingo,Bovino de 15 días de edad con miasis en la región umbilical.,"Aves (1), Gatos (1), Bovinos (1114), Perros (73), Équidos (59), Caprinos (1), Ovinos (25), Ovinos y caprinos (Rebaño mixto) (1), Suidos (50)",1325,0
6059,156395,17.29979,-92.18437,2025-04-12,Tumbalá,"Bovino de 11 días de edad con miasis en la región umbilical.
","Aves (1), Gatos (1), Bovinos (1114), Perros (73), Équidos (59), Caprinos (1), Ovinos (25), Ovinos y caprinos (Rebaño mixto) (1), Suidos (50)",1325,0
6059,156396,17.37557,-92.20087,2025-04-12,Tumbalá,"Bovino de 7 días de edad con miasis en la región umbilical.
","Aves (1), Gatos (1), Bovinos (1114), Perros (73), Équidos (59), Caprinos (1), Ovinos (25), Ovinos y caprinos (Rebaño mixto) (1), Suidos (50)",1325,0
6059,155589,16.1309,-91.48745,2025-04-11,La Independencia,Bovino de 21 meses de edad con miasis en región costal izquierda.,"Aves (1), Gatos (1), Bovinos (1114), Perros (73), Équidos (59), Caprinos (1), Ovinos (25), Ovinos y caprinos (Rebaño mixto) (1), Suidos (50)",1325,0
6059,155590,15.431,-92.9018,2025-04-11,Mapastepec,Bovino de 5 años de edad con miasis en glúteo derecho.,"Aves (1), Gatos (1), Bovinos (1114), Perros (73), Équidos (59), Caprinos (1), Ovinos (25), Ovinos y caprinos (Rebaño mixto) (1), Suidos (50)",1325,0
6059,155591,16.60545,-91.64493,2025-04-11,Altamirano,"Bovino de 20 días de edad con miasis en región umbilical.
","Aves (1), Gatos (1), Bovinos (1114), Perros (73), Équidos (59), Caprinos (1), Ovinos (25), Ovinos y caprinos (Rebaño mixto) (1), Suidos (50)",1325,0
6059,155592,17.03976,-91.89617,2025-04-11,Ocosingo,"Bovino de 15 años de edad con miasis en región caudal de la ubre.
","Aves (1), Gatos (1), Bovinos (1114), Perros (73), Équidos (59), Caprinos (1), Ovinos (25), Ovinos y caprinos (Rebaño mixto) (1), Suidos (50)",1325,0
6059,155593,17.0454,-91.86975,2025-04-11,Ocosingo,"Bovino de 3 meses de edad con miasis en el pecho.
","Aves (1), Gatos (1), Bovinos (1114), Perros (73), Équidos (59), Caprinos (1), Ovinos (25), Ovinos y caprinos (Rebaño mixto) (1), Suidos (50)",1325,0
6059,155594,15.50412,-93.02743,2025-04-11,Mapastepec,"Bovino de 7 días de edad con miasis en región umbilical.
","Aves (1), Gatos (1), Bovinos (1114), Perros (73), Équidos (59), Caprinos (1), Ovinos (25), Ovinos y caprinos (Rebaño mixto) (1), Suidos (50)",1325,0
6059,156392,16.32726,-90.75616,2025-04-11,Ocosingo,"Ovino de 3 años de edad con miasis en Mmiembro anterior izquierdo.
","Aves (1), Gatos (1), Bovinos (1114), Perros (73), Équidos (59), Caprinos (1), Ovinos (25), Ovinos y caprinos (Rebaño mixto) (1), Suidos (50)",1325,0
6059,156394,16.2625,-90.76616,2025-04-11,Ocosingo,"Suino de 1 año de edad con miasis en la región ocular.
","Aves (1), Gatos (1), Bovinos (1114), Perros (73), Équidos (59), Caprinos (1), Ovinos (25), Ovinos y caprinos (Rebaño mixto) (1), Suidos (50)",1325,0
6059,156842,17.06401,-92.19374,2025-04-11,Chilón,Bovino de 1 año de edad con miasis en el dorso.,"Aves (1), Gatos (1), Bovinos (1114), Perros (73), Équidos (59), Caprinos (1), Ovinos (25), Ovinos y caprinos (Rebaño mixto) (1), Suidos (50)",1325,0
6059,156845,15.37635,-92.80669,2025-04-11,Acapetahua,Suino de 2 años de edad con miasis en cuello y cabeza. ,"Aves (1), Gatos (1), Bovinos (1114), Perros (73), Équidos (59), Caprinos (1), Ovinos (25), Ovinos y caprinos (Rebaño mixto) (1), Suidos (50)",1325,0
6059,155586,16.1309,-91.48745,2025-04-10,La Independencia,"Bovino de 1 mes de edad con miasis en región umbilical.
","Aves (1), Gatos (1), Bovinos (1114), Perros (73), Équidos (59), Caprinos (1), Ovinos (25), Ovinos y caprinos (Rebaño mixto) (1), Suidos (50)",1325,0
6059,155587,16.1309,-91.4874501,2025-04-10,La Independencia,"Bovino de 1 mes de edad con miasis en región umbilical.
","Aves (1), Gatos (1), Bovinos (1114), Perros (73), Équidos (59), Caprinos (1), Ovinos (25), Ovinos y caprinos (Rebaño mixto) (1), Suidos (50)",1325,0
6059,155588,16.1309,-91.4874502,2025-04-10,La Independencia,"Bovino de 1 mes de edad con miasis en región umbilical.
","Aves (1), Gatos (1), Bovinos (1114), Perros (73), Équidos (59), Caprinos (1), Ovinos (25), Ovinos y caprinos (Rebaño mixto) (1), Suidos (50)",1325,0
6059,155968,16.71645,-91.2022,2025-04-10,Ocosingo,Bovino de 7 años de edad con miasis en el cuello.,"Aves (1), Gatos (1), Bovinos (1114), Perros (73), Équidos (59), Caprinos (1), Ovinos (25), Ovinos y caprinos (Rebaño mixto) (1), Suidos (50)",1325,0
6059,155986,15.33052,-92.38442,2025-04-10,Motozintla,Bovino de 5 meses de edad con miasis en miembro anterior izquierdo.,"Aves (1), Gatos (1), Bovinos (1114), Perros (73), Équidos (59), Caprinos (1), Ovinos (25), Ovinos y caprinos (Rebaño mixto) (1), Suidos (50)",1325,0
6059,156699,15.01386,-92.30462,2025-04-10,Tapachula,Bovino de 3 meses de edad con miasis en miembro posterior izquierdo.,"Aves (1), Gatos (1), Bovinos (1114), Perros (73), Équidos (59), Caprinos (1), Ovinos (25), Ovinos y caprinos (Rebaño mixto) (1), Suidos (50)",1325,0
6059,155983,15.50569,-92.83836,2025-04-10,Mapastepec,"Bovino de 12 días de edad con miasis en región umbilical.
","Aves (1), Gatos (1), Bovinos (1114), Perros (73), Équidos (59), Caprinos (1), Ovinos (25), Ovinos y caprinos (Rebaño mixto) (1), Suidos (50)",1325,0
6059,155984,15.1142,-92.46867,2025-04-10,Tuzantán,Canino de 3 años de edad con miasis en el dedo.,"Aves (1), Gatos (1), Bovinos (1114), Perros (73), Équidos (59), Caprinos (1), Ovinos (25), Ovinos y caprinos (Rebaño mixto) (1), Suidos (50)",1325,0
6059,155985,15.35931,-92.61878,2025-04-10,Escuintla,Equino de 4 años de edad con miasis en maxilar.,"Aves (1), Gatos (1), Bovinos (1114), Perros (73), Équidos (59), Caprinos (1), Ovinos (25), Ovinos y caprinos (Rebaño mixto) (1), Suidos (50)",1325,0
6059,155987,15.4236,-92.1277,2025-04-10,Mazapa de Madero,Bovino de 1 año de edad con miasis en región de los cuernos.,"Aves (1), Gatos (1), Bovinos (1114), Perros (73), Équidos (59), Caprinos (1), Ovinos (25), Ovinos y caprinos (Rebaño mixto) (1), Suidos (50)",1325,0
6059,155989,15.74954,-93.38397,2025-04-10,Pijijiapan,"Bovino de 6 días de edad con miasis en región umbilical.
","Aves (1), Gatos (1), Bovinos (1114), Perros (73), Équidos (59), Caprinos (1), Ovinos (25), Ovinos y caprinos (Rebaño mixto) (1), Suidos (50)",1325,0
6059,155990,15.62202,-93.12731,2025-04-10,Pijijiapan,"Bovino de 7 días de edad con miasis en región umbilical.
","Aves (1), Gatos (1), Bovinos (1114), Perros (73), Équidos (59), Caprinos (1), Ovinos (25), Ovinos y caprinos (Rebaño mixto) (1), Suidos (50)",1325,0
6059,155992,16.1309,-91.4875,2025-04-10,La Independencia,"Bovino de 1 mes de edad con miasis en región umbilical.
","Aves (1), Gatos (1), Bovinos (1114), Perros (73), Équidos (59), Caprinos (1), Ovinos (25), Ovinos y caprinos (Rebaño mixto) (1), Suidos (50)",1325,0
6059,156159,16.22674,-90.68881,2025-04-10,Ocosingo,Bovino de 10 meses de edad con miasis en región umbilical.,"Aves (1), Gatos (1), Bovinos (1114), Perros (73), Équidos (59), Caprinos (1), Ovinos (25), Ovinos y caprinos (Rebaño mixto) (1), Suidos (50)",1325,0
6059,155439,15.36192,-92.53499,2025-04-09,Escuintla,"Bovino de 5 días de edad con miasis en región umbilical.
","Aves (1), Gatos (1), Bovinos (1114), Perros (73), Équidos (59), Caprinos (1), Ovinos (25), Ovinos y caprinos (Rebaño mixto) (1), Suidos (50)",1325,0
6059,155441,15.35342,-92.56372,2025-04-09,Escuintla,"Bovino de 8 años de edad con miasis en miembro posterior izquierdo,","Aves (1), Gatos (1), Bovinos (1114), Perros (73), Équidos (59), Caprinos (1), Ovinos (25), Ovinos y caprinos (Rebaño mixto) (1), Suidos (50)",1325,0
6059,155969,15.42395,-92.82321,2025-04-09,Mapastepec,Bovino de 4 meses de edad con miasis en el cuello.,"Aves (1), Gatos (1), Bovinos (1114), Perros (73), Équidos (59), Caprinos (1), Ovinos (25), Ovinos y caprinos (Rebaño mixto) (1), Suidos (50)",1325,0
6059,155970,15.4076,-92.92135,2025-04-09,Mapastepec,Bovino de 7 meses de edad con miasis en glúteo izquierdo.,"Aves (1), Gatos (1), Bovinos (1114), Perros (73), Équidos (59), Caprinos (1), Ovinos (25), Ovinos y caprinos (Rebaño mixto) (1), Suidos (50)",1325,0
6059,155971,17.44112,-93.12968,2025-04-09,Ixtacomitán,Bovino de 16 meses de edad con miasis en región del cuerno.,"Aves (1), Gatos (1), Bovinos (1114), Perros (73), Équidos (59), Caprinos (1), Ovinos (25), Ovinos y caprinos (Rebaño mixto) (1), Suidos (50)",1325,0
6059,155979,17.70239,-92.01646,2025-04-09,Catazajá,"Bovino de 8 años de edad con miasis en oido derecho.
","Aves (1), Gatos (1), Bovinos (1114), Perros (73), Équidos (59), Caprinos (1), Ovinos (25), Ovinos y caprinos (Rebaño mixto) (1), Suidos (50)",1325,0
6059,155980,15.43832,-92.81506,2025-04-09,Mapastepec,"Bovino de 12 días de edad con miasis en región umbilical.
","Aves (1), Gatos (1), Bovinos (1114), Perros (73), Équidos (59), Caprinos (1), Ovinos (25), Ovinos y caprinos (Rebaño mixto) (1), Suidos (50)",1325,0
6059,155981,15.37384,-92.90871,2025-04-09,Mapastepec,Bovino de 6 años de edad con miasis en región de los cuernos.,"Aves (1), Gatos (1), Bovinos (1114), Perros (73), Équidos (59), Caprinos (1), Ovinos (25), Ovinos y caprinos (Rebaño mixto) (1), Suidos (50)",1325,0
6059,155982,17.41208,-92.4662,2025-04-09,Tila,"Bovino de 15 días de edad con miasis en región umbilical.
","Aves (1), Gatos (1), Bovinos (1114), Perros (73), Équidos (59), Caprinos (1), Ovinos (25), Ovinos y caprinos (Rebaño mixto) (1), Suidos (50)",1325,0
6059,156681,15.35542,-92.57397,2025-04-09,Escuintla,"Bovino de 4 días de edad con miasis en región umbilical.
","Aves (1), Gatos (1), Bovinos (1114), Perros (73), Équidos (59), Caprinos (1), Ovinos (25), Ovinos y caprinos (Rebaño mixto) (1), Suidos (50)",1325,0
6059,155435,16.88374,-91.219403,2025-04-08,Ocosingo,"Dos bovinos de 15 días de edad, ambos  con miasis en región umbilical.
","Aves (1), Gatos (1), Bovinos (1114), Perros (73), Équidos (59), Caprinos (1), Ovinos (25), Ovinos y caprinos (Rebaño mixto) (1), Suidos (50)",1325,0
6059,155437,15.61991,-93.16786,2025-04-08,Pijijiapan,Bovino de 4 años de edad con miasis en región dorsal del cuello.,"Aves (1), Gatos (1), Bovinos (1114), Perros (73), Équidos (59), Caprinos (1), Ovinos (25), Ovinos y caprinos (Rebaño mixto) (1), Suidos (50)",1325,0
6059,155438,15.63947,-93.15511,2025-04-08,Pijijiapan,Bovino de 3 años de edad con miasis en cuerno.,"Aves (1), Gatos (1), Bovinos (1114), Perros (73), Équidos (59), Caprinos (1), Ovinos (25), Ovinos y caprinos (Rebaño mixto) (1), Suidos (50)",1325,0
6059,155436,16.88374,-91.2194,2025-04-08,Ocosingo,Bovino de 14 meses de edad con miasis en región dorsal del cuello.,"Aves (1), Gatos (1), Bovinos (1114), Perros (73), Équidos (59), Caprinos (1), Ovinos (25), Ovinos y caprinos (Rebaño mixto) (1), Suidos (50)",1325,0
6059,155418,17.31962,-92.1448,2025-04-07,Tumbalá,"Bovino de 7 días de edad con miasis en región umbilical.
","Aves (1), Gatos (1), Bovinos (1114), Perros (73), Équidos (59), Caprinos (1), Ovinos (25), Ovinos y caprinos (Rebaño mixto) (1), Suidos (50)",1325,0
6059,155421,16.91886,-91.353155,2025-04-07,Ocosingo,"Bovino de 15 días de edad con miasis en región umbilical.
","Aves (1), Gatos (1), Bovinos (1114), Perros (73), Équidos (59), Caprinos (1), Ovinos (25), Ovinos y caprinos (Rebaño mixto) (1), Suidos (50)",1325,0
6059,155422,17.40845,-92.33269,2025-04-07,Salto de Agua,"Bovino de 8 días de edad con miasis en región umbilical.
","Aves (1), Gatos (1), Bovinos (1114), Perros (73), Équidos (59), Caprinos (1), Ovinos (25), Ovinos y caprinos (Rebaño mixto) (1), Suidos (50)",1325,0
6059,155426,16.21238,-90.72426,2025-04-07,Ocosingo,"Bovino de 3 meses de edad con miasis en oreja.
","Aves (1), Gatos (1), Bovinos (1114), Perros (73), Équidos (59), Caprinos (1), Ovinos (25), Ovinos y caprinos (Rebaño mixto) (1), Suidos (50)",1325,0
6059,155427,16.82745,-91.3669,2025-04-07,Ocosingo,"Bovino de 15 días de edad con miasis en región umbilical.
","Aves (1), Gatos (1), Bovinos (1114), Perros (73), Équidos (59), Caprinos (1), Ovinos (25), Ovinos y caprinos (Rebaño mixto) (1), Suidos (50)",1325,0
6059,155428,15.61521,-93.13156,2025-04-07,Pijijiapan,"Bovino de 4 años de edad con miasis en cuerno.
","Aves (1), Gatos (1), Bovinos (1114), Perros (73), Équidos (59), Caprinos (1), Ovinos (25), Ovinos y caprinos (Rebaño mixto) (1), Suidos (50)",1325,0
6059,155429,15.60363,-93.145881,2025-04-07,Pijijiapan,"Bovino de 9 días de edad con miasis en región umbilical.
","Aves (1), Gatos (1), Bovinos (1114), Perros (73), Équidos (59), Caprinos (1), Ovinos (25), Ovinos y caprinos (Rebaño mixto) (1), Suidos (50)",1325,0
6059,155430,16.2017,-90.5709,2025-04-07,Ocosingo,Bovino de 22 meses de edad con miasis en la oreja.,"Aves (1), Gatos (1), Bovinos (1114), Perros (73), Équidos (59), Caprinos (1), Ovinos (25), Ovinos y caprinos (Rebaño mixto) (1), Suidos (50)",1325,0
6059,155431,16.38591,-90.47167,2025-04-07,Ocosingo,"Bovino de 8 días de edad con miasis en región umbilical.
","Aves (1), Gatos (1), Bovinos (1114), Perros (73), Équidos (59), Caprinos (1), Ovinos (25), Ovinos y caprinos (Rebaño mixto) (1), Suidos (50)",1325,0
6059,155432,16.55584,-91.64293,2025-04-07,Ocosingo,"Dos bovinos de 11  y  2 meses de edad respectivamete, ambos  con miasis en región preesternal.
","Aves (1), Gatos (1), Bovinos (1114), Perros (73), Équidos (59), Caprinos (1), Ovinos (25), Ovinos y caprinos (Rebaño mixto) (1), Suidos (50)",1325,0
6059,155433,16.55595,-91.6448,2025-04-07,Ocosingo,"Bovino de 2 meses de edad con miasis en región interescapular.
","Aves (1), Gatos (1), Bovinos (1114), Perros (73), Équidos (59), Caprinos (1), Ovinos (25), Ovinos y caprinos (Rebaño mixto) (1), Suidos (50)",1325,0
6059,155434,16.54288,-91.61854,2025-04-07,Ocosingo,"Bovino de 3 años de edad con miasis en región vulvar.
","Aves (1), Gatos (1), Bovinos (1114), Perros (73), Équidos (59), Caprinos (1), Ovinos (25), Ovinos y caprinos (Rebaño mixto) (1), Suidos (50)",1325,0
6059,155977,17.6961,-92.16594,2025-04-07,Palenque,"Bovino de 15 días de edad con miasis en región umbilical.
","Aves (1), Gatos (1), Bovinos (1114), Perros (73), Équidos (59), Caprinos (1), Ovinos (25), Ovinos y caprinos (Rebaño mixto) (1), Suidos (50)",1325,0
6059,155978,17.68796,-91.96919,2025-04-07,Palenque,"Bovino de 15 días de edad con miasis en región umbilical.
","Aves (1), Gatos (1), Bovinos (1114), Perros (73), Équidos (59), Caprinos (1), Ovinos (25), Ovinos y caprinos (Rebaño mixto) (1), Suidos (50)",1325,0
6059,155415,15.59897,-93.18796,2025-04-06,Pijijiapan,"Bovino de 6 días de edad con miasis en región umbilical.
","Aves (1), Gatos (1), Bovinos (1114), Perros (73), Équidos (59), Caprinos (1), Ovinos (25), Ovinos y caprinos (Rebaño mixto) (1), Suidos (50)",1325,0
6059,155411,16.31502,-91.21325,2025-04-06,Las Margaritas,"Bovino de 9 días de edad con miasis en región umbilical.
","Aves (1), Gatos (1), Bovinos (1114), Perros (73), Équidos (59), Caprinos (1), Ovinos (25), Ovinos y caprinos (Rebaño mixto) (1), Suidos (50)",1325,0
6059,155991,16.08845,-91.1924,2025-04-06,Las Margaritas,"Bovino de 7 años de edad con miasis en la vulva,","Aves (1), Gatos (1), Bovinos (1114), Perros (73), Équidos (59), Caprinos (1), Ovinos (25), Ovinos y caprinos (Rebaño mixto) (1), Suidos (50)",1325,0
6059,159196,15.32254,-92.68362,2025-04-04,Escuintla,"Bovino de 4 años de edad con miasis en costillas.
","Aves (1), Gatos (1), Bovinos (1114), Perros (73), Équidos (59), Caprinos (1), Ovinos (25), Ovinos y caprinos (Rebaño mixto) (1), Suidos (50)",1325,0
6059,159197,15.30031,-92.83491,2025-03-31,Acapetahua,"Bovino de 1 año de edad con miasis en cuerno.
","Aves (1), Gatos (1), Bovinos (1114), Perros (73), Équidos (59), Caprinos (1), Ovinos (25), Ovinos y caprinos (Rebaño mixto) (1), Suidos (50)",1325,0
6059,155298,15.06382,-92.48478,2025-04-04,Tuzantán,Bovino de 8 días de edad con miasis en región umbilical.,"Aves (1), Gatos (1), Bovinos (1114), Perros (73), Équidos (59), Caprinos (1), Ovinos (25), Ovinos y caprinos (Rebaño mixto) (1), Suidos (50)",1325,0
6059,155444,15.22795,-92.79273,2025-04-05,Acapetahua,"Bovino de 4 días de edad con miasis en región umbilical.
","Aves (1), Gatos (1), Bovinos (1114), Perros (73), Équidos (59), Caprinos (1), Ovinos (25), Ovinos y caprinos (Rebaño mixto) (1), Suidos (50)",1325,0
6059,155443,15.42402,-92.56545,2025-04-05,Escuintla,"Bovino de 4 días de edad con miasis en región umbilical.
","Aves (1), Gatos (1), Bovinos (1114), Perros (73), Équidos (59), Caprinos (1), Ovinos (25), Ovinos y caprinos (Rebaño mixto) (1), Suidos (50)",1325,0
6059,155405,16.97624,-91.49814,2025-04-05,Ocosingo,Bovino de 3 días de edad con miasis en región umbilical.,"Aves (1), Gatos (1), Bovinos (1114), Perros (73), Équidos (59), Caprinos (1), Ovinos (25), Ovinos y caprinos (Rebaño mixto) (1), Suidos (50)",1325,0
6059,154529,15.349658,-92.551896,2025-03-25,Escuintla,"Suino de 2 años de edad con miasis en miembro posterior derecho.
","Aves (1), Gatos (1), Bovinos (1114), Perros (73), Équidos (59), Caprinos (1), Ovinos (25), Ovinos y caprinos (Rebaño mixto) (1), Suidos (50)",1325,0
6059,155305,15.61022,-93.13384,2025-04-05,Pijijiapan,Equino de 4 años de edad con miasis en el anca derecha. Nota del 04/06/2025: se cambió la especie indicada en este brote después que el país indicara información adicional.,"Aves (1), Gatos (1), Bovinos (1114), Perros (73), Équidos (59), Caprinos (1), Ovinos (25), Ovinos y caprinos (Rebaño mixto) (1), Suidos (50)",1325,0
6059,154528,15.372095,-92.595471,2025-03-25,Escuintla,Equino de 5 años de edad con miasis en miembro posterior izquierdo.,"Aves (1), Gatos (1), Bovinos (1114), Perros (73), Équidos (59), Caprinos (1), Ovinos (25), Ovinos y caprinos (Rebaño mixto) (1), Suidos (50)",1325,0
6059,154531,15.877734,-93.53033,2025-03-23,Tonalá,Suino de 1 año y medio de edad con miasis en la cabeza.,"Aves (1), Gatos (1), Bovinos (1114), Perros (73), Équidos (59), Caprinos (1), Ovinos (25), Ovinos y caprinos (Rebaño mixto) (1), Suidos (50)",1325,0
6059,155408,16.99856,-91.4719,2025-04-05,Ocosingo,Bovino de 5 años de edad com miasis en región vulvar.,"Aves (1), Gatos (1), Bovinos (1114), Perros (73), Équidos (59), Caprinos (1), Ovinos (25), Ovinos y caprinos (Rebaño mixto) (1), Suidos (50)",1325,0
6059,155425,15.34174,-92.677138,2025-04-05,Escuintla,"Bovino de 4 años de edad con miasis en región vulvar.
","Aves (1), Gatos (1), Bovinos (1114), Perros (73), Équidos (59), Caprinos (1), Ovinos (25), Ovinos y caprinos (Rebaño mixto) (1), Suidos (50)",1325,0
6059,155297,15.76165,-93.34336,2025-04-04,Pijijiapan,Bovino de 6 años de edad con miasis en la ubre.,"Aves (1), Gatos (1), Bovinos (1114), Perros (73), Équidos (59), Caprinos (1), Ovinos (25), Ovinos y caprinos (Rebaño mixto) (1), Suidos (50)",1325,0
6059,155296,16.25841,-90.80198,2025-04-04,Ocosingo,Bovino de 18 meses de edad con miasis en región umbilical.,"Aves (1), Gatos (1), Bovinos (1114), Perros (73), Équidos (59), Caprinos (1), Ovinos (25), Ovinos y caprinos (Rebaño mixto) (1), Suidos (50)",1325,0
6059,155299,16.73225,-90.96345,2025-04-04,Ocosingo,"Bovino de 8 meses de edad con miasis en región vulvar.
","Aves (1), Gatos (1), Bovinos (1114), Perros (73), Équidos (59), Caprinos (1), Ovinos (25), Ovinos y caprinos (Rebaño mixto) (1), Suidos (50)",1325,0
6059,155300,16.57175,-92.48478,2025-04-04,Teopisca,"Bovino de 16 días de edad con miasis en región umbilical.
","Aves (1), Gatos (1), Bovinos (1114), Perros (73), Équidos (59), Caprinos (1), Ovinos (25), Ovinos y caprinos (Rebaño mixto) (1), Suidos (50)",1325,0
6059,155301,16.16799,-91.31179,2025-04-04,Las Margaritas,Bovino de 2 meses de edad con miasis en miembro anterior izquierdo.,"Aves (1), Gatos (1), Bovinos (1114), Perros (73), Équidos (59), Caprinos (1), Ovinos (25), Ovinos y caprinos (Rebaño mixto) (1), Suidos (50)",1325,0
6059,155303,17.02108,-92.10058,2025-04-04,Chilón,"Dos bovinos de 15 días de edad, ambos con miasis en región umbilical.
","Aves (1), Gatos (1), Bovinos (1114), Perros (73), Équidos (59), Caprinos (1), Ovinos (25), Ovinos y caprinos (Rebaño mixto) (1), Suidos (50)",1325,0
6059,155302,16.97525,-92.20302,2025-04-04,Ocosingo,"Bovino de 5 días de edad con miasis en región umbilical.
","Aves (1), Gatos (1), Bovinos (1114), Perros (73), Équidos (59), Caprinos (1), Ovinos (25), Ovinos y caprinos (Rebaño mixto) (1), Suidos (50)",1325,0
6059,155304,16.83253,-92.99691,2025-04-04,Chiapa de Corzo,"Bovino de 3 días de edad con miasis en región umbilical.
","Aves (1), Gatos (1), Bovinos (1114), Perros (73), Équidos (59), Caprinos (1), Ovinos (25), Ovinos y caprinos (Rebaño mixto) (1), Suidos (50)",1325,0
6059,155406,16.22938,-91.423403,2025-04-04,Las Margaritas,Bovino de 8 meses de edad con miasus en región izquierda del cuello.,"Aves (1), Gatos (1), Bovinos (1114), Perros (73), Équidos (59), Caprinos (1), Ovinos (25), Ovinos y caprinos (Rebaño mixto) (1), Suidos (50)",1325,0
6059,155407,16.42247,-90.708057,2025-04-04,Ocosingo,Canino de 6 años de edad con miasis en región glútea.,"Aves (1), Gatos (1), Bovinos (1114), Perros (73), Équidos (59), Caprinos (1), Ovinos (25), Ovinos y caprinos (Rebaño mixto) (1), Suidos (50)",1325,0
6059,155413,16.2689,-91.450955,2025-04-04,Las Margaritas,Bovino de 9 años con miasis en cuerno izquierdo.,"Aves (1), Gatos (1), Bovinos (1114), Perros (73), Équidos (59), Caprinos (1), Ovinos (25), Ovinos y caprinos (Rebaño mixto) (1), Suidos (50)",1325,0
6059,155414,16.3088,-91.20611,2025-04-04,Ocosingo,"Bovino de 10 días de edad con miasis en región umbilical.
","Aves (1), Gatos (1), Bovinos (1114), Perros (73), Équidos (59), Caprinos (1), Ovinos (25), Ovinos y caprinos (Rebaño mixto) (1), Suidos (50)",1325,0
6059,155585,15.47431,-92.8665,2025-04-04,Mapastepec,"Bovino de 1 mes de edad con miasis en región umbilical.
","Aves (1), Gatos (1), Bovinos (1114), Perros (73), Équidos (59), Caprinos (1), Ovinos (25), Ovinos y caprinos (Rebaño mixto) (1), Suidos (50)",1325,0
6059,155424,15.34171,-92.677143,2025-04-04,Escuintla,Canino de 2 años de edad con miasis en miembro posterior derecho.,"Aves (1), Gatos (1), Bovinos (1114), Perros (73), Équidos (59), Caprinos (1), Ovinos (25), Ovinos y caprinos (Rebaño mixto) (1), Suidos (50)",1325,0
6059,156404,17.45286,-93.37015,2025-04-04,Ostuacán,"Bovino de 7 días de edad con miasis en la región umbilical.
","Aves (1), Gatos (1), Bovinos (1114), Perros (73), Équidos (59), Caprinos (1), Ovinos (25), Ovinos y caprinos (Rebaño mixto) (1), Suidos (50)",1325,0
6059,156686,15.27837,-92.61227,2025-04-04,Escuintla,"Bovino de 8 días de edad con miasis en región umbilical.
","Aves (1), Gatos (1), Bovinos (1114), Perros (73), Équidos (59), Caprinos (1), Ovinos (25), Ovinos y caprinos (Rebaño mixto) (1), Suidos (50)",1325,0
6059,154853,16.789425,-90.913564,2025-04-03,Ocosingo,"Bovino de 3 meses de edad con miasis en región umbilical.
","Aves (1), Gatos (1), Bovinos (1114), Perros (73), Équidos (59), Caprinos (1), Ovinos (25), Ovinos y caprinos (Rebaño mixto) (1), Suidos (50)",1325,0
6059,154888,16.8078,-91.2426,2025-04-03,Ocosingo,"Bovino de 1 semana de edad con miasis en región umbilical.
","Aves (1), Gatos (1), Bovinos (1114), Perros (73), Équidos (59), Caprinos (1), Ovinos (25), Ovinos y caprinos (Rebaño mixto) (1), Suidos (50)",1325,0
6059,154929,17.45889,-92.397471,2025-04-03,Salto de Agua,Bovino de 3 meses de edad con miasis en el muslo.,"Aves (1), Gatos (1), Bovinos (1114), Perros (73), Équidos (59), Caprinos (1), Ovinos (25), Ovinos y caprinos (Rebaño mixto) (1), Suidos (50)",1325,0
6059,154930,16.95042,-91.312335,2025-04-03,Ocosingo,"Bovino de 8 días de edad con miasis en región umbilical.
","Aves (1), Gatos (1), Bovinos (1114), Perros (73), Équidos (59), Caprinos (1), Ovinos (25), Ovinos y caprinos (Rebaño mixto) (1), Suidos (50)",1325,0
6059,154931,15.57345,-93.196139,2025-04-03,Pijijiapan,"Bovino de 25 días de edad con miasis en región umbilical.
","Aves (1), Gatos (1), Bovinos (1114), Perros (73), Équidos (59), Caprinos (1), Ovinos (25), Ovinos y caprinos (Rebaño mixto) (1), Suidos (50)",1325,0
6059,154933,16.30287,-91.18933,2025-04-03,Ocosingo,"Bovino de 15 días de edad con miasis en región umbilical.
","Aves (1), Gatos (1), Bovinos (1114), Perros (73), Équidos (59), Caprinos (1), Ovinos (25), Ovinos y caprinos (Rebaño mixto) (1), Suidos (50)",1325,0
6059,154934,16.21327,-91.25181,2025-04-03,Las Margaritas,"Bovino de 8 días de edad con miasis en región umbilical.
","Aves (1), Gatos (1), Bovinos (1114), Perros (73), Équidos (59), Caprinos (1), Ovinos (25), Ovinos y caprinos (Rebaño mixto) (1), Suidos (50)",1325,0
6059,154935,16.16453,-91.21499,2025-04-03,Las Margaritas,"Bovino de 2 meses de edad con miasis en región umbilical.
","Aves (1), Gatos (1), Bovinos (1114), Perros (73), Équidos (59), Caprinos (1), Ovinos (25), Ovinos y caprinos (Rebaño mixto) (1), Suidos (50)",1325,0
6059,154936,16.30196,-91.1885,2025-04-03,Ocosingo,"Bovino de 8 días de edad con miasis en región umbilical.
","Aves (1), Gatos (1), Bovinos (1114), Perros (73), Équidos (59), Caprinos (1), Ovinos (25), Ovinos y caprinos (Rebaño mixto) (1), Suidos (50)",1325,0
6059,155410,14.64171,-92.254528,2025-04-03,Suchiate,Bovino de 4 días de edad con miasis en región umbilical.,"Aves (1), Gatos (1), Bovinos (1114), Perros (73), Équidos (59), Caprinos (1), Ovinos (25), Ovinos y caprinos (Rebaño mixto) (1), Suidos (50)",1325,0
6059,155423,15.34789,-92.579186,2025-04-03,Escuintla,Equino de 2 años con miasis en miembro anterior derecho.,"Aves (1), Gatos (1), Bovinos (1114), Perros (73), Équidos (59), Caprinos (1), Ovinos (25), Ovinos y caprinos (Rebaño mixto) (1), Suidos (50)",1325,0
6059,156682,15.35103,-92.55682,2025-04-03,Escuintla,"Bovino de 8 años de edad con miasis en miembro posterior izquierdo.
","Aves (1), Gatos (1), Bovinos (1114), Perros (73), Équidos (59), Caprinos (1), Ovinos (25), Ovinos y caprinos (Rebaño mixto) (1), Suidos (50)",1325,0
6059,156683,15.33651,-92.60387,2025-04-03,Escuintla,"Bovino de 15 días de edad con miasis en región umbilical.
","Aves (1), Gatos (1), Bovinos (1114), Perros (73), Équidos (59), Caprinos (1), Ovinos (25), Ovinos y caprinos (Rebaño mixto) (1), Suidos (50)",1325,0
6059,156684,15.35967,-92.66699,2025-04-03,Escuintla,"Bovino de 1 año de edad con miasis en miembro anterior izquierdo.
","Aves (1), Gatos (1), Bovinos (1114), Perros (73), Équidos (59), Caprinos (1), Ovinos (25), Ovinos y caprinos (Rebaño mixto) (1), Suidos (50)",1325,0
6059,156685,15.3476,-92.54864,2025-04-03,Villa Comaltitlán,"Bovino de 3 años de edad con miasis en oreja derecha.
","Aves (1), Gatos (1), Bovinos (1114), Perros (73), Équidos (59), Caprinos (1), Ovinos (25), Ovinos y caprinos (Rebaño mixto) (1), Suidos (50)",1325,0
6059,156688,15.32334,-92.59447,2025-04-03,Escuintla,"Equino de 4 años de edad con miasis en región escapular.
","Aves (1), Gatos (1), Bovinos (1114), Perros (73), Équidos (59), Caprinos (1), Ovinos (25), Ovinos y caprinos (Rebaño mixto) (1), Suidos (50)",1325,0
6059,156689,15.32839,-92.62075,2025-04-03,Escuintla,"Bovino de 8 días de edad con miasis en región umbilical.
","Aves (1), Gatos (1), Bovinos (1114), Perros (73), Équidos (59), Caprinos (1), Ovinos (25), Ovinos y caprinos (Rebaño mixto) (1), Suidos (50)",1325,0
6059,154882,17.71407,-92.02356,2025-04-02,Catazajá,Bovino de 6 años de edad con miasis en la región dorsal del cuello.,"Aves (1), Gatos (1), Bovinos (1114), Perros (73), Équidos (59), Caprinos (1), Ovinos (25), Ovinos y caprinos (Rebaño mixto) (1), Suidos (50)",1325,0
6059,154885,16.43585,-92.05811,2025-04-02,Comitán de Domínguez,"Bovino de 5 días de edad con miasis en región umbilical.
","Aves (1), Gatos (1), Bovinos (1114), Perros (73), Équidos (59), Caprinos (1), Ovinos (25), Ovinos y caprinos (Rebaño mixto) (1), Suidos (50)",1325,0
6059,154887,16.84968,-91.2426,2025-04-02,Ocosingo,"Bovino de 20 días de edad con miasis en región umbilical.
","Aves (1), Gatos (1), Bovinos (1114), Perros (73), Équidos (59), Caprinos (1), Ovinos (25), Ovinos y caprinos (Rebaño mixto) (1), Suidos (50)",1325,0
6059,154886,15.54277,-93.06712,2025-04-02,Pijijiapan,Bovino de 2 años de edad con miasis en el cuerno.,"Aves (1), Gatos (1), Bovinos (1114), Perros (73), Équidos (59), Caprinos (1), Ovinos (25), Ovinos y caprinos (Rebaño mixto) (1), Suidos (50)",1325,0
6059,154932,17.1699,-91.551542,2025-04-02,Palenque,"Bovino de 15 días de edad con miasis en región umbilical.
","Aves (1), Gatos (1), Bovinos (1114), Perros (73), Équidos (59), Caprinos (1), Ovinos (25), Ovinos y caprinos (Rebaño mixto) (1), Suidos (50)",1325,0
6059,154937,17.1828,-91.61915,2025-04-02,Ocosingo,"Bovino de 10 días de edad con miasis en región umbilical.
","Aves (1), Gatos (1), Bovinos (1114), Perros (73), Équidos (59), Caprinos (1), Ovinos (25), Ovinos y caprinos (Rebaño mixto) (1), Suidos (50)",1325,0
6059,154938,16.84968,-91.242601,2025-04-02,Ocosingo,"Bovino de 15 días de edad con miasis en región umbilical.
","Aves (1), Gatos (1), Bovinos (1114), Perros (73), Équidos (59), Caprinos (1), Ovinos (25), Ovinos y caprinos (Rebaño mixto) (1), Suidos (50)",1325,0
6059,155440,15.39997,-92.83244,2025-04-02,Mapastepec,Bovino de 8 años de edad con miasis en miembro posterior izquierdo.,"Aves (1), Gatos (1), Bovinos (1114), Perros (73), Équidos (59), Caprinos (1), Ovinos (25), Ovinos y caprinos (Rebaño mixto) (1), Suidos (50)",1325,0
6059,156846,15.89123,-93.52529,2025-04-02,Tonalá,"Bovino de 6 meses de edad con miasis en cuerno derecho.
","Aves (1), Gatos (1), Bovinos (1114), Perros (73), Équidos (59), Caprinos (1), Ovinos (25), Ovinos y caprinos (Rebaño mixto) (1), Suidos (50)",1325,0
6059,154845,16.78705,-91.47961,2025-04-01,Ocosingo,"Bovino de 15 días de edad con miasis en región umbilical.
","Aves (1), Gatos (1), Bovinos (1114), Perros (73), Équidos (59), Caprinos (1), Ovinos (25), Ovinos y caprinos (Rebaño mixto) (1), Suidos (50)",1325,0
6059,154852,16.658688,-90.815524,2025-04-01,Ocosingo,"Bovino de 4 días de edad con miasis en región umbilical.
","Aves (1), Gatos (1), Bovinos (1114), Perros (73), Équidos (59), Caprinos (1), Ovinos (25), Ovinos y caprinos (Rebaño mixto) (1), Suidos (50)",1325,0
6059,154848,16.81309,-91.98548,2025-04-01,Altamirano,"Bovino de 7 días de edad con miasis en región umbilical.
","Aves (1), Gatos (1), Bovinos (1114), Perros (73), Équidos (59), Caprinos (1), Ovinos (25), Ovinos y caprinos (Rebaño mixto) (1), Suidos (50)",1325,0
6059,154856,16.89529,-91.26157,2025-04-01,Ocosingo,"Bovino de 15 días de edad con miasis en región umbilical.
","Aves (1), Gatos (1), Bovinos (1114), Perros (73), Équidos (59), Caprinos (1), Ovinos (25), Ovinos y caprinos (Rebaño mixto) (1), Suidos (50)",1325,0
6059,154857,17.322271,-91.695018,2025-04-01,Ocosingo,"Bovino de 14 días de edad con miasis en región umbilical.
","Aves (1), Gatos (1), Bovinos (1114), Perros (73), Équidos (59), Caprinos (1), Ovinos (25), Ovinos y caprinos (Rebaño mixto) (1), Suidos (50)",1325,0
6059,154860,16.234229,-91.94346,2025-04-01,La Independencia,"Bovino de 5 meses de edad con miasis en región umbilical.
","Aves (1), Gatos (1), Bovinos (1114), Perros (73), Équidos (59), Caprinos (1), Ovinos (25), Ovinos y caprinos (Rebaño mixto) (1), Suidos (50)",1325,0
6059,154861,16.419473,-90.706577,2025-04-01,Ocosingo,"Bovino de 3 días de edad con miasis en región umbilical.
","Aves (1), Gatos (1), Bovinos (1114), Perros (73), Équidos (59), Caprinos (1), Ovinos (25), Ovinos y caprinos (Rebaño mixto) (1), Suidos (50)",1325,0
6059,154862,17.29843,-91.612058,2025-04-01,Palenque,Bovino de 1 mes de edad con miasis en región vulvar.,"Aves (1), Gatos (1), Bovinos (1114), Perros (73), Équidos (59), Caprinos (1), Ovinos (25), Ovinos y caprinos (Rebaño mixto) (1), Suidos (50)",1325,0
6059,154864,17.40471,-92.31198,2025-04-01,Salto de Agua,"Bovino de 8 días de edad con miasis en región umbilical.
","Aves (1), Gatos (1), Bovinos (1114), Perros (73), Équidos (59), Caprinos (1), Ovinos (25), Ovinos y caprinos (Rebaño mixto) (1), Suidos (50)",1325,0
6059,154865,17.40988,-92.41213,2025-04-01,Tila,"Bovino de 10 días de edad con miasis en región umbilical.
","Aves (1), Gatos (1), Bovinos (1114), Perros (73), Équidos (59), Caprinos (1), Ovinos (25), Ovinos y caprinos (Rebaño mixto) (1), Suidos (50)",1325,0
6059,154866,17.40095,-92.16737,2025-04-01,Salto de Agua,"Bovino de 12 días de edad con miasis en región umbilical.
","Aves (1), Gatos (1), Bovinos (1114), Perros (73), Équidos (59), Caprinos (1), Ovinos (25), Ovinos y caprinos (Rebaño mixto) (1), Suidos (50)",1325,0
6059,154869,16.23075,-92.002356,2025-04-01,Comitán de Domínguez,Bovino de 2 años de edad con miasis en región inferior de la cabeza.,"Aves (1), Gatos (1), Bovinos (1114), Perros (73), Équidos (59), Caprinos (1), Ovinos (25), Ovinos y caprinos (Rebaño mixto) (1), Suidos (50)",1325,0
6059,154883,15.10368,-92.47438,2025-04-01,Tuzantán,Bovino de 4 años de edad con miasis en ubre.,"Aves (1), Gatos (1), Bovinos (1114), Perros (73), Équidos (59), Caprinos (1), Ovinos (25), Ovinos y caprinos (Rebaño mixto) (1), Suidos (50)",1325,0
6059,155419,15.35946,-92.86093,2025-04-01,Mapastepec,"Bovino de 5 años de edad con miasis en cuerno.
","Aves (1), Gatos (1), Bovinos (1114), Perros (73), Équidos (59), Caprinos (1), Ovinos (25), Ovinos y caprinos (Rebaño mixto) (1), Suidos (50)",1325,0
6059,155420,15.41923,-92.87906,2025-04-01,Mapastepec,"Equino de 6 años con miasis en miembro anterior derecho.
","Aves (1), Gatos (1), Bovinos (1114), Perros (73), Équidos (59), Caprinos (1), Ovinos (25), Ovinos y caprinos (Rebaño mixto) (1), Suidos (50)",1325,0
6059,154863,17.70787,-92.01625,2025-04-01,Catazajá,"Lote de 41 bovinos, donde se detectó un bovino de 16 años de edad con miasis en región glutéa.","Aves (1), Gatos (1), Bovinos (1114), Perros (73), Équidos (59), Caprinos (1), Ovinos (25), Ovinos y caprinos (Rebaño mixto) (1), Suidos (50)",1325,0
6059,154786,15.524911,-93.114408,2025-03-31,Pijijiapan,Bovino de 6 años de edad con miasis en el cuerno.,"Aves (1), Gatos (1), Bovinos (1114), Perros (73), Équidos (59), Caprinos (1), Ovinos (25), Ovinos y caprinos (Rebaño mixto) (1), Suidos (50)",1325,0
6059,154787,16.363254,-90.68305,2025-03-31,Ocosingo,"Bovino de 8 días de edad con miasis en región umbilical.
","Aves (1), Gatos (1), Bovinos (1114), Perros (73), Équidos (59), Caprinos (1), Ovinos (25), Ovinos y caprinos (Rebaño mixto) (1), Suidos (50)",1325,0
6059,154788,16.132869,-90.901852,2025-03-31,Ocosingo,"Bovino de 4 días de edad con miasis en región umbilical.
","Aves (1), Gatos (1), Bovinos (1114), Perros (73), Équidos (59), Caprinos (1), Ovinos (25), Ovinos y caprinos (Rebaño mixto) (1), Suidos (50)",1325,0
6059,154789,16.123053,-90.903004,2025-03-31,Ocosingo,"Bovino de 8 días de edad con miasis en región umbilical.
","Aves (1), Gatos (1), Bovinos (1114), Perros (73), Équidos (59), Caprinos (1), Ovinos (25), Ovinos y caprinos (Rebaño mixto) (1), Suidos (50)",1325,0
6059,154839,17.401132,-92.158482,2025-03-31,Salto de Agua,"Bovino de 8 días de edad con miasis en región umbilical.
","Aves (1), Gatos (1), Bovinos (1114), Perros (73), Équidos (59), Caprinos (1), Ovinos (25), Ovinos y caprinos (Rebaño mixto) (1), Suidos (50)",1325,0
6059,154841,15.584719,-93.105995,2025-03-31,Pijijiapan,Bovino de 1 mes de edad con miasis en el pecho.,"Aves (1), Gatos (1), Bovinos (1114), Perros (73), Équidos (59), Caprinos (1), Ovinos (25), Ovinos y caprinos (Rebaño mixto) (1), Suidos (50)",1325,0
6059,154842,16.873059,-91.24286,2025-03-31,Ocosingo,"Bovino de 2 meses de edad con miasis en región umbilical.
","Aves (1), Gatos (1), Bovinos (1114), Perros (73), Équidos (59), Caprinos (1), Ovinos (25), Ovinos y caprinos (Rebaño mixto) (1), Suidos (50)",1325,0
6059,154840,17.533509,-92.149869,2025-03-31,Salto de Agua,Ovino de 3 años de edad con miasis en el oido.,"Aves (1), Gatos (1), Bovinos (1114), Perros (73), Équidos (59), Caprinos (1), Ovinos (25), Ovinos y caprinos (Rebaño mixto) (1), Suidos (50)",1325,0
6059,154851,16.928408,-91.35854,2025-03-31,Ocosingo,Suino de 2 años de edad con miasis en cavidad oral.,"Aves (1), Gatos (1), Bovinos (1114), Perros (73), Équidos (59), Caprinos (1), Ovinos (25), Ovinos y caprinos (Rebaño mixto) (1), Suidos (50)",1325,0
6059,154855,15.053391,-92.50452,2025-03-31,Huixtla,Bovino de 5 años de edad con miasis en el cuerno.,"Aves (1), Gatos (1), Bovinos (1114), Perros (73), Équidos (59), Caprinos (1), Ovinos (25), Ovinos y caprinos (Rebaño mixto) (1), Suidos (50)",1325,0
6059,154854,15.049808,-92.492546,2025-03-31,Tuzantán,Bovino con 4 años de edad con miasis en el cuerno.,"Aves (1), Gatos (1), Bovinos (1114), Perros (73), Équidos (59), Caprinos (1), Ovinos (25), Ovinos y caprinos (Rebaño mixto) (1), Suidos (50)",1325,0
6059,155417,15.35931,-92.618776,2025-03-31,Escuintla,Caprino de 5 meses de edad con miasis en miembro anterior derecho.,"Aves (1), Gatos (1), Bovinos (1114), Perros (73), Équidos (59), Caprinos (1), Ovinos (25), Ovinos y caprinos (Rebaño mixto) (1), Suidos (50)",1325,0
6059,154868,16.09145,-90.46746,2025-03-31,Ocosingo,"Bovino de 2 días de edad con miasis en región umbilical.
","Aves (1), Gatos (1), Bovinos (1114), Perros (73), Équidos (59), Caprinos (1), Ovinos (25), Ovinos y caprinos (Rebaño mixto) (1), Suidos (50)",1325,0
6059,155416,15.25764,-92.6059,2025-03-31,Villa Comaltitlán,"Suino de 5 años de edad con miasis en la nuca.
","Aves (1), Gatos (1), Bovinos (1114), Perros (73), Équidos (59), Caprinos (1), Ovinos (25), Ovinos y caprinos (Rebaño mixto) (1), Suidos (50)",1325,0
6059,156687,14.92156,-92.18313,2025-03-31,Tuxtla Chico,Canino de 4 años de edad con miasis en región escrotal.,"Aves (1), Gatos (1), Bovinos (1114), Perros (73), Équidos (59), Caprinos (1), Ovinos (25), Ovinos y caprinos (Rebaño mixto) (1), Suidos (50)",1325,0
6059,154784,17.290601,-92.160192,2025-03-30,Tumbalá,Bovino de 11 meses con miasis en el cuello.,"Aves (1), Gatos (1), Bovinos (1114), Perros (73), Équidos (59), Caprinos (1), Ovinos (25), Ovinos y caprinos (Rebaño mixto) (1), Suidos (50)",1325,0
6059,154785,14.744149,-92.211534,2025-03-30,Frontera Hidalgo,Bovino de 3 meses con miasis en el cuello.,"Aves (1), Gatos (1), Bovinos (1114), Perros (73), Équidos (59), Caprinos (1), Ovinos (25), Ovinos y caprinos (Rebaño mixto) (1), Suidos (50)",1325,0
6059,154884,15.10368,-92.47438,2025-03-30,Tuzantán,Bovino de 4 años de edad con miasis en el cuerno.,"Aves (1), Gatos (1), Bovinos (1114), Perros (73), Équidos (59), Caprinos (1), Ovinos (25), Ovinos y caprinos (Rebaño mixto) (1), Suidos (50)",1325,0
6059,154770,16.291791,-91.19603,2025-03-29,Las Margaritas,"Bovino de un año de edad con miasis en el cuello,","Aves (1), Gatos (1), Bovinos (1114), Perros (73), Équidos (59), Caprinos (1), Ovinos (25), Ovinos y caprinos (Rebaño mixto) (1), Suidos (50)",1325,0
6059,154771,16.291856,-91.146908,2025-03-29,Ocosingo,Bovino de 4 meses de edad con miasis en región umbilical.,"Aves (1), Gatos (1), Bovinos (1114), Perros (73), Équidos (59), Caprinos (1), Ovinos (25), Ovinos y caprinos (Rebaño mixto) (1), Suidos (50)",1325,0
6059,154772,16.130901,-91.48745,2025-03-29,La Independencia,"Dos bovinos ambos de 1 meses de edad y con miasis en región umbilical.
","Aves (1), Gatos (1), Bovinos (1114), Perros (73), Équidos (59), Caprinos (1), Ovinos (25), Ovinos y caprinos (Rebaño mixto) (1), Suidos (50)",1325,0
6059,154773,16.130901,-91.4874501,2025-03-29,La Independencia,"Bovino de 1 mes de edad con miasis en región umbilical.
","Aves (1), Gatos (1), Bovinos (1114), Perros (73), Équidos (59), Caprinos (1), Ovinos (25), Ovinos y caprinos (Rebaño mixto) (1), Suidos (50)",1325,0
6059,154774,15.847904,-93.463661,2025-03-29,Tonalá,"Bovino de 8 meses de edad con miasis en brazo derecho.
","Aves (1), Gatos (1), Bovinos (1114), Perros (73), Équidos (59), Caprinos (1), Ovinos (25), Ovinos y caprinos (Rebaño mixto) (1), Suidos (50)",1325,0
6059,154775,16.781556,-91.266474,2025-03-29,Ocosingo,"Bovino de 7 meses de edad con miasis en región umbilical.
","Aves (1), Gatos (1), Bovinos (1114), Perros (73), Équidos (59), Caprinos (1), Ovinos (25), Ovinos y caprinos (Rebaño mixto) (1), Suidos (50)",1325,0
6059,154776,17.737068,-92.105616,2025-03-29,Catazajá,Bovino de 7 meses con miasis en miembro trasero derecho.,"Aves (1), Gatos (1), Bovinos (1114), Perros (73), Équidos (59), Caprinos (1), Ovinos (25), Ovinos y caprinos (Rebaño mixto) (1), Suidos (50)",1325,0
6059,154777,14.894857,-92.184369,2025-03-29,Tuxtla Chico,Canino hallado muerto de 14 años con miasis en región auricular.,"Aves (1), Gatos (1), Bovinos (1114), Perros (73), Équidos (59), Caprinos (1), Ovinos (25), Ovinos y caprinos (Rebaño mixto) (1), Suidos (50)",1325,0
6059,154779,16.774028,-92.925175,2025-03-29,Ixtapa,Bovino de 8 años de edad con miasis en cuerno izquierdo.,"Aves (1), Gatos (1), Bovinos (1114), Perros (73), Équidos (59), Caprinos (1), Ovinos (25), Ovinos y caprinos (Rebaño mixto) (1), Suidos (50)",1325,0
6059,154858,17.695382,-92.15284,2025-03-29,Palenque,"Bovino de 1 mes de edad con miasis en región umbilical.
","Aves (1), Gatos (1), Bovinos (1114), Perros (73), Équidos (59), Caprinos (1), Ovinos (25), Ovinos y caprinos (Rebaño mixto) (1), Suidos (50)",1325,0
6059,154859,17.608575,-91.943464,2025-03-29,Palenque,"Dos bovinos de 8 días de edad con miasis en región umbilical.
","Aves (1), Gatos (1), Bovinos (1114), Perros (73), Équidos (59), Caprinos (1), Ovinos (25), Ovinos y caprinos (Rebaño mixto) (1), Suidos (50)",1325,0
6059,155412,17.56622,-92.129998,2025-03-29,Palenque,"Dos bovinos de 20 días y 2 años respectivamente, uno en miasis en región umbilical y el otro en región del cuerno.","Aves (1), Gatos (1), Bovinos (1114), Perros (73), Équidos (59), Caprinos (1), Ovinos (25), Ovinos y caprinos (Rebaño mixto) (1), Suidos (50)",1325,0
6059,155409,17.53381,-91.826458,2025-03-29,Palenque,Bovino de 4 años de edad con miasis en miembro posterior izquierdo y región esternal.,"Aves (1), Gatos (1), Bovinos (1114), Perros (73), Équidos (59), Caprinos (1), Ovinos (25), Ovinos y caprinos (Rebaño mixto) (1), Suidos (50)",1325,0
6059,154849,17.297207,-91.607823,2025-03-26,Palenque,"Dos bovinos de 20 y 5 días de edad respectivamente, ambos con miasis en región umbilical.
","Aves (1), Gatos (1), Bovinos (1114), Perros (73), Équidos (59), Caprinos (1), Ovinos (25), Ovinos y caprinos (Rebaño mixto) (1), Suidos (50)",1325,0
6059,154782,17.674242,-92.059132,2025-03-26,Palenque,"Bovino de 10 días de edad con miasis en región umbilical.
","Aves (1), Gatos (1), Bovinos (1114), Perros (73), Équidos (59), Caprinos (1), Ovinos (25), Ovinos y caprinos (Rebaño mixto) (1), Suidos (50)",1325,0
6059,154608,16.4823,-90.648591,2025-03-28,Ocosingo,"Bovino de 6 y 7 dias de edad respectivamente, ambos con miasis en región umbilical.
","Aves (1), Gatos (1), Bovinos (1114), Perros (73), Équidos (59), Caprinos (1), Ovinos (25), Ovinos y caprinos (Rebaño mixto) (1), Suidos (50)",1325,0
6059,154609,17.159196,-92.84101,2025-03-28,Pueblo Nuevo Solistahuacán,"Bovino de 8 dias de edad con miasis en región umbilical.
","Aves (1), Gatos (1), Bovinos (1114), Perros (73), Équidos (59), Caprinos (1), Ovinos (25), Ovinos y caprinos (Rebaño mixto) (1), Suidos (50)",1325,0
6059,154610,16.842648,-91.18363,2025-03-28,Ocosingo,"Bovino de 10 dias de edad con miasis en región umbilical.
","Aves (1), Gatos (1), Bovinos (1114), Perros (73), Équidos (59), Caprinos (1), Ovinos (25), Ovinos y caprinos (Rebaño mixto) (1), Suidos (50)",1325,0
6059,154611,16.220928,-91.261316,2025-03-28,Las Margaritas,"Bovino de 8 meses de edad con miasis en región escapular.
","Aves (1), Gatos (1), Bovinos (1114), Perros (73), Équidos (59), Caprinos (1), Ovinos (25), Ovinos y caprinos (Rebaño mixto) (1), Suidos (50)",1325,0
6059,154612,16.228248,-91.259401,2025-03-28,Las Margaritas,"Bovino de 8 dias de edad con miasis en región umbilical.
","Aves (1), Gatos (1), Bovinos (1114), Perros (73), Équidos (59), Caprinos (1), Ovinos (25), Ovinos y caprinos (Rebaño mixto) (1), Suidos (50)",1325,0
6059,154613,16.78705,-91.47961,2025-03-28,Ocosingo,"Bovino de 15 dias de edad con miasis en región umbilical.
","Aves (1), Gatos (1), Bovinos (1114), Perros (73), Équidos (59), Caprinos (1), Ovinos (25), Ovinos y caprinos (Rebaño mixto) (1), Suidos (50)",1325,0
6059,154614,16.79669,-91.48004,2025-03-28,Ocosingo,"Bovino de 8 dias de edad con miasis en región umbilical.
","Aves (1), Gatos (1), Bovinos (1114), Perros (73), Équidos (59), Caprinos (1), Ovinos (25), Ovinos y caprinos (Rebaño mixto) (1), Suidos (50)",1325,0
6059,154549,16.063411,-93.201023,2025-03-27,Villa Corzo,"Bovino de 5 meses de edad con miasis en cuerno,","Aves (1), Gatos (1), Bovinos (1114), Perros (73), Équidos (59), Caprinos (1), Ovinos (25), Ovinos y caprinos (Rebaño mixto) (1), Suidos (50)",1325,0
6059,154547,16.219095,-91.325883,2025-03-27,Las Margaritas,Bovino de 5 años de edad  con miasis en lesión por trauma.,"Aves (1), Gatos (1), Bovinos (1114), Perros (73), Équidos (59), Caprinos (1), Ovinos (25), Ovinos y caprinos (Rebaño mixto) (1), Suidos (50)",1325,0
6059,154843,16.429951,-90.62864,2025-03-27,Ocosingo,"Bovino de 9 meses de edad con miasis en región umbilical.
","Aves (1), Gatos (1), Bovinos (1114), Perros (73), Équidos (59), Caprinos (1), Ovinos (25), Ovinos y caprinos (Rebaño mixto) (1), Suidos (50)",1325,0
6059,154844,16.30489,-91.47961,2025-03-27,Las Margaritas,"Bovinos de 5 días de edad con miasis en región umbilical.
","Aves (1), Gatos (1), Bovinos (1114), Perros (73), Équidos (59), Caprinos (1), Ovinos (25), Ovinos y caprinos (Rebaño mixto) (1), Suidos (50)",1325,0
6059,154548,16.095718,-91.213249,2025-03-26,Las Margaritas,"Bovino de 15 dias de edad con miasis en región umbilical.
","Aves (1), Gatos (1), Bovinos (1114), Perros (73), Équidos (59), Caprinos (1), Ovinos (25), Ovinos y caprinos (Rebaño mixto) (1), Suidos (50)",1325,0
6059,154546,16.08845,-91.19244,2025-03-26,Las Margaritas,"Dos bovinos de 2 semanas de edad, ambos con miasis en región umbilical.
","Aves (1), Gatos (1), Bovinos (1114), Perros (73), Équidos (59), Caprinos (1), Ovinos (25), Ovinos y caprinos (Rebaño mixto) (1), Suidos (50)",1325,0
6059,154889,16.8078,-91.275461,2025-03-26,Ocosingo,"Bovino de 10, 9 y 10  días de edad respectivamente, todos con miasis en región umbilical.
","Aves (1), Gatos (1), Bovinos (1114), Perros (73), Équidos (59), Caprinos (1), Ovinos (25), Ovinos y caprinos (Rebaño mixto) (1), Suidos (50)",1325,0
6059,154850,16.989,-91.98548,2025-03-26,Ocosingo,Bovino de 4 años de edad con miasis en miembro posterior izquierdo.,"Aves (1), Gatos (1), Bovinos (1114), Perros (73), Équidos (59), Caprinos (1), Ovinos (25), Ovinos y caprinos (Rebaño mixto) (1), Suidos (50)",1325,0
6059,154545,17.126544,-92.273929,2025-03-27,Chilón,"Bovino de 10 dias de edad con miasis en región umbilical.
","Aves (1), Gatos (1), Bovinos (1114), Perros (73), Équidos (59), Caprinos (1), Ovinos (25), Ovinos y caprinos (Rebaño mixto) (1), Suidos (50)",1325,0
6059,154544,16.22396,-91.30646,2025-03-26,Las Margaritas,"Bovino de 2 semanas  de edad con miasis en región umbilical.
","Aves (1), Gatos (1), Bovinos (1114), Perros (73), Équidos (59), Caprinos (1), Ovinos (25), Ovinos y caprinos (Rebaño mixto) (1), Suidos (50)",1325,0
6059,154543,16.385423,-90.690221,2025-03-26,Ocosingo,Bovino de 7 años de edad con miasis en cuerno izquierdo.,"Aves (1), Gatos (1), Bovinos (1114), Perros (73), Équidos (59), Caprinos (1), Ovinos (25), Ovinos y caprinos (Rebaño mixto) (1), Suidos (50)",1325,0
6059,154542,16.842648,-91.18363,2025-03-26,Ocosingo,"Bovino de 12 dias de edad con miasis en región umbilical.
","Aves (1), Gatos (1), Bovinos (1114), Perros (73), Équidos (59), Caprinos (1), Ovinos (25), Ovinos y caprinos (Rebaño mixto) (1), Suidos (50)",1325,0
6059,154541,17.7326,-92.0968,2025-03-26,Catazajá,"Bovino de 8 dias de edad con miasis en región umbilical.
","Aves (1), Gatos (1), Bovinos (1114), Perros (73), Équidos (59), Caprinos (1), Ovinos (25), Ovinos y caprinos (Rebaño mixto) (1), Suidos (50)",1325,0
6059,154540,17.608575,-91.943464,2025-03-26,Palenque,Bovino de 1 mes de edad con miasis en oreja izquierda.,"Aves (1), Gatos (1), Bovinos (1114), Perros (73), Équidos (59), Caprinos (1), Ovinos (25), Ovinos y caprinos (Rebaño mixto) (1), Suidos (50)",1325,0
6059,153246,14.783399,-92.31162,2025-03-12,Tapachula,"Canino macho de 3 años de edad, con miasis en herida en región escapular.","Aves (1), Gatos (1), Bovinos (1114), Perros (73), Équidos (59), Caprinos (1), Ovinos (25), Ovinos y caprinos (Rebaño mixto) (1), Suidos (50)",1325,0
6059,152820,16.27977,-90.763989,2025-03-04,Ocosingo,"Ovino de 1 año de edad, con presencia de miasis en la pezuña. Las larvas se colectaron para el diagnóstico, resultando positivas a C. hominivorax por identificación taxonómica.","Aves (1), Gatos (1), Bovinos (1114), Perros (73), Équidos (59), Caprinos (1), Ovinos (25), Ovinos y caprinos (Rebaño mixto) (1), Suidos (50)",1325,0
6059,154524,15.403659,-92.723806,2025-03-25,Acacoyagua,"Bovino de 10 dias de edad con miasis en región umbilical.
","Aves (1), Gatos (1), Bovinos (1114), Perros (73), Équidos (59), Caprinos (1), Ovinos (25), Ovinos y caprinos (Rebaño mixto) (1), Suidos (50)",1325,0
6059,154532,16.788932,-91.276335,2025-03-25,Ocosingo,"Bovino de 8 dias de edad con miasis en región umbilical.
","Aves (1), Gatos (1), Bovinos (1114), Perros (73), Équidos (59), Caprinos (1), Ovinos (25), Ovinos y caprinos (Rebaño mixto) (1), Suidos (50)",1325,0
6059,154534,16.881164,-91.220203,2025-03-25,Ocosingo,"Bovino de 8 dias de edad con miasis en región umbilical.
","Aves (1), Gatos (1), Bovinos (1114), Perros (73), Équidos (59), Caprinos (1), Ovinos (25), Ovinos y caprinos (Rebaño mixto) (1), Suidos (50)",1325,0
6059,154536,16.368897,-90.677204,2025-03-25,Ocosingo,"Bovino de 5 años de edad con miasis en región umbilical por alambrado.
","Aves (1), Gatos (1), Bovinos (1114), Perros (73), Équidos (59), Caprinos (1), Ovinos (25), Ovinos y caprinos (Rebaño mixto) (1), Suidos (50)",1325,0
6059,154537,16.476726,-90.678539,2025-03-25,Ocosingo,"Bovino de 8 dias de edad con miasis en región umbilical.
","Aves (1), Gatos (1), Bovinos (1114), Perros (73), Équidos (59), Caprinos (1), Ovinos (25), Ovinos y caprinos (Rebaño mixto) (1), Suidos (50)",1325,0
6059,154538,16.478921,-90.675337,2025-03-25,Ocosingo,"Bovino de 6 dias de edad con miasis en región umbilical.
","Aves (1), Gatos (1), Bovinos (1114), Perros (73), Équidos (59), Caprinos (1), Ovinos (25), Ovinos y caprinos (Rebaño mixto) (1), Suidos (50)",1325,0
6059,154533,16.799278,-91.325835,2025-03-25,Ocosingo,"Bovino de 8 dias de edad con miasis en región umbilical.
","Aves (1), Gatos (1), Bovinos (1114), Perros (73), Équidos (59), Caprinos (1), Ovinos (25), Ovinos y caprinos (Rebaño mixto) (1), Suidos (50)",1325,0
6059,154539,16.47,-90.67,2025-03-25,Ocosingo,"Bovino de 8 dias de edad con miasis en región umbilical.
","Aves (1), Gatos (1), Bovinos (1114), Perros (73), Équidos (59), Caprinos (1), Ovinos (25), Ovinos y caprinos (Rebaño mixto) (1), Suidos (50)",1325,0
6059,154535,16.803065,-91.200468,2025-03-25,Ocosingo,Bovino de 5 años de edad con miasis en pezuña del miembro anterior izquierdo.,"Aves (1), Gatos (1), Bovinos (1114), Perros (73), Équidos (59), Caprinos (1), Ovinos (25), Ovinos y caprinos (Rebaño mixto) (1), Suidos (50)",1325,0
6059,154530,15.348668,-92.564956,2025-03-25,Escuintla,Bovino de 5 meses de edad con miasis en región dorsal del cuello.,"Aves (1), Gatos (1), Bovinos (1114), Perros (73), Équidos (59), Caprinos (1), Ovinos (25), Ovinos y caprinos (Rebaño mixto) (1), Suidos (50)",1325,0
6059,154526,15.207868,-92.720875,2025-03-25,Acapetahua,Bovino de 5 meses de edad com miasis en papada.,"Aves (1), Gatos (1), Bovinos (1114), Perros (73), Équidos (59), Caprinos (1), Ovinos (25), Ovinos y caprinos (Rebaño mixto) (1), Suidos (50)",1325,0
6059,154517,16.118349,-90.849764,2025-03-24,Ocosingo,Bovino de 6 días de edad con miasis en región umbilical. ,"Aves (1), Gatos (1), Bovinos (1114), Perros (73), Équidos (59), Caprinos (1), Ovinos (25), Ovinos y caprinos (Rebaño mixto) (1), Suidos (50)",1325,0
6059,154520,16.54138,-90.668809,2025-03-24,Ocosingo,Bovino de 15 dias de edad con miasis en región umbilcal.,"Aves (1), Gatos (1), Bovinos (1114), Perros (73), Équidos (59), Caprinos (1), Ovinos (25), Ovinos y caprinos (Rebaño mixto) (1), Suidos (50)",1325,0
6059,154523,17.261789,-92.133481,2025-03-24,Tumbalá,"Bovino de 7 dias de edad con miasis en región umbilical.
","Aves (1), Gatos (1), Bovinos (1114), Perros (73), Équidos (59), Caprinos (1), Ovinos (25), Ovinos y caprinos (Rebaño mixto) (1), Suidos (50)",1325,0
6059,154522,17.242187,-92.144473,2025-03-24,Tumbalá,"Bovino de 4 dias de edad con miasis en región umbilical.
","Aves (1), Gatos (1), Bovinos (1114), Perros (73), Équidos (59), Caprinos (1), Ovinos (25), Ovinos y caprinos (Rebaño mixto) (1), Suidos (50)",1325,0
6059,154525,16.11441,-90.838829,2025-03-24,Ocosingo,"Bovino de 8 dias de edad con miasis en región umbilical.
","Aves (1), Gatos (1), Bovinos (1114), Perros (73), Équidos (59), Caprinos (1), Ovinos (25), Ovinos y caprinos (Rebaño mixto) (1), Suidos (50)",1325,0
6059,154527,16.33953,-92.07889,2025-03-24,Comitán de Domínguez,Bovino de 5 años con miasis en herida escrotal por castración.,"Aves (1), Gatos (1), Bovinos (1114), Perros (73), Équidos (59), Caprinos (1), Ovinos (25), Ovinos y caprinos (Rebaño mixto) (1), Suidos (50)",1325,0
6059,154521,17.245463,-92.144708,2025-03-24,Tumbalá,Bovino de 2 años de edad con miasis en region umbilical.,"Aves (1), Gatos (1), Bovinos (1114), Perros (73), Équidos (59), Caprinos (1), Ovinos (25), Ovinos y caprinos (Rebaño mixto) (1), Suidos (50)",1325,0
6059,154516,16.716451,-90.972603,2025-03-23,Ocosingo,Bovino de 14 días de edad con miasis en región umbilical.,"Aves (1), Gatos (1), Bovinos (1114), Perros (73), Équidos (59), Caprinos (1), Ovinos (25), Ovinos y caprinos (Rebaño mixto) (1), Suidos (50)",1325,0
6059,154501,14.678277,-92.149255,2025-03-23,Suchiate,Canino de 2 años de edad con miasis en el contorno ocular.,"Aves (1), Gatos (1), Bovinos (1114), Perros (73), Équidos (59), Caprinos (1), Ovinos (25), Ovinos y caprinos (Rebaño mixto) (1), Suidos (50)",1325,0
6059,154072,14.537865,-92.225949,2025-03-22,Suchiate,Suino hembra de 2 años de edad con miasis en región vulvar.,"Aves (1), Gatos (1), Bovinos (1114), Perros (73), Équidos (59), Caprinos (1), Ovinos (25), Ovinos y caprinos (Rebaño mixto) (1), Suidos (50)",1325,0
6059,154075,16.84017,-91.94036,2025-03-22,Ocosingo,Bovino macho de 15 días de edad con miasis en región umbilical.,"Aves (1), Gatos (1), Bovinos (1114), Perros (73), Équidos (59), Caprinos (1), Ovinos (25), Ovinos y caprinos (Rebaño mixto) (1), Suidos (50)",1325,0
6059,154077,16.330955,-90.694688,2025-03-22,Ocosingo,Bovino macho de 8 días de edad con miasis en región umbilical.,"Aves (1), Gatos (1), Bovinos (1114), Perros (73), Équidos (59), Caprinos (1), Ovinos (25), Ovinos y caprinos (Rebaño mixto) (1), Suidos (50)",1325,0
6059,154078,15.626795,-93.011252,2025-03-22,Pijijiapan,Bovino macho de 1 año de edad con miasis en lesión cavernosa en la región escapular derecha.,"Aves (1), Gatos (1), Bovinos (1114), Perros (73), Équidos (59), Caprinos (1), Ovinos (25), Ovinos y caprinos (Rebaño mixto) (1), Suidos (50)",1325,0
6059,154484,17.102572,-91.519486,2025-03-22,Ocosingo,Bovino de 4 días de edad con miasis en región umbilical.,"Aves (1), Gatos (1), Bovinos (1114), Perros (73), Équidos (59), Caprinos (1), Ovinos (25), Ovinos y caprinos (Rebaño mixto) (1), Suidos (50)",1325,0
6059,154485,16.540327,-90.680891,2025-03-22,Ocosingo,Bovino de 10 meses con miasis en anca derecha.,"Aves (1), Gatos (1), Bovinos (1114), Perros (73), Équidos (59), Caprinos (1), Ovinos (25), Ovinos y caprinos (Rebaño mixto) (1), Suidos (50)",1325,0
6059,154492,16.86865,-91.175592,2025-03-22,Ocosingo,Bovino de 6 meses con miasis en región del metatarso.,"Aves (1), Gatos (1), Bovinos (1114), Perros (73), Équidos (59), Caprinos (1), Ovinos (25), Ovinos y caprinos (Rebaño mixto) (1), Suidos (50)",1325,0
6059,154494,16.883743,-91.219403,2025-03-22,Ocosingo,Bovino de 5 meses con miasis en región umbilical.,"Aves (1), Gatos (1), Bovinos (1114), Perros (73), Équidos (59), Caprinos (1), Ovinos (25), Ovinos y caprinos (Rebaño mixto) (1), Suidos (50)",1325,0
6059,154495,16.873235,-91.260307,2025-03-22,Ocosingo,Bovino de 15 días con miasis en región umbilical.,"Aves (1), Gatos (1), Bovinos (1114), Perros (73), Équidos (59), Caprinos (1), Ovinos (25), Ovinos y caprinos (Rebaño mixto) (1), Suidos (50)",1325,0
6059,154496,16.876847,-91.265317,2025-03-22,Ocosingo,"Bovinod de 15, 20 y 30 días de edad con miasis en región umbilical.
","Aves (1), Gatos (1), Bovinos (1114), Perros (73), Équidos (59), Caprinos (1), Ovinos (25), Ovinos y caprinos (Rebaño mixto) (1), Suidos (50)",1325,0
6059,154502,17.441151,-92.266565,2025-03-22,Salto de Agua,"Bovino de 8 días de edad con miasis en región umbilical.
","Aves (1), Gatos (1), Bovinos (1114), Perros (73), Équidos (59), Caprinos (1), Ovinos (25), Ovinos y caprinos (Rebaño mixto) (1), Suidos (50)",1325,0
6059,154503,17.409149,-92.16826,2025-03-22,Salto de Agua,Bovino de 7 días de edad con miasis en región umbilical.,"Aves (1), Gatos (1), Bovinos (1114), Perros (73), Équidos (59), Caprinos (1), Ovinos (25), Ovinos y caprinos (Rebaño mixto) (1), Suidos (50)",1325,0
6059,154515,17.406109,-92.149221,2025-03-22,Salto de Agua,Bovino de 2 meses de edad con miasis en región umbilical.,"Aves (1), Gatos (1), Bovinos (1114), Perros (73), Équidos (59), Caprinos (1), Ovinos (25), Ovinos y caprinos (Rebaño mixto) (1), Suidos (50)",1325,0
6059,154518,16.172905,-90.883675,2025-03-22,Ocosingo,Bovino de 4 dias de edad con miasis en región umbilcal.,"Aves (1), Gatos (1), Bovinos (1114), Perros (73), Équidos (59), Caprinos (1), Ovinos (25), Ovinos y caprinos (Rebaño mixto) (1), Suidos (50)",1325,0
6059,154519,16.082645,-90.975875,2025-03-22,Ocosingo,Bovino de 7 dias de edad con miasis en región umbilcal.,"Aves (1), Gatos (1), Bovinos (1114), Perros (73), Équidos (59), Caprinos (1), Ovinos (25), Ovinos y caprinos (Rebaño mixto) (1), Suidos (50)",1325,0
6059,154493,16.864222,-91.174113,2025-03-22,Ocosingo,Bovino de 8 meses con miasis en pezuña posterior izquierda.,"Aves (1), Gatos (1), Bovinos (1114), Perros (73), Équidos (59), Caprinos (1), Ovinos (25), Ovinos y caprinos (Rebaño mixto) (1), Suidos (50)",1325,0
6059,154498,16.243852,-91.241091,2025-03-22,Las Margaritas,"Bovino de 1 año de edad com miasis en región del metatarso.
","Aves (1), Gatos (1), Bovinos (1114), Perros (73), Équidos (59), Caprinos (1), Ovinos (25), Ovinos y caprinos (Rebaño mixto) (1), Suidos (50)",1325,0
6059,154486,16.5741,-90.6326,2025-03-22,Ocosingo,Ovino de 2 años con miasis en pezuña anterior derecha.,"Aves (1), Gatos (1), Bovinos (1114), Perros (73), Équidos (59), Caprinos (1), Ovinos (25), Ovinos y caprinos (Rebaño mixto) (1), Suidos (50)",1325,0
6059,154499,16.229748,-91.263599,2025-03-22,Las Margaritas,"Bovino de 2 semanas de edad con miasis en región umbilical.
","Aves (1), Gatos (1), Bovinos (1114), Perros (73), Équidos (59), Caprinos (1), Ovinos (25), Ovinos y caprinos (Rebaño mixto) (1), Suidos (50)",1325,0
6059,154487,16.330967,-90.822761,2025-03-22,Ocosingo,Bovino de 2 meses con miasis en el cuello.,"Aves (1), Gatos (1), Bovinos (1114), Perros (73), Équidos (59), Caprinos (1), Ovinos (25), Ovinos y caprinos (Rebaño mixto) (1), Suidos (50)",1325,0
6059,154069,16.778625,-91.323656,2025-03-21,Ocosingo,Bovino hembra de 8 dias de edad con miasis en ombligo.,"Aves (1), Gatos (1), Bovinos (1114), Perros (73), Équidos (59), Caprinos (1), Ovinos (25), Ovinos y caprinos (Rebaño mixto) (1), Suidos (50)",1325,0
6059,154070,15.352909,-92.584715,2025-03-21,Escuintla,Equino macho de 4 años de edad con miasis en lesión en el pecho.,"Aves (1), Gatos (1), Bovinos (1114), Perros (73), Équidos (59), Caprinos (1), Ovinos (25), Ovinos y caprinos (Rebaño mixto) (1), Suidos (50)",1325,0
6059,154071,15.497099,-92.847248,2025-03-21,Mapastepec,Bovino hembra de 3 años con miasis en lesión cavernosa.,"Aves (1), Gatos (1), Bovinos (1114), Perros (73), Équidos (59), Caprinos (1), Ovinos (25), Ovinos y caprinos (Rebaño mixto) (1), Suidos (50)",1325,0
6059,154073,16.56602,-91.27867,2025-03-21,Ocosingo,Bovino macho de 15 días de edad con miasis en región umbilical.,"Aves (1), Gatos (1), Bovinos (1114), Perros (73), Équidos (59), Caprinos (1), Ovinos (25), Ovinos y caprinos (Rebaño mixto) (1), Suidos (50)",1325,0
6059,155442,14.79694,-92.27437,2025-03-21,Tapachula,"Suino de 1 año de edad con miasis en cuello.
","Aves (1), Gatos (1), Bovinos (1114), Perros (73), Équidos (59), Caprinos (1), Ovinos (25), Ovinos y caprinos (Rebaño mixto) (1), Suidos (50)",1325,0
6059,154928,16.32574,-90.759957,2025-03-21,Ocosingo,Ovino de 2 años de edad con miasis en región interdigital de pezuña anterior izquierda.,"Aves (1), Gatos (1), Bovinos (1114), Perros (73), Équidos (59), Caprinos (1), Ovinos (25), Ovinos y caprinos (Rebaño mixto) (1), Suidos (50)",1325,0
6059,154780,16.436255,-90.683447,2025-03-21,Ocosingo,"Tres bovinos de 10 y 8 días de edad respectivamente, ambos com miasis en región umbilical. Equino de 6 años de edad con miasis en miembro anterior izquierdo.
","Aves (1), Gatos (1), Bovinos (1114), Perros (73), Équidos (59), Caprinos (1), Ovinos (25), Ovinos y caprinos (Rebaño mixto) (1), Suidos (50)",1325,0
6059,154497,16.334339,-90.78291,2025-03-21,Ocosingo,Bovino de 2 meses de edad con miasis en región interna de extremidad anterior derecha.,"Aves (1), Gatos (1), Bovinos (1114), Perros (73), Équidos (59), Caprinos (1), Ovinos (25), Ovinos y caprinos (Rebaño mixto) (1), Suidos (50)",1325,0
6059,154056,16.254524,-91.368922,2025-03-20,Las Margaritas,Bovino macho de 2 semanas con miasis en región umbilical.,"Aves (1), Gatos (1), Bovinos (1114), Perros (73), Équidos (59), Caprinos (1), Ovinos (25), Ovinos y caprinos (Rebaño mixto) (1), Suidos (50)",1325,0
6059,154057,17.538398,-92.187088,2025-03-20,Salto de Agua,Bovino macho de 10 días de edad con miasis en región umbilical.,"Aves (1), Gatos (1), Bovinos (1114), Perros (73), Équidos (59), Caprinos (1), Ovinos (25), Ovinos y caprinos (Rebaño mixto) (1), Suidos (50)",1325,0
6059,154058,17.48761,-92.262977,2025-03-20,Salto de Agua,Bovino hembra de 15 días de edad con miasis en la región umbilical.,"Aves (1), Gatos (1), Bovinos (1114), Perros (73), Équidos (59), Caprinos (1), Ovinos (25), Ovinos y caprinos (Rebaño mixto) (1), Suidos (50)",1325,0
6059,154061,15.377808,-92.578858,2025-03-20,Escuintla,Bovino hembra de 5 años con miasis en lesion en la región vulvar. ,"Aves (1), Gatos (1), Bovinos (1114), Perros (73), Équidos (59), Caprinos (1), Ovinos (25), Ovinos y caprinos (Rebaño mixto) (1), Suidos (50)",1325,0
6059,154062,16.80592,-90.909624,2025-03-20,Ocosingo,Bovino macho de 8 días de edad con miasis en región umbilical.,"Aves (1), Gatos (1), Bovinos (1114), Perros (73), Équidos (59), Caprinos (1), Ovinos (25), Ovinos y caprinos (Rebaño mixto) (1), Suidos (50)",1325,0
6059,154063,16.73204,-90.964706,2025-03-20,Ocosingo,Bovino hembra de 8 días de edad con miasis en región umbilical.,"Aves (1), Gatos (1), Bovinos (1114), Perros (73), Équidos (59), Caprinos (1), Ovinos (25), Ovinos y caprinos (Rebaño mixto) (1), Suidos (50)",1325,0
6059,154065,17.497513,-91.858048,2025-03-20,Palenque,"Bovino hembra de 15 días de edad con miasis en región umbilical,","Aves (1), Gatos (1), Bovinos (1114), Perros (73), Équidos (59), Caprinos (1), Ovinos (25), Ovinos y caprinos (Rebaño mixto) (1), Suidos (50)",1325,0
6059,154066,17.579353,-92.047625,2025-03-20,Palenque,"Bovino macho de 8 días de edad con miasis en región umbilical,","Aves (1), Gatos (1), Bovinos (1114), Perros (73), Équidos (59), Caprinos (1), Ovinos (25), Ovinos y caprinos (Rebaño mixto) (1), Suidos (50)",1325,0
6059,154067,17.397926,-92.370756,2025-03-20,Salto de Agua,Bovino hembra de 1 año de edad con miasis en región umbilical por cirugia de correción de hernia.,"Aves (1), Gatos (1), Bovinos (1114), Perros (73), Équidos (59), Caprinos (1), Ovinos (25), Ovinos y caprinos (Rebaño mixto) (1), Suidos (50)",1325,0
6059,154068,17.542102,-92.196718,2025-03-20,Salto de Agua,,"Aves (1), Gatos (1), Bovinos (1114), Perros (73), Équidos (59), Caprinos (1), Ovinos (25), Ovinos y caprinos (Rebaño mixto) (1), Suidos (50)",1325,0
6059,153951,17.755852,-92.11141,2025-03-19,Catazajá,"Bovino hembra de 1 año de edad, con miasis en herida en cuerno.","Aves (1), Gatos (1), Bovinos (1114), Perros (73), Équidos (59), Caprinos (1), Ovinos (25), Ovinos y caprinos (Rebaño mixto) (1), Suidos (50)",1325,0
6059,153953,16.44152,-90.585762,2025-03-19,Ocosingo,"Bovino hembra de 7 años de edad, con miasis en región vulva","Aves (1), Gatos (1), Bovinos (1114), Perros (73), Équidos (59), Caprinos (1), Ovinos (25), Ovinos y caprinos (Rebaño mixto) (1), Suidos (50)",1325,0
6059,153955,17.260183,-91.43521,2025-03-19,Palenque,"Bovino hembra de 11 años de edad, con miasis en región del cuello.","Aves (1), Gatos (1), Bovinos (1114), Perros (73), Équidos (59), Caprinos (1), Ovinos (25), Ovinos y caprinos (Rebaño mixto) (1), Suidos (50)",1325,0
6059,153956,15.33416,-92.644587,2025-03-19,Escuintla,"Bovino macho de 11 meses de edad, con miasis en región de la papada.","Aves (1), Gatos (1), Bovinos (1114), Perros (73), Équidos (59), Caprinos (1), Ovinos (25), Ovinos y caprinos (Rebaño mixto) (1), Suidos (50)",1325,0
6059,153957,16.240842,-91.43521,2025-03-19,Las Margaritas,"Bovino macho de 2 semanas de edad, con miasis en región umbilical.","Aves (1), Gatos (1), Bovinos (1114), Perros (73), Équidos (59), Caprinos (1), Ovinos (25), Ovinos y caprinos (Rebaño mixto) (1), Suidos (50)",1325,0
6059,153952,16.805607,-91.318144,2025-03-19,Ocosingo,"Bovino macho de 9 días de edad, con miasis en región umbilical.","Aves (1), Gatos (1), Bovinos (1114), Perros (73), Équidos (59), Caprinos (1), Ovinos (25), Ovinos y caprinos (Rebaño mixto) (1), Suidos (50)",1325,0
6059,153954,17.258783,-91.573563,2025-03-19,Palenque,"Equino hembra de 2 años de edad, con miasis en rodilla de la extremidad anteriior derecha.","Aves (1), Gatos (1), Bovinos (1114), Perros (73), Équidos (59), Caprinos (1), Ovinos (25), Ovinos y caprinos (Rebaño mixto) (1), Suidos (50)",1325,0
6059,153939,16.830933,-91.242852,2025-03-19,Ocosingo,"Bovino macho de 15 dias de edad, con miasis en región umbilical.","Aves (1), Gatos (1), Bovinos (1114), Perros (73), Équidos (59), Caprinos (1), Ovinos (25), Ovinos y caprinos (Rebaño mixto) (1), Suidos (50)",1325,0
6059,153937,16.33979,-92.08189,2025-03-18,Comitán de Domínguez,"Bovino macho de 3 años de edad, con miasis en herida en región escrotal por castración.","Aves (1), Gatos (1), Bovinos (1114), Perros (73), Équidos (59), Caprinos (1), Ovinos (25), Ovinos y caprinos (Rebaño mixto) (1), Suidos (50)",1325,0
6059,153938,16.873463,-91.313827,2025-03-18,Ocosingo,"Bovino macho de 7 días de edad, con miasis en región umbilical.","Aves (1), Gatos (1), Bovinos (1114), Perros (73), Équidos (59), Caprinos (1), Ovinos (25), Ovinos y caprinos (Rebaño mixto) (1), Suidos (50)",1325,0
6059,153941,16.813865,-90.884387,2025-03-18,Ocosingo,"Canino macho de 2 años de edad, con miasis en cavidad oral.","Aves (1), Gatos (1), Bovinos (1114), Perros (73), Équidos (59), Caprinos (1), Ovinos (25), Ovinos y caprinos (Rebaño mixto) (1), Suidos (50)",1325,0
6059,153942,16.807731,-91.305989,2025-03-18,Ocosingo,"Bovino hembra de 8 días de edad, con miasis en región umbilical.","Aves (1), Gatos (1), Bovinos (1114), Perros (73), Équidos (59), Caprinos (1), Ovinos (25), Ovinos y caprinos (Rebaño mixto) (1), Suidos (50)",1325,0
6059,153943,16.799566,-91.266545,2025-03-18,Ocosingo,"Bovino macho de 10 dias de edad, con miasis en región umbilical","Aves (1), Gatos (1), Bovinos (1114), Perros (73), Équidos (59), Caprinos (1), Ovinos (25), Ovinos y caprinos (Rebaño mixto) (1), Suidos (50)",1325,0
6059,153944,16.791069,-90.892578,2025-03-18,Ocosingo,"Bovino macho de 3 dias de edad, con miasis en región umbilical.","Aves (1), Gatos (1), Bovinos (1114), Perros (73), Équidos (59), Caprinos (1), Ovinos (25), Ovinos y caprinos (Rebaño mixto) (1), Suidos (50)",1325,0
6059,153945,16.801644,-91.021576,2025-03-18,Ocosingo,"Bovino hembra de 8 días de edad, con miasis en herida en región de la nuca.","Aves (1), Gatos (1), Bovinos (1114), Perros (73), Équidos (59), Caprinos (1), Ovinos (25), Ovinos y caprinos (Rebaño mixto) (1), Suidos (50)",1325,0
6059,153946,17.106936,-91.547232,2025-03-18,Ocosingo,"Bovino hembra de 10 días de edad, con miasis en región umbilical.","Aves (1), Gatos (1), Bovinos (1114), Perros (73), Équidos (59), Caprinos (1), Ovinos (25), Ovinos y caprinos (Rebaño mixto) (1), Suidos (50)",1325,0
6059,153949,15.537,-93.0197,2025-03-18,Pijijiapan,"Bovino macho de 8 días de edad, con miasis en región umbilical.","Aves (1), Gatos (1), Bovinos (1114), Perros (73), Équidos (59), Caprinos (1), Ovinos (25), Ovinos y caprinos (Rebaño mixto) (1), Suidos (50)",1325,0
6059,153950,16.436255,-90.683447,2025-03-18,Ocosingo,"Equino macho de 1 mes de edad, con miasis en lesión en el cuello.","Aves (1), Gatos (1), Bovinos (1114), Perros (73), Équidos (59), Caprinos (1), Ovinos (25), Ovinos y caprinos (Rebaño mixto) (1), Suidos (50)",1325,0
6059,154052,16.76207,-91.47481,2025-03-18,Ocosingo,"Bovino hembra de 15 y 20 días de edad respectivamente, ambas con miasis en región umbilical. ","Aves (1), Gatos (1), Bovinos (1114), Perros (73), Équidos (59), Caprinos (1), Ovinos (25), Ovinos y caprinos (Rebaño mixto) (1), Suidos (50)",1325,0
6059,154054,15.41171,-92.711838,2025-03-18,Acacoyagua,Bovino hembra de 4 años con miasis en lesión en la cadera.,"Aves (1), Gatos (1), Bovinos (1114), Perros (73), Équidos (59), Caprinos (1), Ovinos (25), Ovinos y caprinos (Rebaño mixto) (1), Suidos (50)",1325,0
6059,154055,15.432247,-92.656068,2025-03-18,Acacoyagua,Bovino macho de 6 días de edad con miasis en región umbilical.,"Aves (1), Gatos (1), Bovinos (1114), Perros (73), Équidos (59), Caprinos (1), Ovinos (25), Ovinos y caprinos (Rebaño mixto) (1), Suidos (50)",1325,0
6059,153924,17.695382,-92.15284,2025-03-17,Palenque,"Bovino hembra de 8 dias de edad, con miasis en región umbilical.","Aves (1), Gatos (1), Bovinos (1114), Perros (73), Équidos (59), Caprinos (1), Ovinos (25), Ovinos y caprinos (Rebaño mixto) (1), Suidos (50)",1325,0
6059,153925,15.013971,-92.304365,2025-03-17,Tapachula,"Bovino hembra de 1 año de edad, con miasis en lesión en el pecho.","Aves (1), Gatos (1), Bovinos (1114), Perros (73), Équidos (59), Caprinos (1), Ovinos (25), Ovinos y caprinos (Rebaño mixto) (1), Suidos (50)",1325,0
6059,153926,17.744868,-92.100877,2025-03-17,Catazajá,"Bovino hembra de 8 dias de edad,  con miasis en región umbilical.","Aves (1), Gatos (1), Bovinos (1114), Perros (73), Équidos (59), Caprinos (1), Ovinos (25), Ovinos y caprinos (Rebaño mixto) (1), Suidos (50)",1325,0
6059,153927,16.819078,-91.253853,2025-03-17,Ocosingo,"Bovino hembra de 7 días de edad, con miasis en región umbilical.","Aves (1), Gatos (1), Bovinos (1114), Perros (73), Équidos (59), Caprinos (1), Ovinos (25), Ovinos y caprinos (Rebaño mixto) (1), Suidos (50)",1325,0
6059,153928,17.423865,-92.198873,2025-03-17,Salto de Agua,"Bovino hembra de 10 días de edad, con miasis en región umbilical.","Aves (1), Gatos (1), Bovinos (1114), Perros (73), Équidos (59), Caprinos (1), Ovinos (25), Ovinos y caprinos (Rebaño mixto) (1), Suidos (50)",1325,0
6059,153929,16.90234,-91.260328,2025-03-17,Ocosingo,"Bovino macho de 5 días de edad, con miasis en región umbilical.","Aves (1), Gatos (1), Bovinos (1114), Perros (73), Équidos (59), Caprinos (1), Ovinos (25), Ovinos y caprinos (Rebaño mixto) (1), Suidos (50)",1325,0
6059,153930,16.21577,-91.258027,2025-03-17,Las Margaritas,"Bovino macho de 2 meses de edad, con miasis en herida en región del corvejón.","Aves (1), Gatos (1), Bovinos (1114), Perros (73), Équidos (59), Caprinos (1), Ovinos (25), Ovinos y caprinos (Rebaño mixto) (1), Suidos (50)",1325,0
6059,153936,16.778499,-91.311952,2025-03-17,Ocosingo,"Bovino macho de 8 días de edad, con miasis en región umbilical.","Aves (1), Gatos (1), Bovinos (1114), Perros (73), Équidos (59), Caprinos (1), Ovinos (25), Ovinos y caprinos (Rebaño mixto) (1), Suidos (50)",1325,0
6059,153948,16.851462,-91.243663,2025-03-17,Ocosingo,"Bovino macho de 10 días de edad, con miasis en región umbilical.","Aves (1), Gatos (1), Bovinos (1114), Perros (73), Équidos (59), Caprinos (1), Ovinos (25), Ovinos y caprinos (Rebaño mixto) (1), Suidos (50)",1325,0
6059,154051,15.326055,-92.62803,2025-03-17,Escuintla,Bovino hembra de 3 años con miasis en lesión en oreja.,"Aves (1), Gatos (1), Bovinos (1114), Perros (73), Équidos (59), Caprinos (1), Ovinos (25), Ovinos y caprinos (Rebaño mixto) (1), Suidos (50)",1325,0
6059,154500,16.398452,-91.340786,2025-03-17,Ocosingo,Bovino de 11 días de edad con miasis en región umbilical.,"Aves (1), Gatos (1), Bovinos (1114), Perros (73), Équidos (59), Caprinos (1), Ovinos (25), Ovinos y caprinos (Rebaño mixto) (1), Suidos (50)",1325,0
6059,153947,17.542905,-92.193651,2025-03-17,Salto de Agua,"Bovino macho de 15 días de edad, con miasis en región umbilical.","Aves (1), Gatos (1), Bovinos (1114), Perros (73), Équidos (59), Caprinos (1), Ovinos (25), Ovinos y caprinos (Rebaño mixto) (1), Suidos (50)",1325,0
6059,153604,16.859142,-91.19759,2025-03-16,Ocosingo,"Bovino hembra de 10 días de edad, con miasis en región umbilical.","Aves (1), Gatos (1), Bovinos (1114), Perros (73), Équidos (59), Caprinos (1), Ovinos (25), Ovinos y caprinos (Rebaño mixto) (1), Suidos (50)",1325,0
6059,153605,16.276457,-90.466622,2025-03-16,Ocosingo,"Bovino hembra de 15 días de edad, con miasis en región umbilical.","Aves (1), Gatos (1), Bovinos (1114), Perros (73), Équidos (59), Caprinos (1), Ovinos (25), Ovinos y caprinos (Rebaño mixto) (1), Suidos (50)",1325,0
6059,153606,16.29957,-91.19001,2025-03-16,Ocosingo,"Bovino macho de 3 semanas de edad, con miasis en región umbilical.","Aves (1), Gatos (1), Bovinos (1114), Perros (73), Équidos (59), Caprinos (1), Ovinos (25), Ovinos y caprinos (Rebaño mixto) (1), Suidos (50)",1325,0
6059,153588,17.37323,-91.731312,2025-03-15,Palenque,Bovino macho de 8 días con miasis en región umbilical.,"Aves (1), Gatos (1), Bovinos (1114), Perros (73), Équidos (59), Caprinos (1), Ovinos (25), Ovinos y caprinos (Rebaño mixto) (1), Suidos (50)",1325,0
6059,153589,17.333428,-91.744843,2025-03-15,Palenque,Bovino macho de 8 días con miasis en región umbilical. ,"Aves (1), Gatos (1), Bovinos (1114), Perros (73), Équidos (59), Caprinos (1), Ovinos (25), Ovinos y caprinos (Rebaño mixto) (1), Suidos (50)",1325,0
6059,153590,17.434467,-92.187476,2025-03-15,Salto de Agua,"
Bovino hembra de 2 meses de edad, con miasis en región umbilical.","Aves (1), Gatos (1), Bovinos (1114), Perros (73), Équidos (59), Caprinos (1), Ovinos (25), Ovinos y caprinos (Rebaño mixto) (1), Suidos (50)",1325,0
6059,153591,16.808406,-90.896498,2025-03-15,Ocosingo,"Bovinos machos de 8 y 14 días de edad, respectivamente, ambos con miasis en región umbilical.","Aves (1), Gatos (1), Bovinos (1114), Perros (73), Équidos (59), Caprinos (1), Ovinos (25), Ovinos y caprinos (Rebaño mixto) (1), Suidos (50)",1325,0
6059,153592,16.246846,-90.798861,2025-03-15,Ocosingo,"Bovino hembra de 4 años de edad, con miasis en región de la vulva.","Aves (1), Gatos (1), Bovinos (1114), Perros (73), Équidos (59), Caprinos (1), Ovinos (25), Ovinos y caprinos (Rebaño mixto) (1), Suidos (50)",1325,0
6059,153593,16.288181,-90.636768,2025-03-15,Ocosingo,"Bovino hembra de 3 años de edad, con miasis en región de la vulva.","Aves (1), Gatos (1), Bovinos (1114), Perros (73), Équidos (59), Caprinos (1), Ovinos (25), Ovinos y caprinos (Rebaño mixto) (1), Suidos (50)",1325,0
6059,153594,16.290813,-90.628538,2025-03-15,Ocosingo,"Bovino macho de 8 días de edad, con miasis en región umbilical.","Aves (1), Gatos (1), Bovinos (1114), Perros (73), Équidos (59), Caprinos (1), Ovinos (25), Ovinos y caprinos (Rebaño mixto) (1), Suidos (50)",1325,0
6059,153596,16.936925,-91.377971,2025-03-15,Ocosingo,"Bovino macho de 10 dias de edad, con miasis en la región umbilical.","Aves (1), Gatos (1), Bovinos (1114), Perros (73), Équidos (59), Caprinos (1), Ovinos (25), Ovinos y caprinos (Rebaño mixto) (1), Suidos (50)",1325,0
6059,153597,16.764,-90.99485,2025-03-15,Ocosingo,"
Bovino hembra de 6 años de edad, con miasis en ubre.","Aves (1), Gatos (1), Bovinos (1114), Perros (73), Équidos (59), Caprinos (1), Ovinos (25), Ovinos y caprinos (Rebaño mixto) (1), Suidos (50)",1325,0
6059,153598,16.318789,-90.770027,2025-03-15,Ocosingo,"Bovino hembra de 4 años de edad, con miasis en región de la vulva.","Aves (1), Gatos (1), Bovinos (1114), Perros (73), Équidos (59), Caprinos (1), Ovinos (25), Ovinos y caprinos (Rebaño mixto) (1), Suidos (50)",1325,0
6059,153599,17.26593,-92.224145,2025-03-15,Tumbalá,"Bovino hembra de 8 días de edad, con miasis en región umbilical.","Aves (1), Gatos (1), Bovinos (1114), Perros (73), Équidos (59), Caprinos (1), Ovinos (25), Ovinos y caprinos (Rebaño mixto) (1), Suidos (50)",1325,0
6059,153603,16.430605,-90.590643,2025-03-15,Ocosingo,"Tres bovinos machos de 18 meses de edad, uno con miasis en miembro anterior izquierdo, otro con miasis en región digital interna de pezuña y el tercero con miasis en región superior de pezuña posterior derecha.","Aves (1), Gatos (1), Bovinos (1114), Perros (73), Équidos (59), Caprinos (1), Ovinos (25), Ovinos y caprinos (Rebaño mixto) (1), Suidos (50)",1325,0
6059,153923,17.527905,-92.104165,2025-03-15,Palenque,"Bovino macho de 8 dias de edad,  con miasis en región umbilical.","Aves (1), Gatos (1), Bovinos (1114), Perros (73), Équidos (59), Caprinos (1), Ovinos (25), Ovinos y caprinos (Rebaño mixto) (1), Suidos (50)",1325,0
6059,154048,16.89337,-91.99423,2025-03-15,Ocosingo,Bovino hembra de 6 días de edad con miasis en región umbilical.,"Aves (1), Gatos (1), Bovinos (1114), Perros (73), Équidos (59), Caprinos (1), Ovinos (25), Ovinos y caprinos (Rebaño mixto) (1), Suidos (50)",1325,0
6059,154050,15.344027,-92.596803,2025-03-15,Escuintla,Bovino hembra de 10 días de edad con miasis en región umbilical.,"Aves (1), Gatos (1), Bovinos (1114), Perros (73), Équidos (59), Caprinos (1), Ovinos (25), Ovinos y caprinos (Rebaño mixto) (1), Suidos (50)",1325,0
6059,154059,16.810995,-91.308716,2025-03-15,Ocosingo,Bovino hembra de 8 meses de edad con miasis en lesion en la tabla del cuello.,"Aves (1), Gatos (1), Bovinos (1114), Perros (73), Équidos (59), Caprinos (1), Ovinos (25), Ovinos y caprinos (Rebaño mixto) (1), Suidos (50)",1325,0
6059,154060,16.842582,-91.268193,2025-03-15,Ocosingo,Bovino de 8 días de edad con miasis en región umbilical.,"Aves (1), Gatos (1), Bovinos (1114), Perros (73), Équidos (59), Caprinos (1), Ovinos (25), Ovinos y caprinos (Rebaño mixto) (1), Suidos (50)",1325,0
6059,153586,17.35788,-91.471062,2025-03-14,Palenque,Bovino hembra de 8 meses con miasis en la parte superior del cuello.,"Aves (1), Gatos (1), Bovinos (1114), Perros (73), Équidos (59), Caprinos (1), Ovinos (25), Ovinos y caprinos (Rebaño mixto) (1), Suidos (50)",1325,0
6059,153600,16.298717,-90.644891,2025-03-14,Ocosingo,"Bovino macho de 15 días de edad, con miasis en región umbilical.","Aves (1), Gatos (1), Bovinos (1114), Perros (73), Équidos (59), Caprinos (1), Ovinos (25), Ovinos y caprinos (Rebaño mixto) (1), Suidos (50)",1325,0
6059,153601,16.323375,-90.82159,2025-03-14,Ocosingo,"Bovino hembra de 4 años de edad, con miasis en región de la vulva.","Aves (1), Gatos (1), Bovinos (1114), Perros (73), Équidos (59), Caprinos (1), Ovinos (25), Ovinos y caprinos (Rebaño mixto) (1), Suidos (50)",1325,0
6059,153602,16.278241,-90.453873,2025-03-14,Ocosingo,"Bovino macho de 2 meses de edad, con miasis en región umbilical.","Aves (1), Gatos (1), Bovinos (1114), Perros (73), Équidos (59), Caprinos (1), Ovinos (25), Ovinos y caprinos (Rebaño mixto) (1), Suidos (50)",1325,0
6059,153932,16.372962,-90.682067,2025-03-14,Ocosingo,"Bovino hembra de 4 años de edad, con miasis en herida en pezuña de miembro posterior derecho.","Aves (1), Gatos (1), Bovinos (1114), Perros (73), Équidos (59), Caprinos (1), Ovinos (25), Ovinos y caprinos (Rebaño mixto) (1), Suidos (50)",1325,0
6059,153933,16.782819,-91.278027,2025-03-14,Ocosingo,"Bovino macho de 10 dias de edad, con miasis en la región umbilical.","Aves (1), Gatos (1), Bovinos (1114), Perros (73), Équidos (59), Caprinos (1), Ovinos (25), Ovinos y caprinos (Rebaño mixto) (1), Suidos (50)",1325,0
6059,153934,16.368999,-90.692309,2025-03-14,Ocosingo,"Bovino macho de 15 días de edad, con miasis en región umbilical.","Aves (1), Gatos (1), Bovinos (1114), Perros (73), Équidos (59), Caprinos (1), Ovinos (25), Ovinos y caprinos (Rebaño mixto) (1), Suidos (50)",1325,0
6059,153935,16.404731,-90.676368,2025-03-14,Ocosingo,"Bovino hembra de 5 dias de edad, con miasis en la región umbilical.","Aves (1), Gatos (1), Bovinos (1114), Perros (73), Équidos (59), Caprinos (1), Ovinos (25), Ovinos y caprinos (Rebaño mixto) (1), Suidos (50)",1325,0
6059,153363,16.167142,-90.843124,2025-03-13,Ocosingo,,"Aves (1), Gatos (1), Bovinos (1114), Perros (73), Équidos (59), Caprinos (1), Ovinos (25), Ovinos y caprinos (Rebaño mixto) (1), Suidos (50)",1325,0
6059,153362,16.159063,-90.862607,2025-03-13,Ocosingo,"Bovino hembra de 9 años de edad, con miasis en región vulvar.","Aves (1), Gatos (1), Bovinos (1114), Perros (73), Équidos (59), Caprinos (1), Ovinos (25), Ovinos y caprinos (Rebaño mixto) (1), Suidos (50)",1325,0
6059,153361,16.080925,-91.184448,2025-03-13,Las Margaritas,"Bovino hembra de 4 meses de edad, con miasis en oreja izquierda.","Aves (1), Gatos (1), Bovinos (1114), Perros (73), Équidos (59), Caprinos (1), Ovinos (25), Ovinos y caprinos (Rebaño mixto) (1), Suidos (50)",1325,0
6059,153360,17.279529,-92.151622,2025-03-13,Tumbalá,"2 bovinos machos de 7  y 5 dias de edad, con miasis en herida en región umbilical.","Aves (1), Gatos (1), Bovinos (1114), Perros (73), Équidos (59), Caprinos (1), Ovinos (25), Ovinos y caprinos (Rebaño mixto) (1), Suidos (50)",1325,0
6059,153358,17.102823,-91.506473,2025-03-13,Ocosingo,"Bovino hembra de 8 días de edad, con miasis en región umbilical.","Aves (1), Gatos (1), Bovinos (1114), Perros (73), Équidos (59), Caprinos (1), Ovinos (25), Ovinos y caprinos (Rebaño mixto) (1), Suidos (50)",1325,0
6059,153356,16.423162,-90.607785,2025-03-13,Ocosingo,"Bovino hembra de 3 años de edad, con miasis en región costal derecha, área del ileón.","Aves (1), Gatos (1), Bovinos (1114), Perros (73), Équidos (59), Caprinos (1), Ovinos (25), Ovinos y caprinos (Rebaño mixto) (1), Suidos (50)",1325,0
6059,153585,15.452362,-92.740116,2025-03-13,Mapastepec,Bovino hembra de 10 días de edad con miasis en region umbilical.,"Aves (1), Gatos (1), Bovinos (1114), Perros (73), Équidos (59), Caprinos (1), Ovinos (25), Ovinos y caprinos (Rebaño mixto) (1), Suidos (50)",1325,0
6059,153587,17.542396,-92.20428,2025-03-13,Salto de Agua,Bovino macho de 3 días de edad con miasis en región umbilical.,"Aves (1), Gatos (1), Bovinos (1114), Perros (73), Équidos (59), Caprinos (1), Ovinos (25), Ovinos y caprinos (Rebaño mixto) (1), Suidos (50)",1325,0
6059,153595,16.287388,-90.632996,2025-03-13,Ocosingo,"Bovino de 8 meses de edad, con miasis en oreja izquierda.","Aves (1), Gatos (1), Bovinos (1114), Perros (73), Équidos (59), Caprinos (1), Ovinos (25), Ovinos y caprinos (Rebaño mixto) (1), Suidos (50)",1325,0
6059,154047,15.1734,-92.4863,2025-03-13,Huixtla,Bovino hembra de 10 meses en papiloma en escapula izquierda,"Aves (1), Gatos (1), Bovinos (1114), Perros (73), Équidos (59), Caprinos (1), Ovinos (25), Ovinos y caprinos (Rebaño mixto) (1), Suidos (50)",1325,0
6059,154049,15.408201,-92.715892,2025-03-13,Acacoyagua,Bovina hembra de 12 meses con lesión al costado.,"Aves (1), Gatos (1), Bovinos (1114), Perros (73), Équidos (59), Caprinos (1), Ovinos (25), Ovinos y caprinos (Rebaño mixto) (1), Suidos (50)",1325,0
6059,153241,16.229329,-90.52056,2025-03-12,Ocosingo,"Bovino macho de 3 días de edad, con miasis en herida en región umbilical.","Aves (1), Gatos (1), Bovinos (1114), Perros (73), Équidos (59), Caprinos (1), Ovinos (25), Ovinos y caprinos (Rebaño mixto) (1), Suidos (50)",1325,0
6059,153242,16.338953,-90.763119,2025-03-12,Ocosingo,"Bovino hembra de 5 años de edad, con miasis en herida en oreja.","Aves (1), Gatos (1), Bovinos (1114), Perros (73), Équidos (59), Caprinos (1), Ovinos (25), Ovinos y caprinos (Rebaño mixto) (1), Suidos (50)",1325,0
6059,153244,15.467451,-92.949646,2025-03-12,Mapastepec,"Bovino hembra de 5 años de edad, con miasis en herida en ubre, cuarto posterior izquierdo.","Aves (1), Gatos (1), Bovinos (1114), Perros (73), Équidos (59), Caprinos (1), Ovinos (25), Ovinos y caprinos (Rebaño mixto) (1), Suidos (50)",1325,0
6059,153245,16.28598,-91.2237,2025-03-12,Las Margaritas,"Bovino macho de 2 semanas de edad, con miasis en región umbilical.","Aves (1), Gatos (1), Bovinos (1114), Perros (73), Équidos (59), Caprinos (1), Ovinos (25), Ovinos y caprinos (Rebaño mixto) (1), Suidos (50)",1325,0
6059,153247,15.412957,-92.693988,2025-03-12,Acacoyagua,"Bovino hembra de 3 años de edad, con miasis en región costal derecha, área del ileón.","Aves (1), Gatos (1), Bovinos (1114), Perros (73), Équidos (59), Caprinos (1), Ovinos (25), Ovinos y caprinos (Rebaño mixto) (1), Suidos (50)",1325,0
6059,153359,17.44164,-92.31438,2025-03-12,Salto de Agua,"Bovino macho de 2 meses de edad, con miasis en región umbilical.","Aves (1), Gatos (1), Bovinos (1114), Perros (73), Équidos (59), Caprinos (1), Ovinos (25), Ovinos y caprinos (Rebaño mixto) (1), Suidos (50)",1325,0
6059,153357,17.42678,-92.1935,2025-03-12,Salto de Agua,"Bovino macho de 1 mes de edad, con miasis en región umbilical.","Aves (1), Gatos (1), Bovinos (1114), Perros (73), Équidos (59), Caprinos (1), Ovinos (25), Ovinos y caprinos (Rebaño mixto) (1), Suidos (50)",1325,0
6059,154064,15.484056,-92.855102,2025-03-12,Mapastepec,Bovino hembra de 7 años con miasis en lesion en cuerno.,"Aves (1), Gatos (1), Bovinos (1114), Perros (73), Équidos (59), Caprinos (1), Ovinos (25), Ovinos y caprinos (Rebaño mixto) (1), Suidos (50)",1325,0
6059,153230,16.146088,-90.849128,2025-03-11,Ocosingo,"Bovino hembra de 7 dias de edad, con miasis en región umbilical.","Aves (1), Gatos (1), Bovinos (1114), Perros (73), Équidos (59), Caprinos (1), Ovinos (25), Ovinos y caprinos (Rebaño mixto) (1), Suidos (50)",1325,0
6059,153232,17.268733,-92.161341,2025-03-11,Tumbalá,"Bovino hembra de 3 años de edad, con miasis en región vulvar.","Aves (1), Gatos (1), Bovinos (1114), Perros (73), Équidos (59), Caprinos (1), Ovinos (25), Ovinos y caprinos (Rebaño mixto) (1), Suidos (50)",1325,0
6059,153233,15.479489,-92.842155,2025-03-11,Mapastepec,"Bovino hembra de 5 años de edad, con miasis en lesión por descorne.","Aves (1), Gatos (1), Bovinos (1114), Perros (73), Équidos (59), Caprinos (1), Ovinos (25), Ovinos y caprinos (Rebaño mixto) (1), Suidos (50)",1325,0
6059,153236,16.810104,-90.895344,2025-03-11,Ocosingo,"Bovino hembra de 9 días de edad, con miasis en región umbilical.","Aves (1), Gatos (1), Bovinos (1114), Perros (73), Équidos (59), Caprinos (1), Ovinos (25), Ovinos y caprinos (Rebaño mixto) (1), Suidos (50)",1325,0
6059,153237,17.64322,-92.027962,2025-03-11,Palenque,"Bovino macho de 10 días de edad, con miasis en región umbilical.","Aves (1), Gatos (1), Bovinos (1114), Perros (73), Équidos (59), Caprinos (1), Ovinos (25), Ovinos y caprinos (Rebaño mixto) (1), Suidos (50)",1325,0
6059,153238,15.359765,-92.680452,2025-03-11,Acacoyagua,"2 bovinos de 10 días de edad ambos, hembra y macho, uno con miasis en región del brazo y otro en oreja.","Aves (1), Gatos (1), Bovinos (1114), Perros (73), Équidos (59), Caprinos (1), Ovinos (25), Ovinos y caprinos (Rebaño mixto) (1), Suidos (50)",1325,0
6059,153240,15.349833,-92.631376,2025-03-11,Escuintla,"Bovino hembra de 9 días de edad, con miasis en región umbilical.","Aves (1), Gatos (1), Bovinos (1114), Perros (73), Équidos (59), Caprinos (1), Ovinos (25), Ovinos y caprinos (Rebaño mixto) (1), Suidos (50)",1325,0
6059,154045,16.77936,-91.77872,2025-03-11,Ocosingo,Bovino de 15 días de edad cpm miasis en región umbilical.,"Aves (1), Gatos (1), Bovinos (1114), Perros (73), Équidos (59), Caprinos (1), Ovinos (25), Ovinos y caprinos (Rebaño mixto) (1), Suidos (50)",1325,0
6059,153205,16.442872,-90.600231,2025-03-10,Ocosingo,Ovino  hembra de 3 años de edad con miasis en oreja derecha.,"Aves (1), Gatos (1), Bovinos (1114), Perros (73), Équidos (59), Caprinos (1), Ovinos (25), Ovinos y caprinos (Rebaño mixto) (1), Suidos (50)",1325,0
6059,153221,16.810028,-90.891575,2025-03-10,Ocosingo,"Bovino macho de 2 días de edad, con miasis en región umbilical.","Aves (1), Gatos (1), Bovinos (1114), Perros (73), Équidos (59), Caprinos (1), Ovinos (25), Ovinos y caprinos (Rebaño mixto) (1), Suidos (50)",1325,0
6059,153223,16.839433,-91.21371,2025-03-10,Ocosingo,"Bovino macho de 10 dias de edad, con miasis en la región umbilical.","Aves (1), Gatos (1), Bovinos (1114), Perros (73), Équidos (59), Caprinos (1), Ovinos (25), Ovinos y caprinos (Rebaño mixto) (1), Suidos (50)",1325,0
6059,153224,16.891975,-91.206218,2025-03-10,Ocosingo,"Bovino hembra de 10 dias de edad, con miasis en la región umbilical.","Aves (1), Gatos (1), Bovinos (1114), Perros (73), Équidos (59), Caprinos (1), Ovinos (25), Ovinos y caprinos (Rebaño mixto) (1), Suidos (50)",1325,0
6059,153225,15.3795,-92.7856,2025-03-10,Acapetahua,"Equino macho de 4 años de edad, con miasis en herida en región del pecho.","Aves (1), Gatos (1), Bovinos (1114), Perros (73), Équidos (59), Caprinos (1), Ovinos (25), Ovinos y caprinos (Rebaño mixto) (1), Suidos (50)",1325,0
6059,153226,15.448887,-92.814682,2025-03-10,Mapastepec,"Bovino hembra de 15 días de edad, con miasis en región umbilical.","Aves (1), Gatos (1), Bovinos (1114), Perros (73), Équidos (59), Caprinos (1), Ovinos (25), Ovinos y caprinos (Rebaño mixto) (1), Suidos (50)",1325,0
6059,153222,16.799331,-91.296487,2025-03-10,Ocosingo,"Bovino hembra de 5 días de edad, con miasis en región umbilical.","Aves (1), Gatos (1), Bovinos (1114), Perros (73), Équidos (59), Caprinos (1), Ovinos (25), Ovinos y caprinos (Rebaño mixto) (1), Suidos (50)",1325,0
6059,153234,17.098378,-91.525773,2025-03-10,Ocosingo,"Bovino hembra de 8 días de edad, con miasis en región umbilical.","Aves (1), Gatos (1), Bovinos (1114), Perros (73), Équidos (59), Caprinos (1), Ovinos (25), Ovinos y caprinos (Rebaño mixto) (1), Suidos (50)",1325,0
6059,153235,16.898113,-91.377431,2025-03-10,Ocosingo,"Bovino macho de 15 meses de edad, con miasis en herida en región de la jiba.","Aves (1), Gatos (1), Bovinos (1114), Perros (73), Équidos (59), Caprinos (1), Ovinos (25), Ovinos y caprinos (Rebaño mixto) (1), Suidos (50)",1325,0
6059,153096,16.44915,-90.729916,2025-03-09,Ocosingo,"Dos bovinos de 20 días de edad, con presencia de miasis en region umbiical.","Aves (1), Gatos (1), Bovinos (1114), Perros (73), Équidos (59), Caprinos (1), Ovinos (25), Ovinos y caprinos (Rebaño mixto) (1), Suidos (50)",1325,0
6059,153099,16.444613,-90.608605,2025-03-09,Ocosingo,Bovino hembra de 3 días de edad con presencia de miasis en region umbilical.,"Aves (1), Gatos (1), Bovinos (1114), Perros (73), Équidos (59), Caprinos (1), Ovinos (25), Ovinos y caprinos (Rebaño mixto) (1), Suidos (50)",1325,0
6059,153100,16.938952,-91.101922,2025-03-09,Ocosingo,"Bovino  macho de 5 días de edad, con presencia de miasis en región umbilical.","Aves (1), Gatos (1), Bovinos (1114), Perros (73), Équidos (59), Caprinos (1), Ovinos (25), Ovinos y caprinos (Rebaño mixto) (1), Suidos (50)",1325,0
6059,153101,16.830165,-91.351543,2025-03-09,Ocosingo,"Bovino macho de 8 días de edad, con presencia de miasis en región umbiical.","Aves (1), Gatos (1), Bovinos (1114), Perros (73), Équidos (59), Caprinos (1), Ovinos (25), Ovinos y caprinos (Rebaño mixto) (1), Suidos (50)",1325,0
6059,153231,17.425855,-92.197812,2025-03-09,Salto de Agua,"Bovino hembra de 8 dias de edad, con miasis en región umbilical.","Aves (1), Gatos (1), Bovinos (1114), Perros (73), Équidos (59), Caprinos (1), Ovinos (25), Ovinos y caprinos (Rebaño mixto) (1), Suidos (50)",1325,0
6059,153227,17.295443,-92.16287,2025-03-08,Tumbalá,"Bovino macho de 7 días de edad, con miasis en región umbilical.","Aves (1), Gatos (1), Bovinos (1114), Perros (73), Équidos (59), Caprinos (1), Ovinos (25), Ovinos y caprinos (Rebaño mixto) (1), Suidos (50)",1325,0
6059,153204,17.53361,-92.182665,2025-03-06,Salto de Agua,"Bovino hembra de 15 días de edad, con miasis en región umbilical.","Aves (1), Gatos (1), Bovinos (1114), Perros (73), Équidos (59), Caprinos (1), Ovinos (25), Ovinos y caprinos (Rebaño mixto) (1), Suidos (50)",1325,0
6059,153931,16.201729,-90.831602,2025-03-05,Ocosingo,"Bovino macho de 10 dias de edad, con miasis en la región umbilical.","Aves (1), Gatos (1), Bovinos (1114), Perros (73), Équidos (59), Caprinos (1), Ovinos (25), Ovinos y caprinos (Rebaño mixto) (1), Suidos (50)",1325,0
6059,152822,16.109382,-90.99485,2025-03-05,Ocosingo,"Bovino de 6 días de edad, con presencia de miasis en la región umbilical. Las larvas se colectaron para el diagnóstico, resultando positivas a C. hominivorax por identificación taxonómica.","Aves (1), Gatos (1), Bovinos (1114), Perros (73), Équidos (59), Caprinos (1), Ovinos (25), Ovinos y caprinos (Rebaño mixto) (1), Suidos (50)",1325,0
6059,152826,15.612336,-93.020828,2025-03-06,Pijijiapan,"Bovino de 8 días de edad, con presencia de miasis en la región umbilical. Las larvas se colectaron para el diagnóstico, resultando positivas a C. hominivorax por identificación taxonómica.","Aves (1), Gatos (1), Bovinos (1114), Perros (73), Équidos (59), Caprinos (1), Ovinos (25), Ovinos y caprinos (Rebaño mixto) (1), Suidos (50)",1325,0
6059,153104,17.678279,-92.026315,2025-03-05,Catazajá,"Bovino macho de 15 días de edad, con miasis en herida en región de la cara sobre los ollares.","Aves (1), Gatos (1), Bovinos (1114), Perros (73), Équidos (59), Caprinos (1), Ovinos (25), Ovinos y caprinos (Rebaño mixto) (1), Suidos (50)",1325,0
6059,153103,16.0883,-90.4418,2025-03-01,Ocosingo,"Bovino hembra de 10 días de edad, con miasis en región umbilical.","Aves (1), Gatos (1), Bovinos (1114), Perros (73), Équidos (59), Caprinos (1), Ovinos (25), Ovinos y caprinos (Rebaño mixto) (1), Suidos (50)",1325,0
6059,153229,16.106056,-90.472406,2025-03-01,Ocosingo,"Bovino macho de 8 días de edad, con miasis en región umbilical.","Aves (1), Gatos (1), Bovinos (1114), Perros (73), Équidos (59), Caprinos (1), Ovinos (25), Ovinos y caprinos (Rebaño mixto) (1), Suidos (50)",1325,0
6059,153228,17.566418,-92.050372,2025-02-28,Palenque,"Bovino hembra de 10 años de edad, con miasis en cuerno derecho.","Aves (1), Gatos (1), Bovinos (1114), Perros (73), Équidos (59), Caprinos (1), Ovinos (25), Ovinos y caprinos (Rebaño mixto) (1), Suidos (50)",1325,0
6059,152801,16.426243,-90.699662,2025-02-28,Ocosingo,"Ovino hembra de 6 meses de edad, con miasis en espacio interdigital de pezuña del miembro posterior izquierdo. Las larvas se colectaron para el diagnóstico, resultando positivas a C. hominivorax por identificación taxonómica.
","Aves (1), Gatos (1), Bovinos (1114), Perros (73), Équidos (59), Caprinos (1), Ovinos (25), Ovinos y caprinos (Rebaño mixto) (1), Suidos (50)",1325,0
6059,153102,16.086736,-90.491285,2025-02-28,Ocosingo,"Bovino macho de 8 días de edad, con miasis en región umbilical.","Aves (1), Gatos (1), Bovinos (1114), Perros (73), Équidos (59), Caprinos (1), Ovinos (25), Ovinos y caprinos (Rebaño mixto) (1), Suidos (50)",1325,0
6059,152302,15.369959,-92.656343,2025-02-27,Acacoyagua,"Bovino hembra de 9 años de edad, con presencia de miasis en herida en región de la cadera. Las larvas se colectaron para el diagnóstico, resultando positivas a C. hominivorax por identificación taxonómica.","Aves (1), Gatos (1), Bovinos (1114), Perros (73), Équidos (59), Caprinos (1), Ovinos (25), Ovinos y caprinos (Rebaño mixto) (1), Suidos (50)",1325,0
6059,152303,16.28199,-90.653908,2025-02-27,Ocosingo,"Ovino macho de 5 días de edad, con presencia de miasis en la región umbilical. Las larvas se colectaron para el diagnóstico, resultando positivas a C. hominivorax por identificación taxonómica.","Aves (1), Gatos (1), Bovinos (1114), Perros (73), Équidos (59), Caprinos (1), Ovinos (25), Ovinos y caprinos (Rebaño mixto) (1), Suidos (50)",1325,0
6059,152911,15.364492,-92.678292,2025-03-09,Acacoyagua,"Bovino macho de 6 días de edad, con presencia de miasis en la region umbilical. Las larvas se colectaron para el diagnóstico, resultando positivas a C. hominivorax por identificación taxonómica.","Aves (1), Gatos (1), Bovinos (1114), Perros (73), Équidos (59), Caprinos (1), Ovinos (25), Ovinos y caprinos (Rebaño mixto) (1), Suidos (50)",1325,0
6059,152910,17.542102,-92.196718,2025-03-07,Salto de Agua,"Bovino macho de 1 año de edad, con presencia de miasis en herida de región del hombro derecho. Las larvas se colectaron para el diagnóstico, resultando positivas a C. hominivorax por identificación taxonómica.","Aves (1), Gatos (1), Bovinos (1114), Perros (73), Équidos (59), Caprinos (1), Ovinos (25), Ovinos y caprinos (Rebaño mixto) (1), Suidos (50)",1325,0
6059,152907,16.9213,-91.62271,2025-03-07,Ocosingo,"Bovino hembra de 7 años de edad, con presencia de miasis en región vulvar. Las larvas se colectaron para el diagnóstico, resultando positivas a C. hominivorax por identificación taxonómica.","Aves (1), Gatos (1), Bovinos (1114), Perros (73), Équidos (59), Caprinos (1), Ovinos (25), Ovinos y caprinos (Rebaño mixto) (1), Suidos (50)",1325,0
6059,152909,16.728478,-90.962418,2025-03-08,Ocosingo,"Bovino macho de 2 años de edad, con presencia de miasis en la región ventral. Las larvas se colectaron para el diagnóstico, resultando positivas a C. hominivorax por identificación taxonómica.","Aves (1), Gatos (1), Bovinos (1114), Perros (73), Équidos (59), Caprinos (1), Ovinos (25), Ovinos y caprinos (Rebaño mixto) (1), Suidos (50)",1325,0
6059,152908,16.326203,-90.570078,2025-03-08,Ocosingo,"Bovino macho de 7 meses de edad, con presencia de miasis en la oreja. Las larvas se colectaron para el diagnóstico, resultando positivas a C. hominivorax por identificación taxonómica.","Aves (1), Gatos (1), Bovinos (1114), Perros (73), Équidos (59), Caprinos (1), Ovinos (25), Ovinos y caprinos (Rebaño mixto) (1), Suidos (50)",1325,0
6059,151308,16.09936,-91.226686,2025-02-18,Las Margaritas,"Bovino macho de 12 días de edad, con presencia de miasis en la región umbilical. Las larvas se colectaron para el diagnóstico, resultando positivas a C. hominivorax por identificación taxonómica.

Nota del 03/03/2025: Las coordenadas geográficas del brote se modificaron después de que el país facilitara información adicional.

Nota 06/05/2025: el número de animales susceptibles se redujo a 40 después de que el país proporcionara información adicional.","Aves (1), Gatos (1), Bovinos (1114), Perros (73), Équidos (59), Caprinos (1), Ovinos (25), Ovinos y caprinos (Rebaño mixto) (1), Suidos (50)",1325,0
6059,151968,17.70787,-92.01625,2025-02-24,Catazajá,"Lote de 65 bovinos, donde se detectaron dos animales machos de 2 años de edad, con presencia de miasis en la oreja derecha. Las larvas se colectaron para el diagnóstico, resultando positivas a C. hominivorax por identificación taxonómica.

Nota 06/05/2025: la unidad epidemiológica de este brote se cambió de 'explotación' a 'otro' después que el país facilitara información adicional.","Aves (1), Gatos (1), Bovinos (1114), Perros (73), Équidos (59), Caprinos (1), Ovinos (25), Ovinos y caprinos (Rebaño mixto) (1), Suidos (50)",1325,0
6059,152906,16.831557,-91.244816,2025-03-07,Ocosingo,"Bovino macho de 5 días de edad, con presencia de miasis en la región umbilical. Las larvas se colectaron para el diagnóstico, resultando positivas a C. hominivorax por identificación taxonómica.","Aves (1), Gatos (1), Bovinos (1114), Perros (73), Équidos (59), Caprinos (1), Ovinos (25), Ovinos y caprinos (Rebaño mixto) (1), Suidos (50)",1325,0
6059,152905,16.28143,-90.460738,2025-03-07,Ocosingo,"Bovino de 9 días de edad, con presencia de miasis en lesión por aretado en la cara externa de la oreja derecha. Las larvas se colectaron para el diagnóstico, resultando positivas a C. hominivorax por identificación taxonómica.","Aves (1), Gatos (1), Bovinos (1114), Perros (73), Équidos (59), Caprinos (1), Ovinos (25), Ovinos y caprinos (Rebaño mixto) (1), Suidos (50)",1325,0
6059,152825,16.347267,-90.560237,2025-03-06,Ocosingo,"Bovino de 4 años de edad, con presencia de miasis en la vulva. Las larvas se colectaron para el diagnóstico, resultando positivas a C. hominivorax por identificación taxonómica.","Aves (1), Gatos (1), Bovinos (1114), Perros (73), Équidos (59), Caprinos (1), Ovinos (25), Ovinos y caprinos (Rebaño mixto) (1), Suidos (50)",1325,0
6059,152824,17.70787,-92.01625,2025-03-06,Catazajá,"Lote de 74 bovinos para abasto en movilización, donde se identificó un animal macho de 7 días de edad con miasis en región umbilical, en un punto de verificación e inspección federal (PVIF). Las larvas se colectaron para diagnóstico, resultando positivas a C. hominivorax por identificación taxonómica.","Aves (1), Gatos (1), Bovinos (1114), Perros (73), Équidos (59), Caprinos (1), Ovinos (25), Ovinos y caprinos (Rebaño mixto) (1), Suidos (50)",1325,0
6059,152823,16.764,-90.99485,2025-03-05,Ocosingo,"Bovino de 15 días de edad, con presencia de miasis en la región umbilical. Las larvas se colectaron para el diagnóstico, resultando positivas a C. hominivorax por identificación taxonómica.","Aves (1), Gatos (1), Bovinos (1114), Perros (73), Équidos (59), Caprinos (1), Ovinos (25), Ovinos y caprinos (Rebaño mixto) (1), Suidos (50)",1325,0
6059,152821,17.260183,-91.553598,2025-03-04,Palenque,"Dos bovinos machos de 6 y 10 días de edad respectivamente, ambos con presencia de miasis en región umbilical. Las larvas se colectaron para el diagnóstico, resultando positivas a C. hominivorax por identificación taxonómica.","Aves (1), Gatos (1), Bovinos (1114), Perros (73), Équidos (59), Caprinos (1), Ovinos (25), Ovinos y caprinos (Rebaño mixto) (1), Suidos (50)",1325,0
6059,152819,17.115547,-91.523362,2025-03-04,Ocosingo,"Bovino de 8 días de edad, con presencia de miasis en la región umbiical. Las larvas se colectaron para el diagnóstico, resultando positivas a C. hominivorax por identificación taxonómica.","Aves (1), Gatos (1), Bovinos (1114), Perros (73), Équidos (59), Caprinos (1), Ovinos (25), Ovinos y caprinos (Rebaño mixto) (1), Suidos (50)",1325,0
6059,152818,17.67583,-92.218515,2025-03-04,Palenque,"Bovino de 3 días de edad, con presencia de miasis en la región umbilical. Las larvas se colectaron para el diagnóstico, resultando positivas a C. hominivorax por identificación taxonómica.","Aves (1), Gatos (1), Bovinos (1114), Perros (73), Équidos (59), Caprinos (1), Ovinos (25), Ovinos y caprinos (Rebaño mixto) (1), Suidos (50)",1325,0
6059,152817,16.325297,-90.755974,2025-03-04,Ocosingo,"Bovino de 5 años de edad, con presencia de miasis en lesión en la urbe. Las larvas se colectaron para el diagnóstico, resultando positivas a C. hominivorax por identificación taxonómica.","Aves (1), Gatos (1), Bovinos (1114), Perros (73), Équidos (59), Caprinos (1), Ovinos (25), Ovinos y caprinos (Rebaño mixto) (1), Suidos (50)",1325,0
6059,152816,16.332313,-90.721195,2025-03-04,Ocosingo,"Bovino de 45 días de edad, con presencia de miasis cerca del codo. Las larvas se colectaron para el diagnóstico, resultando positivas a C. hominivorax por identificación taxonómica.","Aves (1), Gatos (1), Bovinos (1114), Perros (73), Équidos (59), Caprinos (1), Ovinos (25), Ovinos y caprinos (Rebaño mixto) (1), Suidos (50)",1325,0
6059,152815,16.280285,-90.640535,2025-03-03,Ocosingo,"Bovino de 2 meses de edad, con presencia de miasis en herida en miembro anterior izquierdo en la región antebraquial. Las larvas se colectaron para el diagnóstico, resultando positivas a C. hominivorax por identificación taxonómica.","Aves (1), Gatos (1), Bovinos (1114), Perros (73), Équidos (59), Caprinos (1), Ovinos (25), Ovinos y caprinos (Rebaño mixto) (1), Suidos (50)",1325,0
6059,152814,16.318493,-90.770182,2025-03-03,Ocosingo,"Bovino de 8 días de edad, con presencia de miasis en región umbilical. Las larvas se colectaron para el diagnóstico, resultando positivas a C. hominivorax por identificación taxonómica.","Aves (1), Gatos (1), Bovinos (1114), Perros (73), Équidos (59), Caprinos (1), Ovinos (25), Ovinos y caprinos (Rebaño mixto) (1), Suidos (50)",1325,0
6059,152813,16.44915,-90.729916,2025-03-03,Ocosingo,"Bovino macho de 15 días de edad, con miasis en región umbilical. Las larvas se colectaron para el diagnóstico, resultando positivas a C. hominivorax por identificación taxonómica.
","Aves (1), Gatos (1), Bovinos (1114), Perros (73), Équidos (59), Caprinos (1), Ovinos (25), Ovinos y caprinos (Rebaño mixto) (1), Suidos (50)",1325,0
6059,152812,16.323432,-90.523975,2025-03-03,Ocosingo,"Dos bovinos machos de 7 meses y 2 años de edad respectivamente, ambos con miasis en región ventral. Las larvas se colectaron para el diagnóstico, resultando positivas a C. hominivorax por identificación taxonómica.","Aves (1), Gatos (1), Bovinos (1114), Perros (73), Équidos (59), Caprinos (1), Ovinos (25), Ovinos y caprinos (Rebaño mixto) (1), Suidos (50)",1325,0
6059,152810,16.813383,-91.282831,2025-03-03,Ocosingo,"Bovino macho de 4 meses de edad, con miasis en cabeza por descorne. Las larvas se colectaron para el diagnóstico, resultando positivas a C. hominivorax por identificación taxonómica.","Aves (1), Gatos (1), Bovinos (1114), Perros (73), Équidos (59), Caprinos (1), Ovinos (25), Ovinos y caprinos (Rebaño mixto) (1), Suidos (50)",1325,0
6059,152809,16.858701,-91.213178,2025-03-03,Ocosingo,"Bovino  macho de 15 días de edad con miasis en región umbilical. Las larvas se colectaron para el diagnóstico, resultando positivas a C. hominivorax por identificación taxonómica.","Aves (1), Gatos (1), Bovinos (1114), Perros (73), Équidos (59), Caprinos (1), Ovinos (25), Ovinos y caprinos (Rebaño mixto) (1), Suidos (50)",1325,0
6059,152808,17.115547,-91.523362,2025-03-02,Ocosingo,"Bovino hembra de 8 días de edad, con miasis en región umbilical. Las larvas se colectaron para el diagnóstico, resultando positivas a C. hominivorax por identificación taxonómica.
","Aves (1), Gatos (1), Bovinos (1114), Perros (73), Équidos (59), Caprinos (1), Ovinos (25), Ovinos y caprinos (Rebaño mixto) (1), Suidos (50)",1325,0
6059,152807,16.141368,-90.860468,2025-03-01,Ocosingo,"Bovino macho de 6 días de edad, con miasis en región umbilical Las larvas se colectaron para el diagnóstico, resultando positivas a C. hominivorax por identificación taxonómica.","Aves (1), Gatos (1), Bovinos (1114), Perros (73), Équidos (59), Caprinos (1), Ovinos (25), Ovinos y caprinos (Rebaño mixto) (1), Suidos (50)",1325,0
6059,152806,16.142877,-90.859157,2025-03-01,Ocosingo,"Bovino hembra de 9 días de edad, con miasis en región umbilical. Las larvas se colectaron para el diagnóstico, resultando positivas a C. hominivorax por identificación taxonómica.","Aves (1), Gatos (1), Bovinos (1114), Perros (73), Équidos (59), Caprinos (1), Ovinos (25), Ovinos y caprinos (Rebaño mixto) (1), Suidos (50)",1325,0
6059,152805,16.123655,-90.874902,2025-03-01,Ocosingo,"Bovino macho de 10 días de edad, con miasis en región umbilical y en herida en pezuña izquierda. Las larvas se colectaron para el diagnóstico, resultando positivas a C. hominivorax por identificación taxonómica.","Aves (1), Gatos (1), Bovinos (1114), Perros (73), Équidos (59), Caprinos (1), Ovinos (25), Ovinos y caprinos (Rebaño mixto) (1), Suidos (50)",1325,0
6059,152804,16.444613,-90.608605,2025-03-01,Ocosingo,"Bovino hembra de 10 días de edad, con miasis en región umbilical. Las larvas se colectaron para el diagnóstico, resultando positivas a C. hominivorax por identificación taxonómica.","Aves (1), Gatos (1), Bovinos (1114), Perros (73), Équidos (59), Caprinos (1), Ovinos (25), Ovinos y caprinos (Rebaño mixto) (1), Suidos (50)",1325,0
6059,152803,16.09936,-91.226686,2025-03-01,Las Margaritas,"Bovino hembra de 18 días de edad, con miasis en región vulvar. Las larvas se colectaron para el diagnóstico, resultando positivas a C. hominivorax por identificación taxonómica.","Aves (1), Gatos (1), Bovinos (1114), Perros (73), Équidos (59), Caprinos (1), Ovinos (25), Ovinos y caprinos (Rebaño mixto) (1), Suidos (50)",1325,0
6059,152802,16.279458,-90.640595,2025-03-01,Ocosingo,"Ovino hembra de 18 meses de edad, con miasis en lesión en región del pecho. Las larvas se colectaron para el diagnóstico, resultando positivas a C. hominivorax por identificación taxonómica.","Aves (1), Gatos (1), Bovinos (1114), Perros (73), Équidos (59), Caprinos (1), Ovinos (25), Ovinos y caprinos (Rebaño mixto) (1), Suidos (50)",1325,0
6059,152800,16.292792,-90.656902,2025-02-28,Ocosingo,"Bovino macho de 1 mes de edad con miasis en herida en región torácica. Las larvas se colectaron para el diagnóstico, resultando positivas a C. hominivorax por identificación taxonómica.","Aves (1), Gatos (1), Bovinos (1114), Perros (73), Équidos (59), Caprinos (1), Ovinos (25), Ovinos y caprinos (Rebaño mixto) (1), Suidos (50)",1325,0
6059,152324,16.503805,-90.655814,2025-02-28,Ocosingo,"Bovino macho de 15 dias de edad, con miasis en la región umbilical y bovino hembra de 7 meses de edad con miasis en cabeza por descorne en lado izquierdo. Las larvas se colectaron para el diagnóstico, resultando positivas a C. hominivorax por identificación taxonómica.","Aves (1), Gatos (1), Bovinos (1114), Perros (73), Équidos (59), Caprinos (1), Ovinos (25), Ovinos y caprinos (Rebaño mixto) (1), Suidos (50)",1325,0
6059,152307,16.209,-90.72621,2025-02-27,Ocosingo,"Bovino macho de 9 meses de edad, con presencia de miasis en herida en región testicular. Las larvas se colectaron para el diagnóstico, resultando positivas a C. hominivorax por identificación taxonómica.","Aves (1), Gatos (1), Bovinos (1114), Perros (73), Équidos (59), Caprinos (1), Ovinos (25), Ovinos y caprinos (Rebaño mixto) (1), Suidos (50)",1325,0
6059,152306,16.336,-90.765152,2025-02-27,Ocosingo,"Canino macho de 1 año de edad, con presencia de la region dorsal derecha. Las larvas se colectaron para el diagnóstico, resultando positivas a C. hominivorax por identificación taxonómica.","Aves (1), Gatos (1), Bovinos (1114), Perros (73), Équidos (59), Caprinos (1), Ovinos (25), Ovinos y caprinos (Rebaño mixto) (1), Suidos (50)",1325,0
6059,152305,17.556,-92.333459,2025-02-27,Salto de Agua,"Bovino de 3 días de edad, con presencia de miasis en la región umbilical. Las larvas se colectaron para el diagnóstico, resultando positivas a C. hominivorax por identificación taxonómica.","Aves (1), Gatos (1), Bovinos (1114), Perros (73), Équidos (59), Caprinos (1), Ovinos (25), Ovinos y caprinos (Rebaño mixto) (1), Suidos (50)",1325,0
6059,151970,16.81844,-91.345898,2025-02-19,Ocosingo,"Bovino macho de 8 días de edad, con presencia de miasis en la región umbilical. Las larvas se colectaron para el diagnóstico, resultando positivas a C. hominivorax por identificación taxonómica.","Aves (1), Gatos (1), Bovinos (1114), Perros (73), Équidos (59), Caprinos (1), Ovinos (25), Ovinos y caprinos (Rebaño mixto) (1), Suidos (50)",1325,0
6059,151969,16.750439,-90.994269,2025-02-25,Ocosingo,"Dos bovinos machos  de 8 días de edad, con presencia de miasis en la región umbilical. Las larvas se colectaron para el diagnóstico, resultando positivas a C. hominivorax por identificación taxonómica.","Aves (1), Gatos (1), Bovinos (1114), Perros (73), Équidos (59), Caprinos (1), Ovinos (25), Ovinos y caprinos (Rebaño mixto) (1), Suidos (50)",1325,0
6059,151967,16.503806,-90.655518,2025-02-23,Ocosingo,"Bovino hembra de 10 años de edad, con presencia de miasis en la region vulvar. Las larvas se colectaron para el diagnóstico, resultando positivas a C. hominivorax por identificación taxonómica.","Aves (1), Gatos (1), Bovinos (1114), Perros (73), Équidos (59), Caprinos (1), Ovinos (25), Ovinos y caprinos (Rebaño mixto) (1), Suidos (50)",1325,0
6059,151405,16.781129,-91.317549,2025-02-22,Ocosingo,"Bovino hembra de 10 días de edad, con presencia de miasis en la región vulvar. Las larvas se colectaron para el diagnóstico, resultando positivas a C. hominivorax por identificación taxonómica.","Aves (1), Gatos (1), Bovinos (1114), Perros (73), Équidos (59), Caprinos (1), Ovinos (25), Ovinos y caprinos (Rebaño mixto) (1), Suidos (50)",1325,0
6059,151403,16.347682,-90.553547,2025-02-21,Ocosingo,"Bovino de 4 años de edad, con presencia de miasis en la región vulvar. Las larvas se colectaron para el diagnóstico, resultando positivas a C. hominivorax por identificación taxonómica.","Aves (1), Gatos (1), Bovinos (1114), Perros (73), Équidos (59), Caprinos (1), Ovinos (25), Ovinos y caprinos (Rebaño mixto) (1), Suidos (50)",1325,0
6059,151309,16.723332,-91.241545,2025-02-18,Ocosingo,"Bovino macho de 10 días de edad, con presencia de miasis en la region umbiical. Las larvas se colectaron para el diagnóstico, resultando positivas a C. hominivorax por identificación taxonómica.

Nota del 03/03/2025: Las coordenadas geográficas del brote se modificaron después de que el país facilitara información adicional.","Aves (1), Gatos (1), Bovinos (1114), Perros (73), Équidos (59), Caprinos (1), Ovinos (25), Ovinos y caprinos (Rebaño mixto) (1), Suidos (50)",1325,0
6059,151307,16.143302,-90.484876,2025-02-16,Ocosingo,"Bovino macho de 18 meses de edad, con presencia de miasis en la oreja. Las larvas se colectaron para el diagnóstico, resultando positivas a C. hominivorax por identificación taxonómica.","Aves (1), Gatos (1), Bovinos (1114), Perros (73), Équidos (59), Caprinos (1), Ovinos (25), Ovinos y caprinos (Rebaño mixto) (1), Suidos (50)",1325,0
6059,151306,16.330967,-90.822761,2025-02-16,Ocosingo,"
Bovino macho de 4 días de edad, con presencia de miasis en la region umbilical. Las larvas se colectaron para el diagnóstico, resultando positivas a C. hominivorax por identificación taxonómica.","Aves (1), Gatos (1), Bovinos (1114), Perros (73), Équidos (59), Caprinos (1), Ovinos (25), Ovinos y caprinos (Rebaño mixto) (1), Suidos (50)",1325,0
6059,151305,17.70239,-92.016457,2025-02-17,Catazajá,"Bovino macho de 9 años de edad, con presencia de miasis en herida en región escapular. Las larvas se colectaron para el diagnóstico, resultando positivas a C. hominivorax por identificación taxonómica.","Aves (1), Gatos (1), Bovinos (1114), Perros (73), Équidos (59), Caprinos (1), Ovinos (25), Ovinos y caprinos (Rebaño mixto) (1), Suidos (50)",1325,0
6059,151304,16.332348,-90.721207,2025-02-12,Ocosingo,"Bovino macho de 8 días de edad, con presencia de miasis en la región umbilical. Las larvas se colectaron para el diagnóstico, resultando positivas a C. hominivorax por identificación taxonómica.","Aves (1), Gatos (1), Bovinos (1114), Perros (73), Équidos (59), Caprinos (1), Ovinos (25), Ovinos y caprinos (Rebaño mixto) (1), Suidos (50)",1325,0
6059,150993,16.16314,-90.514143,2025-02-14,Ocosingo,"Bovino macho de 5 días de edad, con presencia de miasis en la region umbilicaloreja. Las larvas se colectaron para el diagnóstico, resultando positivas a C. hominivorax por identificación taxonómica.","Aves (1), Gatos (1), Bovinos (1114), Perros (73), Équidos (59), Caprinos (1), Ovinos (25), Ovinos y caprinos (Rebaño mixto) (1), Suidos (50)",1325,0
6059,150992,16.43842,-90.651604,2025-02-14,Ocosingo,"Bovino de 10 meses de edad, con presencia de miasis en la región umbilical. Las larvas se colectaron para el diagnóstico, resultando positivas a C. hominivorax por identificación taxonómica.","Aves (1), Gatos (1), Bovinos (1114), Perros (73), Équidos (59), Caprinos (1), Ovinos (25), Ovinos y caprinos (Rebaño mixto) (1), Suidos (50)",1325,0
6059,150989,16.417989,-90.456454,2025-02-12,Ocosingo,"Ovino hembra de 1 año de edad, con presencia de miasis en la pezuna de la pata anterior izquierda. Las larvas se colectaron para el diagnóstico, resultando positivas a C. hominivorax por identificación taxonómica.","Aves (1), Gatos (1), Bovinos (1114), Perros (73), Équidos (59), Caprinos (1), Ovinos (25), Ovinos y caprinos (Rebaño mixto) (1), Suidos (50)",1325,0
6059,150988,17.73449,-92.11495,2025-02-14,Catazajá,"Bovino macho de 6 días de edad, con presencia de miasis en la region umbilical. Las larvas se colectaron para el diagnóstico, resultando positivas a C. hominivorax por identificación taxonómica.","Aves (1), Gatos (1), Bovinos (1114), Perros (73), Équidos (59), Caprinos (1), Ovinos (25), Ovinos y caprinos (Rebaño mixto) (1), Suidos (50)",1325,0
6059,150987,17.545995,-92.081292,2025-02-14,Palenque,"Bovino macho de 15 días de edad, con presencia de miasis en la region umbiical. Las larvas se colectaron para el diagnóstico, resultando positivas a C. hominivorax por identificación taxonómica.","Aves (1), Gatos (1), Bovinos (1114), Perros (73), Équidos (59), Caprinos (1), Ovinos (25), Ovinos y caprinos (Rebaño mixto) (1), Suidos (50)",1325,0
6059,150986,16.835935,-91.202055,2025-02-13,Ocosingo,"Bovino macho de 1 semana de edad, con presencia de miasis en la region umbilical. Las larvas se colectaron para el diagnóstico, resultando positivas a C. hominivorax por identificación taxonómica.","Aves (1), Gatos (1), Bovinos (1114), Perros (73), Équidos (59), Caprinos (1), Ovinos (25), Ovinos y caprinos (Rebaño mixto) (1), Suidos (50)",1325,0
6059,150985,16.32756,-90.69862,2025-02-13,Ocosingo,"Bovino macho de 1 semana de edad, con presencia de miasis en la región umbilical. Las larvas se colectaron para el diagnóstico, resultando positivas a C. hominivorax por identificación taxonómica.","Aves (1), Gatos (1), Bovinos (1114), Perros (73), Équidos (59), Caprinos (1), Ovinos (25), Ovinos y caprinos (Rebaño mixto) (1), Suidos (50)",1325,0
6059,150910,16.294575,-90.481832,2025-02-11,Ocosingo,"Ovino macho de 2 años de edad, con presencia de miasis en la pezuña de la pata trasera derecha. Las larvas se colectaron para el diagnóstico, resultando positivas a C. hominivorax por identificación taxonómica.","Aves (1), Gatos (1), Bovinos (1114), Perros (73), Équidos (59), Caprinos (1), Ovinos (25), Ovinos y caprinos (Rebaño mixto) (1), Suidos (50)",1325,0
6059,150909,16.324453,-90.709252,2025-02-11,Ocosingo,"Bovino macho de 14 días de edad, con presencia de miasis en la región umbilical. Las larvas se colectaron para el diagnóstico, resultando positivas a C. hominivorax por identificación taxonómica.","Aves (1), Gatos (1), Bovinos (1114), Perros (73), Équidos (59), Caprinos (1), Ovinos (25), Ovinos y caprinos (Rebaño mixto) (1), Suidos (50)",1325,0
6059,150908,16.311151,-90.693478,2025-02-09,Ocosingo,"Bovino macho de 7 días de edad, con presencia de miasis en la región umbilical. Las larvas se colectaron para el diagnóstico, resultando positivas a C. hominivorax por identificación taxonómica.","Aves (1), Gatos (1), Bovinos (1114), Perros (73), Équidos (59), Caprinos (1), Ovinos (25), Ovinos y caprinos (Rebaño mixto) (1), Suidos (50)",1325,0
6059,150902,16.360773,-90.552642,2025-02-09,Ocosingo,"Bovino de 10 días de edad, con presencia de miasis en la región umbilical. Las larvas se colectaron para el diagnóstico, resultando positivas a C. hominivorax por identificación taxonómica.","Aves (1), Gatos (1), Bovinos (1114), Perros (73), Équidos (59), Caprinos (1), Ovinos (25), Ovinos y caprinos (Rebaño mixto) (1), Suidos (50)",1325,0
6059,150901,16.764,-90.99485,2025-02-07,Ocosingo,"Bovino hembra de 10 dias de edad, con presencia de miasis en la region umbilical. Las larvas se colectaron para el diagnóstico, resultando positivas a C. hominivorax por identificación taxonómica.","Aves (1), Gatos (1), Bovinos (1114), Perros (73), Équidos (59), Caprinos (1), Ovinos (25), Ovinos y caprinos (Rebaño mixto) (1), Suidos (50)",1325,0
6059,150326,16.36214,-90.68234,2025-02-08,Ocosingo,"Bovino hembra de 5 dias de edad, con presencia de miasis en la region umbilical. Las larvas se colectaron para el diagnóstico, resultando positivas a C. hominivorax por identificación taxonómica.","Aves (1), Gatos (1), Bovinos (1114), Perros (73), Équidos (59), Caprinos (1), Ovinos (25), Ovinos y caprinos (Rebaño mixto) (1), Suidos (50)",1325,0
6059,150081,16.387355,-90.556767,2025-02-06,Ocosingo,"Bovino hembra de 3 años de edad, con presencia de miasis en la oreja izquierda. Las larvas se colectaron para el diagnóstico, resultando positivas a C. hominivorax por identificación taxonómica.","Aves (1), Gatos (1), Bovinos (1114), Perros (73), Équidos (59), Caprinos (1), Ovinos (25), Ovinos y caprinos (Rebaño mixto) (1), Suidos (50)",1325,0
6059,150080,17.694605,-92.090538,2025-02-06,Catazajá,"Bovino macho de 15 meses de edad, con herida en región vulvar. Las larvas se colectaron para el diagnóstico, resultando positivas a C. hominivorax por identificación taxonómica.","Aves (1), Gatos (1), Bovinos (1114), Perros (73), Équidos (59), Caprinos (1), Ovinos (25), Ovinos y caprinos (Rebaño mixto) (1), Suidos (50)",1325,0
6059,149880,16.276266,-90.466642,2025-02-04,Ocosingo,"Bovino macho de 15 dias de edad, con presencia de miasis en herida umbilical. Las larvas se colectaron para el diagnóstico, resultando positivas a C. hominivorax por identificación taxonómica.","Aves (1), Gatos (1), Bovinos (1114), Perros (73), Équidos (59), Caprinos (1), Ovinos (25), Ovinos y caprinos (Rebaño mixto) (1), Suidos (50)",1325,0
6059,149879,16.374343,-90.668463,2025-01-25,Ocosingo,"Suino de 1 año de edad, con miasis en herida escrotal por castración. Las larvas se colectaron para el diagnóstico, resultando positivas a C. hominivorax por identificación taxonómica.","Aves (1), Gatos (1), Bovinos (1114), Perros (73), Équidos (59), Caprinos (1), Ovinos (25), Ovinos y caprinos (Rebaño mixto) (1), Suidos (50)",1325,0
6059,149878,17.70787,-92.01625,2025-02-03,Catazajá,"Lote de 19 equinos para abasto, donde se identificaron dos machos de 6 años de edad con miasis , uno con herida aparentemente cerrada en la grupa y el otro con herida en la pata posterior izquierda. Las larvas se colectaron para diagnóstico, resultando positivas a C. hominivorax por identificación taxonómica.","Aves (1), Gatos (1), Bovinos (1114), Perros (73), Équidos (59), Caprinos (1), Ovinos (25), Ovinos y caprinos (Rebaño mixto) (1), Suidos (50)",1325,0
6059,149877,17.70787,-92.0162502,2025-02-02,Catazajá,"Lote de 41 bovinos para abasto, donde se identificó un animal hembra de 10 años de edad con miasis en cuerno derecho. Las larvas se colectaron para diagnóstico, resultando positivas a C. hominivorax por identificación taxonómica.","Aves (1), Gatos (1), Bovinos (1114), Perros (73), Équidos (59), Caprinos (1), Ovinos (25), Ovinos y caprinos (Rebaño mixto) (1), Suidos (50)",1325,0
6059,149876,17.70787,-92.01625,2025-02-02,Catazajá,"Lote de 26 equinos para abasto, donde se identificó un animal macho de 15 años de edad con miasis en herida en la nuca. Las larvas se colectaron para diagnóstico, resultando positivas a C. hominivorax por identificación taxonómica.

","Aves (1), Gatos (1), Bovinos (1114), Perros (73), Équidos (59), Caprinos (1), Ovinos (25), Ovinos y caprinos (Rebaño mixto) (1), Suidos (50)",1325,0
6059,149875,17.70787,-92.01625,2025-02-01,Catazajá,"Lote de 65 bovinos para abasto, donde se identificó un animal macho de 40 meses de edad, con miasis en herida en prepucio. Las larvas se colectaron para diagnóstico, resultando positivas a C. hominivorax por identificación taxonómica.

","Aves (1), Gatos (1), Bovinos (1114), Perros (73), Équidos (59), Caprinos (1), Ovinos (25), Ovinos y caprinos (Rebaño mixto) (1), Suidos (50)",1325,0
6059,149179,17.70787,-92.01625,2025-01-31,Catazajá,"Lote de 74 caballos para abasto, donde se identificó un animal de 8 años de edad, que presentaba herida en la pata trasera derecha. Las larvas se colectaron para el diagnóstico, resultando positivas a C. hominivorax por identificación taxonómica.

","Aves (1), Gatos (1), Bovinos (1114), Perros (73), Équidos (59), Caprinos (1), Ovinos (25), Ovinos y caprinos (Rebaño mixto) (1), Suidos (50)",1325,0
6059,148830,16.34908,-90.671331,2025-01-29,Ocosingo,"Bovino macho de 10 dias de edad, con presencia de miasis en la región umbilical. Las larvas se colectaron para el diagnóstico, resultando positivas a C. hominivorax por identificación taxonómica.","Aves (1), Gatos (1), Bovinos (1114), Perros (73), Équidos (59), Caprinos (1), Ovinos (25), Ovinos y caprinos (Rebaño mixto) (1), Suidos (50)",1325,0
6059,148650,17.70787,-92.01625,2025-01-29,Catazajá,"Lote de bovinos para abasto, donde se identificó una hembra de 15 meses de edad con miasis en herida en la cabeza. Las larvas se colectaron para diagnóstico, resultando positivas a C. hominivorax por identificación taxonómica.","Aves (1), Gatos (1), Bovinos (1114), Perros (73), Équidos (59), Caprinos (1), Ovinos (25), Ovinos y caprinos (Rebaño mixto) (1), Suidos (50)",1325,0
6059,148649,17.70787,-92.01625,2025-01-27,Catazajá,"Lote de bovinos para abasto, donde se identificó un animal de 36 meses de edad, con presencia de miasis en la oreja derecha. Las larvas se colectaron para diagnóstico, resultando positivas a C. hominivorax por identificación taxonómica.","Aves (1), Gatos (1), Bovinos (1114), Perros (73), Équidos (59), Caprinos (1), Ovinos (25), Ovinos y caprinos (Rebaño mixto) (1), Suidos (50)",1325,0
6059,148648,16.469575,-90.593159,2025-01-21,Ocosingo,"Bovino macho de 16 meses de edad, con presencia de miasis en la región testicular. Las larvas se colectaron para el diagnóstico, resultando positivas a C. hominivorax por identificación taxonómica.","Aves (1), Gatos (1), Bovinos (1114), Perros (73), Équidos (59), Caprinos (1), Ovinos (25), Ovinos y caprinos (Rebaño mixto) (1), Suidos (50)",1325,0
6059,148647,17.70787,-92.01625,2025-01-26,Catazajá,"Lote de caballos para abasto, donde se identificó un animal macho de 7 años de edad, con miasis en herida en parte media de pierna trasera izquierda. Las larvas se colectaron para diagnóstico, resultando positivas a C. hominivorax por identificación taxonómica.","Aves (1), Gatos (1), Bovinos (1114), Perros (73), Équidos (59), Caprinos (1), Ovinos (25), Ovinos y caprinos (Rebaño mixto) (1), Suidos (50)",1325,0
6059,148646,16.330955,-90.694688,2025-01-24,Ocosingo,"Bovino de 10 días de edad, con presencia de miasis en la región umbilical. Las larvas se colectaron para el diagnóstico, resultando positivas a C. hominivorax por identificación taxonómica.","Aves (1), Gatos (1), Bovinos (1114), Perros (73), Équidos (59), Caprinos (1), Ovinos (25), Ovinos y caprinos (Rebaño mixto) (1), Suidos (50)",1325,0
6059,148645,16.25472,-90.530352,2025-01-22,Ocosingo,"Bovino de 6 mese de edad, con presencia de miasis en la oreja. Las larvas se colectaron para el diagnóstico, resultando positivas a C. hominivorax por identificación taxonómica.","Aves (1), Gatos (1), Bovinos (1114), Perros (73), Équidos (59), Caprinos (1), Ovinos (25), Ovinos y caprinos (Rebaño mixto) (1), Suidos (50)",1325,0
6059,148641,16.368724,-90.408034,2025-01-19,Ocosingo,"Bovino de 9 días de edad, con presencia de miasis en la región umbilical. Las larvas se colectaron para el diagnóstico, resultando positivas a C. hominivorax por identificación taxonómica.","Aves (1), Gatos (1), Bovinos (1114), Perros (73), Équidos (59), Caprinos (1), Ovinos (25), Ovinos y caprinos (Rebaño mixto) (1), Suidos (50)",1325,0
6059,148644,16.34119,-90.817881,2025-01-22,Ocosingo,"Bovino de 10 meses de edad, con presencia de miasis en la oreja. Las larvas se colectaron para el diagnóstico, resultando positivas a C. hominivorax por identificación taxonómica.","Aves (1), Gatos (1), Bovinos (1114), Perros (73), Équidos (59), Caprinos (1), Ovinos (25), Ovinos y caprinos (Rebaño mixto) (1), Suidos (50)",1325,0
6059,147654,16.331662,-90.591906,2025-01-15,Ocosingo,"Bovino de 10 días de edad, con presencia de miasis en la región umbilical. Las larvas se colectaron para el diagnóstico, resultando positivas a C. hominivorax por identificación taxonómica.","Aves (1), Gatos (1), Bovinos (1114), Perros (73), Équidos (59), Caprinos (1), Ovinos (25), Ovinos y caprinos (Rebaño mixto) (1), Suidos (50)",1325,0
6059,147653,16.331349,-90.556979,2025-01-15,Ocosingo,"Bovino de 10 días de edad, con presencia de miasis en la región umbilical. Las larvas se colectaron para el diagnóstico, resultando positivas a C. hominivorax por identificación taxonómica.","Aves (1), Gatos (1), Bovinos (1114), Perros (73), Équidos (59), Caprinos (1), Ovinos (25), Ovinos y caprinos (Rebaño mixto) (1), Suidos (50)",1325,0
6059,147652,16.34028,-90.560919,2025-01-15,Ocosingo,"Bovino de 7 meses de edad, con presencia de miasis en la región umbilical. Las larvas se colectaron para el diagnóstico, resultando positivas a C. hominivorax por identificación taxonómica.","Aves (1), Gatos (1), Bovinos (1114), Perros (73), Équidos (59), Caprinos (1), Ovinos (25), Ovinos y caprinos (Rebaño mixto) (1), Suidos (50)",1325,0
6059,147414,17.70787,-92.01625,2025-01-16,Catazajá,"Lote de ganado bovino de 77 animales, en el que se identificó un animal de 18 meses con una miasis en la parte  superior de la pata izquierda. Durante la inspección oficial se encontraron larvas vivas en la herida, mismas que se colectaron para diagnóstico, resultando positivas a C. hominivorax por identificación taxonómica.","Aves (1), Gatos (1), Bovinos (1114), Perros (73), Équidos (59), Caprinos (1), Ovinos (25), Ovinos y caprinos (Rebaño mixto) (1), Suidos (50)",1325,0
6059,147413,16.582502,-90.748467,2025-01-13,Ocosingo,"Bovino de 15 dias de edad, con presencia de miasis en la región umbilical. Las larvas se colectaron para el diagnóstico, resultando positivas a C. hominivorax por identificación taxonómica.","Aves (1), Gatos (1), Bovinos (1114), Perros (73), Équidos (59), Caprinos (1), Ovinos (25), Ovinos y caprinos (Rebaño mixto) (1), Suidos (50)",1325,0
6059,147412,17.70787,-92.01625,2025-01-12,Catazajá,"Lote de ganado bovino, de 65 animales, donde se identificó un bovino de 30 meses con una herida en el prepucio. Durante la inspección oficial se encontraron larvas vivas en la herida, mismas que se colectaron para diagnóstico, resultando positivas a C. hominivorax por identificación taxonómica.","Aves (1), Gatos (1), Bovinos (1114), Perros (73), Équidos (59), Caprinos (1), Ovinos (25), Ovinos y caprinos (Rebaño mixto) (1), Suidos (50)",1325,0
6059,147681,16.695813,-90.865941,2025-01-13,Ocosingo,"Bovino de 15 días de edad, con presencia de miasis en la región umbilical. Las larvas se colectaron para el diagnóstico, resultando positivas a C. hominivorax por identificación taxonómica.","Aves (1), Gatos (1), Bovinos (1114), Perros (73), Équidos (59), Caprinos (1), Ovinos (25), Ovinos y caprinos (Rebaño mixto) (1), Suidos (50)",1325,0
6059,147678,17.70787,-92.01625,2025-01-20,Catazajá,"Lote de ganado bovino de 75 animales, en el que se identificó un animal de 18 meses con una miasis en la altura de la rodilla izquierda. Durante la inspección oficial se encontraron larvas vivas en la herida, mismas que se colectaron para diagnóstico, resultando positivas a C. hominivorax por identificación taxonómica.","Aves (1), Gatos (1), Bovinos (1114), Perros (73), Équidos (59), Caprinos (1), Ovinos (25), Ovinos y caprinos (Rebaño mixto) (1), Suidos (50)",1325,0
6059,147656,17.70787,-92.01625,2025-01-18,Catazajá,"Lote de ganado bovino de 65 animales, en el que se identificó un animal de 36 meses con una miasis debajo del pliege del cuello. Durante la inspección oficial se encontraron larvas vivas en la herida, mismas que se colectaron para diagnóstico, resultando positivas a C. hominivorax por identificación taxonómica.","Aves (1), Gatos (1), Bovinos (1114), Perros (73), Équidos (59), Caprinos (1), Ovinos (25), Ovinos y caprinos (Rebaño mixto) (1), Suidos (50)",1325,0
6059,147655,16.147326,-90.61828,2025-01-15,Ocosingo,"Bovino de 10 días de edad, con presencia de miasis en la región umbilical. Las larvas se colectaron para el diagnóstico, resultando positivas a C. hominivorax por identificación taxonómica.","Aves (1), Gatos (1), Bovinos (1114), Perros (73), Équidos (59), Caprinos (1), Ovinos (25), Ovinos y caprinos (Rebaño mixto) (1), Suidos (50)",1325,0
6059,147411,16.432875,-90.690977,2025-01-09,Ocosingo,"Bovino de 10 días de edad. con presencia de larvas en la región umbilical. Las larvas se colectaron para el diagnóstico, resultando positivas a C. hominivorax por identificación taxonómica.
","Aves (1), Gatos (1), Bovinos (1114), Perros (73), Équidos (59), Caprinos (1), Ovinos (25), Ovinos y caprinos (Rebaño mixto) (1), Suidos (50)",1325,0
6059,146823,17.70787,-92.01625,2025-01-05,Catazajá,"Lote de caballos para abasto, donde se identificó un animal macho de 7 años de edad, que presentaba miasis en herida en parte media de pierna trasera izquierda. . Durante la inspección oficial se encontraron larvas vivas en la herida, mismas que se colectaron para diagnóstico, resultando positivas a C. hominivorax por identificación taxonómica.","Aves (1), Gatos (1), Bovinos (1114), Perros (73), Équidos (59), Caprinos (1), Ovinos (25), Ovinos y caprinos (Rebaño mixto) (1), Suidos (50)",1325,0
6059,144313,14.734923,-92.230516,2024-11-27,Suchiate,"Se trata de un becerro de quince días de edad de un establecimiento ubicado en el municipio de Frontera Hidalgo, Chiapas, a ocho kilómetros de la frontera con Guatemala; se identificaron larvas L2 de GBG en una herida en el cuello generada por un lazo. Las larvas se colectaron para el diagnóstico resultando positivas a C. hominivorax por identificación taxonómica.
","Aves (1), Gatos (1), Bovinos (1114), Perros (73), Équidos (59), Caprinos (1), Ovinos (25), Ovinos y caprinos (Rebaño mixto) (1), Suidos (50)",1325,0
6059,143919,17.70787,-92.01621,2024-11-21,Catazajá,"Se trata de un lote interceptado de ganado bovino, de origen no mexicano de 100 animales, donde se identificó un animal con una herida abierta en la oreja. Durante la inspección oficial se encontraron larvas vivas en la herida, mismas que se colectaron para diagnóstico, resultando positivas a C. hominivorax por identificación taxonómica.

","Aves (1), Gatos (1), Bovinos (1114), Perros (73), Équidos (59), Caprinos (1), Ovinos (25), Ovinos y caprinos (Rebaño mixto) (1), Suidos (50)",1325,0
6059,148643,16.464627,-90.556913,2025-01-21,Ocosingo,"Bovino de 6 días de edad, con presencia de miasis en la región umbilical. Las larvas se colectaron para el diagnóstico, resultando positivas a C. hominivorax por identificación taxonómica.","Aves (1), Gatos (1), Bovinos (1114), Perros (73), Équidos (59), Caprinos (1), Ovinos (25), Ovinos y caprinos (Rebaño mixto) (1), Suidos (50)",1325,0
6059,148642,16.368724,-90.408034,2025-01-21,Ocosingo,"Bovino de 7 días de edad, con presencia de miasis en la región umbilical. Las larvas se colectaron para el diagnóstico, resultando positivas a C. hominivorax por identificación taxonómica.","Aves (1), Gatos (1), Bovinos (1114), Perros (73), Équidos (59), Caprinos (1), Ovinos (25), Ovinos y caprinos (Rebaño mixto) (1), Suidos (50)",1325,0
6059,147410,16.476325,-90.653007,2025-01-09,Ocosingo,"Bovino de 9 días de edad. con presencia de larvas en la región umbilical. Las larvas se colectaron para el diagnóstico, resultando positivas a C. hominivorax por identificación taxonómica.","Aves (1), Gatos (1), Bovinos (1114), Perros (73), Équidos (59), Caprinos (1), Ovinos (25), Ovinos y caprinos (Rebaño mixto) (1), Suidos (50)",1325,0
6059,147288,16.313334,-90.484372,2025-01-09,Ocosingo,"Bovino de 18 meses de edad, con presencia de miasis en herida abierta. Las larvas se colectaron para el diagnóstico, resultando positivas a C. hominivorax por identificación taxonómica.","Aves (1), Gatos (1), Bovinos (1114), Perros (73), Équidos (59), Caprinos (1), Ovinos (25), Ovinos y caprinos (Rebaño mixto) (1), Suidos (50)",1325,0
6059,147287,16.329624,-90.421926,2025-01-09,Ocosingo,"Bovino de 15 días de edad. con presencia de larvas en la región umbilical. Las larvas se colectaron para el diagnóstico, resultando positivas a C. hominivorax por identificación taxonómica.","Aves (1), Gatos (1), Bovinos (1114), Perros (73), Équidos (59), Caprinos (1), Ovinos (25), Ovinos y caprinos (Rebaño mixto) (1), Suidos (50)",1325,0
6059,146923,14.759074,-92.195406,2025-01-06,Frontera Hidalgo,"Bovino de 2 años de edad, con presencia de miasis en la glandula mamaria, reportado a las autoridades veterinarias por el médico tratante. Las larvas se colectaron para el diagnóstico, resultando positivas a C. hominivorax por identificación taxonómica.","Aves (1), Gatos (1), Bovinos (1114), Perros (73), Équidos (59), Caprinos (1), Ovinos (25), Ovinos y caprinos (Rebaño mixto) (1), Suidos (50)",1325,0
6059,146822,16.280542,-90.46698,2025-01-05,Ocosingo,"Caballo de trabajo, macho de 10 años de edad, con herida abierta en área del prepucio, identificado por la notificación a las autoridades veterinarias.  Las larvas se colectaron para el diagnóstico, resultando positivas a C. hominivorax por identificación taxonómica.","Aves (1), Gatos (1), Bovinos (1114), Perros (73), Équidos (59), Caprinos (1), Ovinos (25), Ovinos y caprinos (Rebaño mixto) (1), Suidos (50)",1325,0
6059,146821,16.468027,-90.633738,2025-01-04,Ocosingo,"Caballo de trabajo, macho, de 2 años de edad con herida expuesta y con larvas, notificado a las autoridades veterinarias. Las larvas se colectaron para el diagnóstico, resultando positivas a C. hominivorax por identificación taxonómica.","Aves (1), Gatos (1), Bovinos (1114), Perros (73), Équidos (59), Caprinos (1), Ovinos (25), Ovinos y caprinos (Rebaño mixto) (1), Suidos (50)",1325,0
6319,161202,21.14219,-87.990922,2025-07-09,Tizimín,"Bovino de 8 días de edad con miasis en región umbilical.
","Bovinos (48), Perros (4), Ovinos (2), Suidos (1)",55,0
6319,161196,21.29077,-88.320092,2025-07-08,Panabá,"Bovino de 10 años de edad con miasis en oreja izquierda.
","Bovinos (48), Perros (4), Ovinos (2), Suidos (1)",55,0
6319,161199,20.28953,-89.331795,2025-07-08,Tekax,"Bovino de 1 mes de edad con miasis en	región umbilical.
","Bovinos (48), Perros (4), Ovinos (2), Suidos (1)",55,0
6319,161200,20.09447,-89.349843,2025-07-08,Tekax,"Bovino de 10 meses de edad con miasis en cuello.
","Bovinos (48), Perros (4), Ovinos (2), Suidos (1)",55,0
6319,161201,20.03111,-89.047232,2025-07-08,Tzucacab,"Bovino de 2 meses de edad con miasis en oreja izquierda.
","Bovinos (48), Perros (4), Ovinos (2), Suidos (1)",55,0
6319,161198,21.47615,-88.208636,2025-07-07,Panabá,"Bovino de 9 años de edad con miasis en región sacra izquierda.
","Bovinos (48), Perros (4), Ovinos (2), Suidos (1)",55,0
6319,161189,20.10433,-89.455333,2025-07-05,Tekax,"Bovino de 5 meses de edad con  miasis en  la cruz. Bovino de 15 días de edad con miasis en la región umbilical.
","Bovinos (48), Perros (4), Ovinos (2), Suidos (1)",55,0
6319,161190,21.19385,-88.300416,2025-07-05,Sucilá,"Bovino de 9 meses de edad con miasis en miembro posterior izquierdo.
","Bovinos (48), Perros (4), Ovinos (2), Suidos (1)",55,0
6319,161191,21.2011,-88.8186,2025-07-05,Buctzotz,"Bovino de 1 año 2 meses de edad con miasis en el anca derecha.
","Bovinos (48), Perros (4), Ovinos (2), Suidos (1)",55,0
6319,161197,21.22513,-88.449805,2025-07-05,Sucilá,"Bovino de 7 meses de edad con miasis en miembro posterior derecho.
","Bovinos (48), Perros (4), Ovinos (2), Suidos (1)",55,0
6319,161192,21.21516,-88.976928,2025-07-04,Temax,"Bovino de 6 meses de edad con miasis en región costal izquierda.
","Bovinos (48), Perros (4), Ovinos (2), Suidos (1)",55,0
6319,161193,20.63716,-90.03512,2025-07-04,Chocholá,"Bovino de 15 días de edad con miasis en miembro anterior derecho.
","Bovinos (48), Perros (4), Ovinos (2), Suidos (1)",55,0
6319,161194,20.03111,-89.047232,2025-07-04,Tzucacab,"Bovino de 2 meses de edad con miasis en oreja izquierda.
","Bovinos (48), Perros (4), Ovinos (2), Suidos (1)",55,0
6319,160788,20.97078,-88.62261,2025-07-03,Cenotillo,"Bovino de 5 meses de edad con miasis en dorso.
","Bovinos (48), Perros (4), Ovinos (2), Suidos (1)",55,0
6319,160789,21.07926,-88.26818,2025-07-03,Espita,"Bovino de 5 años de edad con miasis en ubre.
","Bovinos (48), Perros (4), Ovinos (2), Suidos (1)",55,0
6319,160790,20.673,-88.0138,2025-07-03,Chemax,"Bovino de 6 años de edad con miasis en miembro posterior derecho.
","Bovinos (48), Perros (4), Ovinos (2), Suidos (1)",55,0
6319,160791,21.01668,-88.93371,2025-07-03,Tekal de Venegas,"Bovino 8 días de edad con miasis en región umbilical.
","Bovinos (48), Perros (4), Ovinos (2), Suidos (1)",55,0
6319,160786,20.59139,-90.014275,2025-07-02,Maxcanú,"Suino de 2 años de edad con miasis en miembro anterior izquierdo.
","Bovinos (48), Perros (4), Ovinos (2), Suidos (1)",55,0
6319,160787,20.56153,-90.142263,2025-07-02,Maxcanú,"Bovino de 4 años de edad con miasis en cara.
","Bovinos (48), Perros (4), Ovinos (2), Suidos (1)",55,0
6319,160783,21.2936,-88.265135,2025-07-01,Tizimín,Bovino de 15 días de edad con miasis en región umbilical.,"Bovinos (48), Perros (4), Ovinos (2), Suidos (1)",55,0
6319,160784,20.01636,-89.065239,2025-07-01,Tzucacab,Bovino de 15 días de edad con miasis en región umbilical.,"Bovinos (48), Perros (4), Ovinos (2), Suidos (1)",55,0
6319,160785,19.94358,-88.98211,2025-07-01,Peto,"Bovino de 15 días de edad con miasis en región umbilical.
","Bovinos (48), Perros (4), Ovinos (2), Suidos (1)",55,0
6319,160781,19.95176,-88.995355,2025-06-30,Tzucacab,Bovino de 15 días de edad con miasis en región umbilical.,"Bovinos (48), Perros (4), Ovinos (2), Suidos (1)",55,0
6319,161195,21.08091,-89.27717,2025-07-06,Motul,"Perro de 7 años de edad con miasis en miembro anterior izquierdo.
","Bovinos (48), Perros (4), Ovinos (2), Suidos (1)",55,0
6319,160782,20.09194,-89.044512,2025-06-29,Tzucacab,Canino de 2 años de edad con miasis en la cadera izquierda.,"Bovinos (48), Perros (4), Ovinos (2), Suidos (1)",55,0
6319,160778,20.45669,-89.450375,2025-06-28,Chapab,"Bovino de 1 año de edad con miasis en oreja derecha.
","Bovinos (48), Perros (4), Ovinos (2), Suidos (1)",55,0
6319,160779,20.58236,-89.326335,2025-06-28,Tekit,"Bovino de 10 años de edad con miasis en miembro posterior derecho.
","Bovinos (48), Perros (4), Ovinos (2), Suidos (1)",55,0
6319,160777,21.09163,-87.900849,2025-06-27,Tizimín,"Bovino de 2 meses de edad con miasis en miembro anterior derecho.
","Bovinos (48), Perros (4), Ovinos (2), Suidos (1)",55,0
6319,160780,21.23106,-88.78502,2025-06-26,Buctzotz,Bovino de 8 días de edad con miasis en región umbilical-,"Bovinos (48), Perros (4), Ovinos (2), Suidos (1)",55,0
6319,160503,21.276783,-88.385772,2025-06-24,Sucilá,Bovino de 11 meses de edad con miasis en cuello.	,"Bovinos (48), Perros (4), Ovinos (2), Suidos (1)",55,0
6319,160504,21.063367,-89.00882,2025-06-24,Tepakán,Bovino de 8 años de edad con miasis en vulva.	,"Bovinos (48), Perros (4), Ovinos (2), Suidos (1)",55,0
6319,160505,20.179664,-89.527271,2025-06-24,Oxkutzcab,Ovino de 1 año de edad con miasis en testiculos.,"Bovinos (48), Perros (4), Ovinos (2), Suidos (1)",55,0
6319,160499,20.039859,-89.069277,2025-06-22,Tzucacab,"Bovino de 7 años de edad con miasis en ubre.
","Bovinos (48), Perros (4), Ovinos (2), Suidos (1)",55,0
6319,160501,19.981641,-89.047694,2025-06-22,Tzucacab,Bovino de 13 dias de edad con miasis en región umbilical.	,"Bovinos (48), Perros (4), Ovinos (2), Suidos (1)",55,0
6319,160500,19.969961,-88.972374,2025-06-22,Peto,"Bovino de 15 días de edad con miasis en región umbilical.
","Bovinos (48), Perros (4), Ovinos (2), Suidos (1)",55,0
6319,160502,20.195461,-89.395026,2025-06-22,Tekax,"Bovino de 7 dias de edad con miasis en región umbilical,	","Bovinos (48), Perros (4), Ovinos (2), Suidos (1)",55,0
6319,159353,20.77539,-88.11673,2025-05-30,Valladolid,"Bovino de 3 semanas de edad con miasis en miembro posterior izquierdo.
","Bovinos (48), Perros (4), Ovinos (2), Suidos (1)",55,0
6319,159351,19.89235,-88.99762,2025-05-29,José María Morelos,"Bovino de 4 años	de edad con miasis en región vulvar.
","Bovinos (48), Perros (4), Ovinos (2), Suidos (1)",55,0
6319,160498,19.943584,-88.98211,2025-06-20,Peto,"Bovino de 12 días de edad con miasis en región umbilical.
","Bovinos (48), Perros (4), Ovinos (2), Suidos (1)",55,0
6319,160171,21.223248,-88.361435,2025-06-18,Sucilá,"Bovino de 3 días de edad con miasis en	región umbilical.
","Bovinos (48), Perros (4), Ovinos (2), Suidos (1)",55,0
6319,160169,19.965327,-88.953644,2025-06-16,Peto,"Bovino de 7 días de edad con miasis en	región umbilical.
","Bovinos (48), Perros (4), Ovinos (2), Suidos (1)",55,0
6319,160170,19.961564,-88.936072,2025-06-16,Peto,"Bovino de 5 años de edad con miasis en región vulvar.
","Bovinos (48), Perros (4), Ovinos (2), Suidos (1)",55,0
6319,159768,19.965327,-88.953644,2025-06-07,Peto,"Bovino de 15 días de edad con miasis en región umbilical.
","Bovinos (48), Perros (4), Ovinos (2), Suidos (1)",55,0
6319,159356,20.07761,-89.05223,2025-06-05,Tzucacab,"Canino de 13  años de edad con miasis en dorso.
","Bovinos (48), Perros (4), Ovinos (2), Suidos (1)",55,0
6319,159355,20.03986,-89.06928,2025-06-03,Tzucacab,"Bovino de 3 años de edad con miasis en ubre.
","Bovinos (48), Perros (4), Ovinos (2), Suidos (1)",55,0
6319,159354,19.94554,-88.92598,2025-05-31,Peto,"Bovino de 10 años de edad con miasis en pabellón auricular derecho e izquierdo.
","Bovinos (48), Perros (4), Ovinos (2), Suidos (1)",55,0
6319,159352,19.91719,-88.9737,2025-05-28,José María Morelos,"Bovino de 7 años de edad con miasis en región vulvar.
","Bovinos (48), Perros (4), Ovinos (2), Suidos (1)",55,0
6319,158482,19.9618,-89.104,2025-05-21,Tzucacab,"Bovino de 6 días de edad con miasis en	región umbilical.
","Bovinos (48), Perros (4), Ovinos (2), Suidos (1)",55,0
6319,157168,21.01751,-89.56914,2025-04-26,Mérida,Canino de 6 años de edad con miasis en región lumbar.,"Bovinos (48), Perros (4), Ovinos (2), Suidos (1)",55,0
6319,156468,19.9917,-89.0447,2025-04-21,Tzucacab,Bovino de 2 años de edad con miasis en región caudal.,"Bovinos (48), Perros (4), Ovinos (2), Suidos (1)",55,0
6319,156467,20.54127,-90.1289,2025-04-16,Maxcanú,"Bovino de 15 días de edad con miasis en la región umbilical.
","Bovinos (48), Perros (4), Ovinos (2), Suidos (1)",55,0
6319,156014,19.94554,-88.92598,2025-04-12,Peto,Bovino de 18 años de edad con miasis en zona lateral derecha del abdomen.,"Bovinos (48), Perros (4), Ovinos (2), Suidos (1)",55,0
6319,156015,19.78845,-89.0472,2025-04-09,José María Morelos,Ovino de 2 años de edad con miasis en zona lateral derecha del abdomen.,"Bovinos (48), Perros (4), Ovinos (2), Suidos (1)",55,0
6319,152783,19.9153,-89.1493,2025-03-05,Tzucacab,"Bovino de 6 días de edad, con presencia de miasis en la region umbilical. Las larvas se colectaron para el diagnóstico, resultando positivas a C. hominivorax por identificación taxonómica.","Bovinos (48), Perros (4), Ovinos (2), Suidos (1)",55,0
7216,182247,18.990019,-103.68439,2026-02-13,Ixtlahuacán,Se trata de un bovino de 24 meses con miasis en la región cervical.,"Bovinos (15), Perros (1), Équidos (2), Caprinos (1), Ovinos (1)",20,0
7216,182248,19.47619,-104.04822,2026-02-13,Minatitlán,Se trata de un equino de 11 meses con miasis en miembro posterior.,"Bovinos (15), Perros (1), Équidos (2), Caprinos (1), Ovinos (1)",20,0
7216,182252,18.921765,-103.73888,2026-02-16,Ixtlahuacán,Se trata de un bovino de 8 meses con miasis en la región cervical.,"Bovinos (15), Perros (1), Équidos (2), Caprinos (1), Ovinos (1)",20,0
7216,182251,18.920044,-103.89374,2026-02-15,Tecomán,Se trata de ovino de 1 año con miasis en oreja.,"Bovinos (15), Perros (1), Équidos (2), Caprinos (1), Ovinos (1)",20,0
7216,182645,19.295806,-103.751,2026-02-21,Comala,Se trata de un canino de 3 años de edad con miasis en región cervical.,"Bovinos (15), Perros (1), Équidos (2), Caprinos (1), Ovinos (1)",20,0
7216,182644,19.14012,-104.01894,2026-02-21,Armería,Se trata de un bovino de 5 años con miasis en conducto auditivo.,"Bovinos (15), Perros (1), Équidos (2), Caprinos (1), Ovinos (1)",20,0
7216,182642,18.98323,-103.95695,2026-02-21,Armería,Se trata de un bovino de 2 años de edad con miasis en belfos.,"Bovinos (15), Perros (1), Équidos (2), Caprinos (1), Ovinos (1)",20,0
7216,182640,18.709792,-103.7239,2026-02-19,Tecomán,Se trata de un equino de 8 años de edad con miasis en vulva.,"Bovinos (15), Perros (1), Équidos (2), Caprinos (1), Ovinos (1)",20,0
7216,182635,19.041574,-104.07564,2026-02-17,Manzanillo,Se trata de un bovino de un mes con miasis en ombligo.,"Bovinos (15), Perros (1), Équidos (2), Caprinos (1), Ovinos (1)",20,0
7216,182637,19.169411,-103.58391,2026-02-17,Colima,Se trata de un bovino de 4 años de edad con miasis en base de la cola.,"Bovinos (15), Perros (1), Équidos (2), Caprinos (1), Ovinos (1)",20,0
7216,182638,19.059352,-103.592777,2026-02-18,Colima,Se trata de un bovino de 1 año con miasis en miembro posterior.,"Bovinos (15), Perros (1), Équidos (2), Caprinos (1), Ovinos (1)",20,0
7216,182648,18.90242,-103.72441,2026-02-26,Tecomán,Se trata de un bovino de 3 años de edad con miasis en región cervical dorsal.,"Bovinos (15), Perros (1), Équidos (2), Caprinos (1), Ovinos (1)",20,0
7216,182647,18.99954,-103.64421,2026-02-25,Ixtlahuacán,Se trata de un bovino de 7 años de edad con miasis en glándula mamaria.,"Bovinos (15), Perros (1), Équidos (2), Caprinos (1), Ovinos (1)",20,0
7216,182646,18.99779,-103.87942,2026-02-24,Tecomán,Se trata de un bovino de 1 mes de edad con miasis en base de la oreja.,"Bovinos (15), Perros (1), Équidos (2), Caprinos (1), Ovinos (1)",20,0
7216,183803,18.887897,-103.983465,2026-02-28,Armería,Se trata de un caprino de 6 días con miasis en ombligo.,"Bovinos (15), Perros (1), Équidos (2), Caprinos (1), Ovinos (1)",20,0
7216,182649,19.068268,-104.083543,2026-02-27,Manzanillo,Se trata un bovino de 10 meses de edad con miasis en cola.,"Bovinos (15), Perros (1), Équidos (2), Caprinos (1), Ovinos (1)",20,0
7216,182245,18.999754,-103.72308,2026-02-07,Ixtlahuacán,Se trata de un bovino de 24 meses con miasis en región abdominal. ,"Bovinos (15), Perros (1), Équidos (2), Caprinos (1), Ovinos (1)",20,0
7216,182242,19.411534,-103.7563,2026-02-11,Comala,Se trata de in bovino de 15 días de edad con miasis den ombligo.,"Bovinos (15), Perros (1), Équidos (2), Caprinos (1), Ovinos (1)",20,0
7216,182241,19.183227,-104.37428,2026-02-05,Manzanillo,Se trata de un bovino de 1 mes de edad con miasis en ombligo.,"Bovinos (15), Perros (1), Équidos (2), Caprinos (1), Ovinos (1)",20,0
7216,178430,18.973903,-103.532717,2026-01-21,Colima,Bovino macho de 5 meses de edad con miasis en prepucio.,"Bovinos (15), Perros (1), Équidos (2), Caprinos (1), Ovinos (1)",20,0
680,13611,9.2442,-79.6021,2009-04-18,Colon (2005-2009),,"Bovinos (7), Perros (1), Suidos (1)",9,0
680,12181,9.3356,-79.6079,2009-04-18,Colon (2005-2009),Explotación extensiva en un ecosistema cálido y húmedo,"Bovinos (7), Perros (1), Suidos (1)",9,0
7617,191673,23.638372,-105.55062,2026-06-19,Pueblo Nuevo,Equino de 2 años de edad con miasis en miembro posterior.,"Bovinos (6), Perros (2), Équidos (2)",10,0
7617,191674,24.653567,-102.78027,2026-06-20,San Juan de Guadalupe,Equino de 15 días con miasis en oreja.,"Bovinos (6), Perros (2), Équidos (2)",10,0
7617,192085,24.466015,-103.354908,2026-06-22,Santa Clara,Bovino de 4 años de edad con miasis en vulva.,"Bovinos (6), Perros (2), Équidos (2)",10,0
7617,192086,25.93095,-105.3339,2026-06-24,El Oro,Bovino de 15 días de edad con miasis en ombligo.,"Bovinos (6), Perros (2), Équidos (2)",10,0
7617,192087,25.893356,-105.41092,2026-06-26,El Oro,Bovino de 7 años de edad con miasis en región inguinal.,"Bovinos (6), Perros (2), Équidos (2)",10,0
7617,191670,23.931806,-104.26957,2026-06-16,Nombre de Dios,Bovino de 5 días de edad con miasis en ombligo.,"Bovinos (6), Perros (2), Équidos (2)",10,0
7617,191671,23.651743,-103.941705,2026-06-18,Súchil,Canino de 2 años de edad con miasis en región cervical.,"Bovinos (6), Perros (2), Équidos (2)",10,0
7617,191672,24.522682,-104.297277,2026-06-18,Pánuco de Coronado,Bovino de 10 días de edad con miasis en ombligo.,"Bovinos (6), Perros (2), Équidos (2)",10,0
7617,190806,23.369133,-105.36281,2026-06-04,Pueblo Nuevo,"Canino de 2 años de edad con miasis en falanges.
","Bovinos (6), Perros (2), Équidos (2)",10,0
7617,191296,23.23309,-104.44663,2026-06-09,Mezquital,Bovino de 6 días de edad con miasis en ombligo.,"Bovinos (6), Perros (2), Équidos (2)",10,0
6468,161168,17.6286,-93.96048,2025-07-06,Las Choapas,"Bovino de 8 días de edad con miasis en	región umbilical.
","Bovinos (69), Perros (2), Équidos (2), Caprinos (2)",75,0
6468,161171,17.60927,-94.436065,2025-07-06,Minatitlán,"Bovino de 8 días de edad con miasis en	región umbilical.
","Bovinos (69), Perros (2), Équidos (2), Caprinos (2)",75,0
6468,161172,17.5238,-94.167695,2025-07-06,Las Choapas,"Bovino de 10 días de edad con miasis en región umbilical.
","Bovinos (69), Perros (2), Équidos (2), Caprinos (2)",75,0
6468,161166,20.78314,-98.014572,2025-07-04,Ixhuatlán de Madero,"Bovino de 1 mes de edad con miasis en	anca.
","Bovinos (69), Perros (2), Équidos (2), Caprinos (2)",75,0
6468,161165,17.38854,-94.056624,2025-07-02,Las Choapas,"Bovino de 4 años de edad con miasis en cuerno.
","Bovinos (69), Perros (2), Équidos (2), Caprinos (2)",75,0
6468,161162,17.17581,-94.216339,2025-06-30,Minatitlán,"Bovino de 15 días de edad con miasis en región umbilical.
","Bovinos (69), Perros (2), Équidos (2), Caprinos (2)",75,0
6468,160950,18.49167,-95.056623,2025-06-29,San Andrés Tuxtla,"Bovino de 4 meses de edad con miasis en miembro posterior izquierdo.
","Bovinos (69), Perros (2), Équidos (2), Caprinos (2)",75,0
6468,161159,17.2574,-94.7112,2025-06-29,Hidalgotitlán,"Bovino de 10 días de edad con miasis en región umbilical
","Bovinos (69), Perros (2), Équidos (2), Caprinos (2)",75,0
6468,161160,17.24299,-94.610537,2025-06-29,Hidalgotitlán,"Bovino de 7 años de edad con miasis en cadera.
","Bovinos (69), Perros (2), Équidos (2), Caprinos (2)",75,0
6468,161163,17.23241,-94.267199,2025-06-29,Minatitlán,"Bovino de 1 año 3 meses de edad con miasis en ojo derecho.
","Bovinos (69), Perros (2), Équidos (2), Caprinos (2)",75,0
6468,160942,17.46316,-93.805497,2025-06-28,Las Choapas,"Bovino de 6 años de edad con miasis en cuernos.
","Bovinos (69), Perros (2), Équidos (2), Caprinos (2)",75,0
6468,160947,17.42283,-93.910754,2025-06-28,Las Choapas,"Bovino de 8 días de edad con miasis en	región umbilical.
","Bovinos (69), Perros (2), Équidos (2), Caprinos (2)",75,0
6468,160948,17.95275,-94.266388,2025-06-28,Moloacán,"Bovino de 8 días de edad con miasis en región umbilical.
","Bovinos (69), Perros (2), Équidos (2), Caprinos (2)",75,0
6468,161164,17.16783,-94.096088,2025-06-28,Las Choapas,"Bovino de 6 años de edad con miasis en ubre.
","Bovinos (69), Perros (2), Équidos (2), Caprinos (2)",75,0
6468,160949,17.45768,-94.762491,2025-06-28,Hidalgotitlán,"Bovino de 15 días de edad con miasis en región umbilical.
","Bovinos (69), Perros (2), Équidos (2), Caprinos (2)",75,0
6468,161161,17.4914,-94.7611,2025-06-28,Hidalgotitlán,"Bovino de 3 meses de edad con miasis en oreja derecha.
","Bovinos (69), Perros (2), Équidos (2), Caprinos (2)",75,0
6468,160943,17.60263,-93.914318,2025-06-27,Las Choapas,"Bovino de 4 años de edad con miasis en cuerno.
","Bovinos (69), Perros (2), Équidos (2), Caprinos (2)",75,0
6468,160944,17.63163,-93.914557,2025-06-27,Las Choapas,"Bovino de 5 meses de edad con miasis en cuernos.
","Bovinos (69), Perros (2), Équidos (2), Caprinos (2)",75,0
6468,160945,17.48242,-93.938678,2025-06-27,Las Choapas,"Bovino de 4 años de edad con miasis en cuerno.
","Bovinos (69), Perros (2), Équidos (2), Caprinos (2)",75,0
6468,160946,17.4411,-93.8353,2025-06-25,Las Choapas,"Bovino de 5 años de edad con miasis en cuerno.
","Bovinos (69), Perros (2), Équidos (2), Caprinos (2)",75,0
6468,160551,17.601575,-94.196573,2025-06-24,Minatitlán,Bovino de 20 dias de edad con miasis en ombligo.,"Bovinos (69), Perros (2), Équidos (2), Caprinos (2)",75,0
6468,160552,17.493499,-93.906539,2025-06-24,Las Choapas,Bovino de 5 años de edad con miasis en cuerno abierto.,"Bovinos (69), Perros (2), Équidos (2), Caprinos (2)",75,0
6468,160550,17.620321,-93.793622,2025-06-23,Las Choapas,"Bovino de 7 dias de edad con miasis en ombligo,","Bovinos (69), Perros (2), Équidos (2), Caprinos (2)",75,0
6468,160547,17.392413,-93.821378,2025-06-22,Las Choapas,"Bovino de 15 días de edad con miasis en región umbilical.
","Bovinos (69), Perros (2), Équidos (2), Caprinos (2)",75,0
6468,160548,17.54713,-93.75698,2025-06-22,Las Choapas,"Dos bovinos de 2 años de edad con miasis en cuerno.
","Bovinos (69), Perros (2), Équidos (2), Caprinos (2)",75,0
6468,160549,17.5478,-93.825,2025-06-22,Las Choapas,"Bovino de 2 años de edad con miasis en cuerno.
","Bovinos (69), Perros (2), Équidos (2), Caprinos (2)",75,0
6468,160544,17.473893,-93.812287,2025-06-20,Las Choapas,"Bovino de 3 meses de edad con miasis en cuerno izquierdo.
","Bovinos (69), Perros (2), Équidos (2), Caprinos (2)",75,0
6468,160545,17.974089,-94.212322,2025-06-20,Moloacán,"Bovino de 10 días de edad con miasis en región umbilical.
","Bovinos (69), Perros (2), Équidos (2), Caprinos (2)",75,0
6468,160941,17.3653,-94.9465,2025-06-09,Jesús Carranza,"Bovino de 8 días de edad con miasis en	región umbilical.
","Bovinos (69), Perros (2), Équidos (2), Caprinos (2)",75,0
6468,160161,17.362389,-93.811173,2025-06-19,Las Choapas,"Bovino de 6 años de edad con miasis en cuerno izquierdo.
","Bovinos (69), Perros (2), Équidos (2), Caprinos (2)",75,0
6468,160162,17.369608,-93.831241,2025-06-19,Las Choapas,"Bovino de 4 años de edad con miasis en cuerno izquierdo.
","Bovinos (69), Perros (2), Équidos (2), Caprinos (2)",75,0
6468,160163,17.485292,-93.908184,2025-06-19,Las Choapas,"Bovino de 9 años de edad con miasis en cuerno izquierdo.
","Bovinos (69), Perros (2), Équidos (2), Caprinos (2)",75,0
6468,160160,18.0537,-94.1329,2025-06-19,Las Choapas,"Lote de 81 bovinos para abasto de carne en movilización, donde se identificó un animal de 13 meses de edad con miasis en oreja izquierda, en un punto de verificación e inspección federal (PVIF). ","Bovinos (69), Perros (2), Équidos (2), Caprinos (2)",75,0
6468,160543,17.303578,-94.754012,2025-06-19,Hidalgotitlán,"Bovino de 2 meses de edad con miasis en cuello.
","Bovinos (69), Perros (2), Équidos (2), Caprinos (2)",75,0
6468,160939,17.177265,-94.214014,2025-06-12,Minatitlán,"Bovino de 7 años	de edad con miasis en cuerno izquierdo.
","Bovinos (69), Perros (2), Équidos (2), Caprinos (2)",75,0
6468,160940,17.217391,-94.350697,2025-06-12,Minatitlán,"Bovino de 4 años de edad con miasis en cuernos.
","Bovinos (69), Perros (2), Équidos (2), Caprinos (2)",75,0
6468,160546,17.835487,-95.580842,2025-06-17,Playa Vicente,"Bovino de 5 años de edad con miasis en cuerno derecho.
","Bovinos (69), Perros (2), Équidos (2), Caprinos (2)",75,0
6468,160167,17.611307,-93.917194,2025-06-11,Las Choapas,"Bovino de 13 meses de edad con  miasis en oreja derecha.
","Bovinos (69), Perros (2), Équidos (2), Caprinos (2)",75,0
6468,160164,17.545009,-93.805652,2025-06-09,Las Choapas,"Bovino de 13 días de edad con miasis en región umbilical.
","Bovinos (69), Perros (2), Équidos (2), Caprinos (2)",75,0
6468,160166,17.474038,-93.770691,2025-06-09,Las Choapas,"Bovino de 10 días de edad con miasis en región umbilical.
","Bovinos (69), Perros (2), Équidos (2), Caprinos (2)",75,0
6468,160542,17.596427,-93.728641,2025-06-09,Las Choapas,"Bovino de 6 años de edad con maisis en cuerno.
","Bovinos (69), Perros (2), Équidos (2), Caprinos (2)",75,0
6468,159759,17.655029,-94.099469,2025-06-08,Las Choapas,"Canino de 3 años de edad con miasis en escápula Izquierda.
","Bovinos (69), Perros (2), Équidos (2), Caprinos (2)",75,0
6468,159767,17.2701,-94.3937,2025-06-08,Minatitlán,"Bovino de 1 año de edad con miasis en nuca.
","Bovinos (69), Perros (2), Équidos (2), Caprinos (2)",75,0
6468,160165,17.478115,-93.78884,2025-06-08,Las Choapas,"Bovino de 15 días de edad con maisis en región umbilical.
","Bovinos (69), Perros (2), Équidos (2), Caprinos (2)",75,0
6468,159763,17.353951,-93.759806,2025-06-07,Las Choapas,"Bovino de 6 años de edad con miasis en cuerno izquierdo.
","Bovinos (69), Perros (2), Équidos (2), Caprinos (2)",75,0
6468,159766,17.309186,-93.641998,2025-06-07,Tecpatán,"Bovino de 10 días de edad con miasis en región umbilical.
","Bovinos (69), Perros (2), Équidos (2), Caprinos (2)",75,0
6468,159760,17.37007,-94.333567,2025-06-06,Minatitlán,"Tres bovinos  de 5 años de edad,  todos con miasis en cuernos.
","Bovinos (69), Perros (2), Équidos (2), Caprinos (2)",75,0
6468,159762,17.300838,-94.747993,2025-06-06,Hidalgotitlán,"Bovino de 4 años de edad con miasis en abdomen.
","Bovinos (69), Perros (2), Équidos (2), Caprinos (2)",75,0
6468,159764,17.455856,-93.879962,2025-06-06,Las Choapas,"Bovino de 10 días de edad con miasis en región umbilical.
","Bovinos (69), Perros (2), Équidos (2), Caprinos (2)",75,0
6468,159765,17.344058,-93.759965,2025-06-06,Las Choapas,"Equino de 6 años de edad con miasis en tarso.
","Bovinos (69), Perros (2), Équidos (2), Caprinos (2)",75,0
6468,159758,18.19397,-94.15291,2025-06-05,Coatzacoalcos,"Bovino de 6 años	de edad con miasis en región vulvar.
","Bovinos (69), Perros (2), Équidos (2), Caprinos (2)",75,0
6468,159350,17.97347,-94.23103,2025-06-04,Moloacán,"Bovino de 2 años de edad con miasis en cuerno izquierdo.
","Bovinos (69), Perros (2), Équidos (2), Caprinos (2)",75,0
6468,159761,17.960028,-95.428363,2025-06-04,Juan Rodríguez Clara,,"Bovinos (69), Perros (2), Équidos (2), Caprinos (2)",75,0
6468,159347,17.29609,-93.85481,2025-06-03,Las Choapas,"Bovino de 15 días de edad con miasis en región umbilical.
","Bovinos (69), Perros (2), Équidos (2), Caprinos (2)",75,0
6468,159348,17.58376,-93.68266,2025-06-03,Huimanguillo,"Caprinos de 2 años de edad con miasis en pezuña.
","Bovinos (69), Perros (2), Équidos (2), Caprinos (2)",75,0
6468,159349,17.44289,-93.86596,2025-06-03,Las Choapas,"Bovino de 11 días de edad con miasis en región umbilical.
","Bovinos (69), Perros (2), Équidos (2), Caprinos (2)",75,0
6468,159346,17.48117,-93.83549,2025-06-01,Las Choapas,"Bovino de 6 años de edad con miasis en cuernos.
","Bovinos (69), Perros (2), Équidos (2), Caprinos (2)",75,0
6468,159757,17.247991,-94.356797,2025-06-01,Minatitlán,"Bovino de 9 años de edad con miasis en miembro posterior izquierdo.
","Bovinos (69), Perros (2), Équidos (2), Caprinos (2)",75,0
6468,159340,17.91515,-95.55823,2025-05-30,Playa Vicente,"Bovino de 18 meses de edad con miasis en jiba.
","Bovinos (69), Perros (2), Équidos (2), Caprinos (2)",75,0
6468,159345,17.40298,-94.39102,2025-05-30,Minatitlán,"Bovino de 4 años de edad con cuerno derecho.
","Bovinos (69), Perros (2), Équidos (2), Caprinos (2)",75,0
6468,159344,17.46973,-93.78207,2025-05-30,Las Choapas,"Bovino de 4 meses de edad con miasis en cuerno.
","Bovinos (69), Perros (2), Équidos (2), Caprinos (2)",75,0
6468,159341,18.13471,-94.4941,2025-05-29,Coatzacoalcos,"Canino de 1 mes de edad con miasis en	región dorsal.
","Bovinos (69), Perros (2), Équidos (2), Caprinos (2)",75,0
6468,159342,17.44019,-94.06865,2025-05-29,Las Choapas,"Caprino de 1 año de edad con miasis en	cuello.
","Bovinos (69), Perros (2), Équidos (2), Caprinos (2)",75,0
6468,159338,17.65783,-93.94373,2025-05-27,Las Choapas,"Bovino de 7 meses de edad con miasis en cuernos.
","Bovinos (69), Perros (2), Équidos (2), Caprinos (2)",75,0
6468,159339,17.43858,-93.78328,2025-05-28,Las Choapas,"Bovino de 2 meses de edad con miasis en región umbilical.
","Bovinos (69), Perros (2), Équidos (2), Caprinos (2)",75,0
6468,159343,18.0537,-94.1329,2025-05-29,Las Choapas,"Lote de 73 bovinos para abasto de carne en movilización, donde se identificó un animal de 17 meses de edad con miasis en piel, en un punto de verificación e inspección federal (PVIF). ","Bovinos (69), Perros (2), Équidos (2), Caprinos (2)",75,0
6468,158483,17.28754,-94.48508,2025-05-19,Minatitlán,"Bovino de 5 años	de edad con miasis en región peneana.
","Bovinos (69), Perros (2), Équidos (2), Caprinos (2)",75,0
6468,158484,17.43989,-95.11229,2025-05-19,Jesús Carranza,"Equino de 26 años de edad con miasis en fosa paralumbar derecha.
","Bovinos (69), Perros (2), Équidos (2), Caprinos (2)",75,0
6468,158485,17.60575,-93.93551,2025-05-17,Las Choapas,,"Bovinos (69), Perros (2), Équidos (2), Caprinos (2)",75,0
6468,158168,17.629249,-93.957481,2025-05-08,Las Choapas,"Bovino de 7 días	con miasis en región umbilical.
","Bovinos (69), Perros (2), Équidos (2), Caprinos (2)",75,0
6468,157615,18.1086,-95.45312,2025-05-07,Juan Rodríguez Clara,"Bovino de 6 años de edad con miasis en oreja izquierda.
","Bovinos (69), Perros (2), Équidos (2), Caprinos (2)",75,0
6468,157450,17.68047,-93.76788,2025-05-04,Las Choapas,Bovino de 6 dias de edad con miasis en región umbilical.,"Bovinos (69), Perros (2), Équidos (2), Caprinos (2)",75,0
6981,168685,16.9426,-99.3301,2025-11-01,Tecoanapa,Bovino hembra de 5 años de edad con miasis en ubre.,Bovinos (1),1,0
6854,165911,18.245351,-96.867363,2025-09-03,San Sebastián Tlacotepec,Bovino de 4 años con miasis en mandibula.,Bovinos (1),1,0
4552,105343,8.9477,-78.1928,2022-07-19,Kuna de Madungandí,"El animal afectado es un bovino, hembra de 8 días de nacido.  El agente se localizaba en el ombligo.",Bovinos (1),1,0
6857,187655,24.9224,-99.6925,2026-04-16,Hualahuises,Bovino de 11 días de edad con miasis en ombligo.,"Bovinos (7), Perros (3)",10,0
6857,187656,25.9184,-99.9323,2026-04-17,Marín,Bovino de 1 mes de edad con miasis en ombligo.,"Bovinos (7), Perros (3)",10,0
6857,187657,24.2499,-99.6633,2026-04-17,Aramberri,Bovino de 8 días de edad con miasis en ombligo.,"Bovinos (7), Perros (3)",10,0
6857,187322,24.32843,-99.91502,2026-04-10,Aramberri,Bovino de 7 días de edad con miasis en ombligo.,"Bovinos (7), Perros (3)",10,0
6857,187321,25.6487,-100.2743,2026-04-09,Monterrey,Canino de 11 años de edad con miasis en región nasal.,"Bovinos (7), Perros (3)",10,0
6857,186206,24.0869,-99.8084,2026-03-30,Aramberri,Canino de 5 años de edad con miasis en cabeza.,"Bovinos (7), Perros (3)",10,0
6857,185145,23.42907,-100.11856,2026-03-23,Mier y Noriega,Canino de 4 años de edad con miasis en miembro anterior.,"Bovinos (7), Perros (3)",10,0
6857,175520,25.0389,-99.76,2025-11-28,Montemorelos,Bovino de 22 meses de edad con miasis en vulva.,"Bovinos (7), Perros (3)",10,0
6857,165915,26.4219,-100.1076,2025-09-20,Sabinas Hidalgo,Bovino hembra de 8 meses de edad con miasis en oreja derecha. ,"Bovinos (7), Perros (3)",10,0
6857,165913,25.1371,-99.7796,2025-10-05,Montemorelos,"Bovino macho de 9 meses de edad con herida en prepucio, donde se identificaron larvas muertas de C. hominivorax. El animal fue tratado previo a su movilización.","Bovinos (7), Perros (3)",10,0
6349,162573,17.28191,-88.83561,2025-07-09,Cayo,2-year-old pig.,"Mono carayá negro (2), Gatos (1), Bovinos (36), Perros (37), Équidos (10), Caprinos (2), Ovinos (6), Suidos (7)",101,0
6349,162574,17.12238,-89.05407,2025-07-09,Cayo,Bovine with NWS Myiasis in the ear. ,"Mono carayá negro (2), Gatos (1), Bovinos (36), Perros (37), Équidos (10), Caprinos (2), Ovinos (6), Suidos (7)",101,0
6349,162575,17.11695,-88.99738,2025-07-09,Cayo,2-year-old bovine NWS Myiasis on the right side of the abdomen.,"Mono carayá negro (2), Gatos (1), Bovinos (36), Perros (37), Équidos (10), Caprinos (2), Ovinos (6), Suidos (7)",101,0
6349,162576,17.13442,-88.75668,2025-07-09,Cayo,"3-day-old bovine calf and a 3-year-old adult with umbilical and vulvar myiasis, respectively. ","Mono carayá negro (2), Gatos (1), Bovinos (36), Perros (37), Équidos (10), Caprinos (2), Ovinos (6), Suidos (7)",101,0
6349,162577,17.0832,-89.01339,2025-07-09,Cayo,"1-year-old sheep, NWS Myiasis in the right ear.","Mono carayá negro (2), Gatos (1), Bovinos (36), Perros (37), Équidos (10), Caprinos (2), Ovinos (6), Suidos (7)",101,0
6349,162578,17.07419,-89.1318,2025-07-09,Cayo,Canine with NWS myiasis on the right front paw. ,"Mono carayá negro (2), Gatos (1), Bovinos (36), Perros (37), Équidos (10), Caprinos (2), Ovinos (6), Suidos (7)",101,0
6349,162579,17.17977,-88.77323,2025-07-18,Cayo,Sheep with NWS myiasis in the ear. ,"Mono carayá negro (2), Gatos (1), Bovinos (36), Perros (37), Équidos (10), Caprinos (2), Ovinos (6), Suidos (7)",101,0
6349,162582,17.2316,-88.84569,2025-07-18,Cayo,2-week-old sheep with NWS lesion on the umbilicus and paw. ,"Mono carayá negro (2), Gatos (1), Bovinos (36), Perros (37), Équidos (10), Caprinos (2), Ovinos (6), Suidos (7)",101,0
6349,162583,17.17582,-89.0559,2025-07-18,Cayo,3-year-old dog ,"Mono carayá negro (2), Gatos (1), Bovinos (36), Perros (37), Équidos (10), Caprinos (2), Ovinos (6), Suidos (7)",101,0
6349,162584,17.13593,-89.07476,2025-07-18,Cayo,9-year-old Canine with NWS myiasis in the ear canal. ,"Mono carayá negro (2), Gatos (1), Bovinos (36), Perros (37), Équidos (10), Caprinos (2), Ovinos (6), Suidos (7)",101,0
6349,162585,17.07544,-89.02258,2025-07-18,Cayo,4-year-old cow with NWS on the vulva. ,"Mono carayá negro (2), Gatos (1), Bovinos (36), Perros (37), Équidos (10), Caprinos (2), Ovinos (6), Suidos (7)",101,0
6349,162586,17.25894,-88.80223,2025-07-18,Cayo,Canine with NWS myiasis on the tail. ,"Mono carayá negro (2), Gatos (1), Bovinos (36), Perros (37), Équidos (10), Caprinos (2), Ovinos (6), Suidos (7)",101,0
6349,162587,17.21206,-88.84932,2025-07-18,Cayo,2-year-old canine with NWS myiasis on the back. ,"Mono carayá negro (2), Gatos (1), Bovinos (36), Perros (37), Équidos (10), Caprinos (2), Ovinos (6), Suidos (7)",101,0
6349,162588,17.17668,-89.06128,2025-07-18,Cayo,8-year-old dog. ,"Mono carayá negro (2), Gatos (1), Bovinos (36), Perros (37), Équidos (10), Caprinos (2), Ovinos (6), Suidos (7)",101,0
6349,162589,17.17065,-89.11577,2025-07-18,Cayo,13-year-old canine with NWS myiasis on the left ear. ,"Mono carayá negro (2), Gatos (1), Bovinos (36), Perros (37), Équidos (10), Caprinos (2), Ovinos (6), Suidos (7)",101,0
6349,162590,17.21198,-88.85117,2025-07-24,Cayo,12-year-old canine with NWS lesions on the ear and neck. ,"Mono carayá negro (2), Gatos (1), Bovinos (36), Perros (37), Équidos (10), Caprinos (2), Ovinos (6), Suidos (7)",101,0
6349,162591,17.09188,-89.12322,2025-07-24,Cayo,4-year-old canine with NWS myiasis on the nose.,"Mono carayá negro (2), Gatos (1), Bovinos (36), Perros (37), Équidos (10), Caprinos (2), Ovinos (6), Suidos (7)",101,0
6349,162592,17.25234,-88.75992,2025-07-24,Cayo,11-year-old canine,"Mono carayá negro (2), Gatos (1), Bovinos (36), Perros (37), Équidos (10), Caprinos (2), Ovinos (6), Suidos (7)",101,0
6349,162593,17.24094,-88.77051,2025-07-24,Cayo,1-year-old dog. ,"Mono carayá negro (2), Gatos (1), Bovinos (36), Perros (37), Équidos (10), Caprinos (2), Ovinos (6), Suidos (7)",101,0
6349,162594,17.15406,-89.07736,2025-07-24,Cayo,2-year-old canine ,"Mono carayá negro (2), Gatos (1), Bovinos (36), Perros (37), Équidos (10), Caprinos (2), Ovinos (6), Suidos (7)",101,0
6349,162595,17.21381,-88.84816,2025-07-24,Cayo,1-year-old horse with NWS myiasis on the left ear. ,"Mono carayá negro (2), Gatos (1), Bovinos (36), Perros (37), Équidos (10), Caprinos (2), Ovinos (6), Suidos (7)",101,0
6349,162596,17.25773,-88.81052,2025-07-24,Cayo,2-year-old dog with NWS lesion on the right shoulder. ,"Mono carayá negro (2), Gatos (1), Bovinos (36), Perros (37), Équidos (10), Caprinos (2), Ovinos (6), Suidos (7)",101,0
6349,162597,17.18174,-88.98189,2025-07-29,Cayo,Two howler monkeys (Alouatta caraya) with NWS lesions on the face and the ankle. ,"Mono carayá negro (2), Gatos (1), Bovinos (36), Perros (37), Équidos (10), Caprinos (2), Ovinos (6), Suidos (7)",101,0
6349,162598,17.21453,-88.93219,2025-07-30,Cayo, 2-year-old canine with NWS lesion on the right side of the thorax. ,"Mono carayá negro (2), Gatos (1), Bovinos (36), Perros (37), Équidos (10), Caprinos (2), Ovinos (6), Suidos (7)",101,0
6349,162599,17.1791,-89.08291,2025-07-30,Cayo,4-year-old pig with NWS myiasis in the mouth. ,"Mono carayá negro (2), Gatos (1), Bovinos (36), Perros (37), Équidos (10), Caprinos (2), Ovinos (6), Suidos (7)",101,0
6349,162564,17.2629,-88.80994,2025-07-09,Cayo,2-week-old bovine calf with Umbilical NWS lesion. ,"Mono carayá negro (2), Gatos (1), Bovinos (36), Perros (37), Équidos (10), Caprinos (2), Ovinos (6), Suidos (7)",101,0
6349,162562,17.15483,-89.13301,2025-07-09,Cayo,8 months old sheep.,"Mono carayá negro (2), Gatos (1), Bovinos (36), Perros (37), Équidos (10), Caprinos (2), Ovinos (6), Suidos (7)",101,0
6349,160374,17.32308,-88.83857,2025-06-10,Cayo,2-year-old caprine with NWS myiasis lesion in the interdigital space of the right hind limb.,"Mono carayá negro (2), Gatos (1), Bovinos (36), Perros (37), Équidos (10), Caprinos (2), Ovinos (6), Suidos (7)",101,0
6349,160375,17.09977,-89.12667,2025-06-10,Cayo,,"Mono carayá negro (2), Gatos (1), Bovinos (36), Perros (37), Équidos (10), Caprinos (2), Ovinos (6), Suidos (7)",101,0
6349,160376,17.34559,-88.69485,2025-06-10,Cayo,6 year old bovine with NWS myiasis lesion on the muzzle ,"Mono carayá negro (2), Gatos (1), Bovinos (36), Perros (37), Équidos (10), Caprinos (2), Ovinos (6), Suidos (7)",101,0
6349,160377,17.25781,-88.76197,2025-06-10,Cayo, 2-year-old canine with NWS myiasis lesion on its back. ,"Mono carayá negro (2), Gatos (1), Bovinos (36), Perros (37), Équidos (10), Caprinos (2), Ovinos (6), Suidos (7)",101,0
6349,160378,17.08222,-89.11227,2025-06-12,Cayo,18 month old pig with NWS myiasis lesion on the left shoulder.,"Mono carayá negro (2), Gatos (1), Bovinos (36), Perros (37), Équidos (10), Caprinos (2), Ovinos (6), Suidos (7)",101,0
6349,160379,17.19702,-89.05503,2025-06-12,Cayo,3 week old bovine calf with NWS myiasis lesion in the umbilicus ,"Mono carayá negro (2), Gatos (1), Bovinos (36), Perros (37), Équidos (10), Caprinos (2), Ovinos (6), Suidos (7)",101,0
6349,160380,17.1113,-88.94397,2025-06-12,Cayo,Seven (7) bovines infested with NWS myiasis. Ages 2 months to 4 months. 6 of the calves with lesions caused by ear tag and 1 with lesion in the umbilicus.,"Mono carayá negro (2), Gatos (1), Bovinos (36), Perros (37), Équidos (10), Caprinos (2), Ovinos (6), Suidos (7)",101,0
6349,160382,17.17896,-89.08113,2025-06-13,Cayo,2 year old pig with NWS Myiasis lesion in the anus. ,"Mono carayá negro (2), Gatos (1), Bovinos (36), Perros (37), Équidos (10), Caprinos (2), Ovinos (6), Suidos (7)",101,0
6349,160381,17.23426,-88.83708,2025-06-12,Cayo,Dog with NWS myiasis lesion on upper part of the tail.,"Mono carayá negro (2), Gatos (1), Bovinos (36), Perros (37), Équidos (10), Caprinos (2), Ovinos (6), Suidos (7)",101,0
6349,161006,17.18044,-89.03628,2025-06-19,Cayo,1-year-old horse with NWS myiasis on the left hind limb.,"Mono carayá negro (2), Gatos (1), Bovinos (36), Perros (37), Équidos (10), Caprinos (2), Ovinos (6), Suidos (7)",101,0
6349,161007,17.10258,-88.68042,2025-06-25,Cayo,3-year-old bovine with NWS myiasis lesion on the tail.,"Mono carayá negro (2), Gatos (1), Bovinos (36), Perros (37), Équidos (10), Caprinos (2), Ovinos (6), Suidos (7)",101,0
6349,161008,17.09807,-89.12274,2025-06-25,Cayo,14-month-old caprine ,"Mono carayá negro (2), Gatos (1), Bovinos (36), Perros (37), Équidos (10), Caprinos (2), Ovinos (6), Suidos (7)",101,0
6349,161010,17.13087,-89.0798,2025-06-30,Cayo,16-year-old canine ,"Mono carayá negro (2), Gatos (1), Bovinos (36), Perros (37), Équidos (10), Caprinos (2), Ovinos (6), Suidos (7)",101,0
6349,161012,17.18423,-88.81852,2025-06-30,Cayo,5-year-old bovine with NWS myiasis on the right ear. ,"Mono carayá negro (2), Gatos (1), Bovinos (36), Perros (37), Équidos (10), Caprinos (2), Ovinos (6), Suidos (7)",101,0
6349,161011,17.34559,-88.69485,2025-06-30,Cayo,8-year-old bovine with NWS myiasis on the muzzle.,"Mono carayá negro (2), Gatos (1), Bovinos (36), Perros (37), Équidos (10), Caprinos (2), Ovinos (6), Suidos (7)",101,0
6349,161013,17.19467,-88.8595,2025-06-30,Cayo,2-year-old porcine with NWS myiasis lesion in the vulvar area. ,"Mono carayá negro (2), Gatos (1), Bovinos (36), Perros (37), Équidos (10), Caprinos (2), Ovinos (6), Suidos (7)",101,0
6349,161083,17.17235,-88.76566,2025-07-02,Cayo,8-year-old dog with NWS myiasis lesion on the left side of the abdomen. ,"Mono carayá negro (2), Gatos (1), Bovinos (36), Perros (37), Équidos (10), Caprinos (2), Ovinos (6), Suidos (7)",101,0
6349,161084,17.33751,-88.83044,2025-07-02,Cayo,3-year-old dog with NWS myiasis on the right side of the neck. ,"Mono carayá negro (2), Gatos (1), Bovinos (36), Perros (37), Équidos (10), Caprinos (2), Ovinos (6), Suidos (7)",101,0
6349,161085,17.11582,-88.96378,2025-07-02,Cayo,8-year-old dog with NWS myiasis lesion on the right rear limb. ,"Mono carayá negro (2), Gatos (1), Bovinos (36), Perros (37), Équidos (10), Caprinos (2), Ovinos (6), Suidos (7)",101,0
6349,161086,17.15148,-89.10456,2025-07-02,Cayo,5-month-old ovine with NWS myiasis on the neck. ,"Mono carayá negro (2), Gatos (1), Bovinos (36), Perros (37), Équidos (10), Caprinos (2), Ovinos (6), Suidos (7)",101,0
6349,161087,17.14627,-88.76389,2025-07-02,Cayo,10-day-old bovine calf with NWS myiasis lesion in the umbilicus.,"Mono carayá negro (2), Gatos (1), Bovinos (36), Perros (37), Équidos (10), Caprinos (2), Ovinos (6), Suidos (7)",101,0
6349,161090,17.18258,-88.88759,2025-07-02,Cayo,3-week-old bovine calf with umbilical NWS myiasis. ,"Mono carayá negro (2), Gatos (1), Bovinos (36), Perros (37), Équidos (10), Caprinos (2), Ovinos (6), Suidos (7)",101,0
6349,161091,17.07026,-89.14274,2025-07-02,Cayo,2-year-old canine with bite wounds in the forehead and infested with NWS myiasis.  ,"Mono carayá negro (2), Gatos (1), Bovinos (36), Perros (37), Équidos (10), Caprinos (2), Ovinos (6), Suidos (7)",101,0
6349,161093,17.18465,-89.09293,2025-07-04,Cayo,8-day-old calf with NWS myiasis lesion in the umbilicus. ,"Mono carayá negro (2), Gatos (1), Bovinos (36), Perros (37), Équidos (10), Caprinos (2), Ovinos (6), Suidos (7)",101,0
6349,160373,17.21143,-88.8494,2025-06-06,Cayo,Cat with NWS myiasis lesion on the left side of the jaw.,"Mono carayá negro (2), Gatos (1), Bovinos (36), Perros (37), Équidos (10), Caprinos (2), Ovinos (6), Suidos (7)",101,0
6349,160372,17.11769,-88.96414,2025-06-06,Cayo,2 year old dog with NWS myiasis lesion in the region of the zygomatic bone.,"Mono carayá negro (2), Gatos (1), Bovinos (36), Perros (37), Équidos (10), Caprinos (2), Ovinos (6), Suidos (7)",101,0
6349,160371,17.23333,-88.7648,2025-06-06,Cayo,9-year-old dog with NWS myiasis lesion on its penis. ,"Mono carayá negro (2), Gatos (1), Bovinos (36), Perros (37), Équidos (10), Caprinos (2), Ovinos (6), Suidos (7)",101,0
6349,160370,17.07593,-89.1338,2025-06-03,Cayo,7-year-old canine with NWS myiasis lesion on the left ear. ,"Mono carayá negro (2), Gatos (1), Bovinos (36), Perros (37), Équidos (10), Caprinos (2), Ovinos (6), Suidos (7)",101,0
6349,160369,17.15208,-89.07271,2025-05-29,Cayo,4 year old horse with NWS myiasis lesion on the face. ,"Mono carayá negro (2), Gatos (1), Bovinos (36), Perros (37), Équidos (10), Caprinos (2), Ovinos (6), Suidos (7)",101,0
6349,160368,17.20832,-88.84773,2025-05-29,Cayo,2-year-old ovine with NWS myiasis on the left hind leg.,"Mono carayá negro (2), Gatos (1), Bovinos (36), Perros (37), Équidos (10), Caprinos (2), Ovinos (6), Suidos (7)",101,0
6349,160367,17.1616,-89.05361,2025-05-29,Cayo,14 months old canine with NWS myiasis lesion on its testicles.,"Mono carayá negro (2), Gatos (1), Bovinos (36), Perros (37), Équidos (10), Caprinos (2), Ovinos (6), Suidos (7)",101,0
6349,160366,17.25422,-88.76939,2025-05-29,Cayo,Canine with bite wound infested with NWS myiasis. ,"Mono carayá negro (2), Gatos (1), Bovinos (36), Perros (37), Équidos (10), Caprinos (2), Ovinos (6), Suidos (7)",101,0
6349,160364,17.17047,-89.13038,2025-05-23,Cayo,9 year old canine with NWS Myiasis lesion on the left hind leg.,"Mono carayá negro (2), Gatos (1), Bovinos (36), Perros (37), Équidos (10), Caprinos (2), Ovinos (6), Suidos (7)",101,0
6349,160365,17.14732,-88.81103,2025-05-29,Cayo,2-year-old horse with NWS myiasis lesion on the chest. ,"Mono carayá negro (2), Gatos (1), Bovinos (36), Perros (37), Équidos (10), Caprinos (2), Ovinos (6), Suidos (7)",101,0
6349,160363,17.22176,-88.67532,2025-05-23,Cayo,4-year-old equine with NWS myiasis lesion in the right inner ear. ,"Mono carayá negro (2), Gatos (1), Bovinos (36), Perros (37), Équidos (10), Caprinos (2), Ovinos (6), Suidos (7)",101,0
6349,158627,17.18961,-89.07391,2025-05-16,Cayo,8-year-old bovine with NWS myiasis lesion in the mouth. ,"Mono carayá negro (2), Gatos (1), Bovinos (36), Perros (37), Équidos (10), Caprinos (2), Ovinos (6), Suidos (7)",101,0
6349,158626,17.2574,-88.82861,2025-05-16,Cayo,7-day-old and 20-day-old bovine calves with umbilical NWS myiasis lesions. ,"Mono carayá negro (2), Gatos (1), Bovinos (36), Perros (37), Équidos (10), Caprinos (2), Ovinos (6), Suidos (7)",101,0
6349,158625,17.10542,-89.12759,2025-05-15,Cayo,3-year-old dog with NWS myiasis lesion on the neck. ,"Mono carayá negro (2), Gatos (1), Bovinos (36), Perros (37), Équidos (10), Caprinos (2), Ovinos (6), Suidos (7)",101,0
6349,158307,17.22429,-88.92667,2025-05-02,Cayo,Horse with NWS myiasis lesion on the neck. ,"Mono carayá negro (2), Gatos (1), Bovinos (36), Perros (37), Équidos (10), Caprinos (2), Ovinos (6), Suidos (7)",101,0
6349,158306,17.07593,-89.13379,2025-05-02,Cayo,Canine with NWS myiasis lesion on the face. ,"Mono carayá negro (2), Gatos (1), Bovinos (36), Perros (37), Équidos (10), Caprinos (2), Ovinos (6), Suidos (7)",101,0
6349,158311,16.94619,-89.06564,2025-05-09,Cayo,"A one-year-old dog with a New World screwworm (NWS) myiasis lesion on the lower back, and an eight-day-old calf with umbilical myiasis.
","Mono carayá negro (2), Gatos (1), Bovinos (36), Perros (37), Équidos (10), Caprinos (2), Ovinos (6), Suidos (7)",101,0
6349,158310,17.33109,-88.83754,2025-05-08,Cayo,5 year old canine with NWS myiasis lesion below the rectum.,"Mono carayá negro (2), Gatos (1), Bovinos (36), Perros (37), Équidos (10), Caprinos (2), Ovinos (6), Suidos (7)",101,0
6349,158309,17.17454,-89.07487,2025-05-05,Cayo,4-year-old pig with NWS myiasis lesion on the right rump,"Mono carayá negro (2), Gatos (1), Bovinos (36), Perros (37), Équidos (10), Caprinos (2), Ovinos (6), Suidos (7)",101,0
6349,158308,17.32252,-89.07717,2025-05-02,Cayo,2 week old bovine calf with NWS myiasis lesion in the umbilicus ,"Mono carayá negro (2), Gatos (1), Bovinos (36), Perros (37), Équidos (10), Caprinos (2), Ovinos (6), Suidos (7)",101,0
6349,158305,17.1557,-89.06572,2025-04-29,Cayo,11-year-old dog with NWS myiasis lesion on the left ear. ,"Mono carayá negro (2), Gatos (1), Bovinos (36), Perros (37), Équidos (10), Caprinos (2), Ovinos (6), Suidos (7)",101,0
6349,158304,17.18948,-89.00252,2025-04-29,Cayo,7-month-old bovine with NWS myiasis lesion located on a brand on the right shoulder. ,"Mono carayá negro (2), Gatos (1), Bovinos (36), Perros (37), Équidos (10), Caprinos (2), Ovinos (6), Suidos (7)",101,0
6349,158303,17.1138,-88.61432,2025-04-18,Cayo,6-day-old bovine calf with NWS myiasis lesion in the umbilicus. ,"Mono carayá negro (2), Gatos (1), Bovinos (36), Perros (37), Équidos (10), Caprinos (2), Ovinos (6), Suidos (7)",101,0
6349,156703,17.26933,-88.84459,2025-04-15,Cayo,2-year-old dog with NWS myiasis lesion on the left eye. ,"Mono carayá negro (2), Gatos (1), Bovinos (36), Perros (37), Équidos (10), Caprinos (2), Ovinos (6), Suidos (7)",101,0
6349,156702,17.15041,-89.07957,2025-04-14,Cayo,12 year old dog with NWS myiasis lesion on the left buccal region.,"Mono carayá negro (2), Gatos (1), Bovinos (36), Perros (37), Équidos (10), Caprinos (2), Ovinos (6), Suidos (7)",101,0
6349,156701,17.18694,-88.85564,2025-04-11,Cayo,8-year-old bovine with NWS myiasis lesion in the right periorbital area. ,"Mono carayá negro (2), Gatos (1), Bovinos (36), Perros (37), Équidos (10), Caprinos (2), Ovinos (6), Suidos (7)",101,0
6349,156700,17.17118,-88.81153,2025-04-10,Cayo,3-year-old bovine with NWS Myiasis lesion on the base of the horn. ,"Mono carayá negro (2), Gatos (1), Bovinos (36), Perros (37), Équidos (10), Caprinos (2), Ovinos (6), Suidos (7)",101,0
6349,155395,16.90347,-89.07941,2025-04-02,Cayo,2-week-old bovine calf with NWS myiasis in the umbilicus. ,"Mono carayá negro (2), Gatos (1), Bovinos (36), Perros (37), Équidos (10), Caprinos (2), Ovinos (6), Suidos (7)",101,0
6349,155394,17.2589,-88.80223,2025-04-04,Cayo, 2-year-old canine with NWS myiasis in the upper palate.,"Mono carayá negro (2), Gatos (1), Bovinos (36), Perros (37), Équidos (10), Caprinos (2), Ovinos (6), Suidos (7)",101,0
6349,155393,17.17544,-89.07444,2025-04-03,Cayo,8-year-old horse with NWS myiasis lesion on the right elbow. ,"Mono carayá negro (2), Gatos (1), Bovinos (36), Perros (37), Équidos (10), Caprinos (2), Ovinos (6), Suidos (7)",101,0
6349,155392,17.27294,-88.70585,2025-04-03,Cayo,8-year-old horse with NWS Myiasis lesion on left front hoof. ,"Mono carayá negro (2), Gatos (1), Bovinos (36), Perros (37), Équidos (10), Caprinos (2), Ovinos (6), Suidos (7)",101,0
6349,155390,17.262,-88.8089,2025-03-28,Cayo, 2-year-old canine with NWS myiasis on an ingrown nail on Right P1. ,"Mono carayá negro (2), Gatos (1), Bovinos (36), Perros (37), Équidos (10), Caprinos (2), Ovinos (6), Suidos (7)",101,0
6349,155391,17.16739,-89.00237,2025-03-28,Cayo,,"Mono carayá negro (2), Gatos (1), Bovinos (36), Perros (37), Équidos (10), Caprinos (2), Ovinos (6), Suidos (7)",101,0
6349,155389,17.19614,-89.00855,2025-03-25,Cayo,6-day-old bovine calf with NWS myiasis in the umbilicus.,"Mono carayá negro (2), Gatos (1), Bovinos (36), Perros (37), Équidos (10), Caprinos (2), Ovinos (6), Suidos (7)",101,0
6349,155388,17.06565,-89.07447,2025-03-24,Cayo,8 year old horse with NWS myiasis in the perineum. ,"Mono carayá negro (2), Gatos (1), Bovinos (36), Perros (37), Équidos (10), Caprinos (2), Ovinos (6), Suidos (7)",101,0
6349,155387,17.27357,-88.71641,2025-03-22,Cayo,11-year-old canine with NWS Myiasis in the right ear. ,"Mono carayá negro (2), Gatos (1), Bovinos (36), Perros (37), Équidos (10), Caprinos (2), Ovinos (6), Suidos (7)",101,0
6349,155386,17.10303,-89.07277,2025-03-18,Cayo,13-year-old horse with NWS myiasis lesion on the left eye. ,"Mono carayá negro (2), Gatos (1), Bovinos (36), Perros (37), Équidos (10), Caprinos (2), Ovinos (6), Suidos (7)",101,0
6349,153516,17.3463,-88.69706,2025-03-10,Cayo,Three-and-a- half-year- old bovine with NWS cutaneous myiasis on the base of the horn. ,"Mono carayá negro (2), Gatos (1), Bovinos (36), Perros (37), Équidos (10), Caprinos (2), Ovinos (6), Suidos (7)",101,0
6349,153517,16.91626,-89.07448,2025-03-10,Cayo,Cutaneous myiasis on hoof of left forelimb of a five-year-old bovine and on left hindlimb of a four-year-old bovine. ,"Mono carayá negro (2), Gatos (1), Bovinos (36), Perros (37), Équidos (10), Caprinos (2), Ovinos (6), Suidos (7)",101,0
6350,163592,18.06945,-88.55912,2025-07-25,Orange Walk,10 year old dog with NWS myiasis lesion in the back. ,"Bovinos (3), Perros (1), Équidos (1), Suidos (1)",6,0
6350,163593,18.02537,-88.68339,2025-07-30,Orange Walk,10 year old horse with NWS lesion on the right leg ,"Bovinos (3), Perros (1), Équidos (1), Suidos (1)",6,0
6350,160385,17.57111,-89.05144,2025-06-12,Orange Walk, Three-week-old piglet with NWS myiasis lesion in the scrotum as a result of castration. ,"Bovinos (3), Perros (1), Équidos (1), Suidos (1)",6,0
6350,153518,17.75914,-88.66404,2025-03-14,Orange Walk,8-day-old calf with NWS myiasis in umbilicus.,"Bovinos (3), Perros (1), Équidos (1), Suidos (1)",6,0
6350,155396,18.04561,-88.65881,2025-03-24,Orange Walk,14-day-old bovine calf with NWS myiasis in the umbilicus. ,"Bovinos (3), Perros (1), Équidos (1), Suidos (1)",6,0
6350,160384,18.03716,-88.58374,2025-06-06,Orange Walk,Two-week-old bovine with NWS myiasis lesion in the umbilicus.,"Bovinos (3), Perros (1), Équidos (1), Suidos (1)",6,0
3792,88104,8.88369,-78.29173,2021-07-18,Tortí,"Bovino, descorne no curado.","Aves (0), Bovinos (6), Perros (0), Équidos (0), Suidos (0)",6,0
3792,88103,8.92438,-78.254309,2021-07-15,Tortí,"Dos bovinos un adulto, descorne no curado; un becerro recién nacido, ombligo no curado.","Aves (0), Bovinos (6), Perros (0), Équidos (0), Suidos (0)",6,0
3792,88102,8.9886,-78.1625,2021-07-09,Kuna de Madungandí,"Bovino, adulto, 1 muestra colectada de lesión cutánea.","Aves (0), Bovinos (6), Perros (0), Équidos (0), Suidos (0)",6,0
3792,87785,8.8762,-78.2903,2021-06-29,Tortí,"Bovino, hembra, 10 años, descorne, herida no curada","Aves (0), Bovinos (6), Perros (0), Équidos (0), Suidos (0)",6,0
3792,87198,8.8925,-78.296,2021-06-29,Tortí,"Bovino, 7 días de nacido, ombligo sin tratamiento.","Aves (0), Bovinos (6), Perros (0), Équidos (0), Suidos (0)",6,0
7001,183300,19.259308,-103.412908,2026-02-17,Pihuamo,Se trata de un ovino de 1 año con miasis en la región cervical.,"Bovinos (10), Ovinos (1)",11,0
7001,183301,19.437603,-103.304782,2026-02-18,Tecalitlán,Se trata de un bovino de 4 días de edad con miasis en ombligo.,"Bovinos (10), Ovinos (1)",11,0
7001,183302,19.384608,-104.514578,2026-02-18,Cuautitlán de García Barragán,Se trata de un bovino de 15 años de edad con miasis en región costal.,"Bovinos (10), Ovinos (1)",11,0
7001,183303,19.047367,-103.43189,2026-02-21,Pihuamo,Se trata de un bovino de 3 años de edad con miasis en región cervical.,"Bovinos (10), Ovinos (1)",11,0
7001,183305,21.49054,-102.17609,2026-02-22,Encarnación de Díaz,Se trata de un bovino de 13 meses de edad con miasis en oreja.,"Bovinos (10), Ovinos (1)",11,0
7001,183306,19.456366,-103.25884,2026-02-25,Tecalitlán,Se trata de un bovino de 5 años de edad con miasis en vulva.,"Bovinos (10), Ovinos (1)",11,0
7001,183299,19.602439,-102.91239,2026-02-10,Santa María del Oro,Se trata de un bovino de 8 días de edad con miasis en ombligo.,"Bovinos (10), Ovinos (1)",11,0
7001,183309,19.452314,-104.448396,2026-02-28,Cuautitlán de García Barragán,Se trata de un bovino de 10 años de edad con miasis en vulva.,"Bovinos (10), Ovinos (1)",11,0
7001,183308,19.30318,-102.875517,2026-02-28,Jilotlán de los Dolores,Se trata de un bovino de 6 días de edad con miasis en ombligo.,"Bovinos (10), Ovinos (1)",11,0
7001,183298,19.421943,-102.982428,2026-01-27,Jilotlán de los Dolores,Se trata de un bovino de 6 días de edad con miasis en ombligo.,"Bovinos (10), Ovinos (1)",11,0
7001,169085,21.409623,-102.275255,2025-11-02,Encarnación de Díaz,Bovino hembra de 30 meses de edad con miasis en oreja.,"Bovinos (10), Ovinos (1)",11,0
6105,145266,13.7049,-87.9774,2024-12-10,Sociedad,"Se atendió notificación de bovino con presencia de miasis en el departamento de Morazán, se realizó toma de muestras confirmándose la presencia de Cochliomyia hominivorax en Red de Laboratorios Veterinarios con identificación morfológica en el laboratorio de parasitología. Se remite a laboratorio de referencia COPEG, resultado POSITIVO recibido el 13/12/2024. Se mantiene la vigilancia epidemiológica a nivel nacional, con mayor énfasis en la zona Oriente del país, se establecieron puntos de control de movimientos. Así mismo se está ejecutando un plan nacional de comunicación orientada a la prevención, control y erradicación de la enfermedad.
",Bovinos (1),1,0
7772,194749,27.110763,-108.769055,2026-08-15,Álamos,Bovino de 5 años de edad con miasis en región cervical.,"Bovinos (10), Caprinos (1)",11,0
7772,195935,26.87017,-108.85275,2026-08-27,Álamos,Bovino de 4 días con miasis en ombligo.,"Bovinos (10), Caprinos (1)",11,0
7772,195934,26.594156,-108.76234,2026-08-27,Álamos,Caprino con miasis en region esternal.,"Bovinos (10), Caprinos (1)",11,0
7772,195933,26.82717,-108.67734,2026-08-25,Álamos,Bovinos de 4 y 8 días de edad con miasis en ombligo.,"Bovinos (10), Caprinos (1)",11,0
7772,195932,27.14302,-108.80094,2026-08-24,Álamos,Bovino de 15 días con miasis en ombligo.,"Bovinos (10), Caprinos (1)",11,0
7772,195931,27.215029,-108.894875,2026-08-24,Álamos,Bovino de 10 años con miasis en región ocular.,"Bovinos (10), Caprinos (1)",11,0
7772,195930,26.815025,-108.71696,2026-08-21,Álamos,Bovino de 8 días  con miasis en ombligo.,"Bovinos (10), Caprinos (1)",11,0
7772,195929,26.847155,-108.71623,2026-08-22,Álamos,Bovino de 10 días de edad con miasis en ombligo.,"Bovinos (10), Caprinos (1)",11,0
7772,195928,26.91165,-108.66426,2026-08-22,Álamos,Bovino de 10 días de edad con miasis en ombligo.,"Bovinos (10), Caprinos (1)",11,0
7772,195927,28.33315,-108.9511,2026-08-21,Yécora,Bovino de 2 meses de edad con miasis en ombligo.,"Bovinos (10), Caprinos (1)",11,0
6495,158221,16.324274,-86.505368,2025-05-16,Roatán,,Perros (1),1,0
7519,189706,25.38935,-101.37813,2026-05-08,General Cepeda,Bovino de 16 años de edad con miasis en región anal.,"Bovinos (6), Perros (3), Caprinos (1)",10,0
7519,189704,26.5025,-101.11821,2026-05-07,Castaños,Bovino de 7 años de edad con miasis en región de la cabeza (base del cuerno).,"Bovinos (6), Perros (3), Caprinos (1)",10,0
7519,189705,24.85233,-101.09921,2026-05-07,Saltillo,Bovino de 18 meses de edad con miasis en región caudal.,"Bovinos (6), Perros (3), Caprinos (1)",10,0
7519,189224,25.453982,-100.864382,2026-05-06,Arteaga,Canino de 13 años con miasis en falanges.,"Bovinos (6), Perros (3), Caprinos (1)",10,0
7519,189223,25.10593,-100.86451,2026-05-05,Saltillo,Bovino de 3 años de edad con miasis en base del cuerno.,"Bovinos (6), Perros (3), Caprinos (1)",10,0
7519,189222,25.12218,-101.11102,2026-05-05,Saltillo,Canino de 10 años de edad con miasis en base de la cola.,"Bovinos (6), Perros (3), Caprinos (1)",10,0
7519,189220,24.68926,-101.06009,2026-05-01,Saltillo,Bovino de 5 días de edad con miasis en ombligo.,"Bovinos (6), Perros (3), Caprinos (1)",10,0
7519,189221,25.418094,-100.986527,2026-05-03,Saltillo,Canino de 13 años de edad con miasis en región costal.,"Bovinos (6), Perros (3), Caprinos (1)",10,0
7519,189219,25.24716,-100.28269,2026-05-01,Arteaga,Caprino de 7 años de edad con miasis en región axilar.,"Bovinos (6), Perros (3), Caprinos (1)",10,0
7519,188070,26.77279,-101.43359,2026-04-27,Castaños,Bovino de 11 años de edad con miasis en miembro posterior.,"Bovinos (6), Perros (3), Caprinos (1)",10,0
6113,153975,18.506536,-91.071782,2025-03-17,Carmen,"Bovino hembra de 4 años de edad, con miasis en región vulvar. Nota 22/08/2025: El número de animales vacunados se redujo a 0 después de que el país proporcionara información adicional. ","Búfalos (1), Bovinos (248), Perros (11), Équidos (20), Ovinos (8), Suidos (11)",299,0
6113,161302,20.06765,-90.272525,2025-07-10,Tenabo,"Bovino de 2 años	de edad con miasis en base de la cola.
","Búfalos (1), Bovinos (248), Perros (11), Équidos (20), Ovinos (8), Suidos (11)",299,0
6113,161296,18.02826,-90.321555,2025-07-09,Champotón,"Equino de 2 años de edad con miasis en miembro anterior derecho.
","Búfalos (1), Bovinos (248), Perros (11), Équidos (20), Ovinos (8), Suidos (11)",299,0
6113,161299,18.8802,-89.340987,2025-07-09,Hopelchén,"Bovino de 5 años de edad con miasis en ubre.
","Búfalos (1), Bovinos (248), Perros (11), Équidos (20), Ovinos (8), Suidos (11)",299,0
6113,161300,18.62958,-90.394023,2025-07-09,Champotón,"Bovino de 1 año de edad con miasis en oído izquierdo.
","Búfalos (1), Bovinos (248), Perros (11), Équidos (20), Ovinos (8), Suidos (11)",299,0
6113,161301,19.7225,-90.34646,2025-07-09,Campeche,"Bovino de 4 años de edad con miasis en ingle derecha.
","Búfalos (1), Bovinos (248), Perros (11), Équidos (20), Ovinos (8), Suidos (11)",299,0
6113,161290,19.0586,-90.415822,2025-07-08,Champotón,"Dos bovinos de 2 semanas de edad. ambos en miasis en región umbilical.
","Búfalos (1), Bovinos (248), Perros (11), Équidos (20), Ovinos (8), Suidos (11)",299,0
6113,161292,18.75464,-91.045467,2025-07-08,Carmen,"Bovino de 8 días de edad con miasis en	región umbilical.
","Búfalos (1), Bovinos (248), Perros (11), Équidos (20), Ovinos (8), Suidos (11)",299,0
6113,161294,18.40416,-89.123126,2025-07-08,Hopelchén,"bovino de 7 años de edad con miasis en región vulvar.
","Búfalos (1), Bovinos (248), Perros (11), Équidos (20), Ovinos (8), Suidos (11)",299,0
6113,161297,18.33905,-90.584837,2025-07-08,Carmen,"Bovino de 10 meses de edad con miasis en región dorsal del cuello.
","Búfalos (1), Bovinos (248), Perros (11), Équidos (20), Ovinos (8), Suidos (11)",299,0
6113,161291,19.52865,-90.511757,2025-07-07,Champotón,"Bovino de 3 años	de edad con miasis en cuerno.
","Búfalos (1), Bovinos (248), Perros (11), Équidos (20), Ovinos (8), Suidos (11)",299,0
6113,161206,18.50005,-90.22687,2025-07-07,Champotón,"Bovino de 10 días de edad con miasis en región umbilical.
","Búfalos (1), Bovinos (248), Perros (11), Équidos (20), Ovinos (8), Suidos (11)",299,0
6113,161293,19.09176,-89.337055,2025-07-07,Hopelchén,"Bovino de 5 años de edad con miasis en cuerno. Dos bovinos, uno de 8 días y otro de 5 días de edad, ambos con miasis en región umbilical.
","Búfalos (1), Bovinos (248), Perros (11), Équidos (20), Ovinos (8), Suidos (11)",299,0
6113,161295,18.85038,-90.872783,2025-07-07,Carmen,"Bovino de 4 meses de edad con  miasis en miembro anterior derecho.
","Búfalos (1), Bovinos (248), Perros (11), Équidos (20), Ovinos (8), Suidos (11)",299,0
6113,161205,17.85639,-90.322304,2025-07-04,Champotón,"Bovino de 1 año de edad con miasis en prepucio.
","Búfalos (1), Bovinos (248), Perros (11), Équidos (20), Ovinos (8), Suidos (11)",299,0
6113,161298,17.93154,-90.773485,2025-07-04,Carmen,"Bovino de 7 meses de edad con miasis en región costal izquierda.
","Búfalos (1), Bovinos (248), Perros (11), Équidos (20), Ovinos (8), Suidos (11)",299,0
6113,160753,19.39362,-89.696927,2025-07-03,Hopelchén,Bovino de 10 días con miasis en región umbilical. Equino de 5 años con miasis en corvejón izquierdo.,"Búfalos (1), Bovinos (248), Perros (11), Équidos (20), Ovinos (8), Suidos (11)",299,0
6113,160755,18.60719,-90.737462,2025-07-03,Carmen,Canino de 5 años de edad con miasis en región craneal frontal.,"Búfalos (1), Bovinos (248), Perros (11), Équidos (20), Ovinos (8), Suidos (11)",299,0
6113,161203,18.1118,-91.9893,2025-07-03,Palizada,"Bovino de 12 años de eda con miasis en cuello.
","Búfalos (1), Bovinos (248), Perros (11), Équidos (20), Ovinos (8), Suidos (11)",299,0
6113,161204,18.09425,-91.612016,2025-07-03,Carmen,"Bovino de 10 días de edad con miasis en región umbilical.
","Búfalos (1), Bovinos (248), Perros (11), Équidos (20), Ovinos (8), Suidos (11)",299,0
6113,160747,18.98463,-90.572097,2025-07-02,Carmen,Ovino de 8 años de edad con masis en cuello.,"Búfalos (1), Bovinos (248), Perros (11), Équidos (20), Ovinos (8), Suidos (11)",299,0
6113,160749,18.02519,-91.05932,2025-07-02,Carmen,Bovino de 6 años de edad con miasis en region vulvar.,"Búfalos (1), Bovinos (248), Perros (11), Équidos (20), Ovinos (8), Suidos (11)",299,0
6113,160751,18.09077,-90.711827,2025-07-01,Carmen,Canino de 8 años de edad con miasis en oreja y cabeza.,"Búfalos (1), Bovinos (248), Perros (11), Équidos (20), Ovinos (8), Suidos (11)",299,0
6113,160744,16.28221,-91.296972,2025-06-26,Las Margaritas,"Suino de 2 años de edad con miasis en cuello.
","Búfalos (1), Bovinos (248), Perros (11), Équidos (20), Ovinos (8), Suidos (11)",299,0
6113,160745,17.93154,-90.773485,2025-06-26,Carmen,"Bovino de 1 año de edad con miasis en región costal izquierda.
","Búfalos (1), Bovinos (248), Perros (11), Équidos (20), Ovinos (8), Suidos (11)",299,0
6113,160746,17.83879,-90.33489,2025-06-26,Champotón,"Bovino de 10 días de edad con miasis en región umbilical.
","Búfalos (1), Bovinos (248), Perros (11), Équidos (20), Ovinos (8), Suidos (11)",299,0
6113,160740,18.509162,-89.376287,2025-06-25,Hopelchén,"Bovino de 2 años de edad en oreja.
","Búfalos (1), Bovinos (248), Perros (11), Équidos (20), Ovinos (8), Suidos (11)",299,0
6113,160741,18.31941,-89.200578,2025-06-25,Hopelchén,"Bovino de 2 años de edad con maisis en  cuello.
","Búfalos (1), Bovinos (248), Perros (11), Équidos (20), Ovinos (8), Suidos (11)",299,0
6113,160743,20.015553,-89.830273,2025-06-25,Hopelchén,"Bovino de 5 días de edad con miasis en región umbilical.
","Búfalos (1), Bovinos (248), Perros (11), Équidos (20), Ovinos (8), Suidos (11)",299,0
6113,160582,17.856392,-90.322304,2025-06-24,Champotón,"Bovino de 1 año de edad con miasis en región umbilical.
","Búfalos (1), Bovinos (248), Perros (11), Équidos (20), Ovinos (8), Suidos (11)",299,0
6113,160742,18.31941,-89.200578,2025-06-24,Hopelchén,"Bovino de 2 semanas de edad con miasis en región umbilical.
","Búfalos (1), Bovinos (248), Perros (11), Équidos (20), Ovinos (8), Suidos (11)",299,0
6113,160576,18.215807,-89.183356,2025-06-23,Hopelchén,"Canino de 2 años de edad con miasis en cadera.
","Búfalos (1), Bovinos (248), Perros (11), Équidos (20), Ovinos (8), Suidos (11)",299,0
6113,160577,18.93264,-89.335652,2025-06-23,Hopelchén,"Bovino de 8 días de edad con miasis en	región umbilical.
","Búfalos (1), Bovinos (248), Perros (11), Équidos (20), Ovinos (8), Suidos (11)",299,0
6113,160581,19.405985,-89.642765,2025-06-23,Hopelchén,"Bovino de 10 meses de edad con miasis en codo.
","Búfalos (1), Bovinos (248), Perros (11), Équidos (20), Ovinos (8), Suidos (11)",299,0
6113,160572,17.869204,-90.931051,2025-06-20,Carmen,"Bovino de 18 meses de edad con miasis en axila derecha.
","Búfalos (1), Bovinos (248), Perros (11), Équidos (20), Ovinos (8), Suidos (11)",299,0
6113,160574,17.991733,-91.772367,2025-06-20,Palizada,"Bovino de 10 días de edad con miasis en región umbilical.
","Búfalos (1), Bovinos (248), Perros (11), Équidos (20), Ovinos (8), Suidos (11)",299,0
6113,160575,18.564123,-90.739587,2025-06-20,Carmen,"Bovino de 8 días de edad con miasis en	región umbilical.
","Búfalos (1), Bovinos (248), Perros (11), Équidos (20), Ovinos (8), Suidos (11)",299,0
6113,160078,18.250962,-89.349696,2025-06-19,Hopelchén,"Bovino de 18 meses de edad con maisis en papada.
","Búfalos (1), Bovinos (248), Perros (11), Équidos (20), Ovinos (8), Suidos (11)",299,0
6113,160079,18.818649,-89.367956,2025-06-19,Champotón,"Bovion de 6 años de edad con miasis en pabellón auricular izquierdo.
","Búfalos (1), Bovinos (248), Perros (11), Équidos (20), Ovinos (8), Suidos (11)",299,0
6113,160080,19.103288,-90.805352,2025-06-19,Champotón,"Bovino de 8 años de edad con miasis en región vulvar.
","Búfalos (1), Bovinos (248), Perros (11), Équidos (20), Ovinos (8), Suidos (11)",299,0
6113,160571,18.406427,-91.182002,2025-06-19,Carmen,"Equino de 7 años de edad con miasis en mandíbula.

","Búfalos (1), Bovinos (248), Perros (11), Équidos (20), Ovinos (8), Suidos (11)",299,0
6113,160073,17.993406,-89.213237,2025-06-18,Champotón,"Bovino de 8 días de edad con miasis en	región umbilical.
","Búfalos (1), Bovinos (248), Perros (11), Équidos (20), Ovinos (8), Suidos (11)",299,0
6113,160074,18.428605,-89.289207,2025-06-18,Hopelchén,"Bovino de 5 años de edad con miasis en oreja.
","Búfalos (1), Bovinos (248), Perros (11), Équidos (20), Ovinos (8), Suidos (11)",299,0
6113,160075,18.491121,-89.452368,2025-06-18,Champotón,"Bovino de 8 días de edad con miasis en	región umbilical.
","Búfalos (1), Bovinos (248), Perros (11), Équidos (20), Ovinos (8), Suidos (11)",299,0
6113,160076,18.121548,-89.254723,2025-06-18,Hopelchén,"Bovino de 4 años de edad con miasis en cuello.
","Búfalos (1), Bovinos (248), Perros (11), Équidos (20), Ovinos (8), Suidos (11)",299,0
6113,160077,17.857042,-90.405557,2025-06-18,Champotón,"Bovino de 8 días de edad con miasis en	región umbilical.
","Búfalos (1), Bovinos (248), Perros (11), Équidos (20), Ovinos (8), Suidos (11)",299,0
6113,160573,17.856392,-90.322304,2025-06-18,Champotón,"Bovino de 1 año de edad con miasis en prepucio.
","Búfalos (1), Bovinos (248), Perros (11), Équidos (20), Ovinos (8), Suidos (11)",299,0
6113,160067,18.132806,-91.165676,2025-06-17,Carmen,"Bovino de 7 días de edad con miasis en	región umbilical.
","Búfalos (1), Bovinos (248), Perros (11), Équidos (20), Ovinos (8), Suidos (11)",299,0
6113,160070,18.799295,-90.623708,2025-06-17,Carmen,"Bovino de 18 meses de edad con miasis en miembro posterior derecho.
","Búfalos (1), Bovinos (248), Perros (11), Équidos (20), Ovinos (8), Suidos (11)",299,0
6113,160071,18.956525,-89.240186,2025-06-17,Hopelchén,"
Bovino de 6 años de edad con miasis en pabellón auricular derecho y en codo.
","Búfalos (1), Bovinos (248), Perros (11), Équidos (20), Ovinos (8), Suidos (11)",299,0
6113,160072,18.06508,-89.146031,2025-06-17,Hopelchén,"Bovino de 5 años de edad con miasis en prepucio.
","Búfalos (1), Bovinos (248), Perros (11), Équidos (20), Ovinos (8), Suidos (11)",299,0
6113,160065,18.193476,-89.173926,2025-06-16,Hopelchén,"Bovino de 5 días de edad con miasis en	región umbilical.
","Búfalos (1), Bovinos (248), Perros (11), Équidos (20), Ovinos (8), Suidos (11)",299,0
6113,160066,18.945338,-89.309218,2025-06-16,Hopelchén,"Equino de 2 años de edad con miasis en miembro anterior izquierdo.
","Búfalos (1), Bovinos (248), Perros (11), Équidos (20), Ovinos (8), Suidos (11)",299,0
6113,160068,18.116674,-89.234489,2025-06-16,Hopelchén,"Bovino de 5 días de edad con miasis en	región umbilical.
","Búfalos (1), Bovinos (248), Perros (11), Équidos (20), Ovinos (8), Suidos (11)",299,0
6113,160579,18.663285,-92.31163,2025-06-16,Carmen,Canino de 1 año de edad con miasis en lesion por trauma.,"Búfalos (1), Bovinos (248), Perros (11), Équidos (20), Ovinos (8), Suidos (11)",299,0
6113,160580,18.660368,-92.31468,2025-06-16,Carmen,"bovino de 20 días de edad con miasis en región umbilical.
","Búfalos (1), Bovinos (248), Perros (11), Équidos (20), Ovinos (8), Suidos (11)",299,0
6113,160063,19.126638,-89.335506,2025-06-14,Hopelchén,"Bovino de 5 años de edad con miasis en región costal derecha.
","Búfalos (1), Bovinos (248), Perros (11), Équidos (20), Ovinos (8), Suidos (11)",299,0
6113,160061,18.455102,-91.146394,2025-06-13,Carmen,"Suino de 10 meses de edad con miasis en base de la cola,
","Búfalos (1), Bovinos (248), Perros (11), Équidos (20), Ovinos (8), Suidos (11)",299,0
6113,160062,18.929085,-89.329204,2025-06-13,Hopelchén,"Suino de 2 años de edad con miasis en región testícular.
","Búfalos (1), Bovinos (248), Perros (11), Équidos (20), Ovinos (8), Suidos (11)",299,0
6113,160064,18.637163,-90.342912,2025-06-13,Champotón,"Bovino de 8 años de edad con miasis en región vulvar.
","Búfalos (1), Bovinos (248), Perros (11), Équidos (20), Ovinos (8), Suidos (11)",299,0
6113,160069,20.163748,-89.98337,2025-06-13,Hecelchakán,"Bovino de 10 años de edad con miasis en región umbilical.
","Búfalos (1), Bovinos (248), Perros (11), Équidos (20), Ovinos (8), Suidos (11)",299,0
6113,159744,18.866055,-90.703952,2025-06-12,Champotón,"Bovino de 4 meses de edad con miasis en oreja izquierda.
","Búfalos (1), Bovinos (248), Perros (11), Équidos (20), Ovinos (8), Suidos (11)",299,0
6113,160060,18.455102,-91.146394,2025-06-12,Carmen,"Ovino de 4 años de edad con miasis en ojo.
","Búfalos (1), Bovinos (248), Perros (11), Équidos (20), Ovinos (8), Suidos (11)",299,0
6113,159739,19.351541,-89.569262,2025-06-11,Hopelchén,"Bovino de 8 años de edad con miasis en cuerno derecho.
","Búfalos (1), Bovinos (248), Perros (11), Équidos (20), Ovinos (8), Suidos (11)",299,0
6113,159740,18.348604,-91.166226,2025-06-11,Carmen,"Bovino de 12 meses de edad con miasis en pabellón auricular izquierdo.
","Búfalos (1), Bovinos (248), Perros (11), Équidos (20), Ovinos (8), Suidos (11)",299,0
6113,159741,18.061909,-91.665558,2025-06-11,Carmen,"Bovino de 15 días de edad con miasis en región umbilical.
","Búfalos (1), Bovinos (248), Perros (11), Équidos (20), Ovinos (8), Suidos (11)",299,0
6113,159742,18.0642,-91.219,2025-06-11,Carmen,"Bovino de 7 días de edad con miasis en	región umbilical.
","Búfalos (1), Bovinos (248), Perros (11), Équidos (20), Ovinos (8), Suidos (11)",299,0
6113,159743,18.66688,-92.31894,2025-06-11,Carmen,"Canino de 1 año de edad con miasis en cola.
","Búfalos (1), Bovinos (248), Perros (11), Équidos (20), Ovinos (8), Suidos (11)",299,0
6113,160578,17.851748,-90.494225,2025-05-23,Carmen,"Bovino de 10 días de edad con miasis en región umbilical.
","Búfalos (1), Bovinos (248), Perros (11), Équidos (20), Ovinos (8), Suidos (11)",299,0
6113,159736,19.518892,-90.692765,2025-06-09,Champotón,"Bovino de 1 mes de edad con miasis en región umbilical.
","Búfalos (1), Bovinos (248), Perros (11), Équidos (20), Ovinos (8), Suidos (11)",299,0
6113,159737,17.998434,-89.410432,2025-06-09,Champotón,"Bovino de 7 años de edad con miasis en base de la cola.
","Búfalos (1), Bovinos (248), Perros (11), Équidos (20), Ovinos (8), Suidos (11)",299,0
6113,151388,18.418938,-91.061227,2025-02-19,Carmen,"Bovino hembra de 7 años de edad, con presencia de miasis en herida en cuerno derecho. Las larvas se colectaron para el diagnóstico, resultando positivas a C. hominivorax por identificación taxonómica.","Búfalos (1), Bovinos (248), Perros (11), Équidos (20), Ovinos (8), Suidos (11)",299,0
6113,159734,18.15438,-90.70328,2025-06-06,Carmen,"Bovino de 7 días de edad con miasis en	región umbilical.
","Búfalos (1), Bovinos (248), Perros (11), Équidos (20), Ovinos (8), Suidos (11)",299,0
6113,159735,19.786983,-90.604412,2025-06-06,Campeche,"Canino de 2 años	de edad con miasis en sacrocostal.
","Búfalos (1), Bovinos (248), Perros (11), Équidos (20), Ovinos (8), Suidos (11)",299,0
6113,159738,17.979984,-89.276843,2025-06-06,Champotón,"Bovino de 40 meses de edad con miasis en oreja derecha.
","Búfalos (1), Bovinos (248), Perros (11), Équidos (20), Ovinos (8), Suidos (11)",299,0
6113,159733,18.071547,-91.129135,2025-06-06,Carmen,"Bovino de 7 años	de edad con miasis en ubre.
","Búfalos (1), Bovinos (248), Perros (11), Équidos (20), Ovinos (8), Suidos (11)",299,0
6113,159302,18.12624,-89.23221,2025-06-03,Hopelchén,"Bovino de 8 días de edad con miasis en	región umbilical.
","Búfalos (1), Bovinos (248), Perros (11), Équidos (20), Ovinos (8), Suidos (11)",299,0
6113,159299,18.90625,-89.3059,2025-05-30,Hopelchén,"Bovino de 8 días de edad con miasis en	región umbilical.
","Búfalos (1), Bovinos (248), Perros (11), Équidos (20), Ovinos (8), Suidos (11)",299,0
6113,159300,18.4551,-91.14639,2025-05-30,Carmen,"Ovino de 4 años de edad con miasis en cabeza.
","Búfalos (1), Bovinos (248), Perros (11), Équidos (20), Ovinos (8), Suidos (11)",299,0
6113,159301,19.05169,-90.84402,2025-05-30,Champotón,"Bovino de 8 años de edad con miasis en pabellón auricular izquierdo.
","Búfalos (1), Bovinos (248), Perros (11), Équidos (20), Ovinos (8), Suidos (11)",299,0
6113,159298,17.95659,-90.4826,2025-05-29,Carmen,"Bovino de 3 meses de edad con miasis en región umbilical.
","Búfalos (1), Bovinos (248), Perros (11), Équidos (20), Ovinos (8), Suidos (11)",299,0
6113,159296,19.03324,-90.82851,2025-05-28,Carmen,"Bovino de 1 semana de edad con miasis en región umbilical.
","Búfalos (1), Bovinos (248), Perros (11), Équidos (20), Ovinos (8), Suidos (11)",299,0
6113,158811,17.91892,-89.25716,2025-05-26,Champotón,Bovino de 8 dias de edad con miasis en region umbilical.,"Búfalos (1), Bovinos (248), Perros (11), Équidos (20), Ovinos (8), Suidos (11)",299,0
6113,159295,18.4551,-91.14639,2025-05-26,Carmen,"Equino de 2 años de edad con miasis en lomo.
","Búfalos (1), Bovinos (248), Perros (11), Équidos (20), Ovinos (8), Suidos (11)",299,0
6113,158810,18.40643,-91.182002,2025-05-24,Carmen,"Bovino de 8 años de edad con miasis en vientre.
","Búfalos (1), Bovinos (248), Perros (11), Équidos (20), Ovinos (8), Suidos (11)",299,0
6113,158808,17.99982,-89.215258,2025-05-23,Champotón,"Bovino de 11 días de edad con miasis en región umbilical.
","Búfalos (1), Bovinos (248), Perros (11), Équidos (20), Ovinos (8), Suidos (11)",299,0
6113,158812,18.96997,-90.82799,2025-05-23,Carmen,Bovino de 1 mes de edad con miasis en region umbilical.,"Búfalos (1), Bovinos (248), Perros (11), Équidos (20), Ovinos (8), Suidos (11)",299,0
6113,158803,19.53447,-90.676808,2025-05-22,Champotón,"Bovino de 7 años de edad con miasis en anca izquierda.
","Búfalos (1), Bovinos (248), Perros (11), Équidos (20), Ovinos (8), Suidos (11)",299,0
6113,158804,18.93919,-89.314733,2025-05-22,Hopelchén,"Bovino de 2 meses de edad con miasis en región umbilical.
","Búfalos (1), Bovinos (248), Perros (11), Équidos (20), Ovinos (8), Suidos (11)",299,0
6113,158805,17.87441,-89.158843,2025-05-22,Champotón,"Bovino de 8 días de edad con miasis en	región umbilical.
","Búfalos (1), Bovinos (248), Perros (11), Équidos (20), Ovinos (8), Suidos (11)",299,0
6113,158809,18.45829,-91.094997,2025-05-22,Carmen,"Bovino de 3 meses de edad con miasis en región umbilical.
","Búfalos (1), Bovinos (248), Perros (11), Équidos (20), Ovinos (8), Suidos (11)",299,0
6113,158475,18.64456,-90.33122,2025-05-21,Champotón,"Bovino de 8 días de edad con miasis en	región umbilical.
","Búfalos (1), Bovinos (248), Perros (11), Équidos (20), Ovinos (8), Suidos (11)",299,0
6113,158478,20.39435,-90.14355,2025-05-21,Calkiní,"Suino de 2 años de edad con miasis en cuello.
","Búfalos (1), Bovinos (248), Perros (11), Équidos (20), Ovinos (8), Suidos (11)",299,0
6113,158806,18.07155,-91.129135,2025-05-21,Carmen,"Bovino de 8 años de edad con miasis en cuerno izquierdo.
","Búfalos (1), Bovinos (248), Perros (11), Équidos (20), Ovinos (8), Suidos (11)",299,0
6113,158807,18.15438,-90.70328,2025-05-21,Carmen,"Bovino de 10 días de edad con miasis en región umbilical.
","Búfalos (1), Bovinos (248), Perros (11), Équidos (20), Ovinos (8), Suidos (11)",299,0
6113,158471,18.45582,-91.1458,2025-05-19,Carmen,"Bovino de 6 años de edad con miasis en región vulvar.
","Búfalos (1), Bovinos (248), Perros (11), Équidos (20), Ovinos (8), Suidos (11)",299,0
6113,158473,18.09146,-90.41101,2025-05-19,Champotón,"Equino de 3 años	de edad con miasis en el escroto.
","Búfalos (1), Bovinos (248), Perros (11), Équidos (20), Ovinos (8), Suidos (11)",299,0
6113,158476,18.16545,-89.21768,2025-05-20,Hopelchén,"Bovino de 1 año 7 meses de edad con miasis en el pabellón auricular derecho.
","Búfalos (1), Bovinos (248), Perros (11), Équidos (20), Ovinos (8), Suidos (11)",299,0
6113,158477,19.02823,-90.67228,2025-05-20,Champotón,"Bovino de 8 años de edad con miasis en la región vulvar.
","Búfalos (1), Bovinos (248), Perros (11), Équidos (20), Ovinos (8), Suidos (11)",299,0
6113,158474,17.96096,-89.3406,2025-05-20,Champotón,"Bovino de 13 meses de edad con miasis en la escapula izquierda.
","Búfalos (1), Bovinos (248), Perros (11), Équidos (20), Ovinos (8), Suidos (11)",299,0
6113,158472,18.09145,-90.41208,2025-05-17,Champotón,"Bovino de 8 años de edad con miasis en el cuerno derecho.
","Búfalos (1), Bovinos (248), Perros (11), Équidos (20), Ovinos (8), Suidos (11)",299,0
6113,158468,18.90224,-89.19331,2025-05-16,Hopelchén,"Bovino de 4 años de edad con miasis en flanco derecho abdominal.
","Búfalos (1), Bovinos (248), Perros (11), Équidos (20), Ovinos (8), Suidos (11)",299,0
6113,158470,17.83664,-90.31257,2025-05-16,Champotón,"Bovino de 6 años de edad con miasis en la mandíbula.
","Búfalos (1), Bovinos (248), Perros (11), Équidos (20), Ovinos (8), Suidos (11)",299,0
6113,158469,17.97239,-90.91839,2025-05-16,Carmen,"Equino de 25 años de edad con miasis en prepucio.
","Búfalos (1), Bovinos (248), Perros (11), Équidos (20), Ovinos (8), Suidos (11)",299,0
6113,158149,19.355687,-90.721253,2025-05-15,Champotón,"Canino de 2 años	de edad con miasis en cuello.
","Búfalos (1), Bovinos (248), Perros (11), Équidos (20), Ovinos (8), Suidos (11)",299,0
6113,158150,19.039953,-90.764272,2025-05-15,Champotón,"Bovino de 1 semana de edad con miasis en región umbilical
","Búfalos (1), Bovinos (248), Perros (11), Équidos (20), Ovinos (8), Suidos (11)",299,0
6113,158151,18.406427,-91.182002,2025-05-15,Carmen,"Ovino de 4 años con miasis en	fosa lagrimal derecha
","Búfalos (1), Bovinos (248), Perros (11), Équidos (20), Ovinos (8), Suidos (11)",299,0
6113,158147,18.42533,-89.88335,2025-05-14,Champotón,"Equino de 2 años de edad con miasis en miembro posterior derecho.
","Búfalos (1), Bovinos (248), Perros (11), Équidos (20), Ovinos (8), Suidos (11)",299,0
6113,158148,18.37306,-90.639443,2025-05-14,Carmen,"Bovino de 8 días de edad con miasis en región umbilical.

","Búfalos (1), Bovinos (248), Perros (11), Équidos (20), Ovinos (8), Suidos (11)",299,0
6113,158144,18.275556,-90.968653,2025-05-13,Carmen,"Bovino de 5 días de edad con miasis en	región umbilical.
","Búfalos (1), Bovinos (248), Perros (11), Équidos (20), Ovinos (8), Suidos (11)",299,0
6113,158145,18.21363,-89.18785,2025-05-13,Hopelchén,"Bovino de 11 meses de edad con misais en prepucio.
","Búfalos (1), Bovinos (248), Perros (11), Équidos (20), Ovinos (8), Suidos (11)",299,0
6113,158146,18.43301,-89.2888,2025-05-13,Hopelchén,"Bovino de 11 meses de edad con miasis en hombro derecho.
","Búfalos (1), Bovinos (248), Perros (11), Équidos (20), Ovinos (8), Suidos (11)",299,0
6113,158139,18.033618,-89.250569,2025-05-12,Champotón,Bovino de un mes de edad con lesión en el ombligo.,"Búfalos (1), Bovinos (248), Perros (11), Équidos (20), Ovinos (8), Suidos (11)",299,0
6113,158140,19.006745,-90.593682,2025-05-12,Carmen,Bovino de 8 años de edad con lesión en la vulva.,"Búfalos (1), Bovinos (248), Perros (11), Équidos (20), Ovinos (8), Suidos (11)",299,0
6113,158141,18.1365,-92.0926,2025-05-12,Palizada,"Bovino de 7 meses de edad con lesión en pabellón auricular derecho.
","Búfalos (1), Bovinos (248), Perros (11), Équidos (20), Ovinos (8), Suidos (11)",299,0
6113,158142,18.066858,-91.973806,2025-05-12,Palizada,"Equino de 7 años de edad con lesión en	axila izquierda.
","Búfalos (1), Bovinos (248), Perros (11), Équidos (20), Ovinos (8), Suidos (11)",299,0
6113,158143,18.275556,-90.968653,2025-05-12,Carmen,"Bovino de 4 años de edad con lesión en región vulvar.
","Búfalos (1), Bovinos (248), Perros (11), Équidos (20), Ovinos (8), Suidos (11)",299,0
6113,158137,19.12375,-90.265938,2025-05-09,Champotón,Suino de 3 años de edad con lesión en la región vulvar.,"Búfalos (1), Bovinos (248), Perros (11), Équidos (20), Ovinos (8), Suidos (11)",299,0
6113,158138,18.566243,-90.25638,2025-05-09,Champotón,Bovino de 8 años de edad con lesión en la vulva.,"Búfalos (1), Bovinos (248), Perros (11), Équidos (20), Ovinos (8), Suidos (11)",299,0
6113,158135,18.992422,-90.54779,2025-05-08,Carmen,Ovino de 6 meses de edad con miasis en el cuello.,"Búfalos (1), Bovinos (248), Perros (11), Équidos (20), Ovinos (8), Suidos (11)",299,0
6113,158136,18.530827,-90.242483,2025-05-08,Champotón,Bovino de 8 años de edad con lesión en región vulvar.,"Búfalos (1), Bovinos (248), Perros (11), Équidos (20), Ovinos (8), Suidos (11)",299,0
6113,157606,18.87592,-90.69731,2025-05-07,Champotón,"Bovino de 8 días de edad con miasis en región umbilical.
","Búfalos (1), Bovinos (248), Perros (11), Équidos (20), Ovinos (8), Suidos (11)",299,0
6113,157607,18.86732,-90.93834,2025-05-07,Carmen,Bovino de 1 año de edad con miasis en región umbilical.,"Búfalos (1), Bovinos (248), Perros (11), Équidos (20), Ovinos (8), Suidos (11)",299,0
6113,157611,18.195,-92.003,2025-05-07,Palizada,"Bovino de 15 días de edad con miasis en región umbilical.
","Búfalos (1), Bovinos (248), Perros (11), Équidos (20), Ovinos (8), Suidos (11)",299,0
6113,157612,18.22102,-89.16113,2025-05-07,Hopelchén,"Bovino de 7 días de edad con miasis en región umbilical.
","Búfalos (1), Bovinos (248), Perros (11), Équidos (20), Ovinos (8), Suidos (11)",299,0
6113,157602,18.4551,-91.14639,2025-05-06,Carmen,"Bovino de 6 años de edad con miasis en región vulvar.
","Búfalos (1), Bovinos (248), Perros (11), Équidos (20), Ovinos (8), Suidos (11)",299,0
6113,157603,18.91305,-89.33274,2025-05-06,Hopelchén,Bovino de 6 años de edad con miasis en cuerno derecho.,"Búfalos (1), Bovinos (248), Perros (11), Équidos (20), Ovinos (8), Suidos (11)",299,0
6113,157604,19.10692,-90.57953,2025-05-06,Champotón,"Bovino de 8 años de edad con miasis en región vulvar.
","Búfalos (1), Bovinos (248), Perros (11), Équidos (20), Ovinos (8), Suidos (11)",299,0
6113,157605,18.72361,-90.26433,2025-05-06,Champotón,Bovino de 8 días de edad con miasis en región umbilical.,"Búfalos (1), Bovinos (248), Perros (11), Équidos (20), Ovinos (8), Suidos (11)",299,0
6113,157608,18.3227,-91.21866,2025-05-06,Carmen,Bovino de 8 años de edad con miasis en ubre.,"Búfalos (1), Bovinos (248), Perros (11), Équidos (20), Ovinos (8), Suidos (11)",299,0
6113,157610,18.1444,-92.0616,2025-05-06,Palizada,"Bovino de 6 meses de edad con miasis en el pabellon auricular izquierdo.
","Búfalos (1), Bovinos (248), Perros (11), Équidos (20), Ovinos (8), Suidos (11)",299,0
6113,157609,18.06686,-91.97381,2025-05-06,Palizada,"Equino de 7 años de edad con miasis en miembro anterior derecho.
","Búfalos (1), Bovinos (248), Perros (11), Équidos (20), Ovinos (8), Suidos (11)",299,0
6113,157599,18.94352,-89.15372,2025-05-05,Hopelchén,Bovino de 8 meses de edad con miasis en oreja derecha.,"Búfalos (1), Bovinos (248), Perros (11), Équidos (20), Ovinos (8), Suidos (11)",299,0
6113,157600,18.99776,-90.53733,2025-05-05,Carmen,Bovino de 8 años de edad con miasis en región coxo-femoral.,"Búfalos (1), Bovinos (248), Perros (11), Équidos (20), Ovinos (8), Suidos (11)",299,0
6113,157601,18.60852,-90.17608,2025-05-05,Champotón,Bovino de 1 mes de edad con miasis en la cola.,"Búfalos (1), Bovinos (248), Perros (11), Équidos (20), Ovinos (8), Suidos (11)",299,0
6113,157598,18.22945,-91.80899,2025-05-03,Carmen,"Bovino de 2 semanas de edad con miasis en región umbilical.
","Búfalos (1), Bovinos (248), Perros (11), Équidos (20), Ovinos (8), Suidos (11)",299,0
6113,157590,18.34444,-90.80241,2025-05-02,Carmen,"Bovino de 8 días de edad con miasis en región umbilical.
","Búfalos (1), Bovinos (248), Perros (11), Équidos (20), Ovinos (8), Suidos (11)",299,0
6113,157591,18.23807,-90.6927,2025-05-02,Carmen,"Bovino de 4 meses de edad con miasis en región superior del cuello.
","Búfalos (1), Bovinos (248), Perros (11), Équidos (20), Ovinos (8), Suidos (11)",299,0
6113,157592,18.12029,-91.08497,2025-05-02,Carmen,"Bovino de 4 meses de edad con miasis en región superior del cuello.
","Búfalos (1), Bovinos (248), Perros (11), Équidos (20), Ovinos (8), Suidos (11)",299,0
6113,157593,17.97966,-89.21717,2025-05-02,Champotón,"Bovino de 4 días de edad con miasis en región umbilical.
","Búfalos (1), Bovinos (248), Perros (11), Équidos (20), Ovinos (8), Suidos (11)",299,0
6113,157594,17.98402,-89.21483,2025-05-02,Champotón,Canino de 2 años de edad con miasis en oreja.,"Búfalos (1), Bovinos (248), Perros (11), Équidos (20), Ovinos (8), Suidos (11)",299,0
6113,157597,19.0958,-90.54137,2025-05-02,Carmen,Suino de 5 dias de edad con miasis en lomo.,"Búfalos (1), Bovinos (248), Perros (11), Équidos (20), Ovinos (8), Suidos (11)",299,0
6113,157588,18.48052,-89.18578,2025-05-01,Hopelchén,"Ovino de 8 meses de edad con miasis en oreja.
","Búfalos (1), Bovinos (248), Perros (11), Équidos (20), Ovinos (8), Suidos (11)",299,0
6113,157589,17.9876,-89.22722,2025-05-01,Champotón,"Bovino de 7 años de edad con miasis en el cuerno.
","Búfalos (1), Bovinos (248), Perros (11), Équidos (20), Ovinos (8), Suidos (11)",299,0
6113,157595,18.21931,-91.8036,2025-05-01,Carmen,"Ovino de 2 meses de edad con miasis en miembro anterior izquierdo.
","Búfalos (1), Bovinos (248), Perros (11), Équidos (20), Ovinos (8), Suidos (11)",299,0
6113,157596,17.96935,-91.76244,2025-05-01,Palizada,Búfalo de agua de 2 años de edad con miasis en oreja.,"Búfalos (1), Bovinos (248), Perros (11), Équidos (20), Ovinos (8), Suidos (11)",299,0
6113,157585,19.59869,-90.59993,2025-04-30,Champotón,"Bovino de 4 años de edad con miasis en región vulvar.
","Búfalos (1), Bovinos (248), Perros (11), Équidos (20), Ovinos (8), Suidos (11)",299,0
6113,157587,18.97866,-90.68703,2025-04-30,Champotón,"Bovino de 8 días de edad con miasis en región umbilical.
","Búfalos (1), Bovinos (248), Perros (11), Équidos (20), Ovinos (8), Suidos (11)",299,0
6113,157174,18.51437,-90.75168,2025-04-29,Carmen,"Bovino de 1 año de edad con miasis en región dorsal del cuello.
","Búfalos (1), Bovinos (248), Perros (11), Équidos (20), Ovinos (8), Suidos (11)",299,0
6113,157182,18.51829,-90.27312,2025-04-29,Champotón,Bovino de 8 años de edad con miasis en región vulvar.,"Búfalos (1), Bovinos (248), Perros (11), Équidos (20), Ovinos (8), Suidos (11)",299,0
6113,157184,19.11409,-90.40907,2025-04-29,Champotón,"Bovino de 4 años de edad con miasis en región vulvar.
","Búfalos (1), Bovinos (248), Perros (11), Équidos (20), Ovinos (8), Suidos (11)",299,0
6113,157183,19.02087,-90.86339,2025-04-29,Carmen,Bovino de 1 semana de edad con miasis en la región umbilical.,"Búfalos (1), Bovinos (248), Perros (11), Équidos (20), Ovinos (8), Suidos (11)",299,0
6113,157586,18.06128,-91.15802,2025-04-29,Carmen,"Bovino de 12 años de edad con miasis en oreja izquierda.
","Búfalos (1), Bovinos (248), Perros (11), Équidos (20), Ovinos (8), Suidos (11)",299,0
6113,157172,18.65842,-90.856,2025-04-28,Carmen,"Bovino de 15 días de edad con miasis en región umbilical.
","Búfalos (1), Bovinos (248), Perros (11), Équidos (20), Ovinos (8), Suidos (11)",299,0
6113,157175,18.6017,-90.2058,2025-04-28,Champotón,"Bovino de 5 años de edad con miasis en región vulvar.
","Búfalos (1), Bovinos (248), Perros (11), Équidos (20), Ovinos (8), Suidos (11)",299,0
6113,157177,18.28476,-91.05144,2025-04-28,Carmen,"Bovino de 5 años de edad con miasis en miembro posterior izquierdo.
","Búfalos (1), Bovinos (248), Perros (11), Équidos (20), Ovinos (8), Suidos (11)",299,0
6113,157178,18.3227,-91.21866,2025-04-28,Carmen,"Bovino de 1 año de edad con miasis en región ventral del cuello.
","Búfalos (1), Bovinos (248), Perros (11), Équidos (20), Ovinos (8), Suidos (11)",299,0
6113,157180,18.53072,-91.07629,2025-04-28,Carmen,"Bovino de 12 años de edad con miasis en cuerno izquierdo.
","Búfalos (1), Bovinos (248), Perros (11), Équidos (20), Ovinos (8), Suidos (11)",299,0
6113,157181,18.07361,-91.61258,2025-04-28,Carmen,"Ovino de 5 meses de edad con miasis en miembro anterior izquierdo.
","Búfalos (1), Bovinos (248), Perros (11), Équidos (20), Ovinos (8), Suidos (11)",299,0
6113,156582,18.27941,-92.09776,2025-04-25,Palizada,"Bovino de 10 días de edad con miasis en región umbilical.
","Búfalos (1), Bovinos (248), Perros (11), Équidos (20), Ovinos (8), Suidos (11)",299,0
6113,156583,17.96093,-90.97906,2025-04-25,Carmen,Bovino de 3 años de edad con miasis en cuerno izquierdo.,"Búfalos (1), Bovinos (248), Perros (11), Équidos (20), Ovinos (8), Suidos (11)",299,0
6113,157171,19.27156,-90.46234,2025-04-25,Champotón,"Equino de 7 años de edad con miasis en miembro posterior derecho.
","Búfalos (1), Bovinos (248), Perros (11), Équidos (20), Ovinos (8), Suidos (11)",299,0
6113,156584,18.51616,-90.71104,2025-04-25,Carmen,"Equino de 5 años de edad con miasis en región glútea derecha.
","Búfalos (1), Bovinos (248), Perros (11), Équidos (20), Ovinos (8), Suidos (11)",299,0
6113,156578,18.51823,-89.40459,2025-04-24,Champotón,Canino de 8 años de edad con miasis en region vulvar.,"Búfalos (1), Bovinos (248), Perros (11), Équidos (20), Ovinos (8), Suidos (11)",299,0
6113,156579,18.51147,-90.23154,2025-04-24,Champotón,Bovino de 8 años de edad con miasis en oido derecho.,"Búfalos (1), Bovinos (248), Perros (11), Équidos (20), Ovinos (8), Suidos (11)",299,0
6113,156580,18.66017,-90.34149,2025-04-24,Champotón,Bovino de 8 años de edad con miasis en región vulvar.,"Búfalos (1), Bovinos (248), Perros (11), Équidos (20), Ovinos (8), Suidos (11)",299,0
6113,156581,18.79128,-90.95448,2025-04-24,Carmen,Bovino de 8 años de edad con miasis en oido derecho.,"Búfalos (1), Bovinos (248), Perros (11), Équidos (20), Ovinos (8), Suidos (11)",299,0
6113,157170,19.76479,-90.22252,2025-04-24,Campeche,"Suino de 1 año de edad con miasis en región dorsal del cuello.
","Búfalos (1), Bovinos (248), Perros (11), Équidos (20), Ovinos (8), Suidos (11)",299,0
6113,156464,18.20566,-90.85947,2025-04-23,Carmen,"Bovino de 5 años de edad con miasis en la oreja izquierda.
","Búfalos (1), Bovinos (248), Perros (11), Équidos (20), Ovinos (8), Suidos (11)",299,0
6113,157169,19.34591,-90.48873,2025-04-22,Champotón,"Bovino de 7 años de edad con miasis en pabellón auricular.
","Búfalos (1), Bovinos (248), Perros (11), Équidos (20), Ovinos (8), Suidos (11)",299,0
6113,156459,18.71129,-90.98583,2025-04-21,Carmen,"Bovino de 1 año de edad con miasis en región dorsal del cuello.
","Búfalos (1), Bovinos (248), Perros (11), Équidos (20), Ovinos (8), Suidos (11)",299,0
6113,156460,17.82971,-89.24929,2025-04-21,Champotón,"Bovino de 4 meses de edad con miasis en el miembro anterior derecho.
.
","Búfalos (1), Bovinos (248), Perros (11), Équidos (20), Ovinos (8), Suidos (11)",299,0
6113,156462,17.8903,-89.29004,2025-04-21,Champotón,"Bovino de 8 días de edad con miasis en la región umbilical.
","Búfalos (1), Bovinos (248), Perros (11), Équidos (20), Ovinos (8), Suidos (11)",299,0
6113,156463,18.87001,-89.17916,2025-04-21,Hopelchén,"Bovino de 8 días de edad con miasis en la región umbilical.
","Búfalos (1), Bovinos (248), Perros (11), Équidos (20), Ovinos (8), Suidos (11)",299,0
6113,156461,17.82915,-89.2512,2025-04-21,Champotón,"Bovino de 5 años de edad con miasis en región izquierda de la mandíbula.
","Búfalos (1), Bovinos (248), Perros (11), Équidos (20), Ovinos (8), Suidos (11)",299,0
6113,156458,18.95187,-90.83544,2025-04-21,Carmen,"Bovino de 20 días de edad con miasis en región umbilical.
","Búfalos (1), Bovinos (248), Perros (11), Équidos (20), Ovinos (8), Suidos (11)",299,0
6113,156452,17.88963,-90.88934,2025-04-17,Carmen,"Bovino de 4 años de edad con miasis en región de la tuberosidad coxal.
","Búfalos (1), Bovinos (248), Perros (11), Équidos (20), Ovinos (8), Suidos (11)",299,0
6113,156453,18.50301,-91.09133,2025-04-17,Carmen,"Bovino de 2 meses de edad con miasis en la región umbilical.
","Búfalos (1), Bovinos (248), Perros (11), Équidos (20), Ovinos (8), Suidos (11)",299,0
6113,156454,18.0718,-90.70828,2025-04-16,Carmen,"Bovino de 4 años de edad con miasis en miembro anterior derecho.
","Búfalos (1), Bovinos (248), Perros (11), Équidos (20), Ovinos (8), Suidos (11)",299,0
6113,156455,18.29594,-91.19592,2025-04-16,Carmen,"Bovino de 12 años de edad con miasis en la región vulvar.
","Búfalos (1), Bovinos (248), Perros (11), Équidos (20), Ovinos (8), Suidos (11)",299,0
6113,156456,17.86295,-90.83215,2025-04-16,Carmen,"Bovino de 5 años de edad con miasis en pabellón auricular izquierdo.
","Búfalos (1), Bovinos (248), Perros (11), Équidos (20), Ovinos (8), Suidos (11)",299,0
6113,156457,18.95187,-90.83544,2025-04-16,Carmen,"Bovino de 5 años de edad con miasis en oido izquierdo.
","Búfalos (1), Bovinos (248), Perros (11), Équidos (20), Ovinos (8), Suidos (11)",299,0
6113,156069,18.49112,-89.45237,2025-04-15,Champotón,"Bovino de 13 meses de edad con miasis en región izquierda del cuello.
","Búfalos (1), Bovinos (248), Perros (11), Équidos (20), Ovinos (8), Suidos (11)",299,0
6113,156070,18.64071,-92.2505,2025-04-15,Carmen,Bovino de 1 mes de edad con miasis en región umbilical.,"Búfalos (1), Bovinos (248), Perros (11), Équidos (20), Ovinos (8), Suidos (11)",299,0
6113,156071,18.23785,-90.7004,2025-04-15,Carmen,Bovino de 16 días de edad con miasis en región umbilical.,"Búfalos (1), Bovinos (248), Perros (11), Équidos (20), Ovinos (8), Suidos (11)",299,0
6113,156072,18.02304,-91.13542,2025-04-15,Carmen,"Equino de 1 año de edad con miasis en región derecha del cuello.
","Búfalos (1), Bovinos (248), Perros (11), Équidos (20), Ovinos (8), Suidos (11)",299,0
6113,156073,17.91593,-90.54445,2025-04-15,Carmen,"Suino de 8 meses de edad con miasis en región dorsal del cuello.
","Búfalos (1), Bovinos (248), Perros (11), Équidos (20), Ovinos (8), Suidos (11)",299,0
6113,156011,18.86604,-90.704,2025-04-14,Champotón,"Bovino de 20 días de edad con miasis en región umbilical.
","Búfalos (1), Bovinos (248), Perros (11), Équidos (20), Ovinos (8), Suidos (11)",299,0
6113,156068,17.97998,-89.27684,2025-04-14,Champotón,Bovino de 2.5 de edad con miasis en región vulvar.,"Búfalos (1), Bovinos (248), Perros (11), Équidos (20), Ovinos (8), Suidos (11)",299,0
6113,156012,18.43175,-91.078,2025-04-13,Carmen,Bovino de 7 años de edad con miasis en pabellon auricular derecho.,"Búfalos (1), Bovinos (248), Perros (11), Équidos (20), Ovinos (8), Suidos (11)",299,0
6113,155583,18.88558,-90.73617,2025-04-12,Champotón,Bovino de 6 años de edad con miasis en región vulvar.,"Búfalos (1), Bovinos (248), Perros (11), Équidos (20), Ovinos (8), Suidos (11)",299,0
6113,156009,17.90141,-90.2919,2025-04-12,Champotón,Bovino de 3 años de edad con miasis en cuerno derecho.,"Búfalos (1), Bovinos (248), Perros (11), Équidos (20), Ovinos (8), Suidos (11)",299,0
6113,156010,17.88081,-90.8515,2025-04-12,Carmen,Bovino de 5 meses de edad con miasis en pabellon auricular izquierdo.,"Búfalos (1), Bovinos (248), Perros (11), Équidos (20), Ovinos (8), Suidos (11)",299,0
6113,155582,18.59709,-89.44407,2025-04-11,Champotón,Bovino de 3 años de edad con miasis en brazo derecho.,"Búfalos (1), Bovinos (248), Perros (11), Équidos (20), Ovinos (8), Suidos (11)",299,0
6113,156004,17.95002,-90.48426,2025-04-10,Carmen,"Bovino de 10 días de edad con miasis en región umbilical.
","Búfalos (1), Bovinos (248), Perros (11), Équidos (20), Ovinos (8), Suidos (11)",299,0
6113,156005,17.87855,-89.28779,2025-04-10,Champotón,Bovino de 6 meses de edad con miasis en vulva.,"Búfalos (1), Bovinos (248), Perros (11), Équidos (20), Ovinos (8), Suidos (11)",299,0
6113,156008,18.92788,-90.64635,2025-04-10,Carmen,"Bovino de 8 días de edad con miasis en región umbilical.
","Búfalos (1), Bovinos (248), Perros (11), Équidos (20), Ovinos (8), Suidos (11)",299,0
6113,156006,17.95013,-90.4842,2025-04-10,Carmen,"Bovino de 10 días de edad con miasis en región umbilical.
","Búfalos (1), Bovinos (248), Perros (11), Équidos (20), Ovinos (8), Suidos (11)",299,0
6113,156003,18.0528,-91.69915,2025-04-09,Carmen,Bovino de 6 meses de edad con miasis en cuerno izquierdo.,"Búfalos (1), Bovinos (248), Perros (11), Équidos (20), Ovinos (8), Suidos (11)",299,0
6113,156007,18.15438,-90.70328,2025-04-09,Carmen,Bovino de 7 meses de edad con miasis en cuerno izquierdo.,"Búfalos (1), Bovinos (248), Perros (11), Équidos (20), Ovinos (8), Suidos (11)",299,0
6113,155464,18.2466,-90.7312,2025-04-08,Carmen,Bovino de 12 años de edad con miasis en region caudal.,"Búfalos (1), Bovinos (248), Perros (11), Équidos (20), Ovinos (8), Suidos (11)",299,0
6113,155465,18.25041,-90.73075,2025-04-08,Carmen,"Bovino de 20 días de edad con miasis en región umbilical.
","Búfalos (1), Bovinos (248), Perros (11), Équidos (20), Ovinos (8), Suidos (11)",299,0
6113,155466,19.33177,-89.52833,2025-04-08,Hopelchén,Bovino de 2 semanas de edad con miasis en región umbilical.,"Búfalos (1), Bovinos (248), Perros (11), Équidos (20), Ovinos (8), Suidos (11)",299,0
6113,155462,18.29044,-91.27143,2025-04-07,Carmen,"Bovino de 7 días de edad con miasis en región umbilical.
","Búfalos (1), Bovinos (248), Perros (11), Équidos (20), Ovinos (8), Suidos (11)",299,0
6113,155461,18.19339,-89.18235,2025-04-07,Hopelchén,Bovino de 5 años de edad con miasis en región vulvar.,"Búfalos (1), Bovinos (248), Perros (11), Équidos (20), Ovinos (8), Suidos (11)",299,0
6113,155463,18.03068,-91.24114,2025-04-07,Carmen,Equino de 2 años de edad con miasis en miembro anterior derecho.,"Búfalos (1), Bovinos (248), Perros (11), Équidos (20), Ovinos (8), Suidos (11)",299,0
6113,155458,19.42238,-90.32276,2025-04-06,Champotón,"Bovino de 3 días de edad con miasis en región umbilical.
","Búfalos (1), Bovinos (248), Perros (11), Équidos (20), Ovinos (8), Suidos (11)",299,0
6113,155460,17.92131,-90.27636,2025-04-06,Champotón,Bovino de 3 años de edad con miasis en cuerno izquierdo.,"Búfalos (1), Bovinos (248), Perros (11), Équidos (20), Ovinos (8), Suidos (11)",299,0
6113,155452,19.46994,-90.45325,2025-04-05,Champotón,"Bovino de 10 días de edad con miasis en región umbilical.
","Búfalos (1), Bovinos (248), Perros (11), Équidos (20), Ovinos (8), Suidos (11)",299,0
6113,155453,18.0404,-89.244387,2025-04-05,Champotón,"Bovino de 15 días de edad con miasis en región umbilical.
","Búfalos (1), Bovinos (248), Perros (11), Équidos (20), Ovinos (8), Suidos (11)",299,0
6113,155455,18.06128,-91.158022,2025-04-05,Carmen,Bovino de 20 dias de edad con miasis en región posterior izquierda de la cadera.,"Búfalos (1), Bovinos (248), Perros (11), Équidos (20), Ovinos (8), Suidos (11)",299,0
6113,155456,18.07116,-91.80414,2025-04-05,Palizada,"Bovino de 8 días de edad con miasis en región umbilical.
","Búfalos (1), Bovinos (248), Perros (11), Équidos (20), Ovinos (8), Suidos (11)",299,0
6113,155457,18.22017,-91.80414,2025-04-05,Carmen,"Bovino de 8 días de edad con miasis en región umbilical.
","Búfalos (1), Bovinos (248), Perros (11), Équidos (20), Ovinos (8), Suidos (11)",299,0
6113,155459,17.8529,-90.960434,2025-04-05,Carmen,"Bovino de 19 días de edad con miasis en región umbilical.
","Búfalos (1), Bovinos (248), Perros (11), Équidos (20), Ovinos (8), Suidos (11)",299,0
6113,155450,18.41827,-91.20953,2025-04-04,Carmen,Bovino de 6 meses de edad con miasis en región posterior izquierda de la cadera.,"Búfalos (1), Bovinos (248), Perros (11), Équidos (20), Ovinos (8), Suidos (11)",299,0
6113,155451,18.42689,-91.072332,2025-04-04,Carmen,Suino de 2 años de edad con miasis en región vulvar.,"Búfalos (1), Bovinos (248), Perros (11), Équidos (20), Ovinos (8), Suidos (11)",299,0
6113,155454,18.2953,-89.435,2025-04-04,Champotón,Bovino de 4 años de edad con miasis en miembro posterior derecho.,"Búfalos (1), Bovinos (248), Perros (11), Équidos (20), Ovinos (8), Suidos (11)",299,0
6113,154921,18.17216,-89.21318,2025-04-03,Hopelchén,"Bovino de 8 días de edad con miasis en región umbilical.
","Búfalos (1), Bovinos (248), Perros (11), Équidos (20), Ovinos (8), Suidos (11)",299,0
6113,155448,17.8945,-90.604412,2025-04-04,Carmen,Equino de 1 año de edad con miasis en miembro anterior derecho.,"Búfalos (1), Bovinos (248), Perros (11), Équidos (20), Ovinos (8), Suidos (11)",299,0
6113,155449,19.78698,-90.60441,2025-04-04,Campeche,Canino con 1 año de edad con miasis con miembro posterior derecho.,"Búfalos (1), Bovinos (248), Perros (11), Équidos (20), Ovinos (8), Suidos (11)",299,0
6113,154922,18.4551,-91.14639,2025-04-03,Carmen,"Bovino de 5 días de edad con miasis en región umbilical.
","Búfalos (1), Bovinos (248), Perros (11), Équidos (20), Ovinos (8), Suidos (11)",299,0
6113,154919,17.96605,-90.86477,2025-04-02,Carmen,Equino de 7 años de edad con miasis en miembro posterior izquierdo.,"Búfalos (1), Bovinos (248), Perros (11), Équidos (20), Ovinos (8), Suidos (11)",299,0
6113,154920,18.02304,-91.135423,2025-04-02,Carmen,Suinos con 2 años de edad con miasis en pabellón auricular derecho.,"Búfalos (1), Bovinos (248), Perros (11), Équidos (20), Ovinos (8), Suidos (11)",299,0
6113,154923,17.86924,-90.926303,2025-04-02,Carmen,"Bovino de 8 días de edad con miasis en región umbilical.
","Búfalos (1), Bovinos (248), Perros (11), Équidos (20), Ovinos (8), Suidos (11)",299,0
6113,154924,18.05626,-90.999525,2025-04-02,Carmen,"Bovino de 6 días de edad con miasis en región umbilical.
","Búfalos (1), Bovinos (248), Perros (11), Équidos (20), Ovinos (8), Suidos (11)",299,0
6113,154918,17.97241,-90.90917,2025-04-01,Carmen,"Bovino de 8 días de edad con miasis en región umbilical.
","Búfalos (1), Bovinos (248), Perros (11), Équidos (20), Ovinos (8), Suidos (11)",299,0
6113,154912,18.38,-89.191217,2025-03-31,Hopelchén,Bovino de 2 meses en region de la jiba.,"Búfalos (1), Bovinos (248), Perros (11), Équidos (20), Ovinos (8), Suidos (11)",299,0
6113,154913,19.07188,-90.333402,2025-03-31,Champotón,"Bovino de 10 meses y 7 días respectivamente, uno con miasis en el cuerno y el otro en región umbilical.","Búfalos (1), Bovinos (248), Perros (11), Équidos (20), Ovinos (8), Suidos (11)",299,0
6113,154914,18.045302,-91.262283,2025-03-31,Carmen,Bovino de 8 años de edad con miasis en miembro posterior izquierdo.,"Búfalos (1), Bovinos (248), Perros (11), Équidos (20), Ovinos (8), Suidos (11)",299,0
6113,154916,17.9381,-90.90655,2025-04-01,Carmen,Bovino de 2 años de edad con miasis en región dorsal del cuello.,"Búfalos (1), Bovinos (248), Perros (11), Équidos (20), Ovinos (8), Suidos (11)",299,0
6113,154826,18.455102,-91.146394,2025-03-30,Carmen,Bovino de 2 meses de edad con miasis en región izquierda de la mandíbula.,"Búfalos (1), Bovinos (248), Perros (11), Équidos (20), Ovinos (8), Suidos (11)",299,0
6113,154822,18.525168,-90.737468,2025-03-29,Carmen,"Bovino de 1 mes de edad con miasis en región umbilical.
","Búfalos (1), Bovinos (248), Perros (11), Équidos (20), Ovinos (8), Suidos (11)",299,0
6113,154823,18.253768,-90.949065,2025-03-29,Carmen,"Bovino de 8 días de edad con miasis en región umbilical.
","Búfalos (1), Bovinos (248), Perros (11), Équidos (20), Ovinos (8), Suidos (11)",299,0
6113,154824,18.256306,-91.238194,2025-03-29,Carmen,Bovino de 8 años de edad con miasis en anca izquierda.,"Búfalos (1), Bovinos (248), Perros (11), Équidos (20), Ovinos (8), Suidos (11)",299,0
6113,154825,18.053668,-90.728933,2025-03-29,Carmen,Bovino de 3 meses de edad con miasis en el cuello.,"Búfalos (1), Bovinos (248), Perros (11), Équidos (20), Ovinos (8), Suidos (11)",299,0
6113,154606,18.254495,-91.233717,2025-03-28,Carmen,Bovino de 7 años de edad con miasis en lesión en región coxal por herraje.,"Búfalos (1), Bovinos (248), Perros (11), Équidos (20), Ovinos (8), Suidos (11)",299,0
6113,154607,17.840771,-90.977087,2025-03-28,Carmen,"Bovino de 5 años de edad con miasis en región vulvar.
","Búfalos (1), Bovinos (248), Perros (11), Équidos (20), Ovinos (8), Suidos (11)",299,0
6113,154915,17.939612,-90.925561,2025-03-27,Carmen,Bovino de 9 años con miasis en pabellón auricular izquierdo.,"Búfalos (1), Bovinos (248), Perros (11), Équidos (20), Ovinos (8), Suidos (11)",299,0
6113,154603,18.437773,-91.07847,2025-03-26,Carmen,Bovinos de 7 años y  8 meses de edad con miasis en región de la ubre  y en región superior del cuello respectivamente.,"Búfalos (1), Bovinos (248), Perros (11), Équidos (20), Ovinos (8), Suidos (11)",299,0
6113,154604,18.113085,-91.161523,2025-03-26,Carmen,Bovino de 10 años de edad con miaisis en región izquierda de la pelvis.,"Búfalos (1), Bovinos (248), Perros (11), Équidos (20), Ovinos (8), Suidos (11)",299,0
6113,154605,17.8989,-90.5885,2025-03-26,Carmen,"Bovino de 8 dias de edad con miasis en región umbilical.
","Búfalos (1), Bovinos (248), Perros (11), Équidos (20), Ovinos (8), Suidos (11)",299,0
6113,154601,18.630487,-90.448032,2025-03-25,Champotón,"Bovino de 8 dias de edad con miasis en región umbilical.
","Búfalos (1), Bovinos (248), Perros (11), Équidos (20), Ovinos (8), Suidos (11)",299,0
6113,154602,18.61756,-90.454988,2025-03-25,Carmen,"Bovino de 5 dias de edad con miasis en región umbilical.
","Búfalos (1), Bovinos (248), Perros (11), Équidos (20), Ovinos (8), Suidos (11)",299,0
6113,154598,18.437523,-91.003397,2025-03-24,Carmen,"Bovino de 10 años con miasis en oído izquierdo.
","Búfalos (1), Bovinos (248), Perros (11), Équidos (20), Ovinos (8), Suidos (11)",299,0
6113,154599,18.087552,-91.36404,2025-03-24,Carmen,Bovino de 6 meses de edad con miasis en región superior del cuello.,"Búfalos (1), Bovinos (248), Perros (11), Équidos (20), Ovinos (8), Suidos (11)",299,0
6113,154600,17.996779,-90.964594,2025-03-24,Carmen,"Bovino de 10 dias de edad con miasis en región umbilical.
","Búfalos (1), Bovinos (248), Perros (11), Équidos (20), Ovinos (8), Suidos (11)",299,0
6113,154597,18.109123,-90.685409,2025-03-23,Carmen,"Bovino de 8 dias de edad con miasis en región umbilical.
","Búfalos (1), Bovinos (248), Perros (11), Équidos (20), Ovinos (8), Suidos (11)",299,0
6113,154594,18.110675,-90.654197,2025-03-21,Carmen,Bovino de 8 años de edad con miasis en lesión en región superior derecha de la cadera.,"Búfalos (1), Bovinos (248), Perros (11), Équidos (20), Ovinos (8), Suidos (11)",299,0
6113,154595,18.18445,-90.90886,2025-03-21,Carmen,"Bovino de 8 dias de edad con miasis en región umbilical.
","Búfalos (1), Bovinos (248), Perros (11), Équidos (20), Ovinos (8), Suidos (11)",299,0
6113,154082,18.583027,-90.70414,2025-03-20,Carmen,Equino hembra de 8 años de edad con miasis en región de antebrazo izquierda.,"Búfalos (1), Bovinos (248), Perros (11), Équidos (20), Ovinos (8), Suidos (11)",299,0
6113,154593,17.837775,-90.662987,2025-03-20,Carmen,"Bovino de 7 dias de edad con miasis en región umbilical.
","Búfalos (1), Bovinos (248), Perros (11), Équidos (20), Ovinos (8), Suidos (11)",299,0
6113,153976,18.25079,-91.23029,2025-03-19,Carmen,"Equino macho de 12 años de edad, con miasis en lesión en el miembro posterior izquierdo.","Búfalos (1), Bovinos (248), Perros (11), Équidos (20), Ovinos (8), Suidos (11)",299,0
6113,154592,17.968591,-90.873385,2025-03-18,Carmen,"Bovino de 4 dias de edad con miasis en región umbilical.
","Búfalos (1), Bovinos (248), Perros (11), Équidos (20), Ovinos (8), Suidos (11)",299,0
6113,154596,17.948083,-90.918446,2025-03-18,Carmen,Bovino de 12 meses de edad con miasis en región dorsal del cuello.,"Búfalos (1), Bovinos (248), Perros (11), Équidos (20), Ovinos (8), Suidos (11)",299,0
6113,153971,19.02871,-90.642882,2025-03-17,Champotón,"Bovino macho de 7 días de edad, con miasis en región umbilical.","Búfalos (1), Bovinos (248), Perros (11), Équidos (20), Ovinos (8), Suidos (11)",299,0
6113,153972,17.85382,-90.963441,2025-03-17,Carmen,"Equino macho de 5 años de edad, con miasis en herida en miembro anterior.","Búfalos (1), Bovinos (248), Perros (11), Équidos (20), Ovinos (8), Suidos (11)",299,0
6113,153576,18.099153,-91.25693,2025-03-16,Carmen,Bovino macho de 3 meses de edad con miasis en lesión en miembro posterior izquierdo.,"Búfalos (1), Bovinos (248), Perros (11), Équidos (20), Ovinos (8), Suidos (11)",299,0
6113,153575,18.419983,-91.093157,2025-03-15,Carmen,"Bovino macho de 15 meses con miasis, presenta lesiones en varias zonas de cuerpo y bovino hembra de 4 años con miasis en región de la ubre.","Búfalos (1), Bovinos (248), Perros (11), Équidos (20), Ovinos (8), Suidos (11)",299,0
6113,153574,17.895276,-90.538478,2025-03-14,Carmen,Bovino macho de 7 días de edad con miasis en región umbilical y bovino hembra de 12 años con miasis en región vulvar.,"Búfalos (1), Bovinos (248), Perros (11), Équidos (20), Ovinos (8), Suidos (11)",299,0
6113,153573,17.825237,-90.760549,2025-03-14,Carmen,Bovino hembra de 10 días de edad con miasis en región umbilical.,"Búfalos (1), Bovinos (248), Perros (11), Équidos (20), Ovinos (8), Suidos (11)",299,0
6113,153371,18.529452,-90.189272,2025-03-13,Champotón,"Bovino macho de 7 días de edad, con miasis en  región umbilical.","Búfalos (1), Bovinos (248), Perros (11), Équidos (20), Ovinos (8), Suidos (11)",299,0
6113,153372,17.828358,-90.468558,2025-03-13,Carmen,"Suino hembra de 3 años de edad, con miasis en herida vulvar.","Búfalos (1), Bovinos (248), Perros (11), Équidos (20), Ovinos (8), Suidos (11)",299,0
6113,153370,18.557885,-90.902187,2025-03-12,Carmen,"Bovino hembra de 5 años de edad, con miasis en herida en región glutea izquierda.","Búfalos (1), Bovinos (248), Perros (11), Équidos (20), Ovinos (8), Suidos (11)",299,0
6113,153369,18.240543,-90.961155,2025-03-11,Carmen,"Bovino hembra de 6 días de edad, con miasis en región umbilical.","Búfalos (1), Bovinos (248), Perros (11), Équidos (20), Ovinos (8), Suidos (11)",299,0
6113,153368,18.552473,-90.20731,2025-03-11,Champotón,"Dos bovinos de 8 días de edad ambos, hembra y macho, con miasis en región umbilical.","Búfalos (1), Bovinos (248), Perros (11), Équidos (20), Ovinos (8), Suidos (11)",299,0
6113,153974,19.00194,-90.47442,2025-03-11,Champotón,"Bovino hembra de 5 años de edad, con miasis en herida en región de la vulva.","Búfalos (1), Bovinos (248), Perros (11), Équidos (20), Ovinos (8), Suidos (11)",299,0
6113,153366,18.070495,-91.243301,2025-03-10,Carmen,"Canino macho de 5 años de edad, con miasis en herida en lado derecho del labio superior.","Búfalos (1), Bovinos (248), Perros (11), Équidos (20), Ovinos (8), Suidos (11)",299,0
6113,153367,18.519759,-90.168132,2025-03-10,Champotón,"Bovino macho de 2 días de edad, con miasis en región umbilical.","Búfalos (1), Bovinos (248), Perros (11), Équidos (20), Ovinos (8), Suidos (11)",299,0
6113,153364,18.47829,-90.163727,2025-03-09,Champotón,"Bovino hembra de 5 años de edad, con miasis en región vulvar.","Búfalos (1), Bovinos (248), Perros (11), Équidos (20), Ovinos (8), Suidos (11)",299,0
6113,153365,17.968038,-90.890901,2025-03-09,Carmen,"Bovino macho de 12 meses de edad, con miasis en herida en región dorsal del cuello.","Búfalos (1), Bovinos (248), Perros (11), Équidos (20), Ovinos (8), Suidos (11)",299,0
6113,153973,18.34511,-90.22584,2025-03-09,Champotón,"Bovino hembra de 3 dias de edad, con miasis en la región umbilical.","Búfalos (1), Bovinos (248), Perros (11), Équidos (20), Ovinos (8), Suidos (11)",299,0
6113,152914,17.968591,-90.873385,2025-03-08,Carmen,"Bovino macho de 15 días de edad, con miasis en región umbilical. Las larvas se colectaron para el diagnóstico, resultando positivas a C. hominivorax por identificación taxonómica.","Búfalos (1), Bovinos (248), Perros (11), Équidos (20), Ovinos (8), Suidos (11)",299,0
6113,152915,18.826972,-90.799452,2025-03-08,Carmen,"Bovino macho de 6 días de edad, con miasis en región umbilical. Las larvas se colectaron para el diagnóstico, resultando positivas a C. hominivorax por identificación taxonómica.","Búfalos (1), Bovinos (248), Perros (11), Équidos (20), Ovinos (8), Suidos (11)",299,0
6113,152917,18.565978,-90.187675,2025-03-08,Champotón,"Bovino macho de 1 año de edad, con miasis en herida en región del hombro derecho. Las larvas se colectaron para el diagnóstico, resultando positivas a C. hominivorax por identificación taxonómica.","Búfalos (1), Bovinos (248), Perros (11), Équidos (20), Ovinos (8), Suidos (11)",299,0
6113,152916,18.508492,-91.047871,2025-03-08,Carmen,"Bovino macho de 11 días de edad, con miasis en región umbilical. Las larvas se colectaron para el diagnóstico, resultando positivas a C. hominivorax por identificación taxonómica.","Búfalos (1), Bovinos (248), Perros (11), Équidos (20), Ovinos (8), Suidos (11)",299,0
6113,152913,17.926824,-90.538669,2025-03-07,Carmen,"Bovino hembra de 13 días de edad, con miasis en región umbilical. Las larvas se colectaron para el diagnóstico, resultando positivas a C. hominivorax por identificación taxonómica.","Búfalos (1), Bovinos (248), Perros (11), Équidos (20), Ovinos (8), Suidos (11)",299,0
6113,152892,18.211308,-91.31359,2025-03-06,Carmen,"Equino de 10 años de edad, con presencia de miasis en herida dorsal en fosa nasal. Las larvas se colectaron para el diagnóstico, resultando positivas a C. hominivorax por identificación taxonómica.","Búfalos (1), Bovinos (248), Perros (11), Équidos (20), Ovinos (8), Suidos (11)",299,0
6113,152889,18.15438,-90.70328,2025-03-05,Carmen,"Bovino hembra de 7 días de edad, con presencia de miasis en la región umbilical. Las larvas se colectaron para el diagnóstico, resultando positivas a C. hominivorax por identificación taxonómica.","Búfalos (1), Bovinos (248), Perros (11), Équidos (20), Ovinos (8), Suidos (11)",299,0
6113,152891,18.170318,-91.149212,2025-03-05,Carmen,"Bovino de 7 días de edad, con presencia de miasis en la region umbilical. Las larvas se colectaron para el diagnóstico, resultando positivas a C. hominivorax por identificación taxonómica.","Búfalos (1), Bovinos (248), Perros (11), Équidos (20), Ovinos (8), Suidos (11)",299,0
6113,152887,18.317756,-90.643091,2025-03-04,Carmen,"Bovino hembra de 6 años de edad, con presencia de miasis en herida en cuerno derecho. Las larvas se colectaron para el diagnóstico, resultando positivas a C. hominivorax por identificación taxonómica.","Búfalos (1), Bovinos (248), Perros (11), Équidos (20), Ovinos (8), Suidos (11)",299,0
6113,152882,18.512353,-90.178332,2025-03-02,Champotón,"Bovino macho de 12 meses de edad, con miasis en herida en miembro posterior izquierdo. Las larvas se colectaron para el diagnóstico, resultando positivas a C. hominivorax por identificación taxonómica.","Búfalos (1), Bovinos (248), Perros (11), Équidos (20), Ovinos (8), Suidos (11)",299,0
6113,152885,18.317756,-90.643091,2025-03-01,Carmen,"Bovino macho de 20 días de edad, con miasis en región umbilical. Las larvas se colectaron para el diagnóstico, resultando positivas a C. hominivorax por identificación taxonómica.","Búfalos (1), Bovinos (248), Perros (11), Équidos (20), Ovinos (8), Suidos (11)",299,0
6113,152301,19.488584,-90.33685,2025-02-27,Champotón,"Bovino hembra de 5 días de edad, con presencia de miasis en la región umbilical. Las larvas se colectaron para el diagnóstico, resultando positivas a C. hominivorax por identificación taxonómica.","Búfalos (1), Bovinos (248), Perros (11), Équidos (20), Ovinos (8), Suidos (11)",299,0
6113,152300,17.998824,-90.46213,2025-02-26,Carmen,"Bovino macho de 11 días de edad, con presencia de miasis en región umbilical. Las larvas se colectaron para el diagnóstico, resultando positivas a C. hominivorax por identificación taxonómica.
","Búfalos (1), Bovinos (248), Perros (11), Équidos (20), Ovinos (8), Suidos (11)",299,0
6113,151971,19.372891,-90.145392,2025-02-25,Campeche,"Bovino hembra de 4 años de edad, con presencia de miasis en la lesión en miembro anterior derecho. Las larvas se colectaron para el diagnóstico, resultando positivas a C. hominivorax por identificación taxonómica.","Búfalos (1), Bovinos (248), Perros (11), Équidos (20), Ovinos (8), Suidos (11)",299,0
6113,151387,18.519759,-90.168132,2025-02-19,Champotón,"Bovino macho de 8 días de edad con miasis en la región umbilical. Las larvas se colectaron para diagnóstico, resultando positivas a C. hominivorax por identificación taxonómica.","Búfalos (1), Bovinos (248), Perros (11), Équidos (20), Ovinos (8), Suidos (11)",299,0
6113,150327,18.218416,-90.698025,2025-02-03,Carmen,"Bovino hembra de 6 dias de edad, con presencia de miasis en herida umbilical. Las larvas se colectaron para el diagnóstico, resultando positivas a C. hominivorax por identificación taxonómica.","Búfalos (1), Bovinos (248), Perros (11), Équidos (20), Ovinos (8), Suidos (11)",299,0
6113,145443,17.822511,-90.472006,2024-12-15,Carmen,"Becerro de raza cebu de una semana de edad, que presentó herida en cordón umbilical, donde se colectaron larvas de mosca para su diagnóstico, resultando positivas a C. hominivorax por identificación taxonómica.","Búfalos (1), Bovinos (248), Perros (11), Équidos (20), Ovinos (8), Suidos (11)",299,0
7394,190619,19.311162,-98.128655,2026-05-26,Contla de Juan Cuamatzi,Canino de 2 años de edad con miasis en región dorsal.,"Bovinos (1), Perros (6), Équidos (1), Ovinos (7)",15,0
7394,190620,19.28228,-98.22445,2026-05-29,Tlaxcala,Bovino de 9 años de edad con miasis en globo ocular.,"Bovinos (1), Perros (6), Équidos (1), Ovinos (7)",15,0
7394,190618,19.424304,-98.20884,2026-05-21,Xaltocan,Ovino de 3 años de edad con miasis en región cervical.,"Bovinos (1), Perros (6), Équidos (1), Ovinos (7)",15,0
7394,190617,19.444588,-98.214938,2026-05-19,Xaltocan,Ovino de 5 años de edad con miasis en región nasal.,"Bovinos (1), Perros (6), Équidos (1), Ovinos (7)",15,0
7394,189702,19.125824,-98.171322,2026-05-14,San Pablo del Monte,Canino de 9 años de edad con miasis en región lumbar.,"Bovinos (1), Perros (6), Équidos (1), Ovinos (7)",15,0
7394,189701,19.413524,-98.116105,2026-05-11,Apizaco,Canino de 10 años con miasis en región lumbar.,"Bovinos (1), Perros (6), Équidos (1), Ovinos (7)",15,0
7394,189218,19.125824,-98.171322,2026-05-09,San Pablo del Monte,Canino de 8 años de edad con miasis en región costal.,"Bovinos (1), Perros (6), Équidos (1), Ovinos (7)",15,0
7394,189217,19.713764,-98.311182,2026-05-06,Tlaxco,Ovino de 5 años de edad con miasis en región costal.,"Bovinos (1), Perros (6), Équidos (1), Ovinos (7)",15,0
7394,188884,19.125824,-98.171322,2026-04-27,San Pablo del Monte,Canino de 2 años de edad con miasis en región costal.,"Bovinos (1), Perros (6), Équidos (1), Ovinos (7)",15,0
7394,188200,19.312247,-98.275379,2026-04-22,Panotla,Canino de 8 años con miasis en prepucio.,"Bovinos (1), Perros (6), Équidos (1), Ovinos (7)",15,0
7394,184962,19.243309,-97.915166,2026-03-17,Ixtenco,Equino de 14 meses de edad con miasis en miembro posterior.,"Bovinos (1), Perros (6), Équidos (1), Ovinos (7)",15,0
6883,183806,21.222735,-99.096298,2026-03-03,Landa de Matamoros,Se trata de un bovino de 2 semanas de edad con miasis en ombligo.,"Bovinos (37), Perros (3), Équidos (1), Suidos (1)",42,0
6883,175521,20.615457,-99.92782,2025-10-13,Tequisquiapan,Bovino de 20 meses de edad con miasis en escroto.,"Bovinos (37), Perros (3), Équidos (1), Suidos (1)",42,0
6883,175522,20.657738,-99.909497,2025-11-24,Ezequiel Montes,Bovino de 19 meses de edad con miasis en la punta de la cola.,"Bovinos (37), Perros (3), Équidos (1), Suidos (1)",42,0
6883,186599,21.212759,-99.537022,2026-03-09,Pinal de Amoles,Bovino de 15 días de edad con miasis en ombligo.,"Bovinos (37), Perros (3), Équidos (1), Suidos (1)",42,0
6883,186718,21.22308,-99.07205,2026-03-15,Landa de Matamoros,Bovino de 14 años de edad con miasis en región inguinal.,"Bovinos (37), Perros (3), Équidos (1), Suidos (1)",42,0
6883,186719,21.16249,-99.10643,2026-03-15,Landa de Matamoros,Bovino de 7 días de edad con miasis en ombligo.,"Bovinos (37), Perros (3), Équidos (1), Suidos (1)",42,0
6883,186722,21.15442,-99.11241,2026-03-15,Landa de Matamoros,Bovino de 1 año de edad con miasis en región cervical.,"Bovinos (37), Perros (3), Équidos (1), Suidos (1)",42,0
6883,186747,21.16992,-99.12573,2026-03-15,Landa de Matamoros,bovino 8 días de edad con miasis en ombligo.,"Bovinos (37), Perros (3), Équidos (1), Suidos (1)",42,0
6883,186748,21.19809,-99.55738,2026-03-15,Pinal de Amoles,Bovino de 3 años de edad con miasis en ombligo.,"Bovinos (37), Perros (3), Équidos (1), Suidos (1)",42,0
6883,186709,21.44304,-99.76417,2026-03-14,Arroyo Seco,bovino de 6 días con miasis en ombligo.,"Bovinos (37), Perros (3), Équidos (1), Suidos (1)",42,0
6883,186711,21.06872,-99.50994,2026-03-14,Pinal de Amoles,Bovino de 8 días con miasis en ombligo.,"Bovinos (37), Perros (3), Équidos (1), Suidos (1)",42,0
6883,186712,21.20646,-99.572799,2026-03-14,Pinal de Amoles,Canino de 5 años de edad con miasis en miembro anterior.,"Bovinos (37), Perros (3), Équidos (1), Suidos (1)",42,0
6883,186713,21.237101,-99.116912,2026-03-14,Landa de Matamoros,Canino de 26 meses de edad con miasis.,"Bovinos (37), Perros (3), Équidos (1), Suidos (1)",42,0
6883,186715,21.205745,-99.073763,2026-03-14,Landa de Matamoros,Bovino de 102 meses de edad con miasis en región cervical.,"Bovinos (37), Perros (3), Équidos (1), Suidos (1)",42,0
6883,186716,21.257763,-99.05496,2026-03-14,Landa de Matamoros,Bovinos de 146 meses de edad con miasis en vulva. Bovino de 15 días de edad con miasis en ombligo.,"Bovinos (37), Perros (3), Équidos (1), Suidos (1)",42,0
6883,186763,21.59755,-99.15791,2026-03-14,Jalpan de Serra,Bovino de 8 días de edad con miasis en ombligo.,"Bovinos (37), Perros (3), Équidos (1), Suidos (1)",42,0
6883,186609,21.17581,-99.58279,2026-03-13,Pinal de Amoles,Bovino de 7 años de edad con miasis en base de los cuernos.,"Bovinos (37), Perros (3), Équidos (1), Suidos (1)",42,0
6883,186707,21.21486,-99.088127,2026-03-13,Landa de Matamoros,Bovino de 120 meses con miasis en región cervical.,"Bovinos (37), Perros (3), Équidos (1), Suidos (1)",42,0
6883,186608,21.20774,-99.55543,2026-03-12,Pinal de Amoles,Bovino de 3 semanas de edad con miasis en ombligo.,"Bovinos (37), Perros (3), Équidos (1), Suidos (1)",42,0
6883,186606,21.194105,-99.550863,2026-03-11,Pinal de Amoles,Bovino de 4 años de edad con miasis en base de los cuernos.,"Bovinos (37), Perros (3), Équidos (1), Suidos (1)",42,0
6883,186607,21.519118,-99.164682,2026-03-11,Jalpan de Serra,Bovino de 5 días de edad con miasis en ombligo.,"Bovinos (37), Perros (3), Équidos (1), Suidos (1)",42,0
6883,186600,21.59755,-99.15791,2026-03-10,Jalpan de Serra,Bovino de 8 días de edad con miasis en ombligo.,"Bovinos (37), Perros (3), Équidos (1), Suidos (1)",42,0
6883,186601,21.5936,-99.13905,2026-03-10,Jalpan de Serra,Bovino de 3 meses de edad con miasis en ombligo.,"Bovinos (37), Perros (3), Équidos (1), Suidos (1)",42,0
6883,186602,21.511931,-99.164747,2026-03-10,Jalpan de Serra,Bovino de 72 meses de edad con miasis en cuerno.,"Bovinos (37), Perros (3), Équidos (1), Suidos (1)",42,0
6883,186603,21.221335,-99.089869,2026-03-10,Landa de Matamoros,Bovino de 36 meses de edad con miasis en región cervical.,"Bovinos (37), Perros (3), Équidos (1), Suidos (1)",42,0
6883,186604,21.177258,-99.094547,2026-03-10,Landa de Matamoros,"Bovinos de 12 y 72 meses de edad respectivamente, ambos con miasis en miembro anterior.","Bovinos (37), Perros (3), Équidos (1), Suidos (1)",42,0
6883,186605,21.217408,-99.095762,2026-03-10,Landa de Matamoros,Bovino de 3 semanas de edad con miasis en miembro anterior.,"Bovinos (37), Perros (3), Équidos (1), Suidos (1)",42,0
6883,186598,21.32585,-99.65273,2026-03-09,Arroyo Seco,Canino de 4 años de edad con miasis en región cervical.,"Bovinos (37), Perros (3), Équidos (1), Suidos (1)",42,0
6883,186597,21.124113,-99.461298,2026-03-08,Jalpan de Serra,Bovino de 12 días de edad con miasis en ombligo.,"Bovinos (37), Perros (3), Équidos (1), Suidos (1)",42,0
6883,183933,21.224591,-99.073344,2026-03-06,Landa de Matamoros,Se trata de un bovino de 18 meses con miasis en región cervical.,"Bovinos (37), Perros (3), Équidos (1), Suidos (1)",42,0
6883,183934,21.244605,-99.081511,2026-03-04,Landa de Matamoros,Se trata de un bovino de 3 semanas de edad con miasis en ombligo.,"Bovinos (37), Perros (3), Équidos (1), Suidos (1)",42,0
6883,183935,21.167952,-99.387276,2026-03-06,Jalpan de Serra,Se trata de un bovino de 84 meses de edad con miasis en miembro posterior.,"Bovinos (37), Perros (3), Équidos (1), Suidos (1)",42,0
6883,183937,21.121302,-99.57283,2026-03-07,Pinal de Amoles,Se trata de un cerdo de 5 meses de edad con miasis en región cervical.,"Bovinos (37), Perros (3), Équidos (1), Suidos (1)",42,0
6883,183943,21.209558,-99.737626,2026-03-04,Peñamiller,Se trata de un equino de 30 años de edad con miasis en vulva.,"Bovinos (37), Perros (3), Équidos (1), Suidos (1)",42,0
6883,183938,21.175531,-99.139321,2026-03-07,Landa de Matamoros,Se trata de un bovino de 5 días con miasis en ombligo.,"Bovinos (37), Perros (3), Équidos (1), Suidos (1)",42,0
6883,183944,21.559341,-99.205631,2026-03-07,Jalpan de Serra,Se trata de un bovino de 8 días con miasis en ombligo.,"Bovinos (37), Perros (3), Équidos (1), Suidos (1)",42,0
6883,183945,21.207378,-99.09702,2026-03-05,Landa de Matamoros,"Se trata de un bovino de 82 meses con miasis en glándula mamaria y un bovino de 7 meses con miasis en región de la cabeza.
","Bovinos (37), Perros (3), Équidos (1), Suidos (1)",42,0
6883,166428,20.657738,-99.909497,2025-10-08,Ezequiel Montes,Bovino macho de 48 meses de edad con miasis en prepucio.,"Bovinos (37), Perros (3), Équidos (1), Suidos (1)",42,0
5986,163377,14.9679,-89.4905,2025-08-25,Zacapa,,"Aves (5), Gatos (8), Bovinos (655), Tlacuache sureño (1), Perros (207), Équidos (55), Caprinos (7), León (1), Puma (1), Ovinos (31), Suidos (46)",1017,2
5986,163376,14.9498,-89.7675,2025-08-25,Usumatlán,,"Aves (5), Gatos (8), Bovinos (655), Tlacuache sureño (1), Perros (207), Équidos (55), Caprinos (7), León (1), Puma (1), Ovinos (31), Suidos (46)",1017,2
5986,163375,14.9905,-89.7231,2025-08-25,Teculután,,"Aves (5), Gatos (8), Bovinos (655), Tlacuache sureño (1), Perros (207), Équidos (55), Caprinos (7), León (1), Puma (1), Ovinos (31), Suidos (46)",1017,2
5986,163374,14.9056,-89.5287,2025-08-25,Zacapa,,"Aves (5), Gatos (8), Bovinos (655), Tlacuache sureño (1), Perros (207), Équidos (55), Caprinos (7), León (1), Puma (1), Ovinos (31), Suidos (46)",1017,2
5986,163373,14.9366,-89.5465,2025-08-25,Zacapa,,"Aves (5), Gatos (8), Bovinos (655), Tlacuache sureño (1), Perros (207), Équidos (55), Caprinos (7), León (1), Puma (1), Ovinos (31), Suidos (46)",1017,2
5986,163372,14.8241,-89.7233,2025-08-25,San Diego,,"Aves (5), Gatos (8), Bovinos (655), Tlacuache sureño (1), Perros (207), Équidos (55), Caprinos (7), León (1), Puma (1), Ovinos (31), Suidos (46)",1017,2
5986,163371,15.0601,-89.5684,2025-08-25,Río Hondo,,"Aves (5), Gatos (8), Bovinos (655), Tlacuache sureño (1), Perros (207), Équidos (55), Caprinos (7), León (1), Puma (1), Ovinos (31), Suidos (46)",1017,2
5986,163370,15.0879,-89.3821,2025-08-25,Gualán,,"Aves (5), Gatos (8), Bovinos (655), Tlacuache sureño (1), Perros (207), Équidos (55), Caprinos (7), León (1), Puma (1), Ovinos (31), Suidos (46)",1017,2
5986,163369,14.9818,-89.561,2025-08-25,Estanzuela,,"Aves (5), Gatos (8), Bovinos (655), Tlacuache sureño (1), Perros (207), Équidos (55), Caprinos (7), León (1), Puma (1), Ovinos (31), Suidos (46)",1017,2
5986,163368,14.9249,-89.8029,2025-08-25,Cabañas,,"Aves (5), Gatos (8), Bovinos (655), Tlacuache sureño (1), Perros (207), Équidos (55), Caprinos (7), León (1), Puma (1), Ovinos (31), Suidos (46)",1017,2
5986,163134,14.4559,-91.4911,2025-08-19,Santo Domingo Suchitepequez,,"Aves (5), Gatos (8), Bovinos (655), Tlacuache sureño (1), Perros (207), Équidos (55), Caprinos (7), León (1), Puma (1), Ovinos (31), Suidos (46)",1017,2
5986,163133,14.4189,-91.2266,2025-08-19,Santa Bárbara,,"Aves (5), Gatos (8), Bovinos (655), Tlacuache sureño (1), Perros (207), Équidos (55), Caprinos (7), León (1), Puma (1), Ovinos (31), Suidos (46)",1017,2
5986,163132,14.5958,-91.436,2025-08-19,San Pablo Jocopilas,Se desconoce la población de perros de este poblado.,"Aves (5), Gatos (8), Bovinos (655), Tlacuache sureño (1), Perros (207), Équidos (55), Caprinos (7), León (1), Puma (1), Ovinos (31), Suidos (46)",1017,2
5986,163131,14.5297,-91.3688,2025-08-19,San Miguel Panán,,"Aves (5), Gatos (8), Bovinos (655), Tlacuache sureño (1), Perros (207), Équidos (55), Caprinos (7), León (1), Puma (1), Ovinos (31), Suidos (46)",1017,2
5986,163130,14.4865,-91.5119,2025-08-19,San Lorenzo,Se desconoce la población de perros de este poblado.,"Aves (5), Gatos (8), Bovinos (655), Tlacuache sureño (1), Perros (207), Équidos (55), Caprinos (7), León (1), Puma (1), Ovinos (31), Suidos (46)",1017,2
5986,163064,14.3006,-91.5686,2025-08-18,Cuyotenango,,"Aves (5), Gatos (8), Bovinos (655), Tlacuache sureño (1), Perros (207), Équidos (55), Caprinos (7), León (1), Puma (1), Ovinos (31), Suidos (46)",1017,2
5986,163063,14.4439,-91.4183,2025-08-18,San José El Idolo,,"Aves (5), Gatos (8), Bovinos (655), Tlacuache sureño (1), Perros (207), Équidos (55), Caprinos (7), León (1), Puma (1), Ovinos (31), Suidos (46)",1017,2
5986,163062,14.5072,-91.5129,2025-08-18,San Gabriel,,"Aves (5), Gatos (8), Bovinos (655), Tlacuache sureño (1), Perros (207), Équidos (55), Caprinos (7), León (1), Puma (1), Ovinos (31), Suidos (46)",1017,2
5986,163061,14.5868,-91.5303,2025-08-18,San Francisco Zapotitlán,Se desconoce la población de perros en este poblado.,"Aves (5), Gatos (8), Bovinos (655), Tlacuache sureño (1), Perros (207), Équidos (55), Caprinos (7), León (1), Puma (1), Ovinos (31), Suidos (46)",1017,2
5986,163060,14.5419,-91.4595,2025-08-18,San Bernardino,Se desconoce la población de perros en este poblado.,"Aves (5), Gatos (8), Bovinos (655), Tlacuache sureño (1), Perros (207), Équidos (55), Caprinos (7), León (1), Puma (1), Ovinos (31), Suidos (46)",1017,2
5986,163059,14.5477,-91.4067,2025-08-18,San Antonio Suchitepéquez,,"Aves (5), Gatos (8), Bovinos (655), Tlacuache sureño (1), Perros (207), Équidos (55), Caprinos (7), León (1), Puma (1), Ovinos (31), Suidos (46)",1017,2
5986,163058,14.5709,-91.4656,2025-08-18,Samayac,,"Aves (5), Gatos (8), Bovinos (655), Tlacuache sureño (1), Perros (207), Équidos (55), Caprinos (7), León (1), Puma (1), Ovinos (31), Suidos (46)",1017,2
5986,163057,14.3647,-91.3125,2025-08-18,Río Bravo,,"Aves (5), Gatos (8), Bovinos (655), Tlacuache sureño (1), Perros (207), Équidos (55), Caprinos (7), León (1), Puma (1), Ovinos (31), Suidos (46)",1017,2
5986,163056,14.3998,-91.1613,2025-08-18,Patulul,,"Aves (5), Gatos (8), Bovinos (655), Tlacuache sureño (1), Perros (207), Équidos (55), Caprinos (7), León (1), Puma (1), Ovinos (31), Suidos (46)",1017,2
5986,163053,14.5268,-91.5425,2025-08-18,Mazatenango,"El Ministerio de Salud Publica y Asistencia Social informo sobre casos de C. hominivorax en pacientes masculino de 48 y 49 años y femenina de 84 años, el diagnostico fue realizado en el Laboratorio Nacional de Salud.","Aves (5), Gatos (8), Bovinos (655), Tlacuache sureño (1), Perros (207), Équidos (55), Caprinos (7), León (1), Puma (1), Ovinos (31), Suidos (46)",1017,2
5986,163050,14.5395,-91.5738,2025-08-18,Cuyotenango,Se desconoce la población de perros en este poblado.,"Aves (5), Gatos (8), Bovinos (655), Tlacuache sureño (1), Perros (207), Équidos (55), Caprinos (7), León (1), Puma (1), Ovinos (31), Suidos (46)",1017,2
5986,162901,14.6397,-91.2304,2025-08-14,Santiago Atitlán,Se desconoce la población de perros de este poblado.,"Aves (5), Gatos (8), Bovinos (655), Tlacuache sureño (1), Perros (207), Équidos (55), Caprinos (7), León (1), Puma (1), Ovinos (31), Suidos (46)",1017,2
5986,162898,14.4757,-90.1838,2025-08-14,San Rafaél Las Flores,"El Ministerio de Salud Publica y Asistencia Social informo de un caso de miasis por C. hominivorax en paciente femenina de 50 años, el diagnostico fue realizado por el Laboratorio Nacional de Salud.

Se desconoce la población de perros de este poblado.","Aves (5), Gatos (8), Bovinos (655), Tlacuache sureño (1), Perros (207), Équidos (55), Caprinos (7), León (1), Puma (1), Ovinos (31), Suidos (46)",1017,2
5986,162900,14.633,-91.1446,2025-08-14,San Lucas Tolimán,Se desconoce la población de perros de este poblado.,"Aves (5), Gatos (8), Bovinos (655), Tlacuache sureño (1), Perros (207), Équidos (55), Caprinos (7), León (1), Puma (1), Ovinos (31), Suidos (46)",1017,2
5986,162899,14.7463,-91.1285,2025-08-14,San Andrés Semetabaj,,"Aves (5), Gatos (8), Bovinos (655), Tlacuache sureño (1), Perros (207), Équidos (55), Caprinos (7), León (1), Puma (1), Ovinos (31), Suidos (46)",1017,2
5986,162891,14.3075,-90.3572,2025-08-14,Barberena,"El Ministerio de Salud Publica y Asistencia Social informo casos de miasis de C. hominivorax en pacientes masculino de 75 años y femenina 85 años respectivamente, el diagnostico fue realizado por el Laboratorio Nacional de Salud.

Se desconoce la población de perros de este poblado.","Aves (5), Gatos (8), Bovinos (655), Tlacuache sureño (1), Perros (207), Équidos (55), Caprinos (7), León (1), Puma (1), Ovinos (31), Suidos (46)",1017,2
5986,162897,14.2767,-90.2984,2025-08-14,Cuilapa,"El Ministerio de Salud Publica y Asistencia Social informo sobre casos de miasis de C. hominivorax en paciente masculino de 78 años y femenina de 29 años respectivamente, el diagnostico fue realizado en el Laboratorio Nacional de Salud.

Se desconoce la población de perros de este poblado.","Aves (5), Gatos (8), Bovinos (655), Tlacuache sureño (1), Perros (207), Équidos (55), Caprinos (7), León (1), Puma (1), Ovinos (31), Suidos (46)",1017,2
5986,162896,14.0538,-90.4515,2025-08-14,Taxisco,,"Aves (5), Gatos (8), Bovinos (655), Tlacuache sureño (1), Perros (207), Équidos (55), Caprinos (7), León (1), Puma (1), Ovinos (31), Suidos (46)",1017,2
5986,162895,14.3935,-90.3045,2025-08-14,Santa Rosa de Lima,,"Aves (5), Gatos (8), Bovinos (655), Tlacuache sureño (1), Perros (207), Équidos (55), Caprinos (7), León (1), Puma (1), Ovinos (31), Suidos (46)",1017,2
5986,162894,14.1773,-90.2274,2025-08-14,Santa María Ixhuatán,,"Aves (5), Gatos (8), Bovinos (655), Tlacuache sureño (1), Perros (207), Équidos (55), Caprinos (7), León (1), Puma (1), Ovinos (31), Suidos (46)",1017,2
5986,162893,14.2228,-90.4723,2025-08-14,Pueblo Nuevo Viñas,,"Aves (5), Gatos (8), Bovinos (655), Tlacuache sureño (1), Perros (207), Équidos (55), Caprinos (7), León (1), Puma (1), Ovinos (31), Suidos (46)",1017,2
5986,162892,14.0984,-90.3821,2025-08-14,Chiquimulilla,,"Aves (5), Gatos (8), Bovinos (655), Tlacuache sureño (1), Perros (207), Équidos (55), Caprinos (7), León (1), Puma (1), Ovinos (31), Suidos (46)",1017,2
5986,162799,14.9595,-91.8144,2025-08-13,San Marcos,,"Aves (5), Gatos (8), Bovinos (655), Tlacuache sureño (1), Perros (207), Équidos (55), Caprinos (7), León (1), Puma (1), Ovinos (31), Suidos (46)",1017,2
5986,162798,14.9664,-91.7684,2025-08-13,San Pedro Sacatepéquez,,"Aves (5), Gatos (8), Bovinos (655), Tlacuache sureño (1), Perros (207), Équidos (55), Caprinos (7), León (1), Puma (1), Ovinos (31), Suidos (46)",1017,2
5986,162797,15.0249,-91.7518,2025-08-13,San Lorenzo,,"Aves (5), Gatos (8), Bovinos (655), Tlacuache sureño (1), Perros (207), Équidos (55), Caprinos (7), León (1), Puma (1), Ovinos (31), Suidos (46)",1017,2
5986,162795,14.7263,-92.0365,2025-08-13,Pajapita,,"Aves (5), Gatos (8), Bovinos (655), Tlacuache sureño (1), Perros (207), Équidos (55), Caprinos (7), León (1), Puma (1), Ovinos (31), Suidos (46)",1017,2
5986,162794,14.9152,-92.0691,2025-08-13,Malacatán,,"Aves (5), Gatos (8), Bovinos (655), Tlacuache sureño (1), Perros (207), Équidos (55), Caprinos (7), León (1), Puma (1), Ovinos (31), Suidos (46)",1017,2
5986,162793,14.8006,-91.8138,2025-08-13,La Reforma,,"Aves (5), Gatos (8), Bovinos (655), Tlacuache sureño (1), Perros (207), Équidos (55), Caprinos (7), León (1), Puma (1), Ovinos (31), Suidos (46)",1017,2
5986,162792,14.5769,-92.1411,2025-08-13,Ocos,,"Aves (5), Gatos (8), Bovinos (655), Tlacuache sureño (1), Perros (207), Équidos (55), Caprinos (7), León (1), Puma (1), Ovinos (31), Suidos (46)",1017,2
5986,162791,14.9135,-91.9674,2025-08-13,El Rodeo,,"Aves (5), Gatos (8), Bovinos (655), Tlacuache sureño (1), Perros (207), Équidos (55), Caprinos (7), León (1), Puma (1), Ovinos (31), Suidos (46)",1017,2
5986,162790,14.8359,-92.072,2025-08-13,Catarina,,"Aves (5), Gatos (8), Bovinos (655), Tlacuache sureño (1), Perros (207), Équidos (55), Caprinos (7), León (1), Puma (1), Ovinos (31), Suidos (46)",1017,2
5986,162789,14.6361,-92.1608,2025-08-13,Ayutla,,"Aves (5), Gatos (8), Bovinos (655), Tlacuache sureño (1), Perros (207), Équidos (55), Caprinos (7), León (1), Puma (1), Ovinos (31), Suidos (46)",1017,2
5986,162717,14.7838,-91.9267,2025-08-12,Nuevo Progreso,,"Aves (5), Gatos (8), Bovinos (655), Tlacuache sureño (1), Perros (207), Équidos (55), Caprinos (7), León (1), Puma (1), Ovinos (31), Suidos (46)",1017,2
5986,162716,14.6295,-90.6756,2025-08-12,Santiago Sacatepéquez,,"Aves (5), Gatos (8), Bovinos (655), Tlacuache sureño (1), Perros (207), Équidos (55), Caprinos (7), León (1), Puma (1), Ovinos (31), Suidos (46)",1017,2
5986,162715,14.5315,-90.7915,2025-08-12,San Miguel Dueñas,,"Aves (5), Gatos (8), Bovinos (655), Tlacuache sureño (1), Perros (207), Équidos (55), Caprinos (7), León (1), Puma (1), Ovinos (31), Suidos (46)",1017,2
5986,162714,14.6122,-90.6526,2025-08-12,San Lucas Sacatepéquez,Se desconoce la población de perros de este poblado.,"Aves (5), Gatos (8), Bovinos (655), Tlacuache sureño (1), Perros (207), Équidos (55), Caprinos (7), León (1), Puma (1), Ovinos (31), Suidos (46)",1017,2
5986,162713,14.562,-90.671,2025-08-12,Santa Lucía Milpas Altas,Se desconoce la población de perros de este poblado.,"Aves (5), Gatos (8), Bovinos (655), Tlacuache sureño (1), Perros (207), Équidos (55), Caprinos (7), León (1), Puma (1), Ovinos (31), Suidos (46)",1017,2
5986,162712,14.5745,-90.7427,2025-08-12,Jocotenango,Se desconoce la población de perros de este poblado.,"Aves (5), Gatos (8), Bovinos (655), Tlacuache sureño (1), Perros (207), Équidos (55), Caprinos (7), León (1), Puma (1), Ovinos (31), Suidos (46)",1017,2
5986,162711,14.5238,-90.7625,2025-08-12,Ciudad Vieja,Se desconoce la población de perros de este poblado.,"Aves (5), Gatos (8), Bovinos (655), Tlacuache sureño (1), Perros (207), Équidos (55), Caprinos (7), León (1), Puma (1), Ovinos (31), Suidos (46)",1017,2
5986,162710,14.5536,-90.7392,2025-08-12,Antigua Guatemala,Se desconoce la población de perros de este poblado.,"Aves (5), Gatos (8), Bovinos (655), Tlacuache sureño (1), Perros (207), Équidos (55), Caprinos (7), León (1), Puma (1), Ovinos (31), Suidos (46)",1017,2
5986,162709,14.6387,-91.5818,2025-08-12,San Felipe,,"Aves (5), Gatos (8), Bovinos (655), Tlacuache sureño (1), Perros (207), Équidos (55), Caprinos (7), León (1), Puma (1), Ovinos (31), Suidos (46)",1017,2
5986,162708,14.5634,-91.586,2025-08-12,San Andrés Villa Seca,,"Aves (5), Gatos (8), Bovinos (655), Tlacuache sureño (1), Perros (207), Équidos (55), Caprinos (7), León (1), Puma (1), Ovinos (31), Suidos (46)",1017,2
5986,162707,14.4845,-91.7698,2025-08-12,Retalhuleu,,"Aves (5), Gatos (8), Bovinos (655), Tlacuache sureño (1), Perros (207), Équidos (55), Caprinos (7), León (1), Puma (1), Ovinos (31), Suidos (46)",1017,2
5986,162706,14.5845,-91.7476,2025-08-12,El Asintal,,"Aves (5), Gatos (8), Bovinos (655), Tlacuache sureño (1), Perros (207), Équidos (55), Caprinos (7), León (1), Puma (1), Ovinos (31), Suidos (46)",1017,2
5986,162705,14.274,-91.8507,2025-08-12,Champerico,,"Aves (5), Gatos (8), Bovinos (655), Tlacuache sureño (1), Perros (207), Équidos (55), Caprinos (7), León (1), Puma (1), Ovinos (31), Suidos (46)",1017,2
5986,162704,15.1618,-90.9487,2025-08-12,San Andrés Sajcabajá,,"Aves (5), Gatos (8), Bovinos (655), Tlacuache sureño (1), Perros (207), Équidos (55), Caprinos (7), León (1), Puma (1), Ovinos (31), Suidos (46)",1017,2
5986,162703,14.9141,-90.6862,2025-08-12,Pachalúm,,"Aves (5), Gatos (8), Bovinos (655), Tlacuache sureño (1), Perros (207), Équidos (55), Caprinos (7), León (1), Puma (1), Ovinos (31), Suidos (46)",1017,2
5986,162702,15.3983,-91.1788,2025-08-12,Nebaj,,"Aves (5), Gatos (8), Bovinos (655), Tlacuache sureño (1), Perros (207), Équidos (55), Caprinos (7), León (1), Puma (1), Ovinos (31), Suidos (46)",1017,2
5986,162701,15.0073,-90.8074,2025-08-12,Joyabaj,,"Aves (5), Gatos (8), Bovinos (655), Tlacuache sureño (1), Perros (207), Équidos (55), Caprinos (7), León (1), Puma (1), Ovinos (31), Suidos (46)",1017,2
5986,162698,15.0292,-91.1367,2025-08-12,Santa Cruz del Quiché,"El Ministerio de Salud Publica y Asistencia Social informo de 3 casos de miasis por C. hominivorax en pacientes masculinos de 81, 67 y 15 años de edad, el diagnostico fue realizado en el Laboratorio Nacional de Salud.

Se desconoce la población de perros de este poblado.","Aves (5), Gatos (8), Bovinos (655), Tlacuache sureño (1), Perros (207), Équidos (55), Caprinos (7), León (1), Puma (1), Ovinos (31), Suidos (46)",1017,2
5986,162697,15.3585,-90.7901,2025-08-12,Chicaman,,"Aves (5), Gatos (8), Bovinos (655), Tlacuache sureño (1), Perros (207), Équidos (55), Caprinos (7), León (1), Puma (1), Ovinos (31), Suidos (46)",1017,2
5986,162696,15.1623,-90.8425,2025-08-12,Canillá,,"Aves (5), Gatos (8), Bovinos (655), Tlacuache sureño (1), Perros (207), Équidos (55), Caprinos (7), León (1), Puma (1), Ovinos (31), Suidos (46)",1017,2
5986,162695,14.7011,-91.7275,2025-08-12,Colomba,"El Ministerio de Salud Publica y Asistencia Social informo sobre un caso de miasis por C. hominivorax en paciente femenino de 102 años, el diagnostico fue realizado por el Laboratorio Nacional de Salud.","Aves (5), Gatos (8), Bovinos (655), Tlacuache sureño (1), Perros (207), Équidos (55), Caprinos (7), León (1), Puma (1), Ovinos (31), Suidos (46)",1017,2
5986,162693,14.6062,-91.8273,2025-08-12,Génova,,"Aves (5), Gatos (8), Bovinos (655), Tlacuache sureño (1), Perros (207), Équidos (55), Caprinos (7), León (1), Puma (1), Ovinos (31), Suidos (46)",1017,2
5986,162691,14.6989,-91.8553,2025-08-12,Coatepeque,,"Aves (5), Gatos (8), Bovinos (655), Tlacuache sureño (1), Perros (207), Équidos (55), Caprinos (7), León (1), Puma (1), Ovinos (31), Suidos (46)",1017,2
5986,161648,14.4606,-89.71,2025-07-22,Santa Catarina Mita,Se desconoce la poblacion de tacuacín (tacuazín o zarigüeya) en este poblado.,"Aves (5), Gatos (8), Bovinos (655), Tlacuache sureño (1), Perros (207), Équidos (55), Caprinos (7), León (1), Puma (1), Ovinos (31), Suidos (46)",1017,2
5986,161650,14.1357,-89.8232,2025-07-22,Zapotitlán,,"Aves (5), Gatos (8), Bovinos (655), Tlacuache sureño (1), Perros (207), Équidos (55), Caprinos (7), León (1), Puma (1), Ovinos (31), Suidos (46)",1017,2
5986,161649,14.194,-89.7878,2025-07-22,Yupiltepeque,,"Aves (5), Gatos (8), Bovinos (655), Tlacuache sureño (1), Perros (207), Équidos (55), Caprinos (7), León (1), Puma (1), Ovinos (31), Suidos (46)",1017,2
5986,161647,13.968,-90.1852,2025-07-22,Pasaco,,"Aves (5), Gatos (8), Bovinos (655), Tlacuache sureño (1), Perros (207), Équidos (55), Caprinos (7), León (1), Puma (1), Ovinos (31), Suidos (46)",1017,2
5986,161646,14.0333,-90.0924,2025-07-22,Moyuta,El Ministerio de Salud Publica y Asistencia Social informa sobre paciente femenina 57 años afectada por C. hominivorax. El diagnostico fue realizado en el Laboratorio Nacional de Salud.,"Aves (5), Gatos (8), Bovinos (655), Tlacuache sureño (1), Perros (207), Équidos (55), Caprinos (7), León (1), Puma (1), Ovinos (31), Suidos (46)",1017,2
5986,161645,14.272,-89.8454,2025-07-22,Jutiapa,"El Ministerio de Salud Publica y Asistencia Social informa sobre paciente masculino de 43 años y paciente femenino de 79 años, afectados por C. hominivorax. Los diagnósticos fueron realizados en el Laboratorio Nacional de Salud.","Aves (5), Gatos (8), Bovinos (655), Tlacuache sureño (1), Perros (207), Équidos (55), Caprinos (7), León (1), Puma (1), Ovinos (31), Suidos (46)",1017,2
5986,161528,14.1252,-89.9638,2025-07-20,Jalpatagua,El Ministerio de Salud Publica y Asistencia Social informo un caso en paciente femenina de 43 años. El diagnostico se realizo en el Laboratorio Nacional de Salud.,"Aves (5), Gatos (8), Bovinos (655), Tlacuache sureño (1), Perros (207), Équidos (55), Caprinos (7), León (1), Puma (1), Ovinos (31), Suidos (46)",1017,2
5986,161527,14.0492,-90.0273,2025-07-20,Conguaco,,"Aves (5), Gatos (8), Bovinos (655), Tlacuache sureño (1), Perros (207), Équidos (55), Caprinos (7), León (1), Puma (1), Ovinos (31), Suidos (46)",1017,2
5986,161526,14.1092,-89.9145,2025-07-20,Comapa,El Ministerio de Salud Publica y Asistencia Social informa paciente masculino 48 años. El diagnostico se realizo en el Laboratorio Nacional de Salud.,"Aves (5), Gatos (8), Bovinos (655), Tlacuache sureño (1), Perros (207), Équidos (55), Caprinos (7), León (1), Puma (1), Ovinos (31), Suidos (46)",1017,2
5986,161525,14.4833,-89.6557,2025-07-20,Agua Blanca,,"Aves (5), Gatos (8), Bovinos (655), Tlacuache sureño (1), Perros (207), Équidos (55), Caprinos (7), León (1), Puma (1), Ovinos (31), Suidos (46)",1017,2
5986,161524,14.6684,-89.8306,2025-07-20,San Pedro Pinula,,"Aves (5), Gatos (8), Bovinos (655), Tlacuache sureño (1), Perros (207), Équidos (55), Caprinos (7), León (1), Puma (1), Ovinos (31), Suidos (46)",1017,2
5986,161523,14.5054,-89.7967,2025-07-20,San Manuel Chaparrón,,"Aves (5), Gatos (8), Bovinos (655), Tlacuache sureño (1), Perros (207), Équidos (55), Caprinos (7), León (1), Puma (1), Ovinos (31), Suidos (46)",1017,2
5986,161522,14.6377,-89.7306,2025-07-20,San Luis Jilotepeque,,"Aves (5), Gatos (8), Bovinos (655), Tlacuache sureño (1), Perros (207), Équidos (55), Caprinos (7), León (1), Puma (1), Ovinos (31), Suidos (46)",1017,2
5986,161521,14.498,-90.0602,2025-07-20,San Carlos Alzatate,Se desconoce la poblacion de perros en este poblado.,"Aves (5), Gatos (8), Bovinos (655), Tlacuache sureño (1), Perros (207), Équidos (55), Caprinos (7), León (1), Puma (1), Ovinos (31), Suidos (46)",1017,2
5986,161520,14.4908,-89.8605,2025-07-20,Monjas,,"Aves (5), Gatos (8), Bovinos (655), Tlacuache sureño (1), Perros (207), Équidos (55), Caprinos (7), León (1), Puma (1), Ovinos (31), Suidos (46)",1017,2
5986,161519,14.5301,-90.1873,2025-07-20,Mataquescuintla,Se desconoce la población de perros de este poblado.,"Aves (5), Gatos (8), Bovinos (655), Tlacuache sureño (1), Perros (207), Équidos (55), Caprinos (7), León (1), Puma (1), Ovinos (31), Suidos (46)",1017,2
5986,161518,14.6489,-90.0455,2025-07-20,Jalapa,El Ministerio de Salud Publica y Asistencia Social informo sobre una paciente femenina de 54 años de edad. El diagnostico fue realizado en el Laboratorio Nacional de Salud. ,"Aves (5), Gatos (8), Bovinos (655), Tlacuache sureño (1), Perros (207), Équidos (55), Caprinos (7), León (1), Puma (1), Ovinos (31), Suidos (46)",1017,2
5986,161517,14.5034,-90.593,2025-07-20,Villa Nueva,Se desconoce la población de perros y gatos en este poblado.,"Aves (5), Gatos (8), Bovinos (655), Tlacuache sureño (1), Perros (207), Équidos (55), Caprinos (7), León (1), Puma (1), Ovinos (31), Suidos (46)",1017,2
5986,161516,14.4808,-90.528,2025-07-20,Villa Canales,Se desconoce la población de perros en este poblado.,"Aves (5), Gatos (8), Bovinos (655), Tlacuache sureño (1), Perros (207), Équidos (55), Caprinos (7), León (1), Puma (1), Ovinos (31), Suidos (46)",1017,2
5986,161515,14.5692,-90.4954,2025-07-20,Santa Catarina Pinula,Se desconoce la población de perros en este poblado.,"Aves (5), Gatos (8), Bovinos (655), Tlacuache sureño (1), Perros (207), Équidos (55), Caprinos (7), León (1), Puma (1), Ovinos (31), Suidos (46)",1017,2
5986,161514,14.7798,-90.4461,2025-07-20,San Pedro Ayampuc,,"Aves (5), Gatos (8), Bovinos (655), Tlacuache sureño (1), Perros (207), Équidos (55), Caprinos (7), León (1), Puma (1), Ovinos (31), Suidos (46)",1017,2
5986,161513,14.499,-90.5486,2025-07-20,Petapa,,"Aves (5), Gatos (8), Bovinos (655), Tlacuache sureño (1), Perros (207), Équidos (55), Caprinos (7), León (1), Puma (1), Ovinos (31), Suidos (46)",1017,2
5986,161512,14.5496,-90.4122,2025-07-20,San José Pinula,,"Aves (5), Gatos (8), Bovinos (655), Tlacuache sureño (1), Perros (207), Équidos (55), Caprinos (7), León (1), Puma (1), Ovinos (31), Suidos (46)",1017,2
5986,161511,14.6516,-90.5912,2025-07-20,Mixco,"El Ministerio de Salud Publica y Asistencia Social informa sobre un paciente masculino de 86 años afectado por una miasis por C. hominivorax. El diagnostico fue realizado en el Laboratorio Nacional de Salud.
Se desconoce la población de perros de este poblado.","Aves (5), Gatos (8), Bovinos (655), Tlacuache sureño (1), Perros (207), Équidos (55), Caprinos (7), León (1), Puma (1), Ovinos (31), Suidos (46)",1017,2
5986,161506,14.5855,-90.5453,2025-07-20,ZONA 12,Se desconoce la población de perros y gatos de este poblado. En el caso del cerdo era un traspatio.,"Aves (5), Gatos (8), Bovinos (655), Tlacuache sureño (1), Perros (207), Équidos (55), Caprinos (7), León (1), Puma (1), Ovinos (31), Suidos (46)",1017,2
5986,161503,14.4563,-90.4356,2025-07-20,Fraijanes,Se desconoce la población de perros de este poblado.,"Aves (5), Gatos (8), Bovinos (655), Tlacuache sureño (1), Perros (207), Équidos (55), Caprinos (7), León (1), Puma (1), Ovinos (31), Suidos (46)",1017,2
5986,161502,14.8219,-90.5172,2025-07-20,Chuarrancho,,"Aves (5), Gatos (8), Bovinos (655), Tlacuache sureño (1), Perros (207), Équidos (55), Caprinos (7), León (1), Puma (1), Ovinos (31), Suidos (46)",1017,2
5986,161501,14.4761,-90.6201,2025-07-20,Amatitlán,Se desconoce la población de perros en este poblado.,"Aves (5), Gatos (8), Bovinos (655), Tlacuache sureño (1), Perros (207), Équidos (55), Caprinos (7), León (1), Puma (1), Ovinos (31), Suidos (46)",1017,2
5986,161500,14.2805,-91.3728,2025-07-20,Tiquisate,,"Aves (5), Gatos (8), Bovinos (655), Tlacuache sureño (1), Perros (207), Équidos (55), Caprinos (7), León (1), Puma (1), Ovinos (31), Suidos (46)",1017,2
5986,161480,14.1616,-91.3205,2025-07-18,Nueva Concepción,,"Aves (5), Gatos (8), Bovinos (655), Tlacuache sureño (1), Perros (207), Équidos (55), Caprinos (7), León (1), Puma (1), Ovinos (31), Suidos (46)",1017,2
5986,161478,14.1923,-90.8357,2025-07-18,Masagua,,"Aves (5), Gatos (8), Bovinos (655), Tlacuache sureño (1), Perros (207), Équidos (55), Caprinos (7), León (1), Puma (1), Ovinos (31), Suidos (46)",1017,2
5986,161476,13.9493,-90.7008,2025-07-18,Iztapa,,"Aves (5), Gatos (8), Bovinos (655), Tlacuache sureño (1), Perros (207), Équidos (55), Caprinos (7), León (1), Puma (1), Ovinos (31), Suidos (46)",1017,2
5986,161471,14.2263,-90.6416,2025-07-18,Guanagazapa,,"Aves (5), Gatos (8), Bovinos (655), Tlacuache sureño (1), Perros (207), Équidos (55), Caprinos (7), León (1), Puma (1), Ovinos (31), Suidos (46)",1017,2
5986,161468,14.2881,-90.774,2025-07-18,Escuintla,,"Aves (5), Gatos (8), Bovinos (655), Tlacuache sureño (1), Perros (207), Équidos (55), Caprinos (7), León (1), Puma (1), Ovinos (31), Suidos (46)",1017,2
5986,161464,14.7469,-90.115,2025-07-18,Sansare,,"Aves (5), Gatos (8), Bovinos (655), Tlacuache sureño (1), Perros (207), Équidos (55), Caprinos (7), León (1), Puma (1), Ovinos (31), Suidos (46)",1017,2
5986,161462,14.7855,-90.2026,2025-07-18,Sanarate,,"Aves (5), Gatos (8), Bovinos (655), Tlacuache sureño (1), Perros (207), Équidos (55), Caprinos (7), León (1), Puma (1), Ovinos (31), Suidos (46)",1017,2
5986,161461,14.7552,-90.284,2025-07-18,San Antonio La Paz,,"Aves (5), Gatos (8), Bovinos (655), Tlacuache sureño (1), Perros (207), Équidos (55), Caprinos (7), León (1), Puma (1), Ovinos (31), Suidos (46)",1017,2
5986,161460,14.9442,-89.9691,2025-07-18,San Agustín Acasaguastlán,,"Aves (5), Gatos (8), Bovinos (655), Tlacuache sureño (1), Perros (207), Équidos (55), Caprinos (7), León (1), Puma (1), Ovinos (31), Suidos (46)",1017,2
5986,161459,14.9221,-90.1426,2025-07-18,Morazán,,"Aves (5), Gatos (8), Bovinos (655), Tlacuache sureño (1), Perros (207), Équidos (55), Caprinos (7), León (1), Puma (1), Ovinos (31), Suidos (46)",1017,2
5986,161458,14.8393,-90.0672,2025-07-18,Guastatoya,,"Aves (5), Gatos (8), Bovinos (655), Tlacuache sureño (1), Perros (207), Équidos (55), Caprinos (7), León (1), Puma (1), Ovinos (31), Suidos (46)",1017,2
5986,161369,14.6885,-89.322,2025-07-16,Olopa,"El Ministerio de Salud Publica y Asistencia Social, atendio un paciente masculino de 53 años con miasis por C. hominivorax","Aves (5), Gatos (8), Bovinos (655), Tlacuache sureño (1), Perros (207), Équidos (55), Caprinos (7), León (1), Puma (1), Ovinos (31), Suidos (46)",1017,2
5986,161364,14.6193,-89.6224,2025-07-16,Ipala,,"Aves (5), Gatos (8), Bovinos (655), Tlacuache sureño (1), Perros (207), Équidos (55), Caprinos (7), León (1), Puma (1), Ovinos (31), Suidos (46)",1017,2
5986,161363,14.5597,-89.3525,2025-07-16,Esquipulas,,"Aves (5), Gatos (8), Bovinos (655), Tlacuache sureño (1), Perros (207), Équidos (55), Caprinos (7), León (1), Puma (1), Ovinos (31), Suidos (46)",1017,2
5986,161112,14.8175,-89.3668,2025-07-12,Camotán,El Ministerio de Salud Publica y Asistencia Social atendió un caso en humano afectado con los siguientes datos: masculino 7 años de edad.,"Aves (5), Gatos (8), Bovinos (655), Tlacuache sureño (1), Perros (207), Équidos (55), Caprinos (7), León (1), Puma (1), Ovinos (31), Suidos (46)",1017,2
5986,161113,14.7799,-89.522,2025-07-12,Chiquimula,"El Ministerio de Salud Publica y Asistencia Social atendió casos en humanos afectados: pacientes masculinos de 88, 86, 73 y 51 años de edad; paciente femenino 3 años de edad. 5 humanos afectados en total hasta la fecha.  ","Aves (5), Gatos (8), Bovinos (655), Tlacuache sureño (1), Perros (207), Équidos (55), Caprinos (7), León (1), Puma (1), Ovinos (31), Suidos (46)",1017,2
5986,161111,14.6459,-90.8898,2025-07-12,Zaragoza,,"Aves (5), Gatos (8), Bovinos (655), Tlacuache sureño (1), Perros (207), Équidos (55), Caprinos (7), León (1), Puma (1), Ovinos (31), Suidos (46)",1017,2
5986,161109,14.5071,-91.1077,2025-07-12,Pochuta,,"Aves (5), Gatos (8), Bovinos (655), Tlacuache sureño (1), Perros (207), Équidos (55), Caprinos (7), León (1), Puma (1), Ovinos (31), Suidos (46)",1017,2
5986,161110,14.4995,-90.9532,2025-07-12,Yepocapa,,"Aves (5), Gatos (8), Bovinos (655), Tlacuache sureño (1), Perros (207), Équidos (55), Caprinos (7), León (1), Puma (1), Ovinos (31), Suidos (46)",1017,2
5986,160029,15.0568,-90.232,2025-06-21,San Jerónimo,,"Aves (5), Gatos (8), Bovinos (655), Tlacuache sureño (1), Perros (207), Équidos (55), Caprinos (7), León (1), Puma (1), Ovinos (31), Suidos (46)",1017,2
5986,160028,15.1051,-90.3137,2025-06-21,Salamá,,"Aves (5), Gatos (8), Bovinos (655), Tlacuache sureño (1), Perros (207), Équidos (55), Caprinos (7), León (1), Puma (1), Ovinos (31), Suidos (46)",1017,2
5986,160027,15.0837,-90.4901,2025-06-21,Rabinal,,"Aves (5), Gatos (8), Bovinos (655), Tlacuache sureño (1), Perros (207), Équidos (55), Caprinos (7), León (1), Puma (1), Ovinos (31), Suidos (46)",1017,2
5986,160026,15.2295,-90.2308,2025-06-21,Purulhá,,"Aves (5), Gatos (8), Bovinos (655), Tlacuache sureño (1), Perros (207), Équidos (55), Caprinos (7), León (1), Puma (1), Ovinos (31), Suidos (46)",1017,2
5986,160025,14.9148,-90.5213,2025-06-21,Granados,,"Aves (5), Gatos (8), Bovinos (655), Tlacuache sureño (1), Perros (207), Équidos (55), Caprinos (7), León (1), Puma (1), Ovinos (31), Suidos (46)",1017,2
5986,160024,15.1055,-90.6135,2025-06-21,Cubulco,,"Aves (5), Gatos (8), Bovinos (655), Tlacuache sureño (1), Perros (207), Équidos (55), Caprinos (7), León (1), Puma (1), Ovinos (31), Suidos (46)",1017,2
5986,159832,15.3055,-90.1163,2025-06-17,Tucurú,,"Aves (5), Gatos (8), Bovinos (655), Tlacuache sureño (1), Perros (207), Équidos (55), Caprinos (7), León (1), Puma (1), Ovinos (31), Suidos (46)",1017,2
5986,159831,15.3036,-90.225,2025-06-17,Tamahú,,"Aves (5), Gatos (8), Bovinos (655), Tlacuache sureño (1), Perros (207), Équidos (55), Caprinos (7), León (1), Puma (1), Ovinos (31), Suidos (46)",1017,2
5986,159830,15.3199,-90.3612,2025-06-17,Tactic,,"Aves (5), Gatos (8), Bovinos (655), Tlacuache sureño (1), Perros (207), Équidos (55), Caprinos (7), León (1), Puma (1), Ovinos (31), Suidos (46)",1017,2
5986,159829,15.3734,-90.4282,2025-06-17,Santa Cruz Verapaz,,"Aves (5), Gatos (8), Bovinos (655), Tlacuache sureño (1), Perros (207), Équidos (55), Caprinos (7), León (1), Puma (1), Ovinos (31), Suidos (46)",1017,2
5986,159827,15.3153,-89.8843,2025-06-17,Panzós,,"Aves (5), Gatos (8), Bovinos (655), Tlacuache sureño (1), Perros (207), Équidos (55), Caprinos (7), León (1), Puma (1), Ovinos (31), Suidos (46)",1017,2
5986,159826,15.8689,-90.0131,2025-06-17,Chisec,,"Aves (5), Gatos (8), Bovinos (655), Tlacuache sureño (1), Perros (207), Équidos (55), Caprinos (7), León (1), Puma (1), Ovinos (31), Suidos (46)",1017,2
5986,159825,15.7907,-89.9146,2025-06-17,Fray Bartolomé de las Casas,,"Aves (5), Gatos (8), Bovinos (655), Tlacuache sureño (1), Perros (207), Équidos (55), Caprinos (7), León (1), Puma (1), Ovinos (31), Suidos (46)",1017,2
5986,159824,15.4663,-90.3732,2025-06-17,Cobán,,"Aves (5), Gatos (8), Bovinos (655), Tlacuache sureño (1), Perros (207), Équidos (55), Caprinos (7), León (1), Puma (1), Ovinos (31), Suidos (46)",1017,2
5986,159823,15.8596,-90.0794,2025-06-17,Chisec,,"Aves (5), Gatos (8), Bovinos (655), Tlacuache sureño (1), Perros (207), Équidos (55), Caprinos (7), León (1), Puma (1), Ovinos (31), Suidos (46)",1017,2
5986,159822,15.8251,-89.5205,2025-06-17,Chahal,,"Aves (5), Gatos (8), Bovinos (655), Tlacuache sureño (1), Perros (207), Équidos (55), Caprinos (7), León (1), Puma (1), Ovinos (31), Suidos (46)",1017,2
5986,159691,16.8056,-89.7629,2025-06-15,Santa Ana,Se detectó miasis en una gallina de traspatio.,"Aves (5), Gatos (8), Bovinos (655), Tlacuache sureño (1), Perros (207), Équidos (55), Caprinos (7), León (1), Puma (1), Ovinos (31), Suidos (46)",1017,2
5986,159692,16.3892,-90.2892,2025-06-15,Sayaxché,,"Aves (5), Gatos (8), Bovinos (655), Tlacuache sureño (1), Perros (207), Équidos (55), Caprinos (7), León (1), Puma (1), Ovinos (31), Suidos (46)",1017,2
5986,159690,16.0954,-89.5915,2025-06-15,San Luis,,"Aves (5), Gatos (8), Bovinos (655), Tlacuache sureño (1), Perros (207), Équidos (55), Caprinos (7), León (1), Puma (1), Ovinos (31), Suidos (46)",1017,2
5986,159689,16.9989,-89.9098,2025-06-15,San José,,"Aves (5), Gatos (8), Bovinos (655), Tlacuache sureño (1), Perros (207), Équidos (55), Caprinos (7), León (1), Puma (1), Ovinos (31), Suidos (46)",1017,2
5986,159688,16.8583,-89.971,2025-06-15,San Francisco,,"Aves (5), Gatos (8), Bovinos (655), Tlacuache sureño (1), Perros (207), Équidos (55), Caprinos (7), León (1), Puma (1), Ovinos (31), Suidos (46)",1017,2
5986,159687,16.952,-90.0383,2025-06-15,San Benito,,"Aves (5), Gatos (8), Bovinos (655), Tlacuache sureño (1), Perros (207), Équidos (55), Caprinos (7), León (1), Puma (1), Ovinos (31), Suidos (46)",1017,2
5986,159686,16.9872,-89.9649,2025-06-15,San Andrés,,"Aves (5), Gatos (8), Bovinos (655), Tlacuache sureño (1), Perros (207), Équidos (55), Caprinos (7), León (1), Puma (1), Ovinos (31), Suidos (46)",1017,2
5986,159685,16.6583,-90.295,2025-06-15,La Libertad,,"Aves (5), Gatos (8), Bovinos (655), Tlacuache sureño (1), Perros (207), Équidos (55), Caprinos (7), León (1), Puma (1), Ovinos (31), Suidos (46)",1017,2
5986,159684,16.7705,-90.1056,2025-06-15,La Libertad,,"Aves (5), Gatos (8), Bovinos (655), Tlacuache sureño (1), Perros (207), Équidos (55), Caprinos (7), León (1), Puma (1), Ovinos (31), Suidos (46)",1017,2
5986,159014,16.911,-89.8975,2025-06-05,Flores,"Se desconoce el total de la población de puma silvestre que habita en el biotopo protegido Naachtún Dos Lagunas. En este caso particular el puma fue captado por una cámara trampa de la Organización Wildlife Conservation Society (WCS). En las imágenes proporcionadas se logra observar una lesión a nivel del flanco izquierdo, por la distancia de la toma podemos decir que tiene una dimensión de 15 centímetros de largo y 10 centímetros de alto, no se puede determinar la profundidad ni tampoco la presencia de larvas de Cochliomyia hominivorax en la lesión indicada. Considerando que se han reportado casos de miasis en animales domésticos de este Departamento, se reporta como caso sospechoso de miasis por Cochliomyia hominivorax en un animal silvestre. ","Aves (5), Gatos (8), Bovinos (655), Tlacuache sureño (1), Perros (207), Équidos (55), Caprinos (7), León (1), Puma (1), Ovinos (31), Suidos (46)",1017,2
5986,159013,16.6063,-89.665,2025-06-05,Dolores,,"Aves (5), Gatos (8), Bovinos (655), Tlacuache sureño (1), Perros (207), Équidos (55), Caprinos (7), León (1), Puma (1), Ovinos (31), Suidos (46)",1017,2
5986,159011,16.5418,-89.4569,2025-06-05,Dolores,,"Aves (5), Gatos (8), Bovinos (655), Tlacuache sureño (1), Perros (207), Équidos (55), Caprinos (7), León (1), Puma (1), Ovinos (31), Suidos (46)",1017,2
5986,158903,15.6715,-88.5082,2025-06-04,Puerto Barrios,,"Aves (5), Gatos (8), Bovinos (655), Tlacuache sureño (1), Perros (207), Équidos (55), Caprinos (7), León (1), Puma (1), Ovinos (31), Suidos (46)",1017,2
5986,158901,15.4239,-88.8449,2025-06-04,Morales,,"Aves (5), Gatos (8), Bovinos (655), Tlacuache sureño (1), Perros (207), Équidos (55), Caprinos (7), León (1), Puma (1), Ovinos (31), Suidos (46)",1017,2
5986,158848,15.8188,-88.8204,2025-06-03,Livingston,,"Aves (5), Gatos (8), Bovinos (655), Tlacuache sureño (1), Perros (207), Équidos (55), Caprinos (7), León (1), Puma (1), Ovinos (31), Suidos (46)",1017,2
5986,158847,15.5654,-88.4164,2025-06-03,Puerto Barrios,Bovino que presento miasis por Cochliomiyia hominivorax en una herida de la oreja izquierda. ,"Aves (5), Gatos (8), Bovinos (655), Tlacuache sureño (1), Perros (207), Équidos (55), Caprinos (7), León (1), Puma (1), Ovinos (31), Suidos (46)",1017,2
5986,158846,15.3354,-88.9917,2025-06-03,Los Amates,,"Aves (5), Gatos (8), Bovinos (655), Tlacuache sureño (1), Perros (207), Équidos (55), Caprinos (7), León (1), Puma (1), Ovinos (31), Suidos (46)",1017,2
5986,141976,15.4504,-89.0539,2024-10-25,Los Amates,"Evento circunscrito a una unidad productiva, en la cual se detectó una ternera de 2 meses de edad, con miasis en el ijar izquierdo (posible vía de ingreso el ombligo), se recibió la notificación el 25 de octubre del 2024, llevando a cabo la visita el mismo día por parte del equipo de vigilancia epidemiológica del MAGA. Se aplicó tratamiento al animal con larvicida local y antiparasitario sistémico, se procedió con la toma y envío de muestras al laboratorio oficial de la Dirección de Sanidad Animal, se dio recomendación de aplicar larvicida por 3 días, fumigar con cipermetrina y aplicación de antibiótico. Se realizó visita de seguimiento el 26 de octubre, la ternera falleció el 27 de octubre. El laboratorio de la Dirección de Sanidad Animal confirmó el diagnostico positivo el 28 de octubre del 2024.","Aves (5), Gatos (8), Bovinos (655), Tlacuache sureño (1), Perros (207), Équidos (55), Caprinos (7), León (1), Puma (1), Ovinos (31), Suidos (46)",1017,2
6371,161124,16.57723,-97.015045,2025-06-25,Dist. Ejutla,"Bovino de 21 días de edad con miasis en región umbilical. Nota 22/08/2025: El número de animales vacunados se redujo a 0 después de que el país proporcionara información adicional.
","Bovinos (106), Perros (3), Équidos (3), Ovinos (1), Suidos (3)",116,0
6371,161155,16.55311,-94.512017,2025-07-09,Dist. Juchitan,Bovino de 5 días de edad con miasis en región umbilical.,"Bovinos (106), Perros (3), Équidos (3), Ovinos (1), Suidos (3)",116,0
6371,161157,16.59573,-94.827371,2025-07-10,Dist. Juchitan,"Bovino de 4 años de edad con miasis en miembro anterior, a la altura de los carpos.","Bovinos (106), Perros (3), Équidos (3), Ovinos (1), Suidos (3)",116,0
6371,161152,16.61182,-94.821159,2025-07-08,Dist. Juchitan,"Bovino de 3 meses de edad con miasis en cuerno derecho.
","Bovinos (106), Perros (3), Équidos (3), Ovinos (1), Suidos (3)",116,0
6371,161158,18.03248,-96.606646,2025-07-08,Dist. Tuxtepec,Bovino de 2 años de edad con miasis en la frente.,"Bovinos (106), Perros (3), Équidos (3), Ovinos (1), Suidos (3)",116,0
6371,161149,16.70241,-94.771108,2025-07-07,Dist. Juchitan,,"Bovinos (106), Perros (3), Équidos (3), Ovinos (1), Suidos (3)",116,0
6371,161148,16.73402,-94.874263,2025-07-07,Dist. Juchitan,"Suino de 1 año de edad con miasis en escroto.
","Bovinos (106), Perros (3), Équidos (3), Ovinos (1), Suidos (3)",116,0
6371,161123,16.57723,-97.015045,2025-07-07,Dist. Ejutla,"Bovino de 8 días de edad con miasis en región umbilical.
","Bovinos (106), Perros (3), Équidos (3), Ovinos (1), Suidos (3)",116,0
6371,161103,16.71162,-94.134175,2025-07-07,Dist. Juchitan,"Bovino de 4 años de edad con miasis en región vulvar.
","Bovinos (106), Perros (3), Équidos (3), Ovinos (1), Suidos (3)",116,0
6371,161105,16.52299,-95.03102,2025-07-06,Dist. Juchitan,"Bovino de 11 días de edad con miasis en región umbilical.
","Bovinos (106), Perros (3), Équidos (3), Ovinos (1), Suidos (3)",116,0
6371,161100,16.25405,-94.325494,2025-07-05,Dist. Juchitan,"Bovino de 12 días de edad con miasis en región umbilical.
","Bovinos (106), Perros (3), Équidos (3), Ovinos (1), Suidos (3)",116,0
6371,161101,16.38145,-94.196469,2025-07-05,Dist. Juchitan,"Bovino de 1 año de edad con miasis en cara.
","Bovinos (106), Perros (3), Équidos (3), Ovinos (1), Suidos (3)",116,0
6371,161104,16.76047,-94.75472,2025-07-05,Dist. Juchitan,"Bovino de 1 mes de edad con miasis en	región umbilical.
","Bovinos (106), Perros (3), Équidos (3), Ovinos (1), Suidos (3)",116,0
6371,161106,16.76784,-94.7621,2025-07-05,Dist. Juchitan,"Bovino de 2 años de edad con miasis en pecho.
","Bovinos (106), Perros (3), Équidos (3), Ovinos (1), Suidos (3)",116,0
6371,161094,16.7347,-94.874031,2025-07-04,Dist. Juchitan,"Bovino de 10 días de edad con miasis en región umbilical.
","Bovinos (106), Perros (3), Équidos (3), Ovinos (1), Suidos (3)",116,0
6371,161092,16.48505,-94.748006,2025-07-04,Dist. Juchitan,"Bovino de 3 años de edad con miasis en cabeza.

","Bovinos (106), Perros (3), Équidos (3), Ovinos (1), Suidos (3)",116,0
6371,161097,16.43063,-94.236294,2025-07-04,Dist. Juchitan,"Bovino de 2 meses de edad con miasis en cuerno derecho.
","Bovinos (106), Perros (3), Équidos (3), Ovinos (1), Suidos (3)",116,0
6371,161102,16.35647,-94.131579,2025-07-04,Dist. Juchitan,"Bovino de 3 años de edad con miasis en miembro anterior derecho.
","Bovinos (106), Perros (3), Équidos (3), Ovinos (1), Suidos (3)",116,0
6371,161122,16.61189,-94.82123,2025-07-04,Dist. Juchitan,"Bovino de 4 años de edad con miasis en región vulvar.
","Bovinos (106), Perros (3), Équidos (3), Ovinos (1), Suidos (3)",116,0
6371,160855,16.72102,-94.73946,2025-07-03,Dist. Juchitan,"Bovino de 4 meses de edad con miasis en glúteo.
","Bovinos (106), Perros (3), Équidos (3), Ovinos (1), Suidos (3)",116,0
6371,161095,17.77771,-95.987493,2025-07-03,Choapam,"Bovino de 1 año de edad con miasis en cruz.
","Bovinos (106), Perros (3), Équidos (3), Ovinos (1), Suidos (3)",116,0
6371,161098,16.35148,-94.147416,2025-07-03,Dist. Juchitan,"Equino de 6 años de edad con miasis en región izquierda del cuello.
","Bovinos (106), Perros (3), Équidos (3), Ovinos (1), Suidos (3)",116,0
6371,161096,16.2513,-94.326699,2025-07-03,Dist. Juchitan,"Canino de 4 años de edad con miasis en región anal.
","Bovinos (106), Perros (3), Équidos (3), Ovinos (1), Suidos (3)",116,0
6371,160854,16.7179,-94.741717,2025-07-02,Dist. Juchitan,"Bovino de 5 años de edad con miasis en cuello.
","Bovinos (106), Perros (3), Équidos (3), Ovinos (1), Suidos (3)",116,0
6371,161099,16.38098,-94.131287,2025-07-02,Dist. Juchitan,"Bovino de 5 meses de edad con miasis en oreja derecha.
","Bovinos (106), Perros (3), Équidos (3), Ovinos (1), Suidos (3)",116,0
6371,160853,16.56186,-94.660166,2025-07-01,Dist. Juchitan,"Bovino de 8 días de edad con miasis en región umbilical.
","Bovinos (106), Perros (3), Équidos (3), Ovinos (1), Suidos (3)",116,0
6371,160857,17.10925,-94.981306,2025-07-01,Dist. Juchitan,Bovino de 1 año de edad con miasis en cuello.,"Bovinos (106), Perros (3), Équidos (3), Ovinos (1), Suidos (3)",116,0
6371,160856,17.11252,-94.887716,2025-07-01,Dist. Juchitan," Bovino de1 año 1 mes de edad con miasis en region lumbar.
","Bovinos (106), Perros (3), Équidos (3), Ovinos (1), Suidos (3)",116,0
6371,160858,17.02439,-94.97112,2025-07-01,Dist. Juchitan,"Bovino de 2 años de edad con miasis en ingle.
","Bovinos (106), Perros (3), Équidos (3), Ovinos (1), Suidos (3)",116,0
6371,161153,16.41549,-94.336779,2025-07-01,Dist. Juchitan,Bovino de 8 días de edad con miasis en región umbilical.,"Bovinos (106), Perros (3), Équidos (3), Ovinos (1), Suidos (3)",116,0
6371,160852,16.69896,-94.907476,2025-06-29,Dist. Juchitan,"Bovino de 2 años de edad con miasis en región umbilical.
","Bovinos (106), Perros (3), Équidos (3), Ovinos (1), Suidos (3)",116,0
6371,161154,16.43063,-94.236294,2025-06-29,Dist. Juchitan,Bovino de 1 mes de edad con miasis en región umbilcal.,"Bovinos (106), Perros (3), Équidos (3), Ovinos (1), Suidos (3)",116,0
6371,161088,17.09594,-94.118853,2025-06-28,Dist. Juchitan,"Bovino de 3 días de edad con miasis en	región umbilical.
","Bovinos (106), Perros (3), Équidos (3), Ovinos (1), Suidos (3)",116,0
6371,161151,16.29056,-94.593238,2025-06-27,Dist. Juchitan,"Bovino de 6 años de edad con miasis en prepucio.
","Bovinos (106), Perros (3), Équidos (3), Ovinos (1), Suidos (3)",116,0
6371,160837,16.93487,-94.95253,2025-06-26,Dist. Juchitan,"Bovino de 6 años de edad con miasis en cuerno derecho.
","Bovinos (106), Perros (3), Équidos (3), Ovinos (1), Suidos (3)",116,0
6371,160838,17.0873,-95.0522,2025-06-26,Dist. Juchitan,"Bovino de 13 años de edad con miasis en orejas.
","Bovinos (106), Perros (3), Équidos (3), Ovinos (1), Suidos (3)",116,0
6371,161147,16.34066,-94.430583,2025-06-26,Dist. Juchitan,"Bovino de 15 días de edad con miasis en cuerno izquierdo.
","Bovinos (106), Perros (3), Équidos (3), Ovinos (1), Suidos (3)",116,0
6371,161150,16.46464,-94.371456,2025-06-26,Dist. Juchitan,"Bovino de 8 días de edad con miasis en	región umbilical.
","Bovinos (106), Perros (3), Équidos (3), Ovinos (1), Suidos (3)",116,0
6371,161156,16.42828,-94.336902,2025-06-26,Dist. Juchitan,Bovino de 15 dias de edad con miasis en region umbilical.,"Bovinos (106), Perros (3), Équidos (3), Ovinos (1), Suidos (3)",116,0
6371,160622,16.701594,-94.776061,2025-06-25,Dist. Juchitan,"Bovino de 20 días de edad con miasis en región umbilical.
","Bovinos (106), Perros (3), Équidos (3), Ovinos (1), Suidos (3)",116,0
6371,161125,16.3421,-94.4322,2025-06-25,Dist. Juchitan,"Bovino de 15 días de edad con miasis  en vuerno izquierdo-
","Bovinos (106), Perros (3), Équidos (3), Ovinos (1), Suidos (3)",116,0
6371,160796,16.457083,-94.367661,2025-06-24,Dist. Juchitan,"
Bovino de 10 días de edad con miasis en región umbilical.

","Bovinos (106), Perros (3), Équidos (3), Ovinos (1), Suidos (3)",116,0
6371,160848,16.40749,-94.201939,2025-06-24,Dist. Juchitan,"Bovino de 3 años de edad con miasis en cruz.
","Bovinos (106), Perros (3), Équidos (3), Ovinos (1), Suidos (3)",116,0
6371,161089,17.13326,-94.130563,2025-05-27,Dist. Juchitan,"Bovino de 11 días de edad con miasis en región umbilical.
","Bovinos (106), Perros (3), Équidos (3), Ovinos (1), Suidos (3)",116,0
6371,160614,16.572513,-95.110952,2025-06-23,Dist. Juchitan,"Bovino de 1 mes de edad con miasis en	región umbilical.
","Bovinos (106), Perros (3), Équidos (3), Ovinos (1), Suidos (3)",116,0
6371,160792,16.349462,-94.3583,2025-06-23,Dist. Juchitan,"Bovino de 4 años de edad con miasis en prepucio.
","Bovinos (106), Perros (3), Équidos (3), Ovinos (1), Suidos (3)",116,0
6371,160794,16.346523,-94.356402,2025-06-23,Dist. Juchitan,"Bovino de 20 días de edad con miasis en región umbilical.
","Bovinos (106), Perros (3), Équidos (3), Ovinos (1), Suidos (3)",116,0
6371,160795,16.313096,-94.521023,2025-06-23,Dist. Juchitan,"Bovino de 15 días de edad con miasis en región umbilical.
","Bovinos (106), Perros (3), Équidos (3), Ovinos (1), Suidos (3)",116,0
6371,160836,17.8444,-96.0575,2025-06-23,Dist. Tuxtepec,"Bovino de 5 años de edad con miasis en cuerno izquierdo.
","Bovinos (106), Perros (3), Équidos (3), Ovinos (1), Suidos (3)",116,0
6371,160839,17.14394,-94.591618,2025-06-23,Dist. Juchitan,"Bovino de 7 años de edad con miasis en región vulvar.
","Bovinos (106), Perros (3), Équidos (3), Ovinos (1), Suidos (3)",116,0
6371,160847,16.4151,-94.165303,2025-06-23,Dist. Juchitan,"Equino de 7 años de edad con miasis en miembro posterior derecho.
","Bovinos (106), Perros (3), Équidos (3), Ovinos (1), Suidos (3)",116,0
6371,160850,16.25254,-94.324113,2025-06-23,Dist. Juchitan,"Bovino de 2 meses de edad con miasis en oreja derecha.
","Bovinos (106), Perros (3), Équidos (3), Ovinos (1), Suidos (3)",116,0
6371,160609,17.127391,-94.11086,2025-06-22,Dist. Juchitan,"Bovino de 2 meses de edad con miasis en oreja.
","Bovinos (106), Perros (3), Équidos (3), Ovinos (1), Suidos (3)",116,0
6371,160610,17.130702,-94.131195,2025-06-22,Dist. Juchitan,"Bovino de 15 días de edad con miasis en región umbilical.
","Bovinos (106), Perros (3), Équidos (3), Ovinos (1), Suidos (3)",116,0
6371,160611,17.138076,-94.112822,2025-06-22,Dist. Juchitan,"Bovino de 4 años de edad con miasis en cuerno.
","Bovinos (106), Perros (3), Équidos (3), Ovinos (1), Suidos (3)",116,0
6371,160842,17.08225,-94.869905,2025-06-22,Dist. Juchitan,"Bovino de 20 días de edad con miasis en cuello.
","Bovinos (106), Perros (3), Équidos (3), Ovinos (1), Suidos (3)",116,0
6371,160849,16.3526,-94.2852,2025-06-22,Dist. Juchitan,"Bovino de 7 años de edad con miasis en ubre.
","Bovinos (106), Perros (3), Équidos (3), Ovinos (1), Suidos (3)",116,0
6371,160851,16.21635,-94.226254,2025-06-22,Dist. Juchitan,"Bovino de 5 días de edad con miasis en región umbilical.
","Bovinos (106), Perros (3), Équidos (3), Ovinos (1), Suidos (3)",116,0
6371,160612,17.140993,-94.124092,2025-06-21,Dist. Juchitan,"Bovino de 4 años de edad con miasis en cuerno.
","Bovinos (106), Perros (3), Équidos (3), Ovinos (1), Suidos (3)",116,0
6371,160613,17.056479,-94.135208,2025-06-21,Dist. Juchitan,"Bovino de 2 años de edad con miasis en escroto.
","Bovinos (106), Perros (3), Équidos (3), Ovinos (1), Suidos (3)",116,0
6371,160793,16.349462,-94.3583,2025-06-21,Dist. Juchitan,"Bovino de 6 días de edad con miasis en	región umbilical.
","Bovinos (106), Perros (3), Équidos (3), Ovinos (1), Suidos (3)",116,0
6371,160840,16.80814,-94.964355,2025-06-21,Dist. Juchitan,"Bovino de 15 días de edad con miasis en región vulvar.
","Bovinos (106), Perros (3), Équidos (3), Ovinos (1), Suidos (3)",116,0
6371,160602,16.590837,-94.771016,2025-06-20,Dist. Juchitan,"Suino de 1 mes de edad con miasis en región umbilical.
","Bovinos (106), Perros (3), Équidos (3), Ovinos (1), Suidos (3)",116,0
6371,160621,16.440764,-94.419033,2025-06-20,Dist. Juchitan,"
Bovino de 10 días de edad con miasis en región umbilical.
","Bovinos (106), Perros (3), Équidos (3), Ovinos (1), Suidos (3)",116,0
6371,160843,16.97642,-94.906165,2025-06-20,Dist. Juchitan,"Bovino de 1 año 6 meses de edad con miasis en cadera.
","Bovinos (106), Perros (3), Équidos (3), Ovinos (1), Suidos (3)",116,0
6371,160607,16.379298,-94.126947,2025-06-19,Dist. Juchitan,"Bovino de 15 días de edad con miasis en región umbilical.
","Bovinos (106), Perros (3), Équidos (3), Ovinos (1), Suidos (3)",116,0
6371,160608,18.126407,-95.971388,2025-06-19,Dist. Tuxtepec,"Bovino de 15 días de edad con miasis en región umbilical.
","Bovinos (106), Perros (3), Équidos (3), Ovinos (1), Suidos (3)",116,0
6371,160619,16.392537,-94.318851,2025-06-19,Dist. Juchitan,"Bovino de 9 días de edad con miasis en	región umbilical.
","Bovinos (106), Perros (3), Équidos (3), Ovinos (1), Suidos (3)",116,0
6371,160620,16.397439,-94.316659,2025-06-19,Dist. Juchitan,"Bovino de 10 días de edad con miasis en región umbilical.
","Bovinos (106), Perros (3), Équidos (3), Ovinos (1), Suidos (3)",116,0
6371,160841,17.24892,-95.490199,2025-06-19,Dist. Mixe,"Bovino de 9 meses de edad con miasis en prepucio.
","Bovinos (106), Perros (3), Équidos (3), Ovinos (1), Suidos (3)",116,0
6371,160618,16.493903,-94.342162,2025-06-18,Dist. Juchitan,"Bovino de 13 días de edad con miasis en región umbilical.
","Bovinos (106), Perros (3), Équidos (3), Ovinos (1), Suidos (3)",116,0
6371,160844,17.00745,-94.943175,2025-06-17,Dist. Juchitan,"Bovino de 6 meses de edad con miasis en región vulvar.
","Bovinos (106), Perros (3), Équidos (3), Ovinos (1), Suidos (3)",116,0
6371,160835,17.1817,-94.989,2025-06-11,Dist. Juchitan,"Bovino de 4 días de edad con miasis en	región umbilical.
","Bovinos (106), Perros (3), Équidos (3), Ovinos (1), Suidos (3)",116,0
6371,160845,16.98914,-94.961093,2025-06-16,Dist. Juchitan,"Bovino de 3 meses de edad con miasis en cuernos.
","Bovinos (106), Perros (3), Équidos (3), Ovinos (1), Suidos (3)",116,0
6371,160846,17.04438,-94.739829,2025-06-14,Dist. Juchitan,"Bovino de 40 dias de edad con miasis en oreja derecha.
","Bovinos (106), Perros (3), Équidos (3), Ovinos (1), Suidos (3)",116,0
6371,160834,16.995656,-95.040766,2025-06-10,Dist. Juchitan,"Canino de 5 meses de edad con miasis en oreja derecha.
","Bovinos (106), Perros (3), Équidos (3), Ovinos (1), Suidos (3)",116,0
6371,160616,16.360381,-94.216205,2025-06-17,Dist. Juchitan,"Suino de 5 meses de edad con miasis en cuello.
","Bovinos (106), Perros (3), Équidos (3), Ovinos (1), Suidos (3)",116,0
6371,160617,16.547306,-94.322877,2025-06-17,Dist. Juchitan,"Bovino de 1 mes de edad con miasis en	región umbilical.
","Bovinos (106), Perros (3), Équidos (3), Ovinos (1), Suidos (3)",116,0
6371,160615,16.481994,-94.307139,2025-06-16,Dist. Juchitan,"Bovino de 8 días de edad con miasis en región umbilical.
","Bovinos (106), Perros (3), Équidos (3), Ovinos (1), Suidos (3)",116,0
6371,160603,16.516331,-94.344721,2025-06-15,Dist. Juchitan,"Bovino de 10 días de edad con	región umbilical.
","Bovinos (106), Perros (3), Équidos (3), Ovinos (1), Suidos (3)",116,0
6371,160604,16.464109,-94.246991,2025-06-15,Dist. Juchitan,"Bovino de 15 días de edad con miasis en región umbilical.
","Bovinos (106), Perros (3), Équidos (3), Ovinos (1), Suidos (3)",116,0
6371,160605,16.441869,-94.22284,2025-06-15,Dist. Juchitan,"Bovino de 12 días de edad con miasis en región umbilical.
","Bovinos (106), Perros (3), Équidos (3), Ovinos (1), Suidos (3)",116,0
6371,160606,16.466018,-94.287325,2025-06-15,Dist. Juchitan,"Bovino de 10 días de edad con miasis en región umbilical.
","Bovinos (106), Perros (3), Équidos (3), Ovinos (1), Suidos (3)",116,0
6371,160107,16.479453,-94.943977,2025-06-14,Dist. Juchitan,"Ovino de 7 meses de edad con miasis en región costal.
","Bovinos (106), Perros (3), Équidos (3), Ovinos (1), Suidos (3)",116,0
6371,160601,16.3203,-94.1557,2025-06-14,Dist. Juchitan,"Bovino de 5 días de edad con miasis en región umbilical.
","Bovinos (106), Perros (3), Équidos (3), Ovinos (1), Suidos (3)",116,0
6371,160105,16.542815,-94.848629,2025-06-12,Dist. Juchitan,"Bovino de 15 días de edad con miasis en cuerno.
","Bovinos (106), Perros (3), Équidos (3), Ovinos (1), Suidos (3)",116,0
6371,160106,16.560728,-95.032494,2025-06-11,Dist. Juchitan,"Bovino de 5 años de edad con miasis en cuerno.
","Bovinos (106), Perros (3), Équidos (3), Ovinos (1), Suidos (3)",116,0
6371,159750,16.868231,-94.954618,2025-06-08,Dist. Juchitan,"Bovino de 30 días de edad con miasis en región umbilical.
","Bovinos (106), Perros (3), Équidos (3), Ovinos (1), Suidos (3)",116,0
6371,159753,17.043113,-94.964413,2025-06-08,Dist. Juchitan,"Bovino de 8 años de edad con miasis en región vulvar.
","Bovinos (106), Perros (3), Équidos (3), Ovinos (1), Suidos (3)",116,0
6371,159752,17.016859,-94.94745,2025-06-08,Dist. Juchitan,"Bovino de 3 años de edad con miasis en cuerno derecho.
","Bovinos (106), Perros (3), Équidos (3), Ovinos (1), Suidos (3)",116,0
6371,159751,17.1185,-94.9891,2025-06-07,Dist. Juchitan,"Bovino de 3 meses de edad con miasis en región umbilical.
","Bovinos (106), Perros (3), Équidos (3), Ovinos (1), Suidos (3)",116,0
6371,159749,16.522185,-94.657519,2025-06-07,Dist. Juchitan,"Bovino de 9 años de edad con miasis en cuerno.
","Bovinos (106), Perros (3), Équidos (3), Ovinos (1), Suidos (3)",116,0
6371,159748,16.739058,-95.353171,2025-06-06,Dist. Tehuantepec,"Bovino de 8 días de edad con miasis en	región umbilical.
","Bovinos (106), Perros (3), Équidos (3), Ovinos (1), Suidos (3)",116,0
6371,160110,16.540281,-94.363711,2025-06-06,Dist. Juchitan,"Bovino de 5 años de edad con miasis en ubre.
","Bovinos (106), Perros (3), Équidos (3), Ovinos (1), Suidos (3)",116,0
6371,159747,17.423942,-96.296934,2025-06-05,Dist. Villa Alta,"Canino de 3 años de edad con miasis en miembro  posterior derecho.
","Bovinos (106), Perros (3), Équidos (3), Ovinos (1), Suidos (3)",116,0
6371,159746,17.029604,-95.168052,2025-06-04,Dist. Juchitan,"Bovino de 7 años de edad con miasis en isquion izquierdo.
","Bovinos (106), Perros (3), Équidos (3), Ovinos (1), Suidos (3)",116,0
6371,160109,16.451721,-94.373787,2025-06-03,Dist. Juchitan,"Bovino de 10 días de edad con miasis en región umbilical.
","Bovinos (106), Perros (3), Équidos (3), Ovinos (1), Suidos (3)",116,0
6371,159309,16.5653,-94.56559,2025-06-02,Dist. Juchitan,"Bovino de 10 días de edad con miasis en región umbilical.
","Bovinos (106), Perros (3), Équidos (3), Ovinos (1), Suidos (3)",116,0
6371,159745,17.355719,-95.168052,2025-06-02,Dist. Mixe,"Bovino de 5 años de edad con miasis en ubre.
","Bovinos (106), Perros (3), Équidos (3), Ovinos (1), Suidos (3)",116,0
6371,160108,16.447565,-94.266368,2025-06-02,Dist. Juchitan,"Bovino de 8 días de edad con miasis en	región umbilical.
","Bovinos (106), Perros (3), Équidos (3), Ovinos (1), Suidos (3)",116,0
6371,159308,16.4578,-94.52275,2025-05-30,Dist. Juchitan,"Dos bovinos de 10 días de edad ambos con miasis en región umbilical.
","Bovinos (106), Perros (3), Équidos (3), Ovinos (1), Suidos (3)",116,0
6371,159310,16.481346,-94.482334,2025-05-29,Dist. Juchitan,Bovino de 10 días de edad con miasis en región umbilical.,"Bovinos (106), Perros (3), Équidos (3), Ovinos (1), Suidos (3)",116,0
6371,159306,16.4821,-94.23347,2025-05-28,Dist. Juchitan,"Bovino de 15 días de edad con miasis en región umbilical.
","Bovinos (106), Perros (3), Équidos (3), Ovinos (1), Suidos (3)",116,0
6371,159307,16.41265,-94.31024,2025-05-28,Dist. Juchitan,"Bovino de 7 años de edad con miasis en cuerno derecho.
","Bovinos (106), Perros (3), Équidos (3), Ovinos (1), Suidos (3)",116,0
6371,158816,16.2851,-94.1505,2025-05-25,Dist. Juchitan,"Bovinos de 8 días de edad con miasis en región umbilical.
","Bovinos (106), Perros (3), Équidos (3), Ovinos (1), Suidos (3)",116,0
6371,159305,16.54832,-94.33625,2025-05-25,Dist. Juchitan,"Bovino de 10 días de edad con miasis en región umbilical.
","Bovinos (106), Perros (3), Équidos (3), Ovinos (1), Suidos (3)",116,0
6371,158814,16.39455,-94.137852,2025-05-24,Dist. Juchitan,"Bovino de 4 años de edad con miasis en región vulvar.
","Bovinos (106), Perros (3), Équidos (3), Ovinos (1), Suidos (3)",116,0
6371,158813,16.30846,-94.192181,2025-05-23,Dist. Juchitan,"Bovino de 4 años de edad con miasis en cuernos.
","Bovinos (106), Perros (3), Équidos (3), Ovinos (1), Suidos (3)",116,0
6371,158815,17.14708,-95.018028,2025-05-23,Dist. Juchitan,"Bovino de 1 mes de edad con miasis en	isquión izquierdo.
","Bovinos (106), Perros (3), Équidos (3), Ovinos (1), Suidos (3)",116,0
6371,158479,16.46427,-94.40366,2025-05-19,Dist. Juchitan,"Bovino de 1 mes de edad con miasis en	región umbilical.
","Bovinos (106), Perros (3), Équidos (3), Ovinos (1), Suidos (3)",116,0
6371,158167,16.395651,-94.209741,2025-05-15,Dist. Juchitan,"Bovino de 3 años de edad con miasis en pecho.
","Bovinos (106), Perros (3), Équidos (3), Ovinos (1), Suidos (3)",116,0
6371,158166,16.375241,-94.111561,2025-05-11,Dist. Juchitan,"Bovino de 4 años de edad con miasis en cuerno izquierdo.
","Bovinos (106), Perros (3), Équidos (3), Ovinos (1), Suidos (3)",116,0
6371,157613,17.7886,-96.63582,2025-05-07,Dist. Ixtlan,Bovino de 2 meses de edad con miasis en brazo.,"Bovinos (106), Perros (3), Équidos (3), Ovinos (1), Suidos (3)",116,0
6371,157614,16.91048,-94.94842,2025-05-08,Dist. Juchitan,"Bovino de 1.5 meses de edad con miasis en región umbilical.
","Bovinos (106), Perros (3), Équidos (3), Ovinos (1), Suidos (3)",116,0
6371,157003,16.9082,-94.9346,2025-04-30,Dist. Juchitan,Equino macho de 5 años de edad con miasis en miembro anterior derecho. ,"Bovinos (106), Perros (3), Équidos (3), Ovinos (1), Suidos (3)",116,0
5864,153350,15.43552,-86.26191,2025-02-24,Olanchito,,"Bovinos (672), Perros (32), Équidos (25), Ovinos (11), Suidos (25)",765,1
5864,153344,15.333,-87.1651,2025-02-19,Yoro,,"Bovinos (672), Perros (32), Équidos (25), Ovinos (11), Suidos (25)",765,1
5864,153355,15.424753,-86.956931,2025-02-28,Olanchito,,"Bovinos (672), Perros (32), Équidos (25), Ovinos (11), Suidos (25)",765,1
5864,153354,15.417007,-86.877019,2025-02-28,Olanchito,,"Bovinos (672), Perros (32), Équidos (25), Ovinos (11), Suidos (25)",765,1
5864,153353,15.50119,-86.682158,2025-02-27,Olanchito,,"Bovinos (672), Perros (32), Équidos (25), Ovinos (11), Suidos (25)",765,1
5864,153352,15.438845,-86.811255,2025-02-25,Olanchito,,"Bovinos (672), Perros (32), Équidos (25), Ovinos (11), Suidos (25)",765,1
5864,153351,15.435434,-86.404486,2025-02-25,Olanchito,,"Bovinos (672), Perros (32), Équidos (25), Ovinos (11), Suidos (25)",765,1
5864,153349,15.418922,-86.969921,2025-02-24,Olanchito,,"Bovinos (672), Perros (32), Équidos (25), Ovinos (11), Suidos (25)",765,1
5864,153348,15.415833,-87.078055,2025-02-24,Olanchito,,"Bovinos (672), Perros (32), Équidos (25), Ovinos (11), Suidos (25)",765,1
5864,153347,15.421944,-87.071666,2025-02-21,Olanchito,,"Bovinos (672), Perros (32), Équidos (25), Ovinos (11), Suidos (25)",765,1
5864,153346,15.419249,-86.971533,2025-02-21,Olanchito,,"Bovinos (672), Perros (32), Équidos (25), Ovinos (11), Suidos (25)",765,1
5864,153345,15.419358,-86.970361,2025-02-21,Olanchito,,"Bovinos (672), Perros (32), Équidos (25), Ovinos (11), Suidos (25)",765,1
5864,153343,15.333,-87.1651,2025-02-10,Yoro,,"Bovinos (672), Perros (32), Équidos (25), Ovinos (11), Suidos (25)",765,1
5864,153342,15.468465,-86.299419,2025-02-10,Olanchito,,"Bovinos (672), Perros (32), Équidos (25), Ovinos (11), Suidos (25)",765,1
5864,153341,15.469952,-86.31467,2025-02-07,Olanchito,,"Bovinos (672), Perros (32), Équidos (25), Ovinos (11), Suidos (25)",765,1
5864,153340,15.510358,-86.236609,2025-02-07,Olanchito,,"Bovinos (672), Perros (32), Équidos (25), Ovinos (11), Suidos (25)",765,1
5864,153339,15.427443,-86.792499,2025-02-06,Olanchito,,"Bovinos (672), Perros (32), Équidos (25), Ovinos (11), Suidos (25)",765,1
5864,153338,15.426071,-86.60963,2025-01-23,Olanchito,,"Bovinos (672), Perros (32), Équidos (25), Ovinos (11), Suidos (25)",765,1
5864,153337,13.532934,-87.486228,2025-02-22,Nacaome,,"Bovinos (672), Perros (32), Équidos (25), Ovinos (11), Suidos (25)",765,1
5864,153336,13.530819,-87.504867,2025-02-22,Nacaome,,"Bovinos (672), Perros (32), Équidos (25), Ovinos (11), Suidos (25)",765,1
5864,153335,13.65589,-87.639201,2025-02-08,Langue,,"Bovinos (672), Perros (32), Équidos (25), Ovinos (11), Suidos (25)",765,1
5864,153334,13.418575,-87.715089,2025-02-07,Alianza,,"Bovinos (672), Perros (32), Équidos (25), Ovinos (11), Suidos (25)",765,1
5864,153333,13.5027,-87.6969,2025-02-07,Alianza,,"Bovinos (672), Perros (32), Équidos (25), Ovinos (11), Suidos (25)",765,1
5864,153332,13.555125,-87.727078,2025-01-20,Goascorán,,"Bovinos (672), Perros (32), Équidos (25), Ovinos (11), Suidos (25)",765,1
5864,153331,15.1533,-88.3583,2024-11-07,Trinidad de Copán,,"Bovinos (672), Perros (32), Équidos (25), Ovinos (11), Suidos (25)",765,1
5864,153330,14.432021,-89.184265,2025-02-24,Sinuapa,,"Bovinos (672), Perros (32), Équidos (25), Ovinos (11), Suidos (25)",765,1
5864,153329,14.572864,-88.60892,2025-02-28,Gracias,,"Bovinos (672), Perros (32), Équidos (25), Ovinos (11), Suidos (25)",765,1
5864,153328,14.0305,-88.6265,2025-02-27,Mapulaca,,"Bovinos (672), Perros (32), Équidos (25), Ovinos (11), Suidos (25)",765,1
5864,153327,14.0789,-88.6757,2025-02-27,La Virtud,,"Bovinos (672), Perros (32), Équidos (25), Ovinos (11), Suidos (25)",765,1
5864,153326,14.14793,-88.79935,2025-02-24,San Juan Guarita,,"Bovinos (672), Perros (32), Équidos (25), Ovinos (11), Suidos (25)",765,1
5864,153325,14.090113,-88.537682,2025-02-12,Gualcince,,"Bovinos (672), Perros (32), Équidos (25), Ovinos (11), Suidos (25)",765,1
5864,153324,14.090592,-88.550034,2025-02-11,Gualcince,,"Bovinos (672), Perros (32), Équidos (25), Ovinos (11), Suidos (25)",765,1
5864,153323,14.112597,-88.580953,2025-02-10,Gualcince,,"Bovinos (672), Perros (32), Équidos (25), Ovinos (11), Suidos (25)",765,1
5864,153322,14.092317,-88.584496,2025-02-10,Gualcince,,"Bovinos (672), Perros (32), Équidos (25), Ovinos (11), Suidos (25)",765,1
5864,153321,14.124457,-88.587161,2025-02-08,Gualcince,,"Bovinos (672), Perros (32), Équidos (25), Ovinos (11), Suidos (25)",765,1
5864,153320,14.0679,-88.5538,2025-02-04,Candelaria,,"Bovinos (672), Perros (32), Équidos (25), Ovinos (11), Suidos (25)",765,1
5864,153319,13.918941,-87.916375,2025-02-20,Santa Ana,,"Bovinos (672), Perros (32), Équidos (25), Ovinos (11), Suidos (25)",765,1
5864,153318,14.353,-87.6599,2025-02-14,La Paz,,"Bovinos (672), Perros (32), Équidos (25), Ovinos (11), Suidos (25)",765,1
5864,153317,13.882604,-87.700619,2025-02-11,San Antonio del Norte,,"Bovinos (672), Perros (32), Équidos (25), Ovinos (11), Suidos (25)",765,1
5864,153316,14.015417,-87.87092,2025-02-03,Opatoro,,"Bovinos (672), Perros (32), Équidos (25), Ovinos (11), Suidos (25)",765,1
5864,153315,13.882604,-87.700619,2025-01-30,San Antonio del Norte,,"Bovinos (672), Perros (32), Équidos (25), Ovinos (11), Suidos (25)",765,1
5864,153314,13.954049,-87.722181,2025-01-23,San Juan,,"Bovinos (672), Perros (32), Équidos (25), Ovinos (11), Suidos (25)",765,1
5864,153313,14.118459,-88.252094,2025-02-25,San Marcos de la Sierra,,"Bovinos (672), Perros (32), Équidos (25), Ovinos (11), Suidos (25)",765,1
5864,153312,14.033765,-88.336921,2025-02-13,Concepción,,"Bovinos (672), Perros (32), Équidos (25), Ovinos (11), Suidos (25)",765,1
5864,153310,15.3339,-84.4915,2025-01-19,Wampusirpi,,"Bovinos (672), Perros (32), Équidos (25), Ovinos (11), Suidos (25)",765,1
5864,153311,15.3616,-84.4345,2025-01-21,Ahuas,,"Bovinos (672), Perros (32), Équidos (25), Ovinos (11), Suidos (25)",765,1
5864,153309,14.733182,-84.994911,2025-01-16,Wampusirpi,,"Bovinos (672), Perros (32), Équidos (25), Ovinos (11), Suidos (25)",765,1
5864,153308,14.747637,-84.972593,2025-01-16,Wampusirpi,,"Bovinos (672), Perros (32), Équidos (25), Ovinos (11), Suidos (25)",765,1
5864,153307,15.62195,-84.804583,2025-01-08,Brus Laguna,,"Bovinos (672), Perros (32), Équidos (25), Ovinos (11), Suidos (25)",765,1
5864,153306,14.458476,-87.139675,2025-02-28,Talanga,,"Bovinos (672), Perros (32), Équidos (25), Ovinos (11), Suidos (25)",765,1
5864,153305,14.170603,-87.20725,2025-02-25,Distrito Central,,"Bovinos (672), Perros (32), Équidos (25), Ovinos (11), Suidos (25)",765,1
5864,153304,14.6906,-87.1893,2025-02-18,El Porvenir,,"Bovinos (672), Perros (32), Équidos (25), Ovinos (11), Suidos (25)",765,1
5864,153303,14.087771,-87.230487,2025-02-18,Distrito Central,,"Bovinos (672), Perros (32), Équidos (25), Ovinos (11), Suidos (25)",765,1
5864,153302,14.533031,-87.084849,2025-02-13,Cedros,,"Bovinos (672), Perros (32), Équidos (25), Ovinos (11), Suidos (25)",765,1
5864,153301,14.2543,-87.0297,2025-02-12,San Juan de Flores,,"Bovinos (672), Perros (32), Équidos (25), Ovinos (11), Suidos (25)",765,1
5864,153300,13.838825,-87.240699,2025-02-05,Sabanagrande,,"Bovinos (672), Perros (32), Équidos (25), Ovinos (11), Suidos (25)",765,1
5864,153299,13.820456,-87.251487,2025-02-05,Sabanagrande,,"Bovinos (672), Perros (32), Équidos (25), Ovinos (11), Suidos (25)",765,1
5864,153298,14.411544,-87.242912,2025-02-04,Cedros,,"Bovinos (672), Perros (32), Équidos (25), Ovinos (11), Suidos (25)",765,1
5864,153297,14.00789,-87.0154,2025-02-03,San Antonio de Oriente,,"Bovinos (672), Perros (32), Équidos (25), Ovinos (11), Suidos (25)",765,1
5864,153296,13.880906,-87.023538,2025-01-29,Maraita,,"Bovinos (672), Perros (32), Équidos (25), Ovinos (11), Suidos (25)",765,1
5864,153295,13.8019,-87.067,2025-01-27,Maraita,,"Bovinos (672), Perros (32), Équidos (25), Ovinos (11), Suidos (25)",765,1
5864,153294,14.532358,-86.82646,2025-01-17,Guaimaca,,"Bovinos (672), Perros (32), Équidos (25), Ovinos (11), Suidos (25)",765,1
5864,153293,13.886306,-87.084417,2024-12-18,Maraita,,"Bovinos (672), Perros (32), Équidos (25), Ovinos (11), Suidos (25)",765,1
5864,153292,13.833336,-87.243806,2024-12-17,Sabanagrande,,"Bovinos (672), Perros (32), Équidos (25), Ovinos (11), Suidos (25)",765,1
5864,153291,15.51878,-88.030056,2025-02-28,San Pedro Sula,,"Bovinos (672), Perros (32), Équidos (25), Ovinos (11), Suidos (25)",765,1
5864,153290,14.98784,-87.99247,2025-02-27,San Francisco de Yojoa,,"Bovinos (672), Perros (32), Équidos (25), Ovinos (11), Suidos (25)",765,1
5864,153289,15.782,-87.9546,2025-02-25,Puerto Cortés,,"Bovinos (672), Perros (32), Équidos (25), Ovinos (11), Suidos (25)",765,1
5864,153288,15.352722,-88.110355,2025-01-16,Villanueva,,"Bovinos (672), Perros (32), Équidos (25), Ovinos (11), Suidos (25)",765,1
5864,153287,15.634661,-88.274785,2024-12-10,Omoa,,"Bovinos (672), Perros (32), Équidos (25), Ovinos (11), Suidos (25)",765,1
5864,153286,15.5521,-88.4026,2024-11-25,Omoa,,"Bovinos (672), Perros (32), Équidos (25), Ovinos (11), Suidos (25)",765,1
5864,153285,15.590342,-88.333039,2024-11-12,Omoa,,"Bovinos (672), Perros (32), Équidos (25), Ovinos (11), Suidos (25)",765,1
5864,153280,15.118114,-88.986504,2025-02-16,El Paraíso,,"Bovinos (672), Perros (32), Équidos (25), Ovinos (11), Suidos (25)",765,1
5864,153284,14.8067,-88.7995,2025-02-24,Santa Rosa de Copán,,"Bovinos (672), Perros (32), Équidos (25), Ovinos (11), Suidos (25)",765,1
5864,153283,14.8221,-89.0681,2025-02-21,Cabañas,,"Bovinos (672), Perros (32), Équidos (25), Ovinos (11), Suidos (25)",765,1
5864,153282,14.833058,-89.093997,2025-02-21,Cabañas,,"Bovinos (672), Perros (32), Équidos (25), Ovinos (11), Suidos (25)",765,1
5864,153281,14.84897,-89.20317,2025-02-19,Copán Ruinas,,"Bovinos (672), Perros (32), Équidos (25), Ovinos (11), Suidos (25)",765,1
5864,153279,14.8849,-88.7322,2025-02-13,San José,,"Bovinos (672), Perros (32), Équidos (25), Ovinos (11), Suidos (25)",765,1
5864,153278,14.7476,-88.6625,2025-02-05,Santa Rosa de Copán,,"Bovinos (672), Perros (32), Équidos (25), Ovinos (11), Suidos (25)",765,1
5864,153274,14.763419,-87.650743,2025-02-18,Ojo de Agua,,"Bovinos (672), Perros (32), Équidos (25), Ovinos (11), Suidos (25)",765,1
5864,153277,14.379754,-87.708643,2025-02-25,Ajuterique,,"Bovinos (672), Perros (32), Équidos (25), Ovinos (11), Suidos (25)",765,1
5864,153276,14.4131,-87.6942,2025-02-21,Ajuterique,,"Bovinos (672), Perros (32), Équidos (25), Ovinos (11), Suidos (25)",765,1
5864,153275,14.714221,-87.673005,2025-02-18,La Trinidad,,"Bovinos (672), Perros (32), Équidos (25), Ovinos (11), Suidos (25)",765,1
5864,153273,14.726508,-87.584066,2025-02-18,La Libertad,,"Bovinos (672), Perros (32), Équidos (25), Ovinos (11), Suidos (25)",765,1
5864,153272,14.3909,-87.706,2025-02-17,Ajuterique,,"Bovinos (672), Perros (32), Équidos (25), Ovinos (11), Suidos (25)",765,1
5864,153271,14.371303,-87.649428,2025-02-14,Comayagua,,"Bovinos (672), Perros (32), Équidos (25), Ovinos (11), Suidos (25)",765,1
5864,153270,14.3882,-87.6817,2025-02-13,Ajuterique,,"Bovinos (672), Perros (32), Équidos (25), Ovinos (11), Suidos (25)",765,1
5864,153269,14.4182,-87.6977,2025-02-12,Ajuterique,,"Bovinos (672), Perros (32), Équidos (25), Ovinos (11), Suidos (25)",765,1
5864,153268,14.713048,-87.336927,2025-02-03,Esquías,,"Bovinos (672), Perros (32), Équidos (25), Ovinos (11), Suidos (25)",765,1
5864,153267,14.387478,-87.676269,2025-02-03,Ajuterique,,"Bovinos (672), Perros (32), Équidos (25), Ovinos (11), Suidos (25)",765,1
5864,153266,14.592457,-87.728678,2025-01-26,El Rosario,,"Bovinos (672), Perros (32), Équidos (25), Ovinos (11), Suidos (25)",765,1
5864,153265,14.718845,-87.346739,2025-01-23,Esquías,,"Bovinos (672), Perros (32), Équidos (25), Ovinos (11), Suidos (25)",765,1
5864,153264,15.6375,-85.7187,2025-02-21,Bonito Oriental,,"Bovinos (672), Perros (32), Équidos (25), Ovinos (11), Suidos (25)",765,1
5864,153263,15.8097,-85.5068,2025-02-20,Limón,,"Bovinos (672), Perros (32), Équidos (25), Ovinos (11), Suidos (25)",765,1
5864,153262,15.5949,-85.9531,2025-02-18,Tocoa,,"Bovinos (672), Perros (32), Équidos (25), Ovinos (11), Suidos (25)",765,1
5864,153261,15.75286,-85.7006,2025-02-10,Bonito Oriental,,"Bovinos (672), Perros (32), Équidos (25), Ovinos (11), Suidos (25)",765,1
5864,153260,15.758967,-85.731004,2025-02-04,Bonito Oriental,,"Bovinos (672), Perros (32), Équidos (25), Ovinos (11), Suidos (25)",765,1
5864,153259,15.67741,-85.707579,2025-02-03,Bonito Oriental,,"Bovinos (672), Perros (32), Équidos (25), Ovinos (11), Suidos (25)",765,1
5864,153258,15.826881,-85.547317,2025-01-23,Limón,,"Bovinos (672), Perros (32), Équidos (25), Ovinos (11), Suidos (25)",765,1
5864,153257,15.584167,-85.264167,2025-01-14,Iriona,,"Bovinos (672), Perros (32), Équidos (25), Ovinos (11), Suidos (25)",765,1
5864,153256,15.645626,-85.723218,2024-12-13,Bonito Oriental,,"Bovinos (672), Perros (32), Équidos (25), Ovinos (11), Suidos (25)",765,1
5864,153254,15.635111,-87.372311,2025-02-23,Arizona,,"Bovinos (672), Perros (32), Équidos (25), Ovinos (11), Suidos (25)",765,1
5864,153255,15.744111,-86.907266,2025-02-24,El Porvenir,,"Bovinos (672), Perros (32), Équidos (25), Ovinos (11), Suidos (25)",765,1
5864,153253,15.692258,-86.502387,2025-02-19,Jutiapa,,"Bovinos (672), Perros (32), Équidos (25), Ovinos (11), Suidos (25)",765,1
5864,153252,15.660778,-86.45484,2025-02-04,Jutiapa,,"Bovinos (672), Perros (32), Équidos (25), Ovinos (11), Suidos (25)",765,1
5864,153251,15.707737,-86.43531,2025-01-29,Jutiapa,,"Bovinos (672), Perros (32), Équidos (25), Ovinos (11), Suidos (25)",765,1
5864,153250,15.682225,-86.435417,2025-01-29,Jutiapa,,"Bovinos (672), Perros (32), Équidos (25), Ovinos (11), Suidos (25)",765,1
5864,141686,13.028713,-87.009629,2024-09-29,El Triunfo,,"Bovinos (672), Perros (32), Équidos (25), Ovinos (11), Suidos (25)",765,1
5864,141685,13.361411,-87.108903,2024-09-28,Choluteca,,"Bovinos (672), Perros (32), Équidos (25), Ovinos (11), Suidos (25)",765,1
5864,141690,13.357578,-87.143003,2024-10-07,Choluteca,,"Bovinos (672), Perros (32), Équidos (25), Ovinos (11), Suidos (25)",765,1
5864,141696,15.64181,-88.252843,2024-10-23,Omoa,,"Bovinos (672), Perros (32), Équidos (25), Ovinos (11), Suidos (25)",765,1
5864,141695,14.007071,-85.834322,2024-10-21,Trojes,,"Bovinos (672), Perros (32), Équidos (25), Ovinos (11), Suidos (25)",765,1
5864,141694,14.318212,-85.744429,2024-10-17,Catacamas,,"Bovinos (672), Perros (32), Équidos (25), Ovinos (11), Suidos (25)",765,1
5864,141693,13.973522,-86.413145,2024-10-16,Danlí,,"Bovinos (672), Perros (32), Équidos (25), Ovinos (11), Suidos (25)",765,1
5864,141692,14.0226,-85.93784,2024-10-14,Trojes,,"Bovinos (672), Perros (32), Équidos (25), Ovinos (11), Suidos (25)",765,1
5864,141691,14.028207,-85.846394,2024-10-13,Trojes,,"Bovinos (672), Perros (32), Équidos (25), Ovinos (11), Suidos (25)",765,1
5864,141684,13.357578,-87.143003,2024-10-15,Choluteca,,"Bovinos (672), Perros (32), Équidos (25), Ovinos (11), Suidos (25)",765,1
5864,141681,13.183758,-86.965384,2024-09-12,Concepción de Maria,,"Bovinos (672), Perros (32), Équidos (25), Ovinos (11), Suidos (25)",765,1
5864,141683,14.270291,-85.824818,2024-09-14,Patuca,,"Bovinos (672), Perros (32), Équidos (25), Ovinos (11), Suidos (25)",765,1
5864,141682,13.028712,-87.013575,2024-09-12,El Triunfo,,"Bovinos (672), Perros (32), Équidos (25), Ovinos (11), Suidos (25)",765,1
5864,139552,13.08925,-86.977595,2024-09-11,El Triunfo,,"Bovinos (672), Perros (32), Équidos (25), Ovinos (11), Suidos (25)",765,1
5864,139476,13.090493,-87.024924,2024-09-10,El Triunfo,,"Bovinos (672), Perros (32), Équidos (25), Ovinos (11), Suidos (25)",765,1
5864,141689,13.410994,-86.845757,2024-10-05,San Marcos de Colón,,"Bovinos (672), Perros (32), Équidos (25), Ovinos (11), Suidos (25)",765,1
5864,141688,13.92083,-85.798706,2024-10-05,Trojes,,"Bovinos (672), Perros (32), Équidos (25), Ovinos (11), Suidos (25)",765,1
5864,153248,14.7793,-85.885,2024-10-25,Catacamas,,"Bovinos (672), Perros (32), Équidos (25), Ovinos (11), Suidos (25)",765,1
5864,153243,14.0484,-86.6519,2024-10-25,Danlí,,"Bovinos (672), Perros (32), Équidos (25), Ovinos (11), Suidos (25)",765,1
5864,153239,13.3438,-87.1123,2024-10-31,Choluteca,,"Bovinos (672), Perros (32), Équidos (25), Ovinos (11), Suidos (25)",765,1
5864,141687,13.361411,-87.108903,2024-10-01,Choluteca,,"Bovinos (672), Perros (32), Équidos (25), Ovinos (11), Suidos (25)",765,1
7530,191298,19.29193,-99.040987,2026-06-09,Tláhuac,Canino de 12 años con miasis en región glútea.,"Bovinos (1), Perros (9)",10,0
7530,191297,19.45939,-99.10703,2026-06-07,Gustavo A. Madero,Canino de 9 años con miasis en región anal.,"Bovinos (1), Perros (9)",10,0
7530,190929,19.329361,-99.176798,2026-06-04,Coyoacán,Canino de 7 años de edad con miasis en región abdominal.,"Bovinos (1), Perros (9)",10,0
7530,190930,19.194164,-99.021931,2026-06-04,Milpa Alta,Bovino de 1 año de edad con miasis en región cervical.,"Bovinos (1), Perros (9)",10,0
7530,190928,19.25049,-99.12247,2026-06-01,Xochimilco,Canino de 4 años de edad con miasis en base de la oreja.,"Bovinos (1), Perros (9)",10,0
7530,190622,19.27477,-99.16247,2026-05-29,Tlalpan,Canino de 12 años de edad con miasis en belfos.,"Bovinos (1), Perros (9)",10,0
7530,190621,19.35726,-99.21439,2026-05-25,Álvaro Obregón,Canino de 8 años de edad con miasis en glándula mamaria.,"Bovinos (1), Perros (9)",10,0
7530,190046,19.201552,-99.13663,2026-05-23,Tlalpan,Canino de 10 años de edad con miasis en miembro posterior.,"Bovinos (1), Perros (9)",10,0
7530,189703,19.230455,-99.051937,2026-05-11,Xochimilco,Canino de 8 años de edad con miasis en miembro anterior.,"Bovinos (1), Perros (9)",10,0
7530,188710,19.20067,-99.14549,2026-04-26,Tlalpan,Canino de 12 años de edad con miasis en pabellón auricular (oreja).,"Bovinos (1), Perros (9)",10,0
6894,183805,18.778431,-99.375533,2026-02-28,Miacatlán,"Se trata de un bovino de 5 años de edad con miasis en cuerno.
.","Bovinos (4), Perros (1)",5,0
6894,182632,18.61136,-99.17914,2026-02-27,Jojutla,Se trata de un canino de 8 años con miasis en la oreja.,"Bovinos (4), Perros (1)",5,0
6894,182630,18.66417,-99.35552,2026-02-19,Mazatepec,Se trata de un bovino de 4 años de edad con miasis en vulva.,"Bovinos (4), Perros (1)",5,0
6894,178206,18.606121,-99.04248,2025-12-17,Tlaquiltenango,Bovino hembra de 8 años con miasis en la parte exterior de la vulva.,"Bovinos (4), Perros (1)",5,0
6894,166603,18.779384,-99.309505,2025-10-12,Miacatlán,Bovino hembra de 2 años de edad con miasis en vulva.,"Bovinos (4), Perros (1)",5,0
6513,161064,17.0017,-88.46445,2025-06-19,Stann Creek,8-month-old equine with NWS myiasis in the right shoulder ,"Perros (3), Équidos (1), Caprinos (1), Ovinos (3), Suidos (1)",9,0
6513,161065,16.65773,-88.47561,2025-06-19,Stann Creek,6-year-old dog with NWS myiasis on the left hind paw. ,"Perros (3), Équidos (1), Caprinos (1), Ovinos (3), Suidos (1)",9,0
6513,161066,16.81869,-88.38017,2025-06-30,Stann Creek,Three sheep aged 1 to 2 years old with NWS myiasis lesions in the hoof. ,"Perros (3), Équidos (1), Caprinos (1), Ovinos (3), Suidos (1)",9,0
6513,158374,17.00555,-88.44904,2025-04-22,Stann Creek,3 year old goat with New World Screwworm Lesion on the right hind leg. ,"Perros (3), Équidos (1), Caprinos (1), Ovinos (3), Suidos (1)",9,0
6513,158376,16.99729,-88.42473,2025-05-08,Stann Creek,2-year-old neutered pig with NWS myiasis lesion in the scrotum. ,"Perros (3), Équidos (1), Caprinos (1), Ovinos (3), Suidos (1)",9,0
6513,160362,17.09947,-88.30689,2025-06-03,Stann Creek,Three-week-old puppy with NWS myiasis lesion on its back. ,"Perros (3), Équidos (1), Caprinos (1), Ovinos (3), Suidos (1)",9,0
6513,158375,17.0487,-88.54347,2025-05-02,Stann Creek,11-year-old dog with NWS myiasis lesion on left front leg. ,"Perros (3), Équidos (1), Caprinos (1), Ovinos (3), Suidos (1)",9,0
5106,121410,9.28953,-79.69881,2023-06-01,Buena Vista,,"Aves (3), Búfalos (3), Gatos (7), Bovinos (3906), Perros (332), Équidos (144), Caprinos (33), Ovinos (55), Suidos (167)",4650,0
5106,121411,9.56054,-79.5899,2023-06-01,Garrote,,"Aves (3), Búfalos (3), Gatos (7), Bovinos (3906), Perros (332), Équidos (144), Caprinos (33), Ovinos (55), Suidos (167)",4650,0
5106,121412,9.00324,-79.91219,2023-06-30,Iturralde,,"Aves (3), Búfalos (3), Gatos (7), Bovinos (3906), Perros (332), Équidos (144), Caprinos (33), Ovinos (55), Suidos (167)",4650,0
5106,121843,8.0147,-80.8067,2023-07-01,Peñas Chatas,,"Aves (3), Búfalos (3), Gatos (7), Bovinos (3906), Perros (332), Équidos (144), Caprinos (33), Ovinos (55), Suidos (167)",4650,0
5106,121844,9.2451,-80.0252,2023-07-08,Piña,,"Aves (3), Búfalos (3), Gatos (7), Bovinos (3906), Perros (332), Équidos (144), Caprinos (33), Ovinos (55), Suidos (167)",4650,0
5106,121845,8.9058,-79.6757,2023-07-02,Arraiján,,"Aves (3), Búfalos (3), Gatos (7), Bovinos (3906), Perros (332), Équidos (144), Caprinos (33), Ovinos (55), Suidos (167)",4650,0
5106,123455,8.7918,-80.1192,2023-07-26,Cirí Grande,,"Aves (3), Búfalos (3), Gatos (7), Bovinos (3906), Perros (332), Équidos (144), Caprinos (33), Ovinos (55), Suidos (167)",4650,0
5106,123456,8.6795,-80.0139,2023-07-26,Sorá,,"Aves (3), Búfalos (3), Gatos (7), Bovinos (3906), Perros (332), Équidos (144), Caprinos (33), Ovinos (55), Suidos (167)",4650,0
5106,123544,7.7718,-80.2709,2023-07-19,Las Tablas,,"Aves (3), Búfalos (3), Gatos (7), Bovinos (3906), Perros (332), Équidos (144), Caprinos (33), Ovinos (55), Suidos (167)",4650,0
5106,123543,8.5131,-82.8285,2023-07-21,Aserrío de Gariché,,"Aves (3), Búfalos (3), Gatos (7), Bovinos (3906), Perros (332), Équidos (144), Caprinos (33), Ovinos (55), Suidos (167)",4650,0
5106,121249,9.5721,-79.4247,2023-06-08,Nombre de Dios,,"Aves (3), Búfalos (3), Gatos (7), Bovinos (3906), Perros (332), Équidos (144), Caprinos (33), Ovinos (55), Suidos (167)",4650,0
5106,123553,9.1355,-80.2661,2023-07-28,Miguel de la Borda,,"Aves (3), Búfalos (3), Gatos (7), Bovinos (3906), Perros (332), Équidos (144), Caprinos (33), Ovinos (55), Suidos (167)",4650,0
5106,130878,9.0872,-82.2898,2023-12-14,Punta Robalo,,"Aves (3), Búfalos (3), Gatos (7), Bovinos (3906), Perros (332), Équidos (144), Caprinos (33), Ovinos (55), Suidos (167)",4650,0
5106,122318,8.14776,-80.79,2023-07-14,La Raya de Santa María,,"Aves (3), Búfalos (3), Gatos (7), Bovinos (3906), Perros (332), Équidos (144), Caprinos (33), Ovinos (55), Suidos (167)",4650,0
5106,124599,8.7696,-80.352,2023-08-10,Tulu,,"Aves (3), Búfalos (3), Gatos (7), Bovinos (3906), Perros (332), Équidos (144), Caprinos (33), Ovinos (55), Suidos (167)",4650,0
5106,130877,8.8767,-81.8335,2023-11-13,Kankintú,,"Aves (3), Búfalos (3), Gatos (7), Bovinos (3906), Perros (332), Équidos (144), Caprinos (33), Ovinos (55), Suidos (167)",4650,0
5106,121846,8.0175,-80.8791,2023-07-06,La Carrillo,,"Aves (3), Búfalos (3), Gatos (7), Bovinos (3906), Perros (332), Équidos (144), Caprinos (33), Ovinos (55), Suidos (167)",4650,0
4597,122647,8.4796,-78.4864,2023-02-09,Brujas,,"Aves (4), Búfalos (1), Gatos (11), Bovinos (2521), Perros (146), Équidos (99), Caprinos (0), Ovinos (69), Suidos (117)",2968,0
4597,111078,8.92758,-78.2972,2022-12-15,Tortí,"-	Liberación terrestre de insecto estéril:  se inicia a partir del 22 de julio 2022, 2 puntos de liberación terrestre en áreas con hábitat favorable al insecto alrededor de los casos detectados en La Ocho y Pigandí Grande. A partir del 23 de agosto / 2022 se inicia con un nuevo punto de reforzamiento (mapa adjunto), los cuales se mantendrán durante 3 ciclos biológicos del insecto a partir del último caso detectado el 10 de septiembre/2022 (9 semanas aprox.). En 2 puntos se liberan 9.5 litros de insectos (76,000 insectos estériles), por semana y en el tercero 19 litros de insectos (152,000 insectos estériles).

-	Dispersión aérea: se realizan 2 vuelos de dispersión aérea semanal, con insecto estéril sobre área afectada a una dosis de 3,000 moscas por milla náutica lineal. 
-	Se mantienen campañas de educación sanitaria y medidas especiales de dispersión terrestre hasta cumplir las 9 semanas en cada caso detectado (3 ciclos biológicos del evento).

-	Vigilancia en campo: se mantiene vigilancia epidemiológica alrededor de los casos detectados, se realizó rastreo epidemiológico en 53 fincas, en las cuales No se detectaron nuevos casos de GBG. 
animales inspeccionados.  hasta el 15-12-22
AVES	 BOVINO	BUFALINO	 CANINO	EQUINO	  OTRO	OVINO	PORCINO
2834	  9630	               18               177	          327	    0	           16	  238
","Aves (4), Búfalos (1), Gatos (11), Bovinos (2521), Perros (146), Équidos (99), Caprinos (0), Ovinos (69), Suidos (117)",2968,0
4597,122651,8.7371,-78.5892,2023-02-27,Chimán,,"Aves (4), Búfalos (1), Gatos (11), Bovinos (2521), Perros (146), Équidos (99), Caprinos (0), Ovinos (69), Suidos (117)",2968,0
4597,122652,8.7903,-78.6893,2023-03-09,Unión Santeña,,"Aves (4), Búfalos (1), Gatos (11), Bovinos (2521), Perros (146), Équidos (99), Caprinos (0), Ovinos (69), Suidos (117)",2968,0
4597,122654,9.1762,-79.0298,2023-04-26,Chepo,,"Aves (4), Búfalos (1), Gatos (11), Bovinos (2521), Perros (146), Équidos (99), Caprinos (0), Ovinos (69), Suidos (117)",2968,0
4597,122653,9.2576,-78.8637,2023-03-16,Cañita,,"Aves (4), Búfalos (1), Gatos (11), Bovinos (2521), Perros (146), Équidos (99), Caprinos (0), Ovinos (69), Suidos (117)",2968,0
4597,122656,9.1738,-79.342,2023-06-14,Pacora,,"Aves (4), Búfalos (1), Gatos (11), Bovinos (2521), Perros (146), Équidos (99), Caprinos (0), Ovinos (69), Suidos (117)",2968,0
4597,106515,9.0178,-78.1436,2022-08-16,Kuna de Madungandí,"La población descrita arriba corresponde al total contenido dentro de las fincas que se encuentran en un radio de 5Km alrededor del foco.  Las aves corresponden a gallinas de traspatio, de autoconsumo.","Aves (4), Búfalos (1), Gatos (11), Bovinos (2521), Perros (146), Équidos (99), Caprinos (0), Ovinos (69), Suidos (117)",2968,0
4597,108043,8.961875,-78.15708563,2022-09-10,Tortí,,"Aves (4), Búfalos (1), Gatos (11), Bovinos (2521), Perros (146), Équidos (99), Caprinos (0), Ovinos (69), Suidos (117)",2968,0
4597,108046,8.9546,-78.16675,2022-10-21,Tortí,,"Aves (4), Búfalos (1), Gatos (11), Bovinos (2521), Perros (146), Équidos (99), Caprinos (0), Ovinos (69), Suidos (117)",2968,0
4597,110190,8.99773,-78.15752,2022-12-04,Kuna de Madungandí,"El caso se dio en un porcino macho de 7 meses de edad, en una herida por castración.  La muestra fue recolectada el 4 de diciembre y recibida en el laboratorio el 5 de diciembre. El resultado se emitió el 6 de diciembre y fue notificado a la autoridad competente el día 9 de diciembre.","Aves (4), Búfalos (1), Gatos (11), Bovinos (2521), Perros (146), Équidos (99), Caprinos (0), Ovinos (69), Suidos (117)",2968,0
7159,182614,22.825503,-98.43438,2026-01-28,González,Se trata de un cerdo de 18 meses con miasis en la región cervical.,"Bovinos (13), Perros (1), Équidos (2), Ovinos (1), Suidos (4)",21,0
7159,182613,22.957778,-99.127523,2026-01-24,Gómez Farías,Se trata de un bovino de 8 días de edad con miasis en ombligo.,"Bovinos (13), Perros (1), Équidos (2), Ovinos (1), Suidos (4)",21,0
7159,182611,23.166264,-97.922513,2026-01-22,Aldama,Se trata de un bovino de 7 días de edad con miasis en ombligo.,"Bovinos (13), Perros (1), Équidos (2), Ovinos (1), Suidos (4)",21,0
7159,182610,22.619913,-98.660295,2026-01-22,González,Se trata de un ovino de 1 mes de edad con miasis en miembro anterior.,"Bovinos (13), Perros (1), Équidos (2), Ovinos (1), Suidos (4)",21,0
7159,182609,22.54411,-98.553094,2026-01-21,El Mante,Se trata de un cerdo de 10 meses de edad con miasis en la región cervical.,"Bovinos (13), Perros (1), Équidos (2), Ovinos (1), Suidos (4)",21,0
7159,182608,22.590418,-98.662028,2026-01-20,El Mante,Se trata de un bovino de 20 días de edad con miasis en ombligo.,"Bovinos (13), Perros (1), Équidos (2), Ovinos (1), Suidos (4)",21,0
7159,182607,22.632946,-98.490418,2026-01-20,González,Se trata de un bovino de 17 días con miasis en ombligo.,"Bovinos (13), Perros (1), Équidos (2), Ovinos (1), Suidos (4)",21,0
7159,182115,22.272199,-97.846388,2026-01-19,Ciudad Madero,,"Bovinos (13), Perros (1), Équidos (2), Ovinos (1), Suidos (4)",21,0
7159,178339,22.677704,-98.5384,2026-01-09,González,Bovino de 8 días con miasis en ombligo.,"Bovinos (13), Perros (1), Équidos (2), Ovinos (1), Suidos (4)",21,0
7159,178340,23.182162,-99.173608,2026-01-10,Llera,Bovino de 8 meses de edad con herida en tórax.,"Bovinos (13), Perros (1), Équidos (2), Ovinos (1), Suidos (4)",21,0
7159,178341,22.627642,-98.634058,2026-01-10,González,Suino de 2 años de edad con herida en región cervical.,"Bovinos (13), Perros (1), Équidos (2), Ovinos (1), Suidos (4)",21,0
7159,178342,23.150488,-99.094812,2026-01-12,Llera,Bovino de 8 meses de edad con miasis en región torácica.,"Bovinos (13), Perros (1), Équidos (2), Ovinos (1), Suidos (4)",21,0
7159,178343,22.653456,-98.548645,2026-01-12,González,Suino de 5 meses con miasis en región cervical.,"Bovinos (13), Perros (1), Équidos (2), Ovinos (1), Suidos (4)",21,0
7159,178345,23.301658,-99.036668,2026-01-12,Llera,Equino de 7 años de edad con miasis en la base de la cola.,"Bovinos (13), Perros (1), Équidos (2), Ovinos (1), Suidos (4)",21,0
7159,178347,22.672584,-98.515789,2026-01-13,González,Bovino de 5 meses de edad con miasis en ombligo.,"Bovinos (13), Perros (1), Équidos (2), Ovinos (1), Suidos (4)",21,0
7159,178349,22.57995,-98.571437,2026-01-13,El Mante,Bovino de 10 meses con miasis en ombligo.,"Bovinos (13), Perros (1), Équidos (2), Ovinos (1), Suidos (4)",21,0
7159,178350,22.4258,-97.9891,2026-01-16,Altamira,Bovino de 7 meses de edad con miasis en vulva.,"Bovinos (13), Perros (1), Équidos (2), Ovinos (1), Suidos (4)",21,0
7159,178338,22.671315,-98.621766,2026-01-08,González,Bovino de 7 días de edad con miasis en ombligo.,"Bovinos (13), Perros (1), Équidos (2), Ovinos (1), Suidos (4)",21,0
7159,178337,22.851559,-98.453746,2026-01-05,González,Bovino de 7 años de edad con miasis en la región abdominal.,"Bovinos (13), Perros (1), Équidos (2), Ovinos (1), Suidos (4)",21,0
7159,178336,22.387987,-98.109901,2025-12-31,Altamira,Equino macho con herida en miembro anterior derecho.,"Bovinos (13), Perros (1), Équidos (2), Ovinos (1), Suidos (4)",21,0
7159,176210,23.31917,-99.023718,2025-12-26,Llera,Bovino macho de 6 días de edad con miasis en ombligo.,"Bovinos (13), Perros (1), Équidos (2), Ovinos (1), Suidos (4)",21,0
2041,46247,25.356,-80.5145,2017-01-06,Florida,A single case of NWS myiasis in a stray dog.,"Gatos (2), Perros (5), Venado cola blanca (135), Mapache (1), Suidos (1)",144,137
2041,42540,24.68,-81.3659,2016-07-13,Florida,"Key Deer, other wildlife, and local pets, including a pet pig, on Big Pine Key and adjacent Keys. ","Gatos (2), Perros (5), Venado cola blanca (135), Mapache (1), Suidos (1)",144,137
6269,161341,17.89544,-93.399582,2025-07-10,Huimanguillo,"Equino de 8 años de edad con miasis en cabeza.
","Gavilán común (1), Aves (1), Bovinos (443), Perros (27), Équidos (54), Caprinos (2), Ovinos (5), Suidos (27)",560,0
6269,161343,18.02357,-93.349265,2025-07-10,Cárdenas,"Canino de 4 años de edad con miasis en el dorso.
","Gavilán común (1), Aves (1), Bovinos (443), Perros (27), Équidos (54), Caprinos (2), Ovinos (5), Suidos (27)",560,0
6269,161342,18.10289,-93.620018,2025-07-10,Cárdenas,"Bovino de 8 días de edad con miasis en	región umbilical.
","Gavilán común (1), Aves (1), Bovinos (443), Perros (27), Équidos (54), Caprinos (2), Ovinos (5), Suidos (27)",560,0
6269,161329,17.72354,-92.731747,2025-07-09,Jalapa,"Bovino de 1 año 4 meses de edad con miasis en	escápula.
","Gavilán común (1), Aves (1), Bovinos (443), Perros (27), Équidos (54), Caprinos (2), Ovinos (5), Suidos (27)",560,0
6269,161339,17.62953,-92.747622,2025-07-09,Jalapa,"Bovino de 11 meses de edad con miasis en oreja izquierda.
","Gavilán común (1), Aves (1), Bovinos (443), Perros (27), Équidos (54), Caprinos (2), Ovinos (5), Suidos (27)",560,0
6269,161340,17.67059,-91.638667,2025-07-09,Emiliano Zapata,"Bovino de 2 meses de edad con miasis en cabeza.
","Gavilán común (1), Aves (1), Bovinos (443), Perros (27), Équidos (54), Caprinos (2), Ovinos (5), Suidos (27)",560,0
6269,161322,17.46353,-91.287996,2025-07-08,Tenosique,"Bovino de 3 meses de edad con miasis en axila.
","Gavilán común (1), Aves (1), Bovinos (443), Perros (27), Équidos (54), Caprinos (2), Ovinos (5), Suidos (27)",560,0
6269,161323,17.72253,-92.311028,2025-07-08,Macuspana,"Bovino de 2 meses de edad con miasis en región umbilical.
","Gavilán común (1), Aves (1), Bovinos (443), Perros (27), Équidos (54), Caprinos (2), Ovinos (5), Suidos (27)",560,0
6269,161325,17.67059,-91.638667,2025-07-08,Emiliano Zapata,"Bovino de 10 días de edad con miasis en región umbilical.
","Gavilán común (1), Aves (1), Bovinos (443), Perros (27), Équidos (54), Caprinos (2), Ovinos (5), Suidos (27)",560,0
6269,161326,17.95429,-93.846977,2025-07-08,Huimanguillo,"Bovino de 6 meses de edad con miasis en oreja.
","Gavilán común (1), Aves (1), Bovinos (443), Perros (27), Équidos (54), Caprinos (2), Ovinos (5), Suidos (27)",560,0
6269,161327,18.08134,-93.879999,2025-07-08,Huimanguillo,"Suino de 2 años de edad con miasis en cabeza.
","Gavilán común (1), Aves (1), Bovinos (443), Perros (27), Équidos (54), Caprinos (2), Ovinos (5), Suidos (27)",560,0
6269,161328,18.30656,-93.232038,2025-07-08,Comalcalco,"Bovino de 12 días de edad con miasis en región umbilical.
","Gavilán común (1), Aves (1), Bovinos (443), Perros (27), Équidos (54), Caprinos (2), Ovinos (5), Suidos (27)",560,0
6269,161320,18.17939,-93.095612,2025-07-08,Jalpa de Méndez,"Canino de 12 años de edad con miasis en oreja.
","Gavilán común (1), Aves (1), Bovinos (443), Perros (27), Équidos (54), Caprinos (2), Ovinos (5), Suidos (27)",560,0
6269,161321,17.72624,-92.318177,2025-07-07,Macuspana,"Bovino de 8 días de edad con miasis en	región umbilical.
","Gavilán común (1), Aves (1), Bovinos (443), Perros (27), Équidos (54), Caprinos (2), Ovinos (5), Suidos (27)",560,0
6269,161324,17.66466,-91.643979,2025-07-07,Emiliano Zapata,"Bovino de 15 días de edad con miasis en región umbilical.
","Gavilán común (1), Aves (1), Bovinos (443), Perros (27), Équidos (54), Caprinos (2), Ovinos (5), Suidos (27)",560,0
6269,161318,18.20421,-93.892458,2025-07-05,Cárdenas,"Bovino de 15 días de edad con miasis en región umbilical.
","Gavilán común (1), Aves (1), Bovinos (443), Perros (27), Équidos (54), Caprinos (2), Ovinos (5), Suidos (27)",560,0
6269,161319,17.77249,-93.812011,2025-07-05,Huimanguillo,"Bovino de 15 días de edad con miasis en región vulvar.
","Gavilán común (1), Aves (1), Bovinos (443), Perros (27), Équidos (54), Caprinos (2), Ovinos (5), Suidos (27)",560,0
6269,161316,17.70753,-93.803092,2025-07-04,Huimanguillo,"Bovino de 6 años de edad con miasis en cuerno.
","Gavilán común (1), Aves (1), Bovinos (443), Perros (27), Équidos (54), Caprinos (2), Ovinos (5), Suidos (27)",560,0
6269,161317,17.35242,-91.199933,2025-07-04,Tenosique,"Bovino de10 días de edad con miasis en región umbilical.
","Gavilán común (1), Aves (1), Bovinos (443), Perros (27), Équidos (54), Caprinos (2), Ovinos (5), Suidos (27)",560,0
6269,161311,18.13456,-93.661798,2025-07-03,Cárdenas,"Bovino de 7 años de edad con miasis en cabeza.
","Gavilán común (1), Aves (1), Bovinos (443), Perros (27), Équidos (54), Caprinos (2), Ovinos (5), Suidos (27)",560,0
6269,160770,18.03041,-93.14013,2025-07-02,Cunduacán,Ovino de 10 dias de edad con miasis en región umbilical.,"Gavilán común (1), Aves (1), Bovinos (443), Perros (27), Équidos (54), Caprinos (2), Ovinos (5), Suidos (27)",560,0
6269,161312,17.83112,-93.493563,2025-07-02,Huimanguillo,"Bovino de 11 meses de edad con miasis en el lomo.
","Gavilán común (1), Aves (1), Bovinos (443), Perros (27), Équidos (54), Caprinos (2), Ovinos (5), Suidos (27)",560,0
6269,161313,18.31575,-93.504015,2025-07-02,Cárdenas,"Equino de 3 años de edad con miasis en miembro anterior izquierdo.
","Gavilán común (1), Aves (1), Bovinos (443), Perros (27), Équidos (54), Caprinos (2), Ovinos (5), Suidos (27)",560,0
6269,161308,17.83832,-93.507562,2025-06-30,Huimanguillo,"Bovino de 12 años de edad con miasis en ubre.
","Gavilán común (1), Aves (1), Bovinos (443), Perros (27), Équidos (54), Caprinos (2), Ovinos (5), Suidos (27)",560,0
6269,160768,18.31539,-93.167403,2025-06-30,Paraíso,Bovino de 8 dias de edad con miasis en región umbilical.,"Gavilán común (1), Aves (1), Bovinos (443), Perros (27), Équidos (54), Caprinos (2), Ovinos (5), Suidos (27)",560,0
6269,160767,18.32969,-93.14442,2025-06-30,Paraíso,Suino de 2 años de edad con miasis en cuello.,"Gavilán común (1), Aves (1), Bovinos (443), Perros (27), Équidos (54), Caprinos (2), Ovinos (5), Suidos (27)",560,0
6269,161309,17.83171,-93.391839,2025-06-30,Huimanguillo,"Bovino de 7 años de edad con miasis en oreja.
","Gavilán común (1), Aves (1), Bovinos (443), Perros (27), Équidos (54), Caprinos (2), Ovinos (5), Suidos (27)",560,0
6269,161310,17.83858,-93.664959,2025-06-30,Huimanguillo,"Bovino de 7 años de edad con miasis en ojo.
","Gavilán común (1), Aves (1), Bovinos (443), Perros (27), Équidos (54), Caprinos (2), Ovinos (5), Suidos (27)",560,0
6269,161314,17.75376,-93.428156,2025-06-30,Huimanguillo,"Bovino de 4 meses de edad con miasis en región preescapular.
","Gavilán común (1), Aves (1), Bovinos (443), Perros (27), Équidos (54), Caprinos (2), Ovinos (5), Suidos (27)",560,0
6269,161315,17.95859,-93.721722,2025-06-30,Huimanguillo,"Bovino de 15 días de edad con miasis en región umbilical.
","Gavilán común (1), Aves (1), Bovinos (443), Perros (27), Équidos (54), Caprinos (2), Ovinos (5), Suidos (27)",560,0
6269,161332,17.97204,-91.390735,2025-04-05,Balancán,"Bovino de 15 días de edad con miasis en región umbilical.
","Gavilán común (1), Aves (1), Bovinos (443), Perros (27), Équidos (54), Caprinos (2), Ovinos (5), Suidos (27)",560,0
6269,161334,17.6606,-91.6146,2025-04-11,Emiliano Zapata,"Equino de 6 años de edad con miasis en miembro anterior izquierdo.
","Gavilán común (1), Aves (1), Bovinos (443), Perros (27), Équidos (54), Caprinos (2), Ovinos (5), Suidos (27)",560,0
6269,160766,17.68578,-91.47585,2025-06-28,Balancán,"Bovino de 5 días de edad con miasis en región umbilical.

","Gavilán común (1), Aves (1), Bovinos (443), Perros (27), Équidos (54), Caprinos (2), Ovinos (5), Suidos (27)",560,0
6269,160769,18.11497,-93.228767,2025-06-28,Cunduacán,Bovino de 10 dias de edad con miasis en región umbilical.,"Gavilán común (1), Aves (1), Bovinos (443), Perros (27), Équidos (54), Caprinos (2), Ovinos (5), Suidos (27)",560,0
6269,160765,17.68275,-91.52981,2025-06-27,Tenosique,"Bovino de 1 año de edad con miasis en lomo.
","Gavilán común (1), Aves (1), Bovinos (443), Perros (27), Équidos (54), Caprinos (2), Ovinos (5), Suidos (27)",560,0
6269,160764,17.986638,-93.375732,2025-06-26,Cárdenas,"Canino de 8 años de edad con miasis en muslo.
","Gavilán común (1), Aves (1), Bovinos (443), Perros (27), Équidos (54), Caprinos (2), Ovinos (5), Suidos (27)",560,0
6269,160677,17.450302,-91.43347,2025-06-25,Tenosique,"Bovino de 4 años de edad con miasis en abdomen.
","Gavilán común (1), Aves (1), Bovinos (443), Perros (27), Équidos (54), Caprinos (2), Ovinos (5), Suidos (27)",560,0
6269,160759,17.622754,-92.755496,2025-06-25,Jalapa,"Equino de 3 años de edad con miasis en miembro posterior derecho.
","Gavilán común (1), Aves (1), Bovinos (443), Perros (27), Équidos (54), Caprinos (2), Ovinos (5), Suidos (27)",560,0
6269,160760,17.623668,-92.756674,2025-06-25,Jalapa,"Bovino de 5 años de edad con miasis en región vulvar.
","Gavilán común (1), Aves (1), Bovinos (443), Perros (27), Équidos (54), Caprinos (2), Ovinos (5), Suidos (27)",560,0
6269,160673,17.5478,-92.6608,2025-06-24,Tacotalpa,"Bovino de 1 mes de edad con miasis en	tórax.
","Gavilán común (1), Aves (1), Bovinos (443), Perros (27), Équidos (54), Caprinos (2), Ovinos (5), Suidos (27)",560,0
6269,160674,17.877938,-93.474845,2025-06-24,Huimanguillo,"Bovino de 1 año 8 meses de edad con miasis en dorso.
","Gavilán común (1), Aves (1), Bovinos (443), Perros (27), Équidos (54), Caprinos (2), Ovinos (5), Suidos (27)",560,0
6269,160675,18.075274,-93.650487,2025-06-24,Cárdenas,"Bovino de 2 meses de edad con miasis en región umbilical.
","Gavilán común (1), Aves (1), Bovinos (443), Perros (27), Équidos (54), Caprinos (2), Ovinos (5), Suidos (27)",560,0
6269,160672,17.47408,-92.76345,2025-06-24,Tacotalpa,"Bovino de 8 días de edad con miasis en	región umbilical.
","Gavilán común (1), Aves (1), Bovinos (443), Perros (27), Équidos (54), Caprinos (2), Ovinos (5), Suidos (27)",560,0
6269,160771,17.86355,-93.40554,2025-06-24,Huimanguillo,Bovino de 7 meses de edad con miasis en nariz.,"Gavilán común (1), Aves (1), Bovinos (443), Perros (27), Équidos (54), Caprinos (2), Ovinos (5), Suidos (27)",560,0
6269,160665,18.015502,-91.381508,2025-06-23,Balancán,"Bovino de 8 días de edad con miasis en	región vulvar.
","Gavilán común (1), Aves (1), Bovinos (443), Perros (27), Équidos (54), Caprinos (2), Ovinos (5), Suidos (27)",560,0
6269,160666,17.850819,-91.498431,2025-06-23,Balancán,"Bovino de 15 días de edad con miasis en región umbilical.
","Gavilán común (1), Aves (1), Bovinos (443), Perros (27), Équidos (54), Caprinos (2), Ovinos (5), Suidos (27)",560,0
6269,160667,17.525112,-91.188486,2025-06-23,Tenosique,"Bovino de 10 días de edad con miasis en región umbilical.
","Gavilán común (1), Aves (1), Bovinos (443), Perros (27), Équidos (54), Caprinos (2), Ovinos (5), Suidos (27)",560,0
6269,160671,17.890955,-93.456908,2025-06-23,Huimanguillo,"Bovino de 2 meses de edad con miasis en cabeza.
","Gavilán común (1), Aves (1), Bovinos (443), Perros (27), Équidos (54), Caprinos (2), Ovinos (5), Suidos (27)",560,0
6269,161335,17.71612,-92.311383,2025-05-08,Macuspana,"Bovino de 1 mes de edad con miasis en	región umbilical.
","Gavilán común (1), Aves (1), Bovinos (443), Perros (27), Équidos (54), Caprinos (2), Ovinos (5), Suidos (27)",560,0
6269,161337,17.80578,-92.491016,2025-05-08,Macuspana,"Bovino de 6 días de edad con miasis en	región umbilical.
","Gavilán común (1), Aves (1), Bovinos (443), Perros (27), Équidos (54), Caprinos (2), Ovinos (5), Suidos (27)",560,0
6269,161338,17.80578,-92.4910161,2025-05-08,Macuspana,"Bovino de 8 días de edad con miasis en	región umbilical.
","Gavilán común (1), Aves (1), Bovinos (443), Perros (27), Équidos (54), Caprinos (2), Ovinos (5), Suidos (27)",560,0
6269,161330,17.78919,-92.31184,2025-04-26,Macuspana,"Bovino de 10 días de edad con miasus en región umbilical.
","Gavilán común (1), Aves (1), Bovinos (443), Perros (27), Équidos (54), Caprinos (2), Ovinos (5), Suidos (27)",560,0
6269,161331,17.68956,-91.490955,2025-04-11,Balancán,"Bpvino de 6 días de edad con miasis en	región umbilical.
","Gavilán común (1), Aves (1), Bovinos (443), Perros (27), Équidos (54), Caprinos (2), Ovinos (5), Suidos (27)",560,0
6269,161333,17.8844,-91.552,2025-04-11,Balancán,"Dos suinos de 8 meses de edad, uno con miasis en región costal y el otro en región lateral del abdomen.
","Gavilán común (1), Aves (1), Bovinos (443), Perros (27), Équidos (54), Caprinos (2), Ovinos (5), Suidos (27)",560,0
6269,161336,17.93545,-91.409102,2025-04-11,Balancán,"Bovino de 8 años de edad con miasis en escroto.
","Gavilán común (1), Aves (1), Bovinos (443), Perros (27), Équidos (54), Caprinos (2), Ovinos (5), Suidos (27)",560,0
6269,160668,18.288855,-93.3359,2025-06-22,Comalcalco,"Bovino de 6 meses de edad con miasis en oreja.
","Gavilán común (1), Aves (1), Bovinos (443), Perros (27), Équidos (54), Caprinos (2), Ovinos (5), Suidos (27)",560,0
6269,160669,17.854528,-93.432774,2025-06-22,Huimanguillo,"Bovino de 8 días de edad con miasis en	región umbilical.
","Gavilán común (1), Aves (1), Bovinos (443), Perros (27), Équidos (54), Caprinos (2), Ovinos (5), Suidos (27)",560,0
6269,160670,17.837555,-93.451018,2025-06-22,Huimanguillo,"Bovino de 15 días de edad con miasis en región umbilical.
","Gavilán común (1), Aves (1), Bovinos (443), Perros (27), Équidos (54), Caprinos (2), Ovinos (5), Suidos (27)",560,0
6269,160659,18.056955,-93.246618,2025-06-20,Cunduacán,"Bovino de 8 meses de edad con miasis en muslo.
","Gavilán común (1), Aves (1), Bovinos (443), Perros (27), Équidos (54), Caprinos (2), Ovinos (5), Suidos (27)",560,0
6269,160661,17.964072,-93.324728,2025-06-20,Cárdenas,"Bovino de 10 días de edad con miasis en región umbilical.
","Gavilán común (1), Aves (1), Bovinos (443), Perros (27), Équidos (54), Caprinos (2), Ovinos (5), Suidos (27)",560,0
6269,160664,18.103767,-93.546663,2025-06-20,Cárdenas,"Bovino de 15 días de edad con miasis en región umbilical.
","Gavilán común (1), Aves (1), Bovinos (443), Perros (27), Équidos (54), Caprinos (2), Ovinos (5), Suidos (27)",560,0
6269,160660,17.860942,-93.434914,2025-06-19,Huimanguillo,"Bovino de 5 años de edad con miasis en región glútea.
","Gavilán común (1), Aves (1), Bovinos (443), Perros (27), Équidos (54), Caprinos (2), Ovinos (5), Suidos (27)",560,0
6269,160662,17.979374,-93.305121,2025-06-19,Cunduacán,"Bovino de 20 días de edad con miasis en región umbilical.
","Gavilán común (1), Aves (1), Bovinos (443), Perros (27), Équidos (54), Caprinos (2), Ovinos (5), Suidos (27)",560,0
6269,160663,17.871045,-93.421741,2025-06-19,Huimanguillo,"Bovino de 6 años de edad con miasis en cuernos.
","Gavilán común (1), Aves (1), Bovinos (443), Perros (27), Équidos (54), Caprinos (2), Ovinos (5), Suidos (27)",560,0
6269,160676,17.778128,-93.938696,2025-06-19,Huimanguillo,"Bovino de un mes y medio de edad con miasis en región umbilical.
","Gavilán común (1), Aves (1), Bovinos (443), Perros (27), Équidos (54), Caprinos (2), Ovinos (5), Suidos (27)",560,0
6269,160100,17.664656,-91.643979,2025-06-18,Emiliano Zapata,"Bovino de 2 años de edad con miasis en región vulvar.
","Gavilán común (1), Aves (1), Bovinos (443), Perros (27), Équidos (54), Caprinos (2), Ovinos (5), Suidos (27)",560,0
6269,160102,17.664656,-91.6439791,2025-06-18,Emiliano Zapata,"Bovino de 7 años de edad con miasis en cuello.
","Gavilán común (1), Aves (1), Bovinos (443), Perros (27), Équidos (54), Caprinos (2), Ovinos (5), Suidos (27)",560,0
6269,160097,17.867663,-93.921858,2025-06-17,Huimanguillo,"Bovino de 3 años de edad con miasis en cuernos.
","Gavilán común (1), Aves (1), Bovinos (443), Perros (27), Équidos (54), Caprinos (2), Ovinos (5), Suidos (27)",560,0
6269,160098,17.944668,-93.428952,2025-06-17,Huimanguillo,"Bovino de 10 días de edad con miasis en región umbilical.
","Gavilán común (1), Aves (1), Bovinos (443), Perros (27), Équidos (54), Caprinos (2), Ovinos (5), Suidos (27)",560,0
6269,160099,18.070001,-93.13452,2025-06-17,Cunduacán,"Bovino de 15 días de edad con miasis en región umbilical.
","Gavilán común (1), Aves (1), Bovinos (443), Perros (27), Équidos (54), Caprinos (2), Ovinos (5), Suidos (27)",560,0
6269,160761,17.266229,-91.304203,2025-03-14,Tenosique,"Bovino de 8 días de edad con miasis en	región umbilical.
","Gavilán común (1), Aves (1), Bovinos (443), Perros (27), Équidos (54), Caprinos (2), Ovinos (5), Suidos (27)",560,0
6269,160091,17.96431,-91.59724,2025-06-16,Carmen,"Bovino de 10 meses de edad con miasis en cabeza.
","Gavilán común (1), Aves (1), Bovinos (443), Perros (27), Équidos (54), Caprinos (2), Ovinos (5), Suidos (27)",560,0
6269,160092,18.483053,-92.731681,2025-06-16,Centla,"Bovino de 8 meses de edad con miasis en cola.
","Gavilán común (1), Aves (1), Bovinos (443), Perros (27), Équidos (54), Caprinos (2), Ovinos (5), Suidos (27)",560,0
6269,160093,18.199109,-93.077681,2025-06-16,Jalpa de Méndez,"Bovino de 13 días de edad con miasis en región umbilical.
","Gavilán común (1), Aves (1), Bovinos (443), Perros (27), Équidos (54), Caprinos (2), Ovinos (5), Suidos (27)",560,0
6269,160096,17.863546,-93.40554,2025-06-16,Huimanguillo,"Equino de 8 años de edad con miasis en casco.
","Gavilán común (1), Aves (1), Bovinos (443), Perros (27), Équidos (54), Caprinos (2), Ovinos (5), Suidos (27)",560,0
6269,160657,17.913472,-91.929983,2025-06-16,Jonuta,"Bovino de 1 año de edad con miasis en escápula.
","Gavilán común (1), Aves (1), Bovinos (443), Perros (27), Équidos (54), Caprinos (2), Ovinos (5), Suidos (27)",560,0
6269,160089,17.65651,-91.53726,2025-06-14,Tenosique,"Bovino de 10 meses de edad con miasis en cabeza.
","Gavilán común (1), Aves (1), Bovinos (443), Perros (27), Équidos (54), Caprinos (2), Ovinos (5), Suidos (27)",560,0
6269,160081,17.625226,-92.759705,2025-06-13,Jalapa,"Bovino de 2 semanas de edad con miasis en región umbilical.
","Gavilán común (1), Aves (1), Bovinos (443), Perros (27), Équidos (54), Caprinos (2), Ovinos (5), Suidos (27)",560,0
6269,160082,17.720896,-92.825525,2025-06-13,Jalapa,"Bovino de 6 años de edad con  miasis en cuernos.
","Gavilán común (1), Aves (1), Bovinos (443), Perros (27), Équidos (54), Caprinos (2), Ovinos (5), Suidos (27)",560,0
6269,160083,18.170602,-93.253995,2025-06-13,Cunduacán,"Bovino de 5 días de edad con miasis en	región umbilical.
","Gavilán común (1), Aves (1), Bovinos (443), Perros (27), Équidos (54), Caprinos (2), Ovinos (5), Suidos (27)",560,0
6269,160084,17.625226,-92.775155,2025-06-13,Jalapa,"Bovino de 10 meses de edad con miasis en miembro posterior derecho.
","Gavilán común (1), Aves (1), Bovinos (443), Perros (27), Équidos (54), Caprinos (2), Ovinos (5), Suidos (27)",560,0
6269,160085,17.965436,-92.977645,2025-06-13,Centro,"Canino de 3 años de edad con miasis en oreja izquierda.
","Gavilán común (1), Aves (1), Bovinos (443), Perros (27), Équidos (54), Caprinos (2), Ovinos (5), Suidos (27)",560,0
6269,160086,17.546377,-92.771346,2025-06-13,Tacotalpa,"Bovino de 5 años de edad con miasis en cuello.
","Gavilán común (1), Aves (1), Bovinos (443), Perros (27), Équidos (54), Caprinos (2), Ovinos (5), Suidos (27)",560,0
6269,160087,17.509701,-92.78584,2025-06-13,Tacotalpa,"Bovino de 3 días de edad con miasis en	región umbilical.
","Gavilán común (1), Aves (1), Bovinos (443), Perros (27), Équidos (54), Caprinos (2), Ovinos (5), Suidos (27)",560,0
6269,160088,17.560284,-92.950551,2025-06-13,Teapa,"Bovino de 8 días de edad con miasis en	región umbilical.
","Gavilán común (1), Aves (1), Bovinos (443), Perros (27), Équidos (54), Caprinos (2), Ovinos (5), Suidos (27)",560,0
6269,160090,17.708167,-92.288168,2025-06-13,Macuspana,"Equino de 9 años de edad con miasis en prepucio.
","Gavilán común (1), Aves (1), Bovinos (443), Perros (27), Équidos (54), Caprinos (2), Ovinos (5), Suidos (27)",560,0
6269,159786,17.904651,-91.60857,2025-06-12,Balancán,"Bovino de 8 días de edad con miasis en	región umbilical.
","Gavilán común (1), Aves (1), Bovinos (443), Perros (27), Équidos (54), Caprinos (2), Ovinos (5), Suidos (27)",560,0
6269,159787,17.57137,-92.9323,2025-06-12,Teapa,"Bovino de 24 meses de edad con miasis en la cruz.
","Gavilán común (1), Aves (1), Bovinos (443), Perros (27), Équidos (54), Caprinos (2), Ovinos (5), Suidos (27)",560,0
6269,160658,17.981463,-93.334218,2025-06-06,Cárdenas,"Bovinos de 6 días de edad con miasis en región umbilical.
","Gavilán común (1), Aves (1), Bovinos (443), Perros (27), Équidos (54), Caprinos (2), Ovinos (5), Suidos (27)",560,0
6269,160094,17.931429,-93.733916,2025-06-11,Huimanguillo,"Bovino de 1 año de edad con miasis en cuello.
","Gavilán común (1), Aves (1), Bovinos (443), Perros (27), Équidos (54), Caprinos (2), Ovinos (5), Suidos (27)",560,0
6269,160095,17.750074,-93.430071,2025-06-11,Huimanguillo,"Bovino de 15 días de edad con miasis en región umbilical.
","Gavilán común (1), Aves (1), Bovinos (443), Perros (27), Équidos (54), Caprinos (2), Ovinos (5), Suidos (27)",560,0
6269,159775,17.58853,-92.425402,2025-04-16,Macuspana,"Bovino de 8 días de edad con miasis en	región umbilical.
","Gavilán común (1), Aves (1), Bovinos (443), Perros (27), Équidos (54), Caprinos (2), Ovinos (5), Suidos (27)",560,0
6269,159785,18.0138,-92.1847,2025-06-10,Jonuta,"Bovino de 15 días de edad con miasis en región umbilical.
","Gavilán común (1), Aves (1), Bovinos (443), Perros (27), Équidos (54), Caprinos (2), Ovinos (5), Suidos (27)",560,0
6269,160103,17.670593,-91.638667,2025-06-10,Emiliano Zapata,"Bovino de 15 días de edad con miasis en región umbilical.
","Gavilán común (1), Aves (1), Bovinos (443), Perros (27), Équidos (54), Caprinos (2), Ovinos (5), Suidos (27)",560,0
6269,160104,17.93545,-91.409102,2025-06-10,Balancán,"Bovino de 4 años de edad con miasis en región vulvar.
","Gavilán común (1), Aves (1), Bovinos (443), Perros (27), Équidos (54), Caprinos (2), Ovinos (5), Suidos (27)",560,0
6269,159782,18.1102,-93.19179,2025-06-09,Cunduacán,"Canino de 1 año de edad con miasis en lomo.
","Gavilán común (1), Aves (1), Bovinos (443), Perros (27), Équidos (54), Caprinos (2), Ovinos (5), Suidos (27)",560,0
6269,159784,17.821845,-91.68129,2025-06-09,Balancán,"Bovino de 2 meses de edad con miasis en pómulo izquierdo.
","Gavilán común (1), Aves (1), Bovinos (443), Perros (27), Équidos (54), Caprinos (2), Ovinos (5), Suidos (27)",560,0
6269,159783,17.898476,-91.5908,2025-06-09,Balancán,"Bovino de 1 año de edad con miasis en pezuña.
","Gavilán común (1), Aves (1), Bovinos (443), Perros (27), Équidos (54), Caprinos (2), Ovinos (5), Suidos (27)",560,0
6269,158887,17.51523,-92.70446,2025-05-26,Tacotalpa,"Suino de 2 años de edad con miasis en escroto.
","Gavilán común (1), Aves (1), Bovinos (443), Perros (27), Équidos (54), Caprinos (2), Ovinos (5), Suidos (27)",560,0
6269,159769,17.90075,-91.435055,2025-06-06,Balancán,"Bovino de 8 días de edad con miasis en	región umbilical.
","Gavilán común (1), Aves (1), Bovinos (443), Perros (27), Équidos (54), Caprinos (2), Ovinos (5), Suidos (27)",560,0
6269,159770,18.49123,-92.4354,2025-06-06,Centla,"Suino de 1 año de edad con miasis en ojo derecho.
","Gavilán común (1), Aves (1), Bovinos (443), Perros (27), Équidos (54), Caprinos (2), Ovinos (5), Suidos (27)",560,0
6269,159771,17.501914,-92.655417,2025-06-06,Tacotalpa,"Bovino de 5 años de edad con miasis en cuerno derecho.
","Gavilán común (1), Aves (1), Bovinos (443), Perros (27), Équidos (54), Caprinos (2), Ovinos (5), Suidos (27)",560,0
6269,159772,17.653537,-92.872089,2025-06-06,Jalapa,"Dos bovinos de 3 meses de edad con miasis ambos en los cuernos.
","Gavilán común (1), Aves (1), Bovinos (443), Perros (27), Équidos (54), Caprinos (2), Ovinos (5), Suidos (27)",560,0
6269,159773,17.7369,-91.6423,2025-06-06,Emiliano Zapata,"Bovino de 8 días de edad con miasis en	región umbilical.
","Gavilán común (1), Aves (1), Bovinos (443), Perros (27), Équidos (54), Caprinos (2), Ovinos (5), Suidos (27)",560,0
6269,159330,17.636399,-91.602589,2025-06-04,Emiliano Zapata,"Canino de 3 años de edad con miasis en cuello.
","Gavilán común (1), Aves (1), Bovinos (443), Perros (27), Équidos (54), Caprinos (2), Ovinos (5), Suidos (27)",560,0
6269,159331,17.45339,-91.41581,2025-06-04,Tenosique,"canino de 8 años de edad con miasis en cabeza.
","Gavilán común (1), Aves (1), Bovinos (443), Perros (27), Équidos (54), Caprinos (2), Ovinos (5), Suidos (27)",560,0
6269,159332,18.49123,-92.4354,2025-06-04,Centla,"Bovino de 5 días de edad con miasis en región umbilical.
","Gavilán común (1), Aves (1), Bovinos (443), Perros (27), Équidos (54), Caprinos (2), Ovinos (5), Suidos (27)",560,0
6269,159328,17.46751,-91.59917,2025-06-03,Emiliano Zapata,"Equino de 1 mes de edad con miasis en	miembro posterior derecho.
","Gavilán común (1), Aves (1), Bovinos (443), Perros (27), Équidos (54), Caprinos (2), Ovinos (5), Suidos (27)",560,0
6269,159329,18.16564,-93.19517,2025-06-03,Comalcalco,"Bovino de 8 días de edad con miasis en	región umbilical.
","Gavilán común (1), Aves (1), Bovinos (443), Perros (27), Équidos (54), Caprinos (2), Ovinos (5), Suidos (27)",560,0
6269,159333,17.804951,-92.489539,2025-06-03,Macuspana,"Canino de 9 años de edad con miasis en dorso.
","Gavilán común (1), Aves (1), Bovinos (443), Perros (27), Équidos (54), Caprinos (2), Ovinos (5), Suidos (27)",560,0
6269,159327,17.93186,-92.72369,2025-06-03,Centro,"Bovino de 8 días de edad co miasis en región umbilical.
","Gavilán común (1), Aves (1), Bovinos (443), Perros (27), Équidos (54), Caprinos (2), Ovinos (5), Suidos (27)",560,0
6269,159320,17.68638,-91.54987,2025-06-02,Tenosique,"Bovino de 8 años de edad con miasis en región vulvar.
","Gavilán común (1), Aves (1), Bovinos (443), Perros (27), Équidos (54), Caprinos (2), Ovinos (5), Suidos (27)",560,0
6269,159319,17.83311,-92.79121,2025-06-02,Jalapa,"Canino de 1 año de edad con miasis en muslo izquierdo.
","Gavilán común (1), Aves (1), Bovinos (443), Perros (27), Équidos (54), Caprinos (2), Ovinos (5), Suidos (27)",560,0
6269,159323,17.68578,-91.47585,2025-06-02,Balancán,"Equino de 3 años de edad con miasis en escápula.
","Gavilán común (1), Aves (1), Bovinos (443), Perros (27), Équidos (54), Caprinos (2), Ovinos (5), Suidos (27)",560,0
6269,159324,17.52479,-91.19826,2025-06-02,Tenosique,"Bovino de 7 años	de edad con miasis en cuerno.
","Gavilán común (1), Aves (1), Bovinos (443), Perros (27), Équidos (54), Caprinos (2), Ovinos (5), Suidos (27)",560,0
6269,159325,17.85349,-93.41208,2025-06-02,Huimanguillo,"Bovino de 7 años 2 meses de edad con miasis en región lumbar.
","Gavilán común (1), Aves (1), Bovinos (443), Perros (27), Équidos (54), Caprinos (2), Ovinos (5), Suidos (27)",560,0
6269,159326,18.2706,-92.48569,2025-06-02,Centla,"Canino de10 años de edad con miasis en ojo izquierdo.
","Gavilán común (1), Aves (1), Bovinos (443), Perros (27), Équidos (54), Caprinos (2), Ovinos (5), Suidos (27)",560,0
6269,159318,17.60827,-91.07602,2025-05-31,Tenosique,"Equino de 2 años	de edad con miasis en escápula.
","Gavilán común (1), Aves (1), Bovinos (443), Perros (27), Équidos (54), Caprinos (2), Ovinos (5), Suidos (27)",560,0
6269,159316,17.99529,-91.37615,2025-05-30,Balancán,"Bovino de 8 años de edad con miasis en orejas.
","Gavilán común (1), Aves (1), Bovinos (443), Perros (27), Équidos (54), Caprinos (2), Ovinos (5), Suidos (27)",560,0
6269,159317,17.6491,-91.11249,2025-05-29,Balancán,"Suino de 4 meses de edad con miasis en escroto.
","Gavilán común (1), Aves (1), Bovinos (443), Perros (27), Équidos (54), Caprinos (2), Ovinos (5), Suidos (27)",560,0
6269,159322,18.09037,-92.13773,2025-05-29,Jonuta,"Equino de 2 años de edad con miasis en escápula.
","Gavilán común (1), Aves (1), Bovinos (443), Perros (27), Équidos (54), Caprinos (2), Ovinos (5), Suidos (27)",560,0
6269,159337,18.424168,-92.911005,2025-05-29,Centla,"Bovino de 4 días de edad con miasis en	región umbilical.
","Gavilán común (1), Aves (1), Bovinos (443), Perros (27), Équidos (54), Caprinos (2), Ovinos (5), Suidos (27)",560,0
6269,159321,18.00065,-92.14323,2025-05-29,Jonuta,"Canino de 10 años de edad con miasis en gluteo derecho.
","Gavilán común (1), Aves (1), Bovinos (443), Perros (27), Équidos (54), Caprinos (2), Ovinos (5), Suidos (27)",560,0
6269,160101,17.609319,-92.749089,2025-05-29,Tacotalpa,"Bovino de 7 días de edad con miasis en región umbilical.
","Gavilán común (1), Aves (1), Bovinos (443), Perros (27), Équidos (54), Caprinos (2), Ovinos (5), Suidos (27)",560,0
6269,159312,17.5478,-92.6741,2025-05-28,Tacotalpa,"Bovino de 1 mes de edad con miasis en	región umbilical.
","Gavilán común (1), Aves (1), Bovinos (443), Perros (27), Équidos (54), Caprinos (2), Ovinos (5), Suidos (27)",560,0
6269,159313,17.77156,-93.39069,2025-05-28,Huimanguillo,"Bovino de 1 mes de edad con miasis en	región umbilical.
","Gavilán común (1), Aves (1), Bovinos (443), Perros (27), Équidos (54), Caprinos (2), Ovinos (5), Suidos (27)",560,0
6269,159314,17.61692,-93.45548,2025-05-28,Huimanguillo,"Dos bovino de 1 mes  de edad ambos con miasis en orejas.
","Gavilán común (1), Aves (1), Bovinos (443), Perros (27), Équidos (54), Caprinos (2), Ovinos (5), Suidos (27)",560,0
6269,159315,18.32435,-93.53094,2025-05-28,Cárdenas,"Bovino de 12 días de edad con miasis en región umbilical.
","Gavilán común (1), Aves (1), Bovinos (443), Perros (27), Équidos (54), Caprinos (2), Ovinos (5), Suidos (27)",560,0
6269,159334,17.634729,-92.783195,2025-05-28,Jalapa,"Bovino de 20 años de edad con miasis en cuerno.
","Gavilán común (1), Aves (1), Bovinos (443), Perros (27), Équidos (54), Caprinos (2), Ovinos (5), Suidos (27)",560,0
6269,159335,17.61246,-92.729516,2025-05-28,Tacotalpa,"Suino de 2 años de edad con miasis en ojo.
","Gavilán común (1), Aves (1), Bovinos (443), Perros (27), Équidos (54), Caprinos (2), Ovinos (5), Suidos (27)",560,0
6269,159336,17.571718,-92.5767,2025-05-28,Tacotalpa,"Equino de 6 años de edad con miasis en región perianal.
","Gavilán común (1), Aves (1), Bovinos (443), Perros (27), Équidos (54), Caprinos (2), Ovinos (5), Suidos (27)",560,0
6269,158885,17.52176,-91.2332,2025-05-26,Tenosique,"Equino de 5 años de edad con miasis en miembro anterior.
","Gavilán común (1), Aves (1), Bovinos (443), Perros (27), Équidos (54), Caprinos (2), Ovinos (5), Suidos (27)",560,0
6269,158886,17.6628,-92.56929,2025-05-26,Macuspana,"Bovino de 5 días de edad con miasis en	región umbilical.
","Gavilán común (1), Aves (1), Bovinos (443), Perros (27), Équidos (54), Caprinos (2), Ovinos (5), Suidos (27)",560,0
6269,158888,17.89771,-92.7102,2025-05-26,Jalapa,"Bovino de 2 años de edad con miasis en tórax.
","Gavilán común (1), Aves (1), Bovinos (443), Perros (27), Équidos (54), Caprinos (2), Ovinos (5), Suidos (27)",560,0
6269,158889,17.45159,-92.70727,2025-05-26,Tacotalpa,"Bovino de 9 días de edad con miasis en	región umbilical.
","Gavilán común (1), Aves (1), Bovinos (443), Perros (27), Équidos (54), Caprinos (2), Ovinos (5), Suidos (27)",560,0
6269,158890,17.454,-93.6922,2025-05-26,Huimanguillo,"Bovino de 10 días de edad con miasis en región umbilical.
","Gavilán común (1), Aves (1), Bovinos (443), Perros (27), Équidos (54), Caprinos (2), Ovinos (5), Suidos (27)",560,0
6269,158892,17.61514,-92.73736,2025-05-26,Tacotalpa,"Bovino de 8 meses de edad con miasis en escápula izquierda
","Gavilán común (1), Aves (1), Bovinos (443), Perros (27), Équidos (54), Caprinos (2), Ovinos (5), Suidos (27)",560,0
6269,158893,17.61787,-91.05674,2025-05-26,Tenosique,"Equino de 5 años de edad con miasis en cuello.
","Gavilán común (1), Aves (1), Bovinos (443), Perros (27), Équidos (54), Caprinos (2), Ovinos (5), Suidos (27)",560,0
6269,158891,17.45159,-92.707271,2025-05-26,Tacotalpa,"Canino de 8 años de edad con miasis en muslo izquierdo.
","Gavilán común (1), Aves (1), Bovinos (443), Perros (27), Équidos (54), Caprinos (2), Ovinos (5), Suidos (27)",560,0
6269,158894,17.57923,-91.05799,2025-05-26,Tenosique,"Bovino de 5 años de edad con miasis en cuerno.
","Gavilán común (1), Aves (1), Bovinos (443), Perros (27), Équidos (54), Caprinos (2), Ovinos (5), Suidos (27)",560,0
6269,158883,17.67932,-91.453163,2025-05-24,Balancán,"Bovino de 8 días de edad con miasis en	región umbilical.
","Gavilán común (1), Aves (1), Bovinos (443), Perros (27), Équidos (54), Caprinos (2), Ovinos (5), Suidos (27)",560,0
6269,158884,17.93545,-91.409102,2025-05-24,Balancán,"Bovino de 4 meses de edad con miasis en miembro posterior.
","Gavilán común (1), Aves (1), Bovinos (443), Perros (27), Équidos (54), Caprinos (2), Ovinos (5), Suidos (27)",560,0
6269,158875,18.0441,-93.06259,2025-05-23,Cunduacán,"Bovino de 8 años de edad con miasis en ubre.
","Gavilán común (1), Aves (1), Bovinos (443), Perros (27), Équidos (54), Caprinos (2), Ovinos (5), Suidos (27)",560,0
6269,158876,17.51264,-91.613775,2025-05-23,Emiliano Zapata,"Bovino de 20 días de edad con miasis en región umbilical.
","Gavilán común (1), Aves (1), Bovinos (443), Perros (27), Équidos (54), Caprinos (2), Ovinos (5), Suidos (27)",560,0
6269,158878,17.85082,-91.498431,2025-05-23,Balancán,"Bovino de 15 días de edad con miasis en región umbilical.
","Gavilán común (1), Aves (1), Bovinos (443), Perros (27), Équidos (54), Caprinos (2), Ovinos (5), Suidos (27)",560,0
6269,158879,17.93545,-91.409102,2025-05-23,Balancán,"Equino de 8 años	de edad con miasis en lomo.
","Gavilán común (1), Aves (1), Bovinos (443), Perros (27), Équidos (54), Caprinos (2), Ovinos (5), Suidos (27)",560,0
6269,158880,17.67059,-91.638667,2025-05-23,Emiliano Zapata,"Bovino de 4 años de edad con miasis en oreja.
","Gavilán común (1), Aves (1), Bovinos (443), Perros (27), Équidos (54), Caprinos (2), Ovinos (5), Suidos (27)",560,0
6269,158881,17.69162,-92.858326,2025-05-23,Jalapa,"Bovino de 8 días de edad con miasis en región umbilical.
","Gavilán común (1), Aves (1), Bovinos (443), Perros (27), Équidos (54), Caprinos (2), Ovinos (5), Suidos (27)",560,0
6269,158877,17.68578,-91.47585,2025-05-23,Balancán,"Suino de 1 año de edad con miasis en región vulvar.
","Gavilán común (1), Aves (1), Bovinos (443), Perros (27), Équidos (54), Caprinos (2), Ovinos (5), Suidos (27)",560,0
6269,158882,17.55784,-92.594697,2025-05-23,Tacotalpa,"Bovino d e8 días de edad con miasis en región umbilical.
","Gavilán común (1), Aves (1), Bovinos (443), Perros (27), Équidos (54), Caprinos (2), Ovinos (5), Suidos (27)",560,0
6269,158873,17.90616,-91.549598,2025-05-22,Balancán,"Bovinoi de 1 año de edad con miasis en	oreja.
","Gavilán común (1), Aves (1), Bovinos (443), Perros (27), Équidos (54), Caprinos (2), Ovinos (5), Suidos (27)",560,0
6269,158874,18.05176,-91.584246,2025-05-22,Balancán,"Bovino de 8 meses de edad con miasis en región dorsal.
","Gavilán común (1), Aves (1), Bovinos (443), Perros (27), Équidos (54), Caprinos (2), Ovinos (5), Suidos (27)",560,0
6269,158872,17.65552,-91.536455,2025-05-22,Tenosique,"Canino de 1 año 10 meses de edad con miasis en oreja.
","Gavilán común (1), Aves (1), Bovinos (443), Perros (27), Équidos (54), Caprinos (2), Ovinos (5), Suidos (27)",560,0
6269,158464,17.56187,-92.64584,2025-05-21,Tacotalpa,"Bovino de 10 días de edad con	región umbilical.
","Gavilán común (1), Aves (1), Bovinos (443), Perros (27), Équidos (54), Caprinos (2), Ovinos (5), Suidos (27)",560,0
6269,158465,17.72384,-92.71326,2025-05-21,Jalapa,"Bovino de 6 días de edad con miasis en	región umbilical.
","Gavilán común (1), Aves (1), Bovinos (443), Perros (27), Équidos (54), Caprinos (2), Ovinos (5), Suidos (27)",560,0
6269,158466,17.62316,-92.75541,2025-05-21,Jalapa,"Bovino de1 año 4 meses de edad con miasis en abdomen.
","Gavilán común (1), Aves (1), Bovinos (443), Perros (27), Équidos (54), Caprinos (2), Ovinos (5), Suidos (27)",560,0
6269,159774,17.8579,-92.484601,2025-04-15,Macuspana,"Bovino de 11 días de edad con miasis en región umbilical.
","Gavilán común (1), Aves (1), Bovinos (443), Perros (27), Équidos (54), Caprinos (2), Ovinos (5), Suidos (27)",560,0
6269,158462,17.33736,-91.15865,2025-05-20,Tenosique,"Bovino de 8 días de edad con miasis en	región umbilical.
","Gavilán común (1), Aves (1), Bovinos (443), Perros (27), Équidos (54), Caprinos (2), Ovinos (5), Suidos (27)",560,0
6269,158463,17.93551,-92.71765,2025-05-20,Centro,"Dos bovinos de 15 días de edad, ambos con miasis en la región umbilical
","Gavilán común (1), Aves (1), Bovinos (443), Perros (27), Équidos (54), Caprinos (2), Ovinos (5), Suidos (27)",560,0
6269,158870,17.98649,-91.406303,2025-05-20,Balancán,"Bovino de 8 días de edad con miasis en región umbilical.
","Gavilán común (1), Aves (1), Bovinos (443), Perros (27), Équidos (54), Caprinos (2), Ovinos (5), Suidos (27)",560,0
6269,158871,17.81888,-91.279461,2025-05-20,Balancán,"Bovino de 1 año 4 meses de edad con miasis en	región dorsal del cuello.
","Gavilán común (1), Aves (1), Bovinos (443), Perros (27), Équidos (54), Caprinos (2), Ovinos (5), Suidos (27)",560,0
6269,158869,17.74124,-91.7589,2025-05-20,Emiliano Zapata,"Canino de 2 años de edad con miasis en oreja.
","Gavilán común (1), Aves (1), Bovinos (443), Perros (27), Équidos (54), Caprinos (2), Ovinos (5), Suidos (27)",560,0
6269,159780,18.034349,-91.521453,2025-04-20,Balancán,"Bovino de 2 meses de edad con miasis en región umbilical.
","Gavilán común (1), Aves (1), Bovinos (443), Perros (27), Équidos (54), Caprinos (2), Ovinos (5), Suidos (27)",560,0
6269,159776,17.826923,-91.375573,2025-04-19,Balancán,"Equino de 6 años de edad con miasis en escápula Izquierda,
","Gavilán común (1), Aves (1), Bovinos (443), Perros (27), Équidos (54), Caprinos (2), Ovinos (5), Suidos (27)",560,0
6269,159777,17.632641,-91.034508,2025-04-19,Tenosique,"Bovino de 8 días de edad con miasis en	región umbilical.
","Gavilán común (1), Aves (1), Bovinos (443), Perros (27), Équidos (54), Caprinos (2), Ovinos (5), Suidos (27)",560,0
6269,159778,17.629128,-91.035884,2025-04-19,Tenosique,"Bovino de 6 días de edad con miasis en	región umbilical.
","Gavilán común (1), Aves (1), Bovinos (443), Perros (27), Équidos (54), Caprinos (2), Ovinos (5), Suidos (27)",560,0
6269,159779,17.802104,-91.299876,2025-04-19,Balancán,"Bovino de 31 meses de edad con miasis en región vulvar.
","Gavilán común (1), Aves (1), Bovinos (443), Perros (27), Équidos (54), Caprinos (2), Ovinos (5), Suidos (27)",560,0
6269,159781,17.4753,-92.0856,2025-04-19,Palenque,"Bovino de 3 días de edad con miasis en	región umbilical.
","Gavilán común (1), Aves (1), Bovinos (443), Perros (27), Équidos (54), Caprinos (2), Ovinos (5), Suidos (27)",560,0
6269,155532,17.96728,-91.3943,2025-04-01,Balancán,"Tres bovinos de 8 días de edad con miasis en región umbilical.
","Gavilán común (1), Aves (1), Bovinos (443), Perros (27), Équidos (54), Caprinos (2), Ovinos (5), Suidos (27)",560,0
6269,157194,17.78497,-91.54861,2025-04-29,Balancán,"Equino de 10 años de edad con miasis en metacarpo derecho.
","Gavilán común (1), Aves (1), Bovinos (443), Perros (27), Équidos (54), Caprinos (2), Ovinos (5), Suidos (27)",560,0
6269,157580,17.86349,-92.39963,2025-04-12,Macuspana,"Bovino de 1 año de edad con miasis en región interescapular. Nota del 04/06/2025: se cambió la especie indicada en este brote después que el país indicara información adicional.
","Gavilán común (1), Aves (1), Bovinos (443), Perros (27), Équidos (54), Caprinos (2), Ovinos (5), Suidos (27)",560,0
6269,155567,17.66736,-91.16977,2025-04-06,Balancán,Equino de 3 años de edad con miasis en cabeza en región del masetero.,"Gavilán común (1), Aves (1), Bovinos (443), Perros (27), Équidos (54), Caprinos (2), Ovinos (5), Suidos (27)",560,0
6269,154099,17.706425,-91.043045,2025-03-21,Balancán,Suino hembra de 18 meses de edad con miasis en región vulvar.,"Gavilán común (1), Aves (1), Bovinos (443), Perros (27), Équidos (54), Caprinos (2), Ovinos (5), Suidos (27)",560,0
6269,158457,18.51625,-92.68306,2025-05-19,Centla,"Bovino de15 días de edad con región umbilical.

","Gavilán común (1), Aves (1), Bovinos (443), Perros (27), Équidos (54), Caprinos (2), Ovinos (5), Suidos (27)",560,0
6269,158459,17.78474,-91.49057,2025-05-19,Balancán,"Ovino de 1 año de edad con miasis en oreja derecha.
","Gavilán común (1), Aves (1), Bovinos (443), Perros (27), Équidos (54), Caprinos (2), Ovinos (5), Suidos (27)",560,0
6269,158460,17.58047,-91.09121,2025-05-19,Tenosique,"Bovino de 9 días de edad con miasis en región umbilical.
","Gavilán común (1), Aves (1), Bovinos (443), Perros (27), Équidos (54), Caprinos (2), Ovinos (5), Suidos (27)",560,0
6269,158458,17.63996,-91.03703,2025-05-19,Tenosique,"Bovino de 15 días de edad en región umbilical.
","Gavilán común (1), Aves (1), Bovinos (443), Perros (27), Équidos (54), Caprinos (2), Ovinos (5), Suidos (27)",560,0
6269,158461,17.76857,-91.02196,2025-05-18,Balancán,"Bovino de 1 mes de edad con miasis en	región umbilical.
","Gavilán común (1), Aves (1), Bovinos (443), Perros (27), Équidos (54), Caprinos (2), Ovinos (5), Suidos (27)",560,0
6269,158455,17.97052,-91.27891,2025-05-17,Balancán,"Bovino de 10 meses de edad con miasis en cuello.
","Gavilán común (1), Aves (1), Bovinos (443), Perros (27), Équidos (54), Caprinos (2), Ovinos (5), Suidos (27)",560,0
6269,158456,18.02231,-91.29764,2025-05-17,Carmen,"Bovino de1 año de edad con miasis en oreja.
","Gavilán común (1), Aves (1), Bovinos (443), Perros (27), Équidos (54), Caprinos (2), Ovinos (5), Suidos (27)",560,0
6269,158451,17.6738,-92.4359,2025-05-16,Macuspana,"Bovino de 21 días de edad con miasis en región umbilical.
","Gavilán común (1), Aves (1), Bovinos (443), Perros (27), Équidos (54), Caprinos (2), Ovinos (5), Suidos (27)",560,0
6269,158452,17.77475,-91.48066,2025-05-16,Balancán,"Bovino de 15 días de edad con miasis en región umbilical.
","Gavilán común (1), Aves (1), Bovinos (443), Perros (27), Équidos (54), Caprinos (2), Ovinos (5), Suidos (27)",560,0
6269,158453,17.88632,-91.31279,2025-05-16,Balancán,"Bovino de 8 días de edad con miasis en	región umbilical.
","Gavilán común (1), Aves (1), Bovinos (443), Perros (27), Équidos (54), Caprinos (2), Ovinos (5), Suidos (27)",560,0
6269,158454,17.94676,-91.26621,2025-05-16,Balancán,"Ave de 10 semanas de edad con miasis en oído.
","Gavilán común (1), Aves (1), Bovinos (443), Perros (27), Équidos (54), Caprinos (2), Ovinos (5), Suidos (27)",560,0
6269,158450,17.51745,-92.92968,2025-05-15,Teapa,"Bovino de 8 días de edad con miasis en región umbilical.
","Gavilán común (1), Aves (1), Bovinos (443), Perros (27), Équidos (54), Caprinos (2), Ovinos (5), Suidos (27)",560,0
6269,158123,17.68561,-91.47564,2025-05-14,Balancán,"Canino de 8 años de edad con miasis en labio superior.
","Gavilán común (1), Aves (1), Bovinos (443), Perros (27), Équidos (54), Caprinos (2), Ovinos (5), Suidos (27)",560,0
6269,158122,17.64524,-91.26553,2025-05-14,Balancán,"Equino de 6 años de edad con miasis en tarso.
","Gavilán común (1), Aves (1), Bovinos (443), Perros (27), Équidos (54), Caprinos (2), Ovinos (5), Suidos (27)",560,0
6269,158120,17.60365,-92.72228,2025-05-14,Tacotalpa,"Bovino de 3 meses de edad con miasis en región umbilical.
","Gavilán común (1), Aves (1), Bovinos (443), Perros (27), Équidos (54), Caprinos (2), Ovinos (5), Suidos (27)",560,0
6269,158119,17.90026,-92.73736,2025-05-14,Jalapa,"Bovino de un mes de edad con miasis en región umbilical, bovino de 6 años de edad con miasis en ubre. 
","Gavilán común (1), Aves (1), Bovinos (443), Perros (27), Équidos (54), Caprinos (2), Ovinos (5), Suidos (27)",560,0
6269,158118,17.82149,-91.05627,2025-05-13,Balancán,"Suino de 2 años de edad con miasis en cuello.
","Gavilán común (1), Aves (1), Bovinos (443), Perros (27), Équidos (54), Caprinos (2), Ovinos (5), Suidos (27)",560,0
6269,158112,17.566016,-91.278625,2025-05-13,Tenosique,"Bovino de 10 días de edad con miasis en región umbilical.
","Gavilán común (1), Aves (1), Bovinos (443), Perros (27), Équidos (54), Caprinos (2), Ovinos (5), Suidos (27)",560,0
6269,158117,17.8378,-91.2589,2025-05-13,Balancán,"Canino de 3 años de edad con miasis en región ventral.
","Gavilán común (1), Aves (1), Bovinos (443), Perros (27), Équidos (54), Caprinos (2), Ovinos (5), Suidos (27)",560,0
6269,158116,18.0105,-91.5643,2025-05-12,Balancán,"Bovino de 15 días de edad con miasis en región umbilical.
","Gavilán común (1), Aves (1), Bovinos (443), Perros (27), Équidos (54), Caprinos (2), Ovinos (5), Suidos (27)",560,0
6269,158115,17.810669,-91.057844,2025-05-12,Balancán,"Bovino de 5 años	de edad con miasis en región vaginal.
","Gavilán común (1), Aves (1), Bovinos (443), Perros (27), Équidos (54), Caprinos (2), Ovinos (5), Suidos (27)",560,0
6269,158113,17.809228,-91.675932,2025-05-12,Balancán,"Bovino de 15 días de edad con miasis en región umbilical.
","Gavilán común (1), Aves (1), Bovinos (443), Perros (27), Équidos (54), Caprinos (2), Ovinos (5), Suidos (27)",560,0
6269,158111,18.573343,-92.641264,2025-05-12,Centla,"Bovino de 8 años de edad con miasis en anca derecha.
","Gavilán común (1), Aves (1), Bovinos (443), Perros (27), Équidos (54), Caprinos (2), Ovinos (5), Suidos (27)",560,0
6269,158109,17.39533,-92.54124,2025-05-12,Sabanilla,"Canino de 10 años de edad con miasis en cuello.
","Gavilán común (1), Aves (1), Bovinos (443), Perros (27), Équidos (54), Caprinos (2), Ovinos (5), Suidos (27)",560,0
6269,158114,17.910532,-91.433375,2025-05-11,Balancán,"Bovino de 1 año de edad con miasis en escápula.
","Gavilán común (1), Aves (1), Bovinos (443), Perros (27), Équidos (54), Caprinos (2), Ovinos (5), Suidos (27)",560,0
6269,158105,17.644745,-91.528269,2025-05-09,Tenosique,"Suino de 2 años de edad con miasis en pezuña.
","Gavilán común (1), Aves (1), Bovinos (443), Perros (27), Équidos (54), Caprinos (2), Ovinos (5), Suidos (27)",560,0
6269,158104,17.836945,-91.555561,2025-05-09,Balancán,"Bovino de 10 años de edad con miasis en pierna.
","Gavilán común (1), Aves (1), Bovinos (443), Perros (27), Équidos (54), Caprinos (2), Ovinos (5), Suidos (27)",560,0
6269,158103,18.069643,-91.55842,2025-05-09,Balancán,"Canino de 2 años	de edad con miasis en oreja derecha.
","Gavilán común (1), Aves (1), Bovinos (443), Perros (27), Équidos (54), Caprinos (2), Ovinos (5), Suidos (27)",560,0
6269,158101,17.558431,-92.663043,2025-05-09,Tacotalpa,"Bovino de 1 año de edad con miasis en cuello.

","Gavilán común (1), Aves (1), Bovinos (443), Perros (27), Équidos (54), Caprinos (2), Ovinos (5), Suidos (27)",560,0
6269,158102,17.489156,-91.012651,2025-05-09,Tenosique,"Equino de 5 años de edad con miasis en pierna.
","Gavilán común (1), Aves (1), Bovinos (443), Perros (27), Équidos (54), Caprinos (2), Ovinos (5), Suidos (27)",560,0
6269,157582,17.8251,-91.629,2025-05-08,Balancán,"Bovino de 10 días de edad con miasis en región umbilical.
","Gavilán común (1), Aves (1), Bovinos (443), Perros (27), Équidos (54), Caprinos (2), Ovinos (5), Suidos (27)",560,0
6269,157583,17.5136,-92.796,2025-05-08,Tacotalpa,"Bovino de 10 días de edad con miasis en región umbilical.
","Gavilán común (1), Aves (1), Bovinos (443), Perros (27), Équidos (54), Caprinos (2), Ovinos (5), Suidos (27)",560,0
6269,157584,17.5674,-92.8788,2025-05-08,Teapa,Bovino de 6 años de edad con miasis en ojo izquierdo.,"Gavilán común (1), Aves (1), Bovinos (443), Perros (27), Équidos (54), Caprinos (2), Ovinos (5), Suidos (27)",560,0
6269,158100,17.872147,-91.477992,2025-05-08,Balancán,"Bovino de 1 año 6 meses de edad con miasis en oreja derecha.
","Gavilán común (1), Aves (1), Bovinos (443), Perros (27), Équidos (54), Caprinos (2), Ovinos (5), Suidos (27)",560,0
6269,158099,17.93545,-91.409102,2025-05-08,Balancán,"Bovino de 2 meses de edad con miasis en cuernos,
","Gavilán común (1), Aves (1), Bovinos (443), Perros (27), Équidos (54), Caprinos (2), Ovinos (5), Suidos (27)",560,0
6269,157574,17.75492,-91.26718,2025-05-07,Balancán,Bovino de 6 años de edad con miasis en cuello.,"Gavilán común (1), Aves (1), Bovinos (443), Perros (27), Équidos (54), Caprinos (2), Ovinos (5), Suidos (27)",560,0
6269,157575,17.7468,-91.7364,2025-05-07,Emiliano Zapata,"Bovino de 2 años de edad con miasis en prepucio.
","Gavilán común (1), Aves (1), Bovinos (443), Perros (27), Équidos (54), Caprinos (2), Ovinos (5), Suidos (27)",560,0
6269,157581,18.17549,-93.01663,2025-05-07,Jalpa de Méndez,"Equino de 1 año de edad con miasis en pierna derecha.
","Gavilán común (1), Aves (1), Bovinos (443), Perros (27), Équidos (54), Caprinos (2), Ovinos (5), Suidos (27)",560,0
6269,157571,17.65523,-91.53662,2025-05-06,Tenosique,"Bovino de 3 días de edad con miasis en región umbilical.
","Gavilán común (1), Aves (1), Bovinos (443), Perros (27), Équidos (54), Caprinos (2), Ovinos (5), Suidos (27)",560,0
6269,157572,17.91539,-91.60666,2025-05-06,Balancán,"Bovino de 7 días de edad con miasis en región umbilical.
","Gavilán común (1), Aves (1), Bovinos (443), Perros (27), Équidos (54), Caprinos (2), Ovinos (5), Suidos (27)",560,0
6269,157573,17.83194,-92.27403,2025-05-06,Macuspana,"Bovino de 8 días de edad con miasis en región umbilical.
","Gavilán común (1), Aves (1), Bovinos (443), Perros (27), Équidos (54), Caprinos (2), Ovinos (5), Suidos (27)",560,0
6269,157579,17.79445,-91.49303,2025-05-06,Balancán,"Bovino de 5 años de edad con miasis en base de la cola.
","Gavilán común (1), Aves (1), Bovinos (443), Perros (27), Équidos (54), Caprinos (2), Ovinos (5), Suidos (27)",560,0
6269,157568,17.44232,-92.15298,2025-05-05,Salto de Agua,"Canino de 3 años de edad con miasis en glúteo medio.
","Gavilán común (1), Aves (1), Bovinos (443), Perros (27), Équidos (54), Caprinos (2), Ovinos (5), Suidos (27)",560,0
6269,157570,17.8167,-92.25822,2025-05-05,Macuspana,Bovino de 8 meses de edad con miasos en cuello.,"Gavilán común (1), Aves (1), Bovinos (443), Perros (27), Équidos (54), Caprinos (2), Ovinos (5), Suidos (27)",560,0
6269,157567,17.95224,-91.27181,2025-05-05,Balancán,"Bovino de 8 años de edad con miasis en oreja.
","Gavilán común (1), Aves (1), Bovinos (443), Perros (27), Équidos (54), Caprinos (2), Ovinos (5), Suidos (27)",560,0
6269,157563,17.64175,-91.53555,2025-05-04,Tenosique,"Suino de 1 año de edad con miasis en región dorsal del cuello.
","Gavilán común (1), Aves (1), Bovinos (443), Perros (27), Équidos (54), Caprinos (2), Ovinos (5), Suidos (27)",560,0
6269,157564,17.69114,-91.54189,2025-05-04,Balancán,"Canino de 15 años de edad con miasis en cadera.
","Gavilán común (1), Aves (1), Bovinos (443), Perros (27), Équidos (54), Caprinos (2), Ovinos (5), Suidos (27)",560,0
6269,157562,17.62737,-91.40104,2025-05-03,Tenosique,"Bovino de 7 días de edad con miasis en región umbilical.
","Gavilán común (1), Aves (1), Bovinos (443), Perros (27), Équidos (54), Caprinos (2), Ovinos (5), Suidos (27)",560,0
6269,157566,17.70039,-91.52881,2025-05-03,Balancán,"Bovino de 10 días de edad con miasis en región umbilical.
","Gavilán común (1), Aves (1), Bovinos (443), Perros (27), Équidos (54), Caprinos (2), Ovinos (5), Suidos (27)",560,0
6269,158124,17.779899,-92.355008,2025-05-03,Macuspana,"Bovino de 6 días de edad con miasis en	región umbilical.
","Gavilán común (1), Aves (1), Bovinos (443), Perros (27), Équidos (54), Caprinos (2), Ovinos (5), Suidos (27)",560,0
6269,158449,17.754357,-92.296897,2025-05-03,Macuspana,"Bovino de 7 días de edad con miasis en región umbilical.
","Gavilán común (1), Aves (1), Bovinos (443), Perros (27), Équidos (54), Caprinos (2), Ovinos (5), Suidos (27)",560,0
6269,157554,17.70917,-92.28917,2025-05-02,Macuspana,"Bovino de 10 días de edad con miasis en región umbilical.
","Gavilán común (1), Aves (1), Bovinos (443), Perros (27), Équidos (54), Caprinos (2), Ovinos (5), Suidos (27)",560,0
6269,157555,17.70817,-92.28817,2025-05-02,Macuspana,Equino de 12 años de edad con miasis en prepucio.,"Gavilán común (1), Aves (1), Bovinos (443), Perros (27), Équidos (54), Caprinos (2), Ovinos (5), Suidos (27)",560,0
6269,157560,17.83979,-91.06421,2025-05-02,Balancán,"Bovino de 1 año de edad con miasis en región dorsal del cuello.
","Gavilán común (1), Aves (1), Bovinos (443), Perros (27), Équidos (54), Caprinos (2), Ovinos (5), Suidos (27)",560,0
6269,157561,17.62648,-91.03323,2025-05-02,Tenosique,Bovino de 2 años de edad con miasis en ubre.,"Gavilán común (1), Aves (1), Bovinos (443), Perros (27), Équidos (54), Caprinos (2), Ovinos (5), Suidos (27)",560,0
6269,157565,17.85082,-91.49843,2025-05-02,Balancán,"Equino de 5 años de edad con miasis en miembro posterior.
","Gavilán común (1), Aves (1), Bovinos (443), Perros (27), Équidos (54), Caprinos (2), Ovinos (5), Suidos (27)",560,0
6269,158107,17.566483,-92.855847,2025-05-02,Teapa,"Bovino de 4 días de edad con miasis en región umbilical.
","Gavilán común (1), Aves (1), Bovinos (443), Perros (27), Équidos (54), Caprinos (2), Ovinos (5), Suidos (27)",560,0
6269,158106,17.623377,-92.823274,2025-05-02,Tacotalpa,"Bovino de 4 meses de edad con miasis en pierna.
","Gavilán común (1), Aves (1), Bovinos (443), Perros (27), Équidos (54), Caprinos (2), Ovinos (5), Suidos (27)",560,0
6269,157549,17.99327,-91.38997,2025-05-01,Balancán,"Canino de 1 año 6 meses de edad con miasis en oreja.
","Gavilán común (1), Aves (1), Bovinos (443), Perros (27), Équidos (54), Caprinos (2), Ovinos (5), Suidos (27)",560,0
6269,157569,18.17549,-93.01663,2025-05-01,Jalpa de Méndez,Suino de 4 años de edad con miasis en cuello.,"Gavilán común (1), Aves (1), Bovinos (443), Perros (27), Équidos (54), Caprinos (2), Ovinos (5), Suidos (27)",560,0
6269,158108,17.63239,-92.889453,2025-05-01,Teapa,"Bovino de 5 años de edad con miasis en región perianal.
","Gavilán común (1), Aves (1), Bovinos (443), Perros (27), Équidos (54), Caprinos (2), Ovinos (5), Suidos (27)",560,0
6269,158467,17.9684,-92.31265,2025-05-01,Macuspana,"Bovino de 2 años de edad con miasis en pezuña.
","Gavilán común (1), Aves (1), Bovinos (443), Perros (27), Équidos (54), Caprinos (2), Ovinos (5), Suidos (27)",560,0
6269,157550,17.68275,-91.52981,2025-05-01,Tenosique,"Bovino de 8 días de edad con miasis en región umbilical.
","Gavilán común (1), Aves (1), Bovinos (443), Perros (27), Équidos (54), Caprinos (2), Ovinos (5), Suidos (27)",560,0
6269,157544,17.45449,-91.61705,2025-04-30,Emiliano Zapata,Bovino de 6 años de edad con miasis en oreja.,"Gavilán común (1), Aves (1), Bovinos (443), Perros (27), Équidos (54), Caprinos (2), Ovinos (5), Suidos (27)",560,0
6269,157545,17.38968,-91.40013,2025-04-30,Tenosique,Bovino de 8 días de edad con miasis en región umbilical.,"Gavilán común (1), Aves (1), Bovinos (443), Perros (27), Équidos (54), Caprinos (2), Ovinos (5), Suidos (27)",560,0
6269,157546,17.82029,-91.56781,2025-04-30,Balancán,"Bovino de 2 meses de edad con miasis en miembro posterior izquierdo.
","Gavilán común (1), Aves (1), Bovinos (443), Perros (27), Équidos (54), Caprinos (2), Ovinos (5), Suidos (27)",560,0
6269,157547,17.88756,-91.25247,2025-04-30,Balancán,"Dos equinos de 3 años de edad ambos, uno con miasis en oreja derecha y otro en oreja izquierda.
","Gavilán común (1), Aves (1), Bovinos (443), Perros (27), Équidos (54), Caprinos (2), Ovinos (5), Suidos (27)",560,0
6269,157548,17.60947,-92.75056,2025-04-30,Tacotalpa,"Bovino de 1 mes de edad con miasis en región umbilical.
","Gavilán común (1), Aves (1), Bovinos (443), Perros (27), Équidos (54), Caprinos (2), Ovinos (5), Suidos (27)",560,0
6269,157552,17.70929,-92.28849,2025-04-30,Macuspana,Equino de 10 años de edad con miasis en prepucio.,"Gavilán común (1), Aves (1), Bovinos (443), Perros (27), Équidos (54), Caprinos (2), Ovinos (5), Suidos (27)",560,0
6269,157553,17.71292,-92.27216,2025-04-30,Macuspana,"Bovino de 7 días de edad con miasis en región umbilical.
","Gavilán común (1), Aves (1), Bovinos (443), Perros (27), Équidos (54), Caprinos (2), Ovinos (5), Suidos (27)",560,0
6269,157559,17.78699,-92.95397,2025-04-30,Centro,"Bovino de 1 año 8 meses de edad con miasis en cabeza.
","Gavilán común (1), Aves (1), Bovinos (443), Perros (27), Équidos (54), Caprinos (2), Ovinos (5), Suidos (27)",560,0
6269,157193,17.85082,-91.49843,2025-04-29,Balancán,Bovino de 6 años de edad con miasis en oreja derecha.,"Gavilán común (1), Aves (1), Bovinos (443), Perros (27), Équidos (54), Caprinos (2), Ovinos (5), Suidos (27)",560,0
6269,157195,17.71211,-92.31169,2025-04-29,Macuspana,"Bovino de 9 días de edad con miasis en región umbilical.
","Gavilán común (1), Aves (1), Bovinos (443), Perros (27), Équidos (54), Caprinos (2), Ovinos (5), Suidos (27)",560,0
6269,157186,17.45216,-91.18059,2025-04-28,Tenosique,"Bovino de 10 días de edad con miasis en región umbilical.
","Gavilán común (1), Aves (1), Bovinos (443), Perros (27), Équidos (54), Caprinos (2), Ovinos (5), Suidos (27)",560,0
6269,157187,18.01686,-91.57457,2025-04-28,Balancán,"Bovino de 4 días de edad con miasis ne region umbilical.  Canino con miasis en región vulvar.
","Gavilán común (1), Aves (1), Bovinos (443), Perros (27), Équidos (54), Caprinos (2), Ovinos (5), Suidos (27)",560,0
6269,157188,17.98477,-91.41732,2025-04-28,Balancán,"Bovino de 8 días de edad con miasis en región umbilical.
","Gavilán común (1), Aves (1), Bovinos (443), Perros (27), Équidos (54), Caprinos (2), Ovinos (5), Suidos (27)",560,0
6269,157189,17.81521,-91.54814,2025-04-28,Balancán,"Bovino de 7 días de edad con miasis en región umbilical.
","Gavilán común (1), Aves (1), Bovinos (443), Perros (27), Équidos (54), Caprinos (2), Ovinos (5), Suidos (27)",560,0
6269,157190,17.76813,-91.31871,2025-04-27,Balancán,"Bovino de 7 días de edad con miasis en región umbilical.
","Gavilán común (1), Aves (1), Bovinos (443), Perros (27), Équidos (54), Caprinos (2), Ovinos (5), Suidos (27)",560,0
6269,157191,17.81067,-91.05784,2025-04-27,Balancán,"Bovino de 5 años con miasis en cuerno derecho.
","Gavilán común (1), Aves (1), Bovinos (443), Perros (27), Équidos (54), Caprinos (2), Ovinos (5), Suidos (27)",560,0
6269,157185,17.65545,-91.45136,2025-04-26,Tenosique,"Bovino de 5 días de edad con miasis en región umbilical.
","Gavilán común (1), Aves (1), Bovinos (443), Perros (27), Équidos (54), Caprinos (2), Ovinos (5), Suidos (27)",560,0
6269,157556,17.78009,-92.30992,2025-04-26,Macuspana,"Bovino de 6 días de edad con miasis en región umbilical.
","Gavilán común (1), Aves (1), Bovinos (443), Perros (27), Équidos (54), Caprinos (2), Ovinos (5), Suidos (27)",560,0
6269,157557,17.77863,-92.30412,2025-04-26,Macuspana,"Bovino de 9 días de edad con miasis en región umbilical.
","Gavilán común (1), Aves (1), Bovinos (443), Perros (27), Équidos (54), Caprinos (2), Ovinos (5), Suidos (27)",560,0
6269,156573,17.54315,-91.25858,2025-04-25,Tenosique,"Bovino de 10 días de edad con miasis en región umbilical.
","Gavilán común (1), Aves (1), Bovinos (443), Perros (27), Équidos (54), Caprinos (2), Ovinos (5), Suidos (27)",560,0
6269,156555,17.71485,-91.49946,2025-04-21,Balancán,"Suino de 7 días de edad con miasis en la región lateral abdominal.

","Gavilán común (1), Aves (1), Bovinos (443), Perros (27), Équidos (54), Caprinos (2), Ovinos (5), Suidos (27)",560,0
6269,156556,17.83979,-91.06421,2025-04-21,Balancán,"Bovino de 7 días de edad con miasis en la región umbilical.
","Gavilán común (1), Aves (1), Bovinos (443), Perros (27), Équidos (54), Caprinos (2), Ovinos (5), Suidos (27)",560,0
6269,156546,17.37879,-91.27647,2025-04-21,Tenosique,"Bovino de 5 años de edad con miasis en el cuello.
","Gavilán común (1), Aves (1), Bovinos (443), Perros (27), Équidos (54), Caprinos (2), Ovinos (5), Suidos (27)",560,0
6269,156547,17.50923,-91.42675,2025-04-21,Tenosique,"Bovino de 10 días de edad con miasis en la región umbilical.
","Gavilán común (1), Aves (1), Bovinos (443), Perros (27), Équidos (54), Caprinos (2), Ovinos (5), Suidos (27)",560,0
6269,156549,17.94196,-91.19512,2025-04-21,Balancán,"Bovino de 7 días de edad con miasis en la región umbilical.
","Gavilán común (1), Aves (1), Bovinos (443), Perros (27), Équidos (54), Caprinos (2), Ovinos (5), Suidos (27)",560,0
6269,156551,17.99457,-91.28488,2025-04-21,Balancán,"Bovino de 1.6 años de edad con miasis en el cuarto trasero derecho.
.
","Gavilán común (1), Aves (1), Bovinos (443), Perros (27), Équidos (54), Caprinos (2), Ovinos (5), Suidos (27)",560,0
6269,156557,17.59767,-92.42649,2025-04-21,Macuspana,"Bovino de 8 días de edad con miasis en la región umbilical.
","Gavilán común (1), Aves (1), Bovinos (443), Perros (27), Équidos (54), Caprinos (2), Ovinos (5), Suidos (27)",560,0
6269,156575,17.69152,-91.0903,2025-04-25,Balancán,"Bovino de 20 días de edad con miasis en región umbilical.
","Gavilán común (1), Aves (1), Bovinos (443), Perros (27), Équidos (54), Caprinos (2), Ovinos (5), Suidos (27)",560,0
6269,156574,17.8156,-91.05291,2025-04-25,Balancán,"Bovino de 15 días de edad con miasis en región umbilical.
","Gavilán común (1), Aves (1), Bovinos (443), Perros (27), Équidos (54), Caprinos (2), Ovinos (5), Suidos (27)",560,0
6269,156567,17.96423,-91.59693,2025-04-24,Carmen,"Equino de 1 año de edad con miasis en región dorso costal.
","Gavilán común (1), Aves (1), Bovinos (443), Perros (27), Équidos (54), Caprinos (2), Ovinos (5), Suidos (27)",560,0
6269,156569,17.67059,-91.63867,2025-04-24,Emiliano Zapata,Bovino de 8 días de edad con miasis en región umbilical.,"Gavilán común (1), Aves (1), Bovinos (443), Perros (27), Équidos (54), Caprinos (2), Ovinos (5), Suidos (27)",560,0
6269,156568,17.73065,-91.61322,2025-04-24,Emiliano Zapata,"Canino de 7 años de edad co miasis en la oreja.
","Gavilán común (1), Aves (1), Bovinos (443), Perros (27), Équidos (54), Caprinos (2), Ovinos (5), Suidos (27)",560,0
6269,156570,17.88411,-91.46202,2025-04-24,Balancán,Equiono de 4 meses de edad con miasis en región yugular y del hombro.,"Gavilán común (1), Aves (1), Bovinos (443), Perros (27), Équidos (54), Caprinos (2), Ovinos (5), Suidos (27)",560,0
6269,156571,17.82185,-91.68129,2025-04-24,Balancán,"Equino de 2 años de edad con miasis en región lateral del cuello.
","Gavilán común (1), Aves (1), Bovinos (443), Perros (27), Équidos (54), Caprinos (2), Ovinos (5), Suidos (27)",560,0
6269,156572,17.62712,-91.57499,2025-04-24,Tenosique,"Bovino de 4 días de edad con miasis en región umbilical.
","Gavilán común (1), Aves (1), Bovinos (443), Perros (27), Équidos (54), Caprinos (2), Ovinos (5), Suidos (27)",560,0
6269,157192,17.59578,-92.42154,2025-04-24,Macuspana,"Bovino de 15 días de edad con miasis en región umbilical.
","Gavilán común (1), Aves (1), Bovinos (443), Perros (27), Équidos (54), Caprinos (2), Ovinos (5), Suidos (27)",560,0
6269,156559,17.69613,-91.05923,2025-04-23,Balancán,"Equino de 4 años de edad con miasis en el miembro posterior izquierdo.
","Gavilán común (1), Aves (1), Bovinos (443), Perros (27), Équidos (54), Caprinos (2), Ovinos (5), Suidos (27)",560,0
6269,156561,17.68666,-91.29041,2025-04-23,Balancán,"Bovino de 7 días de edad con miasis en la región umbilical.
","Gavilán común (1), Aves (1), Bovinos (443), Perros (27), Équidos (54), Caprinos (2), Ovinos (5), Suidos (27)",560,0
6269,156560,17.65708,-91.27429,2025-04-23,Balancán,"Bovino de 5 años de edad con miasis en región dorsal del cuello.
","Gavilán común (1), Aves (1), Bovinos (443), Perros (27), Équidos (54), Caprinos (2), Ovinos (5), Suidos (27)",560,0
6269,156562,17.85694,-91.25322,2025-04-23,Balancán,"Bovino de 9 años de edad con miasis en región ventral del cuello.
","Gavilán común (1), Aves (1), Bovinos (443), Perros (27), Équidos (54), Caprinos (2), Ovinos (5), Suidos (27)",560,0
6269,156564,17.91717,-91.24292,2025-04-23,Balancán,"Bovino de 1 años de edad con miasis en la región del muslo.
","Gavilán común (1), Aves (1), Bovinos (443), Perros (27), Équidos (54), Caprinos (2), Ovinos (5), Suidos (27)",560,0
6269,156565,17.80645,-91.25028,2025-04-23,Balancán,"Bovino de 1.25 años de edad con miasis en región antebraquial derecha.

","Gavilán común (1), Aves (1), Bovinos (443), Perros (27), Équidos (54), Caprinos (2), Ovinos (5), Suidos (27)",560,0
6269,156566,17.90485,-91.31347,2025-04-23,Balancán,Ovino de 4 meses de edad con miasis en pezuñas.,"Gavilán común (1), Aves (1), Bovinos (443), Perros (27), Équidos (54), Caprinos (2), Ovinos (5), Suidos (27)",560,0
6269,156563,18.034,-92.1888,2025-04-23,Jonuta,"Gavilán (Accipiter nisus) con miasis en la ala derecha, mismo que fue llevado a tratamiento a una clínica veterinaria. ","Gavilán común (1), Aves (1), Bovinos (443), Perros (27), Équidos (54), Caprinos (2), Ovinos (5), Suidos (27)",560,0
6269,156548,17.59273,-91.29246,2025-04-22,Tenosique,"Bovino de 10 días de edad con miasis en la región umbilical.
","Gavilán común (1), Aves (1), Bovinos (443), Perros (27), Équidos (54), Caprinos (2), Ovinos (5), Suidos (27)",560,0
6269,156552,17.66466,-91.64398,2025-04-22,Emiliano Zapata,"Bovino de 9 años de edad con miasis en la región glútea.
","Gavilán común (1), Aves (1), Bovinos (443), Perros (27), Équidos (54), Caprinos (2), Ovinos (5), Suidos (27)",560,0
6269,156554,17.66531,-91.55188,2025-04-22,Tenosique,"Suino de 2 años de edad con miasis en región escrotal.
","Gavilán común (1), Aves (1), Bovinos (443), Perros (27), Équidos (54), Caprinos (2), Ovinos (5), Suidos (27)",560,0
6269,157558,17.55183,-92.7591,2025-04-22,Tacotalpa,"Bovino de 14 días de edad con miasis en región umbilical.
","Gavilán común (1), Aves (1), Bovinos (443), Perros (27), Équidos (54), Caprinos (2), Ovinos (5), Suidos (27)",560,0
6269,156553,17.89112,-91.43827,2025-04-22,Balancán,"Uno de 7 meses y otro de 15 días de edad con miasis, uno en región glútea y el otro en regíón umbilical respectivamente. Nota aclaratoria: Durante la investigación, se confirmó que no se registraron casos de mortalidad asociados a la enfermedad.
","Gavilán común (1), Aves (1), Bovinos (443), Perros (27), Équidos (54), Caprinos (2), Ovinos (5), Suidos (27)",560,0
6269,156550,17.94594,-91.28587,2025-04-21,Balancán,"Bovino de 6 días de edad con miasis en la región umbilical.
","Gavilán común (1), Aves (1), Bovinos (443), Perros (27), Équidos (54), Caprinos (2), Ovinos (5), Suidos (27)",560,0
6269,156058,17.42806,-91.45192,2025-04-19,Tenosique,Equino de 3 años de edad con miasis en la pata trasera a la altura del espolón.,"Gavilán común (1), Aves (1), Bovinos (443), Perros (27), Équidos (54), Caprinos (2), Ovinos (5), Suidos (27)",560,0
6269,156059,17.5605,-91.5762,2025-04-19,Emiliano Zapata,Bovino de 2 años de edad con miasis en oreja.,"Gavilán común (1), Aves (1), Bovinos (443), Perros (27), Équidos (54), Caprinos (2), Ovinos (5), Suidos (27)",560,0
6269,156051,17.67485,-91.02878,2025-04-18,Balancán,Dos bovinos de 15 días de edad con miasis en región umbilical.,"Gavilán común (1), Aves (1), Bovinos (443), Perros (27), Équidos (54), Caprinos (2), Ovinos (5), Suidos (27)",560,0
6269,156052,17.8595,-91.0947,2025-04-18,Balancán,Bovino de 8 días de edad con miasis en región umbilical.,"Gavilán común (1), Aves (1), Bovinos (443), Perros (27), Équidos (54), Caprinos (2), Ovinos (5), Suidos (27)",560,0
6269,156053,18.03681,-91.54256,2025-04-18,Balancán,Dos ovinos  de 1 año de edad con miasis en cuarto delatero izquierdo.,"Gavilán común (1), Aves (1), Bovinos (443), Perros (27), Équidos (54), Caprinos (2), Ovinos (5), Suidos (27)",560,0
6269,156054,17.81967,-91.1399,2025-04-18,Balancán,Bovino de 8 días de edad con miasis en región umbilical.,"Gavilán común (1), Aves (1), Bovinos (443), Perros (27), Équidos (54), Caprinos (2), Ovinos (5), Suidos (27)",560,0
6269,156055,17.59362,-91.62009,2025-04-17,Emiliano Zapata,Bovino de 8 días de edad con miasis en región umbiical.,"Gavilán común (1), Aves (1), Bovinos (443), Perros (27), Équidos (54), Caprinos (2), Ovinos (5), Suidos (27)",560,0
6269,156056,17.93389,-91.24856,2025-04-17,Balancán,Equino de 5 años de edad con miasis en cuarto trasero izquierdo.,"Gavilán común (1), Aves (1), Bovinos (443), Perros (27), Équidos (54), Caprinos (2), Ovinos (5), Suidos (27)",560,0
6269,156057,17.8503,-91.1793,2025-04-17,Balancán,Suino de 8 meses de edad con miasis en región dorsal.,"Gavilán común (1), Aves (1), Bovinos (443), Perros (27), Équidos (54), Caprinos (2), Ovinos (5), Suidos (27)",560,0
6269,156536,17.66466,-91.64398,2025-04-16,Emiliano Zapata,"Bovino de 15 días de edad con miasis en la región umbilical.
","Gavilán común (1), Aves (1), Bovinos (443), Perros (27), Équidos (54), Caprinos (2), Ovinos (5), Suidos (27)",560,0
6269,156537,17.88656,-91.31485,2025-04-16,Balancán,"Bovino de 5 años de edad con miasis en la ubre.
","Gavilán común (1), Aves (1), Bovinos (443), Perros (27), Équidos (54), Caprinos (2), Ovinos (5), Suidos (27)",560,0
6269,156538,17.82027,-91.06313,2025-04-16,Balancán,"Bovino de 15 días de edad con miasis en la región umbilical.
","Gavilán común (1), Aves (1), Bovinos (443), Perros (27), Équidos (54), Caprinos (2), Ovinos (5), Suidos (27)",560,0
6269,156539,17.87201,-91.39527,2025-04-16,Balancán,"Bovino de 1 año de edad con miasis en la región del muslo.
","Gavilán común (1), Aves (1), Bovinos (443), Perros (27), Équidos (54), Caprinos (2), Ovinos (5), Suidos (27)",560,0
6269,156540,17.6803,-91.02725,2025-04-16,Balancán,Bovino de 5 meses de edad con miasis en región del metatarso.,"Gavilán común (1), Aves (1), Bovinos (443), Perros (27), Équidos (54), Caprinos (2), Ovinos (5), Suidos (27)",560,0
6269,156542,17.81832,-91.06089,2025-04-16,Balancán,"Bovino de 2 meses de edad con miasis en la región umbilical.
","Gavilán común (1), Aves (1), Bovinos (443), Perros (27), Équidos (54), Caprinos (2), Ovinos (5), Suidos (27)",560,0
6269,156545,17.4623,-91.40432,2025-04-16,Tenosique,"Equino de 4 años de edad con miasis en el miembro posterior.
","Gavilán común (1), Aves (1), Bovinos (443), Perros (27), Équidos (54), Caprinos (2), Ovinos (5), Suidos (27)",560,0
6269,156558,17.98609,-92.12137,2025-04-16,Jonuta,"Bovino de 10 días de edad con miasis en la región umbilical.
","Gavilán común (1), Aves (1), Bovinos (443), Perros (27), Équidos (54), Caprinos (2), Ovinos (5), Suidos (27)",560,0
6269,156541,17.93545,-91.4091,2025-04-16,Balancán,"Becerro de 3 meses y vaca de 10 años de edad con miasis en región de la entrepierna y en región glútea respectivamente.

","Gavilán común (1), Aves (1), Bovinos (443), Perros (27), Équidos (54), Caprinos (2), Ovinos (5), Suidos (27)",560,0
6269,157578,17.79691,-92.31806,2025-04-16,Macuspana,"Bovino de 2 años de edad con miasis en metatarso.
","Gavilán común (1), Aves (1), Bovinos (443), Perros (27), Équidos (54), Caprinos (2), Ovinos (5), Suidos (27)",560,0
6269,156042,17.93545,-91.4091,2025-04-15,Balancán,Bovino de 8 años con miasis en cuarto posterior trasero. ,"Gavilán común (1), Aves (1), Bovinos (443), Perros (27), Équidos (54), Caprinos (2), Ovinos (5), Suidos (27)",560,0
6269,156043,17.54462,-92.62727,2025-04-15,Tacotalpa,Bovino de 5 dias de edad con miasis en la región umbilical.,"Gavilán común (1), Aves (1), Bovinos (443), Perros (27), Équidos (54), Caprinos (2), Ovinos (5), Suidos (27)",560,0
6269,156044,17.68606,-91.02708,2025-04-15,Balancán,Suino de 26 dias de edad con miasis en pomulo izquierdo.,"Gavilán común (1), Aves (1), Bovinos (443), Perros (27), Équidos (54), Caprinos (2), Ovinos (5), Suidos (27)",560,0
6269,156045,17.63069,-91.21035,2025-04-15,Balancán,Equino de 5 años de edad con miasis en región dorso costal.,"Gavilán común (1), Aves (1), Bovinos (443), Perros (27), Équidos (54), Caprinos (2), Ovinos (5), Suidos (27)",560,0
6269,156046,17.8533,-91.59196,2025-04-15,Balancán,Bovino de 5 años de edad con miasis en vulva. ,"Gavilán común (1), Aves (1), Bovinos (443), Perros (27), Équidos (54), Caprinos (2), Ovinos (5), Suidos (27)",560,0
6269,156047,17.9133,-91.3646,2025-04-15,Balancán,Suino de 9 meses de edad con miasis en región dorsal del cuello.,"Gavilán común (1), Aves (1), Bovinos (443), Perros (27), Équidos (54), Caprinos (2), Ovinos (5), Suidos (27)",560,0
6269,156048,17.94718,-91.5521,2025-04-15,Balancán,Bovino de 5 días de edad con miasis en región umbilical.,"Gavilán común (1), Aves (1), Bovinos (443), Perros (27), Équidos (54), Caprinos (2), Ovinos (5), Suidos (27)",560,0
6269,156049,17.90959,-91.1695,2025-04-15,Balancán,Equino de 5 años con miasis en región dorsal del cuello.,"Gavilán común (1), Aves (1), Bovinos (443), Perros (27), Équidos (54), Caprinos (2), Ovinos (5), Suidos (27)",560,0
6269,156050,17.78497,-91.54861,2025-04-15,Balancán,Equino de 6 años de edad con miasis en región glútea.,"Gavilán común (1), Aves (1), Bovinos (443), Perros (27), Équidos (54), Caprinos (2), Ovinos (5), Suidos (27)",560,0
6269,156544,17.27389,-91.39841,2025-04-15,Tenosique,"Bovino de 3 meses de edad con miasis en la región del cuello.
","Gavilán común (1), Aves (1), Bovinos (443), Perros (27), Équidos (54), Caprinos (2), Ovinos (5), Suidos (27)",560,0
6269,156041,17.90904,-92.02133,2025-04-14,Jonuta,,"Gavilán común (1), Aves (1), Bovinos (443), Perros (27), Équidos (54), Caprinos (2), Ovinos (5), Suidos (27)",560,0
6269,156543,17.51204,-91.49967,2025-04-14,Tenosique,"Bovino de 15 días de edad con miasis en la región umbilical.
","Gavilán común (1), Aves (1), Bovinos (443), Perros (27), Équidos (54), Caprinos (2), Ovinos (5), Suidos (27)",560,0
6269,157576,17.83192,-92.22225,2025-04-14,Macuspana,"Bovino de 2 años de edad con miasis en oreja.
","Gavilán común (1), Aves (1), Bovinos (443), Perros (27), Équidos (54), Caprinos (2), Ovinos (5), Suidos (27)",560,0
6269,156040,17.35245,-92.7506,2025-04-12,Amatán,Bovino de 3 años con miasis en cuerno derecho.,"Gavilán común (1), Aves (1), Bovinos (443), Perros (27), Équidos (54), Caprinos (2), Ovinos (5), Suidos (27)",560,0
6269,157577,17.70839,-92.30221,2025-04-12,Macuspana,"Bovino de 14 días de edad con miasis en región umbilical.
","Gavilán común (1), Aves (1), Bovinos (443), Perros (27), Équidos (54), Caprinos (2), Ovinos (5), Suidos (27)",560,0
6269,155581,17.75492,-91.26718,2025-04-11,Balancán,Equino de 5 años de edad con miasis en la base de la cola.,"Gavilán común (1), Aves (1), Bovinos (443), Perros (27), Équidos (54), Caprinos (2), Ovinos (5), Suidos (27)",560,0
6269,155580,17.34922,-91.19334,2025-04-10,Tenosique,"Bovino de 4 años de edad con miasis en la oreja.
","Gavilán común (1), Aves (1), Bovinos (443), Perros (27), Équidos (54), Caprinos (2), Ovinos (5), Suidos (27)",560,0
6269,156030,17.92409,-91.43538,2025-04-10,Balancán,"Bovino de 1 mes y 5 años de edad respectivaemte, ambos con miasis en metatarso (planta de la pezuña).","Gavilán común (1), Aves (1), Bovinos (443), Perros (27), Équidos (54), Caprinos (2), Ovinos (5), Suidos (27)",560,0
6269,156031,17.9513,-91.5654,2025-04-10,Balancán,Bovino de 5 años de edad con miasis en zona ocular.,"Gavilán común (1), Aves (1), Bovinos (443), Perros (27), Équidos (54), Caprinos (2), Ovinos (5), Suidos (27)",560,0
6269,156032,17.77139,-91.05632,2025-04-10,Balancán,Bovino de 6 dias de edad con miasis en regíón umbilical.,"Gavilán común (1), Aves (1), Bovinos (443), Perros (27), Équidos (54), Caprinos (2), Ovinos (5), Suidos (27)",560,0
6269,156033,17.88148,-91.44731,2025-04-10,Balancán,Bovino de 3 años de edad con miasis en vulva.,"Gavilán común (1), Aves (1), Bovinos (443), Perros (27), Équidos (54), Caprinos (2), Ovinos (5), Suidos (27)",560,0
6269,156035,17.86349,-92.39963,2025-04-10,Macuspana,Bovino de 8 meses con miasis en oreja izquierda (por aretado).,"Gavilán común (1), Aves (1), Bovinos (443), Perros (27), Équidos (54), Caprinos (2), Ovinos (5), Suidos (27)",560,0
6269,156036,17.72727,-92.29055,2025-04-10,Macuspana,Bovino de 4 meses de edad con miasis en región lateral izquierda del cuello.,"Gavilán común (1), Aves (1), Bovinos (443), Perros (27), Équidos (54), Caprinos (2), Ovinos (5), Suidos (27)",560,0
6269,156016,17.55227,-92.61827,2025-04-09,Tacotalpa,Bovino de 8 días de edad con miasis en región umbilical.,"Gavilán común (1), Aves (1), Bovinos (443), Perros (27), Équidos (54), Caprinos (2), Ovinos (5), Suidos (27)",560,0
6269,156017,17.55745,-91.52089,2025-04-09,Tenosique,Bovino de 1 año de edad con miasis en papiloma en el pecho.,"Gavilán común (1), Aves (1), Bovinos (443), Perros (27), Équidos (54), Caprinos (2), Ovinos (5), Suidos (27)",560,0
6269,156025,17.99457,-91.28488,2025-04-09,Balancán,Bovino de 15 días de edad con miasis en región umblical.,"Gavilán común (1), Aves (1), Bovinos (443), Perros (27), Équidos (54), Caprinos (2), Ovinos (5), Suidos (27)",560,0
6269,156028,17.73294,-91.09493,2025-04-09,Balancán,Bovino de 15 días de edad con miasis en región umbilical.,"Gavilán común (1), Aves (1), Bovinos (443), Perros (27), Équidos (54), Caprinos (2), Ovinos (5), Suidos (27)",560,0
6269,156029,17.64038,-91.03691,2025-04-09,Tenosique,Bovino de 10 días de edad con miasis en región umbilical.,"Gavilán común (1), Aves (1), Bovinos (443), Perros (27), Équidos (54), Caprinos (2), Ovinos (5), Suidos (27)",560,0
6269,156034,18.07567,-92.13369,2025-04-09,Jonuta,Bovino de 10 días de edad con miasis en ombligo.,"Gavilán común (1), Aves (1), Bovinos (443), Perros (27), Équidos (54), Caprinos (2), Ovinos (5), Suidos (27)",560,0
6269,156038,18.51625,-92.6831,2025-04-09,Centla,Bovino de 5 años de edad con miasis en el ojo por trauma.,"Gavilán común (1), Aves (1), Bovinos (443), Perros (27), Équidos (54), Caprinos (2), Ovinos (5), Suidos (27)",560,0
6269,155577,17.30298,-91.25176,2025-04-08,Tenosique,"Bovino de 8 días de edad con miasis en región umbilical.
","Gavilán común (1), Aves (1), Bovinos (443), Perros (27), Équidos (54), Caprinos (2), Ovinos (5), Suidos (27)",560,0
6269,155578,17.519,-91.40784,2025-04-08,Tenosique,"Bovino de 10 meses de edad con miasis en el cuello.
","Gavilán común (1), Aves (1), Bovinos (443), Perros (27), Équidos (54), Caprinos (2), Ovinos (5), Suidos (27)",560,0
6269,155579,17.66599,-92.55222,2025-04-08,Macuspana,"Bovino de 3 meses de edad con miasis en región púbica.
","Gavilán común (1), Aves (1), Bovinos (443), Perros (27), Équidos (54), Caprinos (2), Ovinos (5), Suidos (27)",560,0
6269,156020,17.99398,-91.38625,2025-04-08,Balancán,Tres bovinos de un mes de edad con miasis en la región umbilical.,"Gavilán común (1), Aves (1), Bovinos (443), Perros (27), Équidos (54), Caprinos (2), Ovinos (5), Suidos (27)",560,0
6269,156021,17.97933,-91.43259,2025-04-08,Balancán,Bovino de 5 años con miasis en región del pene.,"Gavilán común (1), Aves (1), Bovinos (443), Perros (27), Équidos (54), Caprinos (2), Ovinos (5), Suidos (27)",560,0
6269,156022,17.49464,-91.01412,2025-04-08,Tenosique,Bovino de 1 mes de edad con miasis en el cuello del lado izquierdo.,"Gavilán común (1), Aves (1), Bovinos (443), Perros (27), Équidos (54), Caprinos (2), Ovinos (5), Suidos (27)",560,0
6269,156023,17.70616,-91.04969,2025-04-08,Balancán,Equino de 3 años de edad con miasis en herida en cuarto posterior izquierdo.,"Gavilán común (1), Aves (1), Bovinos (443), Perros (27), Équidos (54), Caprinos (2), Ovinos (5), Suidos (27)",560,0
6269,156024,17.9179,-91.29291,2025-04-08,Balancán,Suino de 2 años de edad con miasis en región dorsal del cuello.,"Gavilán común (1), Aves (1), Bovinos (443), Perros (27), Équidos (54), Caprinos (2), Ovinos (5), Suidos (27)",560,0
6269,156026,17.9666,-91.27191,2025-04-08,Balancán,Bovino de 15 días de edad con miasis en región umbilical.,"Gavilán común (1), Aves (1), Bovinos (443), Perros (27), Équidos (54), Caprinos (2), Ovinos (5), Suidos (27)",560,0
6269,156027,17.93079,-91.23605,2025-04-08,Balancán,Bovino de 6 meses de edad con miasis en región umbilical.,"Gavilán común (1), Aves (1), Bovinos (443), Perros (27), Équidos (54), Caprinos (2), Ovinos (5), Suidos (27)",560,0
6269,155568,17.99154,-91.44502,2025-04-07,Balancán,Bovino de 10 meses con miasis en región ocular izquierda.,"Gavilán común (1), Aves (1), Bovinos (443), Perros (27), Équidos (54), Caprinos (2), Ovinos (5), Suidos (27)",560,0
6269,155569,17.99543,-91.44502,2025-04-07,Balancán,Bovino de 1 año de edad con miasis en región dorsal del cuello.,"Gavilán común (1), Aves (1), Bovinos (443), Perros (27), Équidos (54), Caprinos (2), Ovinos (5), Suidos (27)",560,0
6269,155570,17.99,-91.38557,2025-04-07,Balancán,Equino de 2 años de edad con miasis en región púbica.,"Gavilán común (1), Aves (1), Bovinos (443), Perros (27), Équidos (54), Caprinos (2), Ovinos (5), Suidos (27)",560,0
6269,155571,17.91544,-91.50847,2025-04-07,Balancán,"Bovino de 1 mes de edad con miasis en región umbilical.
","Gavilán común (1), Aves (1), Bovinos (443), Perros (27), Équidos (54), Caprinos (2), Ovinos (5), Suidos (27)",560,0
6269,155572,17.92265,-91.230413,2025-04-07,Balancán,"Bovino de 8 días de edad con miasis en región umbilical.
","Gavilán común (1), Aves (1), Bovinos (443), Perros (27), Équidos (54), Caprinos (2), Ovinos (5), Suidos (27)",560,0
6269,155573,17.89261,-91.2365,2025-04-07,Balancán,"Bovino de 2 meses de edad con miasis en región vulvar.
","Gavilán común (1), Aves (1), Bovinos (443), Perros (27), Équidos (54), Caprinos (2), Ovinos (5), Suidos (27)",560,0
6269,155574,17.82986,-91.057491,2025-04-07,Balancán,"Suino de 8 meses de edad con miasis en región vulvar.
","Gavilán común (1), Aves (1), Bovinos (443), Perros (27), Équidos (54), Caprinos (2), Ovinos (5), Suidos (27)",560,0
6269,155575,17.57667,-91.057491,2025-04-07,Tenosique,"Bovino de 4 meses de edad con miasis en miembros posteriores.
","Gavilán común (1), Aves (1), Bovinos (443), Perros (27), Équidos (54), Caprinos (2), Ovinos (5), Suidos (27)",560,0
6269,155576,17.62313,-92.49624,2025-04-07,Macuspana,Equino de 3 años de edad con miasis en miembro anterior.,"Gavilán común (1), Aves (1), Bovinos (443), Perros (27), Équidos (54), Caprinos (2), Ovinos (5), Suidos (27)",560,0
6269,155566,17.61785,-91.15687,2025-04-07,Tenosique,Bovino de 7 años de edad con miasis en región debajo de la vulva.,"Gavilán común (1), Aves (1), Bovinos (443), Perros (27), Équidos (54), Caprinos (2), Ovinos (5), Suidos (27)",560,0
6269,155560,17.81067,-91.05784,2025-04-06,Balancán,"Bovino de 5 días de edad con miasis en región umbilical.
","Gavilán común (1), Aves (1), Bovinos (443), Perros (27), Équidos (54), Caprinos (2), Ovinos (5), Suidos (27)",560,0
6269,155565,17.523,-92.7548,2025-04-06,Tacotalpa,"Bovino de 10 días de edad con miasis en región umbilical.
","Gavilán común (1), Aves (1), Bovinos (443), Perros (27), Équidos (54), Caprinos (2), Ovinos (5), Suidos (27)",560,0
6269,156039,17.52666,-92.7538,2025-04-06,Tacotalpa,Bovino de 10 días de edad con miasis en región umbilical.,"Gavilán común (1), Aves (1), Bovinos (443), Perros (27), Équidos (54), Caprinos (2), Ovinos (5), Suidos (27)",560,0
6269,155550,17.52619,-91.336794,2025-04-05,Tenosique,"Bovino de 1 mes de edad con miasis en el lomo.
","Gavilán común (1), Aves (1), Bovinos (443), Perros (27), Équidos (54), Caprinos (2), Ovinos (5), Suidos (27)",560,0
6269,155551,17.9368,-91.2317,2025-04-05,Balancán,"Bovino de 1 año de edad con miasis en región escapular.
","Gavilán común (1), Aves (1), Bovinos (443), Perros (27), Équidos (54), Caprinos (2), Ovinos (5), Suidos (27)",560,0
6269,155552,17.99457,-91.284878,2025-04-05,Balancán,"Bovino de 15 días de edad con miasis en región umbilical.
","Gavilán común (1), Aves (1), Bovinos (443), Perros (27), Équidos (54), Caprinos (2), Ovinos (5), Suidos (27)",560,0
6269,155555,17.82938,-91.05817,2025-04-05,Balancán,"Bovino de 6 años de edad con miasis en la ubre.
","Gavilán común (1), Aves (1), Bovinos (443), Perros (27), Équidos (54), Caprinos (2), Ovinos (5), Suidos (27)",560,0
6269,155557,17.82979,-91.058012,2025-04-05,Balancán,"Bovino de 15 días de edad con miasis en región umbilical.
","Gavilán común (1), Aves (1), Bovinos (443), Perros (27), Équidos (54), Caprinos (2), Ovinos (5), Suidos (27)",560,0
6269,155561,17.63089,-91.038852,2025-04-05,Tenosique,"Bovino de 6 días de edad con miasis en región umbilical.
","Gavilán común (1), Aves (1), Bovinos (443), Perros (27), Équidos (54), Caprinos (2), Ovinos (5), Suidos (27)",560,0
6269,155547,17.50244,-91.59629,2025-04-04,Emiliano Zapata,"Bovino de 1 año de edad con miasis en región caudal.
","Gavilán común (1), Aves (1), Bovinos (443), Perros (27), Équidos (54), Caprinos (2), Ovinos (5), Suidos (27)",560,0
6269,155548,17.4623,-91.404317,2025-04-04,Tenosique,"Canino de 3 años de edad con miasis en el lomo.
","Gavilán común (1), Aves (1), Bovinos (443), Perros (27), Équidos (54), Caprinos (2), Ovinos (5), Suidos (27)",560,0
6269,155549,17.4466,-91.14573,2025-04-04,Tenosique,Bovino de 7 meses de edad con miasis en la oreja.,"Gavilán común (1), Aves (1), Bovinos (443), Perros (27), Équidos (54), Caprinos (2), Ovinos (5), Suidos (27)",560,0
6269,155553,17.8156,-91.05291,2025-04-04,Balancán,"Bovino de 26 días de edad con miasis en región umbilical.
","Gavilán común (1), Aves (1), Bovinos (443), Perros (27), Équidos (54), Caprinos (2), Ovinos (5), Suidos (27)",560,0
6269,155554,17.88826,-91.067452,2025-04-04,Balancán,"Bovino de 8 años de edad con miasis en el cuerno.
","Gavilán común (1), Aves (1), Bovinos (443), Perros (27), Équidos (54), Caprinos (2), Ovinos (5), Suidos (27)",560,0
6269,155556,17.99599,-91.56555,2025-04-04,Balancán,"Bovino de 4 meses de edad con miasis en pezuña.
","Gavilán común (1), Aves (1), Bovinos (443), Perros (27), Équidos (54), Caprinos (2), Ovinos (5), Suidos (27)",560,0
6269,155558,17.81367,-91.15038,2025-04-04,Balancán,"Bovino de 5 días de edad con miasis en región inguinal.
","Gavilán común (1), Aves (1), Bovinos (443), Perros (27), Équidos (54), Caprinos (2), Ovinos (5), Suidos (27)",560,0
6269,155559,17.87259,-91.358157,2025-04-04,Balancán,"Bovino de 4 años de edad con miasis en el cuerno.
","Gavilán común (1), Aves (1), Bovinos (443), Perros (27), Équidos (54), Caprinos (2), Ovinos (5), Suidos (27)",560,0
6269,155562,17.99579,-91.404367,2025-04-04,Balancán,"Bovino de 5 días de edad con miasis en región umbilical.
","Gavilán común (1), Aves (1), Bovinos (443), Perros (27), Équidos (54), Caprinos (2), Ovinos (5), Suidos (27)",560,0
6269,155563,17.73251,-91.09564,2025-04-04,Balancán,"Bovino de 8 días de edad con miasis en región umbilical.
","Gavilán común (1), Aves (1), Bovinos (443), Perros (27), Équidos (54), Caprinos (2), Ovinos (5), Suidos (27)",560,0
6269,155564,17.88945,-91.18419,2025-04-04,Balancán,Bovino de 1 año de edad con miasis en oreja izquierda.,"Gavilán común (1), Aves (1), Bovinos (443), Perros (27), Équidos (54), Caprinos (2), Ovinos (5), Suidos (27)",560,0
6269,154925,17.45889,-92.39747,2025-04-03,Salto de Agua,"Bovino de 8 días de edad con miasis en región umbilical.
","Gavilán común (1), Aves (1), Bovinos (443), Perros (27), Équidos (54), Caprinos (2), Ovinos (5), Suidos (27)",560,0
6269,154926,17.81248,-92.80158,2025-04-03,Jalapa,Equino de 12 años de edad con miasis en cavidad oral.,"Gavilán común (1), Aves (1), Bovinos (443), Perros (27), Équidos (54), Caprinos (2), Ovinos (5), Suidos (27)",560,0
6269,155467,17.6367,-91.03345,2025-04-03,Tenosique,"Bovino de 10 días de edad con miasis en región umbilical.
","Gavilán común (1), Aves (1), Bovinos (443), Perros (27), Équidos (54), Caprinos (2), Ovinos (5), Suidos (27)",560,0
6269,155468,17.89112,-91.43827,2025-04-03,Balancán,Bovino de 15 meses con miasis en región escapular derecha.,"Gavilán común (1), Aves (1), Bovinos (443), Perros (27), Équidos (54), Caprinos (2), Ovinos (5), Suidos (27)",560,0
6269,155525,17.95348,-91.27716,2025-04-03,Balancán,"Equino de 5 días de edad con miasis en región umbilical.
","Gavilán común (1), Aves (1), Bovinos (443), Perros (27), Équidos (54), Caprinos (2), Ovinos (5), Suidos (27)",560,0
6269,155526,17.68567,-91.475786,2025-04-03,Balancán,"Bovino de 10 días de edad con miasis en región umbilical.
","Gavilán común (1), Aves (1), Bovinos (443), Perros (27), Équidos (54), Caprinos (2), Ovinos (5), Suidos (27)",560,0
6269,155544,17.78408,-91.27918,2025-04-03,Balancán,"Bovino de 2 meses de edad con miasis en región antebraquial.
","Gavilán común (1), Aves (1), Bovinos (443), Perros (27), Équidos (54), Caprinos (2), Ovinos (5), Suidos (27)",560,0
6269,155545,17.67059,-91.63867,2025-04-03,Emiliano Zapata,"Bovino de 3 años de edad con miasis en región vulvar.
","Gavilán común (1), Aves (1), Bovinos (443), Perros (27), Équidos (54), Caprinos (2), Ovinos (5), Suidos (27)",560,0
6269,155527,17.65877,-91.5344,2025-04-03,Tenosique,Equino de 4 años de edad con miasis en miembro anterior y posterior.,"Gavilán común (1), Aves (1), Bovinos (443), Perros (27), Équidos (54), Caprinos (2), Ovinos (5), Suidos (27)",560,0
6269,154907,17.647615,-91.114832,2025-04-02,Tenosique,Suino de 1 año de edad con miasis en región dorsal del cuello.,"Gavilán común (1), Aves (1), Bovinos (443), Perros (27), Équidos (54), Caprinos (2), Ovinos (5), Suidos (27)",560,0
6269,154909,17.76273,-91.30207,2025-04-02,Balancán,Caprino de 2 años de edad con miasis en miembro posterior.,"Gavilán común (1), Aves (1), Bovinos (443), Perros (27), Équidos (54), Caprinos (2), Ovinos (5), Suidos (27)",560,0
6269,154910,17.392,-91.3388,2025-04-02,Tenosique,Equino de 3 años de edad con miasis en la cabeza.,"Gavilán común (1), Aves (1), Bovinos (443), Perros (27), Équidos (54), Caprinos (2), Ovinos (5), Suidos (27)",560,0
6269,155475,17.70652,-91.79551,2025-04-02,Palenque,Bovino de 2 años de edad con miasis en región lateral del cuello.,"Gavilán común (1), Aves (1), Bovinos (443), Perros (27), Équidos (54), Caprinos (2), Ovinos (5), Suidos (27)",560,0
6269,155536,17.85694,-91.253222,2025-04-02,Balancán,Suino de 2 años de edad con miasis en región escapular derecha y esternon.,"Gavilán común (1), Aves (1), Bovinos (443), Perros (27), Équidos (54), Caprinos (2), Ovinos (5), Suidos (27)",560,0
6269,155537,17.97379,-91.367492,2025-04-02,Balancán,"Bovino de 10 días de edad con miasis en región umbilical.
","Gavilán común (1), Aves (1), Bovinos (443), Perros (27), Équidos (54), Caprinos (2), Ovinos (5), Suidos (27)",560,0
6269,155539,17.9115,-91.25793,2025-04-02,Balancán,"Bovino de 5 días de edad con miasis en región umbilical.
","Gavilán común (1), Aves (1), Bovinos (443), Perros (27), Équidos (54), Caprinos (2), Ovinos (5), Suidos (27)",560,0
6269,155543,17.79225,-91.0564,2025-04-02,Balancán,"Bovino de 8 años de edad con miasis en el prepucio.
","Gavilán común (1), Aves (1), Bovinos (443), Perros (27), Équidos (54), Caprinos (2), Ovinos (5), Suidos (27)",560,0
6269,155546,17.85023,-91.414392,2025-04-02,Balancán,"Bovino de 2 años de edad con miasis en el cuerno.
","Gavilán común (1), Aves (1), Bovinos (443), Perros (27), Équidos (54), Caprinos (2), Ovinos (5), Suidos (27)",560,0
6269,154908,17.67867,-92.39297,2025-04-01,Macuspana,"Bovino de 10 días de edad con miasis en región umbilical.
","Gavilán común (1), Aves (1), Bovinos (443), Perros (27), Équidos (54), Caprinos (2), Ovinos (5), Suidos (27)",560,0
6269,155540,17.84245,-91.05711,2025-04-01,Balancán,"Bovino de 5 días de edad con miasis en región umbilical.
","Gavilán común (1), Aves (1), Bovinos (443), Perros (27), Équidos (54), Caprinos (2), Ovinos (5), Suidos (27)",560,0
6269,155534,17.90892,-91.27279,2025-04-01,Balancán,Bovino de 2 meses de edad con miasis en oreja.,"Gavilán común (1), Aves (1), Bovinos (443), Perros (27), Équidos (54), Caprinos (2), Ovinos (5), Suidos (27)",560,0
6269,155528,17.64779,-91.263537,2025-04-01,Balancán,Equino de 2 años de edad con miasis en oreja.,"Gavilán común (1), Aves (1), Bovinos (443), Perros (27), Équidos (54), Caprinos (2), Ovinos (5), Suidos (27)",560,0
6269,154911,17.51485,-91.41632,2025-04-01,Tenosique,"Bovino de 8 días de edad con miasis en región umbilical.
","Gavilán común (1), Aves (1), Bovinos (443), Perros (27), Équidos (54), Caprinos (2), Ovinos (5), Suidos (27)",560,0
6269,154927,17.40826,-91.02469,2025-04-01,Tenosique,"Bovino de 4 años de edad con miasis en región vulvar,","Gavilán común (1), Aves (1), Bovinos (443), Perros (27), Équidos (54), Caprinos (2), Ovinos (5), Suidos (27)",560,0
6269,155471,17.60464,-91.06985,2025-04-01,Tenosique,Bovino de 4 años de edad con miasis en el muslo.,"Gavilán común (1), Aves (1), Bovinos (443), Perros (27), Équidos (54), Caprinos (2), Ovinos (5), Suidos (27)",560,0
6269,155476,17.70652,-91.79551,2025-04-01,Palenque,Bovino de 32 meses de edad con miasis en oreja.,"Gavilán común (1), Aves (1), Bovinos (443), Perros (27), Équidos (54), Caprinos (2), Ovinos (5), Suidos (27)",560,0
6269,155472,17.87155,-91.4733,2025-04-01,Balancán,"Bovino de 10 meses de edad con miasis en muslo.
","Gavilán común (1), Aves (1), Bovinos (443), Perros (27), Équidos (54), Caprinos (2), Ovinos (5), Suidos (27)",560,0
6269,155473,17.84142,-91.05462,2025-04-01,Balancán,"Bovino de 7 días de edad con miasis en región umbilical.
","Gavilán común (1), Aves (1), Bovinos (443), Perros (27), Équidos (54), Caprinos (2), Ovinos (5), Suidos (27)",560,0
6269,155541,17.87808,-91.23956,2025-04-01,Balancán,"Bovino de 8 años de edad con miasis en región vulvar.
","Gavilán común (1), Aves (1), Bovinos (443), Perros (27), Équidos (54), Caprinos (2), Ovinos (5), Suidos (27)",560,0
6269,155542,17.89274,-91.245405,2025-04-01,Balancán,"Bovino de 8 días de edad con miasis en región umbilical.
","Gavilán común (1), Aves (1), Bovinos (443), Perros (27), Équidos (54), Caprinos (2), Ovinos (5), Suidos (27)",560,0
6269,155477,17.91039,-91.243007,2025-03-31,Balancán,"Bovino de 5 días de edad con miasis en región umbilical.
","Gavilán común (1), Aves (1), Bovinos (443), Perros (27), Équidos (54), Caprinos (2), Ovinos (5), Suidos (27)",560,0
6269,155533,17.81367,-91.15038,2025-03-31,Balancán,"Bovino de 6 días de edad con miasis en región umbilical.
","Gavilán común (1), Aves (1), Bovinos (443), Perros (27), Équidos (54), Caprinos (2), Ovinos (5), Suidos (27)",560,0
6269,155535,17.92981,-91.20023,2025-03-31,Balancán,Equino de 5 años de edad con miasis en región costal derecha.,"Gavilán común (1), Aves (1), Bovinos (443), Perros (27), Équidos (54), Caprinos (2), Ovinos (5), Suidos (27)",560,0
6269,155538,17.70653,-91.042755,2025-03-31,Balancán,"Bovino de 6 días de edad con miasis en región umbilical.
","Gavilán común (1), Aves (1), Bovinos (443), Perros (27), Équidos (54), Caprinos (2), Ovinos (5), Suidos (27)",560,0
6269,154900,17.352,-91.385371,2025-03-31,Tenosique,"Bovino de 10 días de edad con miasis en región umbilical.
","Gavilán común (1), Aves (1), Bovinos (443), Perros (27), Équidos (54), Caprinos (2), Ovinos (5), Suidos (27)",560,0
6269,155469,17.9837,-91.369142,2025-03-31,Balancán,"Bovino de 10 días de edad con miasis en región umbilical.
","Gavilán común (1), Aves (1), Bovinos (443), Perros (27), Équidos (54), Caprinos (2), Ovinos (5), Suidos (27)",560,0
6269,155470,18.00644,-91.383896,2025-03-31,Balancán,Bovino de 2 meses de edad con miasis en región ventral del cuello.,"Gavilán común (1), Aves (1), Bovinos (443), Perros (27), Équidos (54), Caprinos (2), Ovinos (5), Suidos (27)",560,0
6269,155474,17.88357,-91.18947,2025-03-31,Balancán,Bovino de 5 días de edad con miasis en región umbilical.,"Gavilán común (1), Aves (1), Bovinos (443), Perros (27), Équidos (54), Caprinos (2), Ovinos (5), Suidos (27)",560,0
6269,154835,17.918777,-91.246455,2025-03-30,Balancán,"Bovino de 8 días de edad con miasis en región umbilical.
","Gavilán común (1), Aves (1), Bovinos (443), Perros (27), Équidos (54), Caprinos (2), Ovinos (5), Suidos (27)",560,0
6269,154836,17.955217,-91.255799,2025-03-30,Balancán,"Bovino de 8 días de edad con miasis en región umbilical.
","Gavilán común (1), Aves (1), Bovinos (443), Perros (27), Équidos (54), Caprinos (2), Ovinos (5), Suidos (27)",560,0
6269,154837,17.708395,-91.096118,2025-03-30,Balancán,Bovino de 15 años con miasis en región coxal.,"Gavilán común (1), Aves (1), Bovinos (443), Perros (27), Équidos (54), Caprinos (2), Ovinos (5), Suidos (27)",560,0
6269,154838,18.006503,-91.43626,2025-03-30,Balancán,"Bovinos de15 días y 9 meses de edad respectivamente, uno con miasis en región umbilical y otro en la oreja.","Gavilán común (1), Aves (1), Bovinos (443), Perros (27), Équidos (54), Caprinos (2), Ovinos (5), Suidos (27)",560,0
6269,154891,17.69378,-91.085521,2025-03-30,Balancán,"Bovino de 7 días de edad con miasis en región umbilical.
","Gavilán común (1), Aves (1), Bovinos (443), Perros (27), Équidos (54), Caprinos (2), Ovinos (5), Suidos (27)",560,0
6269,154896,17.780959,-91.236174,2025-03-30,Balancán,"Bovino de 7 días de edad con miasis en región umbilical.
","Gavilán común (1), Aves (1), Bovinos (443), Perros (27), Équidos (54), Caprinos (2), Ovinos (5), Suidos (27)",560,0
6269,154827,17.273775,-91.079587,2025-03-29,Tenosique,Cerdo de 2 años de edad con miasis en oreja.,"Gavilán común (1), Aves (1), Bovinos (443), Perros (27), Équidos (54), Caprinos (2), Ovinos (5), Suidos (27)",560,0
6269,154828,17.459383,-91.287799,2025-03-29,Tenosique,"Bovino de 8 días de edad con miasis en región umbilical.
","Gavilán común (1), Aves (1), Bovinos (443), Perros (27), Équidos (54), Caprinos (2), Ovinos (5), Suidos (27)",560,0
6269,154829,17.79876,-92.14763,2025-03-29,Catazajá,"Bovino de 8 días de edad con miasis en región umbilical.
","Gavilán común (1), Aves (1), Bovinos (443), Perros (27), Équidos (54), Caprinos (2), Ovinos (5), Suidos (27)",560,0
6269,154890,18.060532,-91.441318,2025-03-29,Balancán,Bovinos de 3 meses de edad con miasis en el cuerno.,"Gavilán común (1), Aves (1), Bovinos (443), Perros (27), Équidos (54), Caprinos (2), Ovinos (5), Suidos (27)",560,0
6269,154893,17.707491,-91.083062,2025-03-29,Balancán,equino de 6 meses de edad con miasis en el metatarso anterior.,"Gavilán común (1), Aves (1), Bovinos (443), Perros (27), Équidos (54), Caprinos (2), Ovinos (5), Suidos (27)",560,0
6269,154894,17.850234,-91.414392,2025-03-29,Balancán,"Bovinos de 10 y 4 años de edad respectivamente, uno con miasis en ubre y grupa y el otro en cuerno.","Gavilán común (1), Aves (1), Bovinos (443), Perros (27), Équidos (54), Caprinos (2), Ovinos (5), Suidos (27)",560,0
6269,154898,17.647383,-91.108685,2025-03-29,Balancán,Canino de 1 mes de edad con miasis en región lateral del abdomen y miembro posterior derecho.,"Gavilán común (1), Aves (1), Bovinos (443), Perros (27), Équidos (54), Caprinos (2), Ovinos (5), Suidos (27)",560,0
6269,155529,17.81067,-91.0578,2025-03-29,Balancán,"Bovino de 15 días de edad con miasis en región umbilical.
","Gavilán común (1), Aves (1), Bovinos (443), Perros (27), Équidos (54), Caprinos (2), Ovinos (5), Suidos (27)",560,0
6269,155530,17.68372,-91.0575,2025-03-29,Balancán,"Bovino de 3 días de edad con miasis en región umbilical.
","Gavilán común (1), Aves (1), Bovinos (443), Perros (27), Équidos (54), Caprinos (2), Ovinos (5), Suidos (27)",560,0
6269,154635,17.8985,-91.3028,2025-03-28,Balancán,"Bovino de 15 dias de edad con miasis en región umbilical.
","Gavilán común (1), Aves (1), Bovinos (443), Perros (27), Équidos (54), Caprinos (2), Ovinos (5), Suidos (27)",560,0
6269,154834,17.856623,-91.781516,2025-03-28,Emiliano Zapata,Bovino de 1 año y 8 meses de edad con miasis en la región lateral del cuello. ,"Gavilán común (1), Aves (1), Bovinos (443), Perros (27), Équidos (54), Caprinos (2), Ovinos (5), Suidos (27)",560,0
6269,154892,17.891124,-91.438267,2025-03-28,Balancán,"Bovino de 15 días de edad con miasis en región umbilical.
","Gavilán común (1), Aves (1), Bovinos (443), Perros (27), Équidos (54), Caprinos (2), Ovinos (5), Suidos (27)",560,0
6269,154895,17.982097,-91.504601,2025-03-28,Balancán,"Bovino de 20 días de edad con miasis en región umbilical.
","Gavilán común (1), Aves (1), Bovinos (443), Perros (27), Équidos (54), Caprinos (2), Ovinos (5), Suidos (27)",560,0
6269,154633,17.872675,-91.43788,2025-03-27,Balancán,Bovino de 6 años de edad con miasis en región de la ubre.,"Gavilán común (1), Aves (1), Bovinos (443), Perros (27), Équidos (54), Caprinos (2), Ovinos (5), Suidos (27)",560,0
6269,154632,17.935125,-91.490987,2025-03-27,Balancán,"dos bovinos de 6 días de edad con miasis en región umbilical.
","Gavilán común (1), Aves (1), Bovinos (443), Perros (27), Équidos (54), Caprinos (2), Ovinos (5), Suidos (27)",560,0
6269,154634,17.838,-91.2101,2025-03-27,Balancán,Bovino de 10 años de edad con miasis en cuerno.,"Gavilán común (1), Aves (1), Bovinos (443), Perros (27), Équidos (54), Caprinos (2), Ovinos (5), Suidos (27)",560,0
6269,154830,17.670657,-90.996388,2025-03-27,Balancán,"Bovino de 7 días de edad con miasis en región umbilical.
","Gavilán común (1), Aves (1), Bovinos (443), Perros (27), Équidos (54), Caprinos (2), Ovinos (5), Suidos (27)",560,0
6269,154831,17.941962,-91.195122,2025-03-27,Balancán,"Bovino de 15 días de edad con miasis en región umbilical.
","Gavilán común (1), Aves (1), Bovinos (443), Perros (27), Équidos (54), Caprinos (2), Ovinos (5), Suidos (27)",560,0
6269,154631,17.881482,-91.447307,2025-03-26,Balancán,"Bovino de 15 dias de edad con miasis en región umbilical.
","Gavilán común (1), Aves (1), Bovinos (443), Perros (27), Équidos (54), Caprinos (2), Ovinos (5), Suidos (27)",560,0
6269,154630,17.901772,-91.23292,2025-03-26,Balancán,"Bovino de 7 años de edad con miasis en región prepucial.
","Gavilán común (1), Aves (1), Bovinos (443), Perros (27), Équidos (54), Caprinos (2), Ovinos (5), Suidos (27)",560,0
6269,154629,17.98477,-91.417321,2025-03-26,Balancán,Bovino de 2 años de edad con miasis en región prepucial.,"Gavilán común (1), Aves (1), Bovinos (443), Perros (27), Équidos (54), Caprinos (2), Ovinos (5), Suidos (27)",560,0
6269,154833,17.617406,-91.089742,2025-03-26,Tenosique,Bovino de 6 años con miasis en región anal.,"Gavilán común (1), Aves (1), Bovinos (443), Perros (27), Équidos (54), Caprinos (2), Ovinos (5), Suidos (27)",560,0
6269,154619,18.202914,-93.400499,2025-03-25,Comalcalco,"Bovino de 10 dias de edad con miasis en región umbilical.
","Gavilán común (1), Aves (1), Bovinos (443), Perros (27), Équidos (54), Caprinos (2), Ovinos (5), Suidos (27)",560,0
6269,154622,17.731657,-92.291839,2025-03-25,Macuspana,"Bovino de 9 dias de edad con miasis en región umbilical.
","Gavilán común (1), Aves (1), Bovinos (443), Perros (27), Équidos (54), Caprinos (2), Ovinos (5), Suidos (27)",560,0
6269,154624,17.647637,-91.434821,2025-03-25,Tenosique,"Bovino de 10 dias de edad con miasis en región umbilical.
","Gavilán común (1), Aves (1), Bovinos (443), Perros (27), Équidos (54), Caprinos (2), Ovinos (5), Suidos (27)",560,0
6269,154625,17.929577,-91.35199,2025-03-25,Balancán,Equino de 7 años con miasis en región escapular.,"Gavilán común (1), Aves (1), Bovinos (443), Perros (27), Équidos (54), Caprinos (2), Ovinos (5), Suidos (27)",560,0
6269,154627,17.8917,-91.244,2025-03-25,Balancán,"Bovino de 15 dias de edad con miasis en región umbilical.
","Gavilán común (1), Aves (1), Bovinos (443), Perros (27), Équidos (54), Caprinos (2), Ovinos (5), Suidos (27)",560,0
6269,154628,17.686585,-91.099005,2025-03-25,Balancán,Bovino de 5 años de edad con miasis en cuerno.,"Gavilán común (1), Aves (1), Bovinos (443), Perros (27), Équidos (54), Caprinos (2), Ovinos (5), Suidos (27)",560,0
6269,154626,17.90515,-91.505792,2025-03-25,Balancán,Bovino de 2 meses con miasis en región vulvar.,"Gavilán común (1), Aves (1), Bovinos (443), Perros (27), Équidos (54), Caprinos (2), Ovinos (5), Suidos (27)",560,0
6269,154832,17.887417,-91.111056,2025-03-25,Balancán,Bovino de 2 años de edad con miasis en región sacra.,"Gavilán común (1), Aves (1), Bovinos (443), Perros (27), Équidos (54), Caprinos (2), Ovinos (5), Suidos (27)",560,0
6269,154620,17.532728,-91.000893,2025-03-25,Tenosique,Bovino de 4 años de edad con miasis en región del cuello.,"Gavilán común (1), Aves (1), Bovinos (443), Perros (27), Équidos (54), Caprinos (2), Ovinos (5), Suidos (27)",560,0
6269,154618,17.71,-91.43,2025-03-24,Balancán,"Bovino de 9 dias de edad con miasis en región umbilical.
","Gavilán común (1), Aves (1), Bovinos (443), Perros (27), Équidos (54), Caprinos (2), Ovinos (5), Suidos (27)",560,0
6269,154621,17.901772,-91.23292,2025-03-24,Balancán,"Bovino de 20 dias de edad con miasis en región umbilical.
","Gavilán común (1), Aves (1), Bovinos (443), Perros (27), Équidos (54), Caprinos (2), Ovinos (5), Suidos (27)",560,0
6269,154617,17.966601,-91.271906,2025-03-24,Balancán,Bovino de 6 años de edad com miasis en la cola.,"Gavilán común (1), Aves (1), Bovinos (443), Perros (27), Équidos (54), Caprinos (2), Ovinos (5), Suidos (27)",560,0
6269,154897,17.649919,-91.536245,2025-03-24,Tenosique,"Bovino de 15 días de edad con miasis en región umbilical.
","Gavilán común (1), Aves (1), Bovinos (443), Perros (27), Équidos (54), Caprinos (2), Ovinos (5), Suidos (27)",560,0
6269,154899,17.930793,-91.236049,2025-03-24,Balancán,"Bovino de 4 días de edad con miasis en región umbilical.
","Gavilán común (1), Aves (1), Bovinos (443), Perros (27), Équidos (54), Caprinos (2), Ovinos (5), Suidos (27)",560,0
6269,154903,17.872675,-91.43788,2025-03-24,Balancán,"Bovino de 3 días de edad con miasis en región umbilical.
","Gavilán común (1), Aves (1), Bovinos (443), Perros (27), Équidos (54), Caprinos (2), Ovinos (5), Suidos (27)",560,0
6269,154623,17.764066,-92.298625,2025-03-23,Macuspana,"Bovino de 8 dias de edad con miasis en región umbilical.
","Gavilán común (1), Aves (1), Bovinos (443), Perros (27), Équidos (54), Caprinos (2), Ovinos (5), Suidos (27)",560,0
6269,154102,17.807301,-91.01708,2025-03-22,Balancán,Bovino hembra de 8 años de edad con miasis en ubre.,"Gavilán común (1), Aves (1), Bovinos (443), Perros (27), Équidos (54), Caprinos (2), Ovinos (5), Suidos (27)",560,0
6269,154616,17.84738,-92.29057,2025-03-22,Macuspana,"Bovino de 5 años de edad con miasis en región umbilical.
","Gavilán común (1), Aves (1), Bovinos (443), Perros (27), Équidos (54), Caprinos (2), Ovinos (5), Suidos (27)",560,0
6269,154615,17.871635,-91.113512,2025-03-22,Balancán,Un caprino de año y medio de edad con miasis en región en el muslo. Un equino de 3 años y 10 meses de edad con miasis en región preesternal.,"Gavilán común (1), Aves (1), Bovinos (443), Perros (27), Équidos (54), Caprinos (2), Ovinos (5), Suidos (27)",560,0
6269,154904,17.917417,-91.118067,2025-03-22,Balancán,"Bovino de 2 meses de edad con miasis en región umbilical.
","Gavilán común (1), Aves (1), Bovinos (443), Perros (27), Équidos (54), Caprinos (2), Ovinos (5), Suidos (27)",560,0
6269,154905,17.973771,-91.989821,2025-03-22,Jonuta,Equipo de 1 mes de edad con miasis en región yugular.,"Gavilán común (1), Aves (1), Bovinos (443), Perros (27), Équidos (54), Caprinos (2), Ovinos (5), Suidos (27)",560,0
6269,154906,17.879526,-91.127317,2025-03-22,Balancán,Bovino de 2 meses de edad con miasis en región preesternal.,"Gavilán común (1), Aves (1), Bovinos (443), Perros (27), Équidos (54), Caprinos (2), Ovinos (5), Suidos (27)",560,0
6269,154901,17.902141,-91.152232,2025-03-22,Balancán,"Bovino de uno y medio años de edad con miasis en región púbica.
","Gavilán común (1), Aves (1), Bovinos (443), Perros (27), Équidos (54), Caprinos (2), Ovinos (5), Suidos (27)",560,0
6269,154098,17.664965,-91.112865,2025-03-21,Balancán,Canino macho de 3 años de edad con miasis en region interescapular.,"Gavilán común (1), Aves (1), Bovinos (443), Perros (27), Équidos (54), Caprinos (2), Ovinos (5), Suidos (27)",560,0
6269,154100,18.0443,-91.4884,2025-03-21,Balancán,Bovino hembra de 4 días en región umbilical.,"Gavilán común (1), Aves (1), Bovinos (443), Perros (27), Équidos (54), Caprinos (2), Ovinos (5), Suidos (27)",560,0
6269,154101,17.689,-91.0688,2025-03-21,Balancán,Bovino hemabra de 1 mes de edad con miasis en la región umbilical.,"Gavilán común (1), Aves (1), Bovinos (443), Perros (27), Équidos (54), Caprinos (2), Ovinos (5), Suidos (27)",560,0
6269,154091,17.795446,-91.410599,2025-03-20,Balancán,Bovino hembra de 10 días de edad con miasis en región umbilical-,"Gavilán común (1), Aves (1), Bovinos (443), Perros (27), Équidos (54), Caprinos (2), Ovinos (5), Suidos (27)",560,0
6269,154092,17.7752,-92.8388,2025-03-20,Jalapa,"Canino macho de 14 años de edad con miasis en lesión en oreja, ","Gavilán común (1), Aves (1), Bovinos (443), Perros (27), Équidos (54), Caprinos (2), Ovinos (5), Suidos (27)",560,0
6269,154093,17.891883,-91.866078,2025-03-20,Jonuta,Bovino hembra de 4 días de edad con miasis en región umbilical.,"Gavilán común (1), Aves (1), Bovinos (443), Perros (27), Équidos (54), Caprinos (2), Ovinos (5), Suidos (27)",560,0
6269,154094,17.668152,-91.547289,2025-03-20,Tenosique,Bovino macho de 4 meses de edad con miasis en región umbilical.,"Gavilán común (1), Aves (1), Bovinos (443), Perros (27), Équidos (54), Caprinos (2), Ovinos (5), Suidos (27)",560,0
6269,154095,17.810669,-91.057844,2025-03-20,Balancán,Bovino macho de 15 días de edad con miasis en región umbilical.,"Gavilán común (1), Aves (1), Bovinos (443), Perros (27), Équidos (54), Caprinos (2), Ovinos (5), Suidos (27)",560,0
6269,154096,17.667575,-91.168126,2025-03-20,Balancán,Bovino macho de 2 meses con miasis en región umbilical.,"Gavilán común (1), Aves (1), Bovinos (443), Perros (27), Équidos (54), Caprinos (2), Ovinos (5), Suidos (27)",560,0
6269,154097,17.717354,-91.203637,2025-03-20,Balancán,Bovino hembra de 1 año de edad con miasis en lesiones en la parte dorsal del cuello e ingle izquierda causadas por miomas.,"Gavilán común (1), Aves (1), Bovinos (443), Perros (27), Équidos (54), Caprinos (2), Ovinos (5), Suidos (27)",560,0
6269,153968,17.906086,-91.266406,2025-03-19,Balancán,"Bovino hembra de 7 días de edad, con miasis en región umbilical.","Gavilán común (1), Aves (1), Bovinos (443), Perros (27), Équidos (54), Caprinos (2), Ovinos (5), Suidos (27)",560,0
6269,153969,17.732567,-91.095936,2025-03-19,Balancán,"Bovino hembra de 5 días de edad, con miasis en región umbilical.","Gavilán común (1), Aves (1), Bovinos (443), Perros (27), Équidos (54), Caprinos (2), Ovinos (5), Suidos (27)",560,0
6269,153970,17.910451,-91.578513,2025-03-19,Balancán,"Bovino hembra de 60 meses de edad, con miasis en región vulvar.","Gavilán común (1), Aves (1), Bovinos (443), Perros (27), Équidos (54), Caprinos (2), Ovinos (5), Suidos (27)",560,0
6269,154089,17.746028,-91.055465,2025-03-19,Balancán,Bovino macho de 30 días de edad con miasis en región umbilical.,"Gavilán común (1), Aves (1), Bovinos (443), Perros (27), Équidos (54), Caprinos (2), Ovinos (5), Suidos (27)",560,0
6269,154090,17.883853,-91.245327,2025-03-19,Balancán,Bovino macho de 15 días de edad con miasis en región umbilical.,"Gavilán común (1), Aves (1), Bovinos (443), Perros (27), Équidos (54), Caprinos (2), Ovinos (5), Suidos (27)",560,0
6269,154902,18.036408,-91.563061,2025-03-19,Balancán,Bovino de 2 años con miasis en brazo.,"Gavilán común (1), Aves (1), Bovinos (443), Perros (27), Équidos (54), Caprinos (2), Ovinos (5), Suidos (27)",560,0
6269,153963,17.343118,-91.172772,2025-03-18,Tenosique,"Suino macho de 3 meses de edad, con miasis en herida en región escrotal por castración.","Gavilán común (1), Aves (1), Bovinos (443), Perros (27), Équidos (54), Caprinos (2), Ovinos (5), Suidos (27)",560,0
6269,153964,17.8732,-91.0478,2025-03-18,Balancán,"Bovino hembra de 7 días de edad, con miasis en región umbilical.","Gavilán común (1), Aves (1), Bovinos (443), Perros (27), Équidos (54), Caprinos (2), Ovinos (5), Suidos (27)",560,0
6269,153965,17.8762,-91.0819,2025-03-18,Balancán,"Bovino macho de 7 meses de edad, con miasis en lesión en tuberosidad coxal.","Gavilán común (1), Aves (1), Bovinos (443), Perros (27), Équidos (54), Caprinos (2), Ovinos (5), Suidos (27)",560,0
6269,153966,17.656986,-91.262625,2025-03-18,Balancán,"Equino hembra de 5 años de edad, con miasis en lesión en el cuello.","Gavilán común (1), Aves (1), Bovinos (443), Perros (27), Équidos (54), Caprinos (2), Ovinos (5), Suidos (27)",560,0
6269,153967,17.802104,-91.299876,2025-03-18,Balancán,"Bovino hembra de 8 días de edad, con miasis en región umbilical.","Gavilán común (1), Aves (1), Bovinos (443), Perros (27), Équidos (54), Caprinos (2), Ovinos (5), Suidos (27)",560,0
6269,153961,17.66082,-92.55308,2025-03-17,Macuspana,"Bovino macho de 7 días de edad, con miasis en región umbilical.","Gavilán común (1), Aves (1), Bovinos (443), Perros (27), Équidos (54), Caprinos (2), Ovinos (5), Suidos (27)",560,0
6269,153962,17.5037,-91.301249,2025-03-17,Tenosique,"Bovino hembra de 15 años de edad, con miasis en ubre.","Gavilán común (1), Aves (1), Bovinos (443), Perros (27), Équidos (54), Caprinos (2), Ovinos (5), Suidos (27)",560,0
6269,153583,17.685778,-91.47585,2025-03-16,Balancán,Bovino hembra de 8 días de edad con miasis en región umbilical.,"Gavilán común (1), Aves (1), Bovinos (443), Perros (27), Équidos (54), Caprinos (2), Ovinos (5), Suidos (27)",560,0
6269,153958,17.704512,-91.088664,2025-03-16,Balancán,Bovino macho de 20 dias de edad  con miasis en región umbilical.,"Gavilán común (1), Aves (1), Bovinos (443), Perros (27), Équidos (54), Caprinos (2), Ovinos (5), Suidos (27)",560,0
6269,153960,17.81611,-91.251082,2025-03-16,Balancán,"Bovino macho de 5 días de edad, con miasis en región umbilical.","Gavilán común (1), Aves (1), Bovinos (443), Perros (27), Équidos (54), Caprinos (2), Ovinos (5), Suidos (27)",560,0
6269,153959,17.810669,-91.057844,2025-03-16,Balancán,"Dos bovinos machos de 5 y 4 dias de edad, respectivamente,  con miasis en región umbilical.","Gavilán común (1), Aves (1), Bovinos (443), Perros (27), Équidos (54), Caprinos (2), Ovinos (5), Suidos (27)",560,0
6269,153577,17.81205,-91.054211,2025-03-15,Balancán,Bovino hembra de 60 meses con miasis en herida por descorne.,"Gavilán común (1), Aves (1), Bovinos (443), Perros (27), Équidos (54), Caprinos (2), Ovinos (5), Suidos (27)",560,0
6269,153579,17.81205,-91.054212,2025-03-15,Balancán,Bovino hembra de 60 meses de edad con miasis en herida en el cuerno.,"Gavilán común (1), Aves (1), Bovinos (443), Perros (27), Équidos (54), Caprinos (2), Ovinos (5), Suidos (27)",560,0
6269,153580,17.647656,-91.112581,2025-03-15,Balancán,Bovino macho con 15 días de edad con miasis en región umbilical.,"Gavilán común (1), Aves (1), Bovinos (443), Perros (27), Équidos (54), Caprinos (2), Ovinos (5), Suidos (27)",560,0
6269,153581,17.626504,-91.033532,2025-03-15,Tenosique,Bovino hembra de 72 meses con miasis en mioma en la base del cuerno.,"Gavilán común (1), Aves (1), Bovinos (443), Perros (27), Équidos (54), Caprinos (2), Ovinos (5), Suidos (27)",560,0
6269,153582,17.940288,-91.255172,2025-03-15,Balancán,Bovino macho de 8 días con miasis en región umbilical.,"Gavilán común (1), Aves (1), Bovinos (443), Perros (27), Équidos (54), Caprinos (2), Ovinos (5), Suidos (27)",560,0
6269,153578,17.925188,-91.231076,2025-03-14,Balancán,Bovino hembra de 3 meses con miasis en herida en región lateral del cuello y oreja izquierda.,"Gavilán común (1), Aves (1), Bovinos (443), Perros (27), Équidos (54), Caprinos (2), Ovinos (5), Suidos (27)",560,0
6269,153584,17.479114,-91.391834,2025-03-14,Tenosique,Bovino macho de 8 días de edad con miasis en región umbilical.,"Gavilán común (1), Aves (1), Bovinos (443), Perros (27), Équidos (54), Caprinos (2), Ovinos (5), Suidos (27)",560,0
6269,153504,17.984319,-91.312354,2025-03-13,Balancán,"Equino hembra de 10 años de edad, con miasis en la región vulvar.","Gavilán común (1), Aves (1), Bovinos (443), Perros (27), Équidos (54), Caprinos (2), Ovinos (5), Suidos (27)",560,0
6269,153505,17.834522,-91.054719,2025-03-13,Balancán,"Suino macho de 8 meses de edad, con miasis en herida por castración.","Gavilán común (1), Aves (1), Bovinos (443), Perros (27), Équidos (54), Caprinos (2), Ovinos (5), Suidos (27)",560,0
6269,153506,17.828712,-91.058694,2025-03-13,Balancán,"Bovino macho de 8 días de edad, con miasis en región umbilical.","Gavilán común (1), Aves (1), Bovinos (443), Perros (27), Équidos (54), Caprinos (2), Ovinos (5), Suidos (27)",560,0
6269,153507,17.957668,-91.204807,2025-03-13,Balancán,"Bovino macho de 15 días de edad, con miasis en región umbilical.","Gavilán común (1), Aves (1), Bovinos (443), Perros (27), Équidos (54), Caprinos (2), Ovinos (5), Suidos (27)",560,0
6269,153502,17.79893,-91.459649,2025-03-12,Balancán,"Bovino macho de 15 días de edad, con miasis en cabeza por descorne.","Gavilán común (1), Aves (1), Bovinos (443), Perros (27), Équidos (54), Caprinos (2), Ovinos (5), Suidos (27)",560,0
6269,153503,17.49748,-91.053913,2025-03-12,Tenosique,"Bovino hembra de 15 días de edad, con miasis en región umbilical.","Gavilán común (1), Aves (1), Bovinos (443), Perros (27), Équidos (54), Caprinos (2), Ovinos (5), Suidos (27)",560,0
6269,153501,17.680107,-91.450336,2025-03-11,Balancán,"Bovino hembra de 60 meses de edad, con miasis en herida en el lado derecho de la región de la grupa.","Gavilán común (1), Aves (1), Bovinos (443), Perros (27), Équidos (54), Caprinos (2), Ovinos (5), Suidos (27)",560,0
6269,153500,18.025024,-91.571404,2025-03-11,Balancán,"Bovino hembra de 16 años de edad, con miasis en herida en región lateral del abdomen.","Gavilán común (1), Aves (1), Bovinos (443), Perros (27), Équidos (54), Caprinos (2), Ovinos (5), Suidos (27)",560,0
6269,153499,17.610055,-91.057848,2025-03-09,Tenosique,Bovino macho de 10 dias de edad  con miasis en herida en región umbilical.,"Gavilán común (1), Aves (1), Bovinos (443), Perros (27), Équidos (54), Caprinos (2), Ovinos (5), Suidos (27)",560,0
6269,152904,17.766159,-91.395856,2025-03-07,Balancán,"Bovino de 8 días de edad, con presencia de miasis en la región umbilical. Las larvas se colectaron para el diagnóstico, resultando positivas a C. hominivorax por identificación taxonómica.","Gavilán común (1), Aves (1), Bovinos (443), Perros (27), Équidos (54), Caprinos (2), Ovinos (5), Suidos (27)",560,0
6269,152901,17.649784,-91.112103,2025-03-07,Balancán,"Bovino macho de 20 días de edad, con presencia de miasis en región umbilical. Las larvas se colectaron para el diagnóstico, resultando positivas a C. hominivorax por identificación taxonómica.","Gavilán común (1), Aves (1), Bovinos (443), Perros (27), Équidos (54), Caprinos (2), Ovinos (5), Suidos (27)",560,0
6269,152912,17.906163,-91.549598,2025-03-07,Balancán,"Bovino de 1 día de edad, con presencia de miasis en región umbilical. Las larvas se colectaron para el diagnóstico, resultando positivas a C. hominivorax por identificación taxonómica.","Gavilán común (1), Aves (1), Bovinos (443), Perros (27), Équidos (54), Caprinos (2), Ovinos (5), Suidos (27)",560,0
6269,152903,17.807867,-90.984878,2025-03-06,Balancán,"Bovino de 8 meses de edad, con presencia de miasis en herida en región abdominal. Las larvas se colectaron para el diagnóstico, resultando positivas a C. hominivorax por identificación taxonómica.","Gavilán común (1), Aves (1), Bovinos (443), Perros (27), Équidos (54), Caprinos (2), Ovinos (5), Suidos (27)",560,0
6269,152902,17.968341,-91.257316,2025-03-06,Balancán,"Dos bovinos machos de 5 y 8 días de edad respectivamente, ambos con presencia de miasis en región umbilical. Las larvas se colectaron para el diagnóstico, resultando positivas a C. hominivorax por identificación taxonómica.","Gavilán común (1), Aves (1), Bovinos (443), Perros (27), Équidos (54), Caprinos (2), Ovinos (5), Suidos (27)",560,0
6269,152898,17.856936,-91.253222,2025-03-05,Balancán,"Bovino hembra de 7 días de edad, con miasis en región umbilical. Las larvas se colectaron para el diagnóstico, resultando positivas a C. hominivorax por identificación taxonómica.","Gavilán común (1), Aves (1), Bovinos (443), Perros (27), Équidos (54), Caprinos (2), Ovinos (5), Suidos (27)",560,0
6269,152899,17.835172,-91.147583,2025-03-05,Balancán,"Bovino hembra de 7 años de edad, con miasis en herida en la región glútea. Las larvas se colectaron para el diagnóstico, resultando positivas a C. hominivorax por identificación taxonómica.","Gavilán común (1), Aves (1), Bovinos (443), Perros (27), Équidos (54), Caprinos (2), Ovinos (5), Suidos (27)",560,0
6269,152900,18.003753,-91.293715,2025-03-05,Balancán,"Bovino hembra de 9 meses de edad, con miasis en región del abdomen. Las larvas se colectaron para el diagnóstico, resultando positivas a C. hominivorax por identificación taxonómica.","Gavilán común (1), Aves (1), Bovinos (443), Perros (27), Équidos (54), Caprinos (2), Ovinos (5), Suidos (27)",560,0
6269,152894,17.937645,-91.536257,2025-03-04,Balancán,"Bovino macho de 8 días de edad, con miasis en región umbilical. Las larvas se colectaron para el diagnóstico, resultando positivas a C. hominivorax por identificación taxonómica.","Gavilán común (1), Aves (1), Bovinos (443), Perros (27), Équidos (54), Caprinos (2), Ovinos (5), Suidos (27)",560,0
6269,152895,17.4612,-91.5917,2025-03-04,Emiliano Zapata,"Bovino macho de 6 días de edad, con presencia de miasis en herida en extremidad anterior izquierda en la región de la escapula. Las larvas se colectaron para el diagnóstico, resultando positivas a C. hominivorax por identificación taxonómica.","Gavilán común (1), Aves (1), Bovinos (443), Perros (27), Équidos (54), Caprinos (2), Ovinos (5), Suidos (27)",560,0
6269,152327,17.535013,-91.322542,2025-02-27,Tenosique,"Bovino hembra de 10 días de edad con miasis en la región umbilical. Las larvas se colectaron para el diagnóstico, resultando positivas a C. hominivorax por identificación taxonómica.
","Gavilán común (1), Aves (1), Bovinos (443), Perros (27), Équidos (54), Caprinos (2), Ovinos (5), Suidos (27)",560,0
6269,152326,17.480121,-91.301436,2025-02-26,Tenosique,"Bovinos con miasis en cabeza por descorne. Las larvas se colectaron para el diagnóstico, resultando positivas a C. hominivorax por identificación taxonómica.","Gavilán común (1), Aves (1), Bovinos (443), Perros (27), Équidos (54), Caprinos (2), Ovinos (5), Suidos (27)",560,0
6269,152325,17.79226,-91.43947,2025-02-25,Balancán,"Bovino macho de 8 días de edad, con miasis en región umbilical. Las larvas se colectaron para el diagnóstico, resultando positivas a C. hominivorax por identificación taxonómica. ","Gavilán común (1), Aves (1), Bovinos (443), Perros (27), Équidos (54), Caprinos (2), Ovinos (5), Suidos (27)",560,0
6269,151402,17.660931,-91.550848,2025-02-23,Tenosique,"Equino macho de 4 años de edad, con presencia de miasis en herida en ojo izquierdo. Las larvas se colectaron para el diagnóstico, resultando positivas a C. hominivorax por identificación taxonómica.

Nota del 23/04/2025: los datos cuantitativos del brote han sido modificados tras recibir información adicional del país.","Gavilán común (1), Aves (1), Bovinos (443), Perros (27), Équidos (54), Caprinos (2), Ovinos (5), Suidos (27)",560,0
6269,151392,17.776436,-92.486844,2025-02-21,Macuspana,"Equino de 12 años de edad, con presencia de miasis en el prepucio. Las larvas se colectaron para el diagnóstico, resultando positivas a C. hominivorax por identificación taxonómica.","Gavilán común (1), Aves (1), Bovinos (443), Perros (27), Équidos (54), Caprinos (2), Ovinos (5), Suidos (27)",560,0
6269,151395,17.496387,-91.56431,2025-02-21,Emiliano Zapata,"Bovino  hembra de 15 días de edad, con presencia de miasis en la región umbilical. Las larvas se colectaron para el diagnóstico, resultando positivas a C. hominivorax por identificación taxonómica.","Gavilán común (1), Aves (1), Bovinos (443), Perros (27), Équidos (54), Caprinos (2), Ovinos (5), Suidos (27)",560,0
6269,151399,17.775378,-91.076526,2025-02-21,Balancán,"Bovino hembra de 3 meses de edad, con presencia de miasis en herida en region de la cadera. Las larvas se colectaron para el diagnóstico, resultando positivas a C. hominivorax por identificación taxonómica.","Gavilán común (1), Aves (1), Bovinos (443), Perros (27), Équidos (54), Caprinos (2), Ovinos (5), Suidos (27)",560,0
6269,151401,17.828721,-91.058679,2025-02-21,Balancán,"Bovino hembra de 10 días de edad, con presencia de miasis en la región umbilical. Las larvas se colectaron para el diagnóstico, resultando positivas a C. hominivorax por identificación taxonómica.","Gavilán común (1), Aves (1), Bovinos (443), Perros (27), Équidos (54), Caprinos (2), Ovinos (5), Suidos (27)",560,0
6269,151400,17.496387,-91.5643102,2025-02-21,Emiliano Zapata,"Bovino macho de 1 mes de edad, con presencia de miasis en la región umbilical. Las larvas se colectaron para el diagnóstico, resultando positivas a C. hominivorax por identificación taxonómica.","Gavilán común (1), Aves (1), Bovinos (443), Perros (27), Équidos (54), Caprinos (2), Ovinos (5), Suidos (27)",560,0
6269,151389,17.330805,-91.32521,2025-02-20,Tenosique,"Bovino hembra de 2 meses de edad, con presencia de miasis en herida en la cabeza por el descorne. Las larvas se colectaron para el diagnóstico, resultando positivas a C. hominivorax por identificación taxonómica.","Gavilán común (1), Aves (1), Bovinos (443), Perros (27), Équidos (54), Caprinos (2), Ovinos (5), Suidos (27)",560,0
6269,150994,17.78475,-91.036623,2025-02-15,Balancán,"Bovino hembra de 7 años de edad, con presencia de miasis en lesión en la región de la cabeza. Las larvas se colectaron para el diagnóstico, resultando positivas a C. hominivorax por identificación taxonómica.","Gavilán común (1), Aves (1), Bovinos (443), Perros (27), Équidos (54), Caprinos (2), Ovinos (5), Suidos (27)",560,0
6269,150995,17.78475,-91.0366232,2025-02-15,Balancán,"Bovino hembra de 7 años de edad, con miasis en lesión en región glutea izquierda. Las larvas se colectaron para el diagnóstico, resultando positivas a C. hominivorax por identificación taxonómica.","Gavilán común (1), Aves (1), Bovinos (443), Perros (27), Équidos (54), Caprinos (2), Ovinos (5), Suidos (27)",560,0
6269,150990,17.849839,-91.137891,2025-02-14,Balancán,"Bovino hembra de 3 días de edad, con presencia de miasis en la pierna izquierda, posterior a marcaje. Las larvas se colectaron para el diagnóstico, resultando positivas a C. hominivorax por identificación taxonómica.","Gavilán común (1), Aves (1), Bovinos (443), Perros (27), Équidos (54), Caprinos (2), Ovinos (5), Suidos (27)",560,0
6269,150991,17.917676,-91.172024,2025-02-14,Balancán,"Bovino hembra de 5 días de edad, con presencia de miasis en la region umbilical. Las larvas se colectaron para el diagnóstico, resultando positivas a C. hominivorax por identificación taxonómica.

Nota del 03/03/2025: Las coordenadas geográficas del brote se modificaron después de que el país facilitara información adicional.","Gavilán común (1), Aves (1), Bovinos (443), Perros (27), Équidos (54), Caprinos (2), Ovinos (5), Suidos (27)",560,0
6269,150868,17.967571,-91.24744,2025-02-11,Balancán,"Bovino de 8 días de edad, con presencia de miasis en la region umbilical. Las larvas se colectaron para el diagnóstico, resultando positivas a C. hominivorax por identificación taxonómica.","Gavilán común (1), Aves (1), Bovinos (443), Perros (27), Équidos (54), Caprinos (2), Ovinos (5), Suidos (27)",560,0
