Tamaño_Logaritmico,Primera fecha: Municipio,Primera fecha: Fecha_Inicio,Suma de Temperatura_Mediana_C,Suma de Precipitacion_Mediana_mm,Longitud,Latitud
2.2552725051033056,Catazajá,2025-01-05 00:00:00,452.5343136469529,8.60533610799763,-92.01625,17.70787
1.6989700043360187,Balancán,2025-04-11 00:00:00,156.92349497477215,0.008867619008867678,-91.409102,17.93545
1.6020599913279623,Carmen,2025-04-03 00:00:00,126.09560750325534,0.007254174741788688,-91.14639,18.4551
1.6020599913279623,Carmen,2025-03-05 00:00:00,120.34776757558194,0.11975925122875708,-90.70328,18.15438
1.6020599913279623,Othón P. Blanco,2025-03-10 00:00:00,98.6192398707073,1.1420365099752416,-89.02931,18.441201
1.4771212547196624,San Pablo del Monte,2026-04-27 00:00:00,56.07693239847822,1.4873352953372887,-98.171322,19.125824
1.4771212547196624,Emiliano Zapata,2025-05-23 00:00:00,89.6431421915691,3.696582750603028,-91.638667,17.67059
1.4771212547196624,Balancán,2025-05-23 00:00:00,96.29648284912105,1.6075400390320738,-91.47585,17.68578
1.4771212547196624,Carmen,2025-03-30 00:00:00,94.2875497817995,0.011264198377602952,-91.146394,18.455102
1.4771212547196624,Balancán,2025-03-16 00:00:00,83.80656255086268,0.10367036443881261,-91.057844,17.810669
1.4771212547196624,Ocosingo,2025-02-07 00:00:00,70.9167256037394,3.4574135489435776,-90.99485,16.764
1.4771212547196624,Ocosingo,2025-05-16 00:00:00,87.85584462483729,0.24386633302242444,-90.647193,16.51096
1.3010299956639813,Ezequiel Montes,2025-10-08 00:00:00,33.056902758280444,0.8890726420336392,-99.909497,20.657738
1.3010299956639813,Jalpan de Serra,2026-03-10 00:00:00,40.598233731587754,0.023987889164800436,-99.15791,21.59755
1.3010299956639813,Dist. Ejutla,2025-06-25 00:00:00,34.00179468790702,17.37933903928912,-97.015045,16.57723
1.3010299956639813,Dist. Juchitan,2025-06-21 00:00:00,54.240692329406784,10.610587894877455,-94.3583,16.349462
1.3010299956639813,Dist. Juchitan,2025-06-29 00:00:00,47.93319530487065,17.290855055591692,-94.236294,16.43063
1.3010299956639813,Las Choapas,2025-05-29 00:00:00,59.28580652872728,3.97611647608187,-94.1329,18.0537
1.3010299956639813,Tonalá,2025-05-17 00:00:00,55.837783050537155,1.9487803315882957,-93.739112,16.04057
1.3010299956639813,Jalpa de Méndez,2025-05-01 00:00:00,59.54478441874187,0.02406985595371225,-93.01663,18.17549
1.3010299956639813,Chiapa de Corzo,2025-04-04 00:00:00,45.253371111551985,0.10023564090033688,-92.99691,16.83253
1.3010299956639813,Acapetahua,2025-05-14 00:00:00,57.57784926096599,0.5888968704539366,-92.736716,15.2614
1.3010299956639813,Villa Comaltitlán,2025-04-26 00:00:00,48.52800674438487,3.1024970670330276,-92.54591,15.33537
1.3010299956639813,Villa Comaltitlán,2025-05-05 00:00:00,48.26197516123466,6.167832346477553,-92.54261,15.3486
1.3010299956639813,Tuzantán,2025-04-23 00:00:00,55.016719690958666,1.3174323825921874,-92.48109,15.04901
1.3010299956639813,Tuzantán,2025-03-30 00:00:00,53.96253000895183,0.4277257324645234,-92.47438,15.10368
1.3010299956639813,Huixtla,2025-05-15 00:00:00,52.02243537902842,5.612374481426485,-92.467691,15.1348
1.3010299956639813,Centla,2025-06-04 00:00:00,63.56736424764006,0.0036494321591362677,-92.4354,18.49123
1.3010299956639813,Macuspana,2025-04-10 00:00:00,55.245876185099405,0.0036591653724826756,-92.39963,17.86349
1.3010299956639813,Suchiate,2025-05-26 00:00:00,58.2193309783936,3.112556309329051,-92.2418,14.6836
1.3010299956639813,Tumbalá,2025-04-30 00:00:00,51.767181587219284,0.1914864425991425,-92.229226,17.332821
1.3010299956639813,Salto de Agua,2025-03-17 00:00:00,52.87405573527019,0.23915492383252968,-92.198873,17.423865
1.3010299956639813,Salto de Agua,2025-03-07 00:00:00,48.04914875030522,0.2565476845006742,-92.196718,17.542102
1.3010299956639813,Chilón,2025-04-11 00:00:00,42.486849657694506,0.4451929065680815,-92.19374,17.06401
1.3010299956639813,Palenque,2025-03-17 00:00:00,51.33245836893718,0.11814639688623174,-92.15284,17.695382
1.3010299956639813,Catazajá,2025-04-12 00:00:00,55.66390660603838,0.004300500961562648,-92.0163,17.70787
1.3010299956639813,Ocosingo,2025-03-15 00:00:00,43.59827982584636,0.44796439104288766,-91.99423,16.89337
1.3010299956639813,Altamirano,2025-04-01 00:00:00,40.867986869812114,0.2663725206275558,-91.98548,16.81309
1.3010299956639813,Palenque,2025-03-26 00:00:00,51.34611752827965,0.005803562885375868,-91.943464,17.608575
1.3010299956639813,La Trinitaria,2025-04-16 00:00:00,39.17916730244963,0.22108222465000438,-91.87442,16.1574
1.3010299956639813,Ocosingo,2025-04-11 00:00:00,44.588127326965434,0.2817192264785717,-91.86975,17.0454
1.3010299956639813,Palenque,2025-04-01 00:00:00,54.301328849792526,0.0036559428053806187,-91.79551,17.70652
1.3010299956639813,Emiliano Zapata,2025-04-16 00:00:00,56.84189656575529,0.004972758404164779,-91.64398,17.66466
1.3010299956639813,Emiliano Zapata,2025-04-03 00:00:00,57.15701853434251,0.005004395518426463,-91.63867,17.67059
1.3010299956639813,Balancán,2025-04-15 00:00:00,58.64607893625896,0.004331542470481509,-91.54861,17.78497
1.3010299956639813,Tenosique,2025-05-01 00:00:00,61.11881974538164,1.618313908949176,-91.52981,17.68275
1.3010299956639813,Ocosingo,2025-03-02 00:00:00,42.078469785054494,2.1543822175544847,-91.523362,17.115547
1.3010299956639813,Balancán,2025-04-29 00:00:00,60.99799715677909,0.003445387733336247,-91.49843,17.85082
1.3010299956639813,La Independencia,2025-04-10 00:00:00,42.12309252421073,0.34139156326773445,-91.48745,16.1309
1.3010299956639813,Ocosingo,2025-03-28 00:00:00,41.72732149759935,0.17830641783689316,-91.47961,16.78705
1.3010299956639813,Balancán,2025-04-03 00:00:00,57.24023742675786,0.003656315129774157,-91.43827,17.89112
1.3010299956639813,Balancán,2025-03-24 00:00:00,53.32701066335051,0.0066058051402251294,-91.43788,17.872675
1.3010299956639813,Balancán,2025-04-15 00:00:00,56.4362613677979,0.004304971298552118,-91.4091,17.93545
1.3010299956639813,Ocosingo,2025-04-07 00:00:00,47.2151532491049,0.2316499168362185,-91.3669,16.82745
1.3010299956639813,Ocosingo,2025-04-26 00:00:00,47.261433156331464,0.6106279548703242,-91.32366,16.77863
1.3010299956639813,Ocosingo,2025-04-17 00:00:00,45.91592839558916,0.49357073643818694,-91.3126201,16.53145
1.3010299956639813,Ocosingo,2025-04-17 00:00:00,45.91592839558916,0.49357073643818694,-91.31262,16.53145
1.3010299956639813,Balancán,2025-03-18 00:00:00,55.44385801951097,0.10415572901933956,-91.299876,17.802104
1.3010299956639813,Balancán,2025-04-09 00:00:00,58.3839513778687,0.0034330140010752075,-91.28488,17.99457
1.3010299956639813,Balancán,2025-04-11 00:00:00,59.35453688303636,0.00531571003925535,-91.26718,17.75492
1.3010299956639813,Ocosingo,2025-05-08 00:00:00,53.90840390523283,0.2123407326735105,-91.265317,16.87685
1.3010299956639813,Ocosingo,2025-04-02 00:00:00,51.484203529357956,0.15812702446282856,-91.2426,16.84968
1.3010299956639813,Balancán,2025-03-24 00:00:00,53.37705408732103,0.004824874054065731,-91.23292,17.901772
1.3010299956639813,Las Margaritas,2025-02-18 00:00:00,43.59809767405193,2.8546974060077446,-91.226686,16.09936
1.3010299956639813,Ocosingo,2025-04-08 00:00:00,55.032636515299544,0.15752963720139235,-91.2194,16.88374
1.3010299956639813,Carmen,2025-04-28 00:00:00,61.060862731933696,0.0036504253273506038,-91.21866,18.3227
1.3010299956639813,Ocosingo,2025-03-26 00:00:00,47.69517281850182,0.06064176545805822,-91.18363,16.842648
1.3010299956639813,Carmen,2025-05-15 00:00:00,63.12322158813481,0.20255259247825563,-91.182002,18.406427
1.3010299956639813,Balancán,2025-03-31 00:00:00,55.4633129755656,0.004521012252567402,-91.15038,17.81367
1.3010299956639813,Balancán,2025-04-21 00:00:00,60.01110095977788,0.0052265440508847405,-91.06421,17.83979
1.3010299956639813,Balancán,2025-04-06 00:00:00,58.98278891245525,0.004762532311630707,-91.05784,17.81067
1.3010299956639813,Balancán,2025-04-04 00:00:00,58.36832892100017,0.005096349648070486,-91.05291,17.8156
1.3010299956639813,Carmen,2025-05-12 00:00:00,61.404264322916674,0.003256375293858582,-90.968653,18.275556
1.3010299956639813,Carmen,2025-03-08 00:00:00,54.36339365641277,0.10299086537202129,-90.873385,17.968591
1.3010299956639813,Carmen,2025-04-16 00:00:00,57.51824175516765,0.003445374716193328,-90.83544,18.95187
1.3010299956639813,Ocosingo,2025-02-16 00:00:00,48.486034266154036,2.5187596678222235,-90.822761,16.330967
1.3010299956639813,Carmen,2025-06-26 00:00:00,59.51425317128508,2.8295212611624265,-90.773485,17.93154
1.3010299956639813,Ocosingo,2025-03-03 00:00:00,47.84956537882499,3.681953539512506,-90.729916,16.44915
1.3010299956639813,Ocosingo,2025-01-24 00:00:00,48.31085700988774,1.461760699678294,-90.694688,16.330955
1.3010299956639813,Ocosingo,2025-03-18 00:00:00,49.676766586303756,0.4897087812310019,-90.683447,16.436255
1.3010299956639813,Ocosingo,2025-04-25 00:00:00,57.26542746225999,0.2525193958433647,-90.64719,16.51096
1.3010299956639813,Carmen,2025-03-01 00:00:00,53.941063435872366,0.2741403491484107,-90.643091,18.317756
1.3010299956639813,Ocosingo,2025-03-01 00:00:00,48.38457825978605,3.1900539989351273,-90.608605,16.444613
1.3010299956639813,Ocosingo,2025-05-19 00:00:00,59.832950782775924,0.0924715254893016,-90.563748,16.36927
1.3010299956639813,Ocosingo,2025-01-19 00:00:00,46.44792798360197,1.6064790175764898,-90.408034,16.368724
1.3010299956639813,Champotón,2025-06-18 00:00:00,60.967254193623944,0.9197548031725233,-90.322304,17.856392
1.3010299956639813,Champotón,2025-02-19 00:00:00,53.59875475565593,0.3223366669740102,-90.168132,18.519759
1.3010299956639813,Hopelchén,2025-06-24 00:00:00,55.62400677998869,3.4470790601606183,-89.200578,18.31941
1.3010299956639813,Toledo,2025-06-20 00:00:00,53.608808072408124,5.191951520268745,-89.13613,16.21076
1.3010299956639813,Toledo,2025-01-15 00:00:00,45.66850681304936,3.198755849069812,-89.10387,15.98895
1.3010299956639813,Tzucacab,2025-07-04 00:00:00,56.3297829945883,2.322150766795872,-89.047232,20.03111
1.3010299956639813,Toledo,2025-06-12 00:00:00,54.10460681915288,4.339880608094759,-89.04347,16.23629
1.3010299956639813,Othón P. Blanco,2025-04-21 00:00:00,56.07369759877531,0.333168765260794,-88.97904,19.03134
1.3010299956639813,Peto,2025-06-07 00:00:00,60.946998151143475,0.4409784055496857,-88.953644,19.965327
1.3010299956639813,Toledo,2025-05-12 00:00:00,52.604182116190714,2.1981066978185027,-88.94981,16.28403
1.3010299956639813,Peto,2025-04-12 00:00:00,58.36936683654784,0.20932167458909134,-88.92598,19.94554
1.3010299956639813,Toledo,2025-07-06 00:00:00,52.28410898844413,8.965738720178251,-88.91035,16.28016
1.3010299956639813,Toledo,2025-07-03 00:00:00,53.70521787007658,19.174158573150635,-88.80233,16.1167
1.3010299956639813,Cayo,2025-06-10 00:00:00,56.079814147949264,5.466112493497377,-88.69485,17.34559
1.3010299956639813,San Antonio del Norte,2025-01-30 00:00:00,48.84856910705571,0.024462731602170606,-87.700619,13.882604
1.3010299956639813,Yoro,2025-02-10 00:00:00,40.91290620168053,1.6237497328575046,-87.1651,15.333
1.3010299956639813,Choluteca,2024-10-07 00:00:00,49.84710203806566,29.68749957574346,-87.143003,13.357578
1.3010299956639813,Choluteca,2024-09-28 00:00:00,51.452374013264944,34.17625540873814,-87.108903,13.361411
1,Yécora,2026-08-21 00:00:00,22.074997202555323,5.016112476369017,-108.9511,28.33315
1,Álamos,2026-08-24 00:00:00,29.054451878865564,1.5808314084999608,-108.894875,27.215029
1,Álamos,2026-08-27 00:00:00,29.621201451619527,0.9004846215248108,-108.85275,26.87017
1,Álamos,2026-08-24 00:00:00,27.245276387532613,2.7457472004073225,-108.80094,27.14302
1,Álamos,2026-08-15 00:00:00,26.695699310302757,2.9266418707525332,-108.769055,27.110763
1,Álamos,2026-08-27 00:00:00,30.89216766357424,0.7629185914481695,-108.76234,26.594156
1,Álamos,2026-08-21 00:00:00,29.588331794738792,0.6615996360235243,-108.71696,26.815025
1,Álamos,2026-08-22 00:00:00,28.762973721822163,1.4838561415135842,-108.71623,26.847155
1,Álamos,2026-08-25 00:00:00,29.482644971211755,0.565616786426304,-108.67734,26.82717
1,Álamos,2026-08-22 00:00:00,28.762973721822163,1.4838561415135842,-108.66426,26.91165
1,Badiraguato,2026-07-28 00:00:00,28.245811398824117,2.6296779508641066,-107.567211,25.383233
1,Mocorito,2026-07-30 00:00:00,28.733674303690577,2.0449385367360406,-107.555632,25.204694
1,Elota,2026-07-29 00:00:00,29.103180821736714,2.2431423646480653,-107.005455,24.15297
1,Elota,2026-07-29 00:00:00,27.371365165710472,4.278914630361896,-106.912038,24.214922
1,Elota,2026-07-29 00:00:00,28.71886310577395,2.8520441055945867,-106.77958,23.853361
1,Mazatlán,2026-07-23 00:00:00,29.444121615092,0.8263640747543377,-106.18232,23.16729
1,Huejotitán,2026-07-23 00:00:00,20.135612742106105,3.962352871846875,-106.03896,26.91655
1,Hidalgo del Parral,2026-07-13 00:00:00,22.62598317464193,0.23603206145139666,-105.93242,27.08341
1,Concordia,2026-07-28 00:00:00,28.392291641235374,2.423521875471124,-105.922938,23.149058
1,San Francisco del Oro,2026-07-18 00:00:00,23.390387471516988,0.1929289626048103,-105.891867,26.968902
1,Rosario,2026-07-22 00:00:00,28.659625625610374,1.4472872017847749,-105.84036,23.071496
1,Santa Bárbara,2026-07-23 00:00:00,22.105705515543605,3.043778240254369,-105.780308,26.888429
1,Escuinapa,2026-07-22 00:00:00,27.283144887288472,2.2609085169253973,-105.582,22.721178
1,Pueblo Nuevo,2026-06-19 00:00:00,17.678740119934105,2.8083547025232747,-105.55062,23.638372
1,Rosales,2026-07-22 00:00:00,29.4856693903605,0.1344979178838912,-105.51248,28.20239
1,Allende,2026-07-23 00:00:00,25.158220863342308,0.5294471978629645,-105.43083,27.01222
1,El Oro,2026-06-26 00:00:00,24.869406636555993,0.06946345019720468,-105.41092,25.893356
1,Pueblo Nuevo,2026-06-04 00:00:00,19.154203351338765,0.48193290990461435,-105.36281,23.369133
1,El Oro,2026-06-24 00:00:00,24.349427159627282,0.0864158763533851,-105.3339,25.93095
1,Compostela,2026-04-29 00:00:00,25.67679144541421,0.0023569814118218346,-105.31481,20.9816
1,Compostela,2026-04-28 00:00:00,24.817315673828148,0.0036761164210474817,-105.16582,20.961897
1,Compostela,2026-05-01 00:00:00,25.098044013977074,0.008043646809952065,-105.15626,21.19957
1,Coronado,2026-07-21 00:00:00,26.176266924540187,0.2901703119277954,-105.15221,26.798001
1,Bahía de Banderas,2026-04-18 00:00:00,24.800152715047204,0.042004288104635634,-105.1455,20.93582
1,López,2026-07-23 00:00:00,25.424507395426474,0.3308743237937506,-105.019487,26.700146
1,Compostela,2026-04-28 00:00:00,23.263803736368857,0.005128979637447628,-104.95413,21.14281
1,Compostela,2026-04-28 00:00:00,23.263803736368857,0.005128979637447628,-104.95374,21.15002
1,La Cruz,2026-07-23 00:00:00,27.490187263488792,0.175941832205595,-104.925912,27.92505
1,Jiménez,2026-07-21 00:00:00,28.30246728261318,0.19713789197339793,-104.90587,27.144368
1,Compostela,2026-04-28 00:00:00,22.611757850646995,0.003111362397945072,-104.87168,21.27501
1,Santa María del Oro,2026-04-30 00:00:00,22.215043322245265,0.004117190835373208,-104.63558,21.18758
1,Santa María del Oro,2026-04-05 00:00:00,21.611851310730003,0.05782370237739087,-104.60611,21.15123
1,Cuautitlán de García Barragán,2026-02-18 00:00:00,21.84380970001223,0.014787912306246653,-104.514578,19.384608
1,Cuautitlán de García Barragán,2026-02-28 00:00:00,21.831498400370265,0.08336007587672611,-104.448396,19.452314
1,Mezquital,2026-06-09 00:00:00,20.24323933919277,0.3579090728749179,-104.44663,23.23309
1,Manzanillo,2026-02-05 00:00:00,23.38605302174892,0.039293784027449874,-104.37428,19.183227
1,Pánuco de Coronado,2026-06-18 00:00:00,21.08901112874355,0.42209625238953663,-104.297277,24.522682
1,Nombre de Dios,2026-06-16 00:00:00,22.742198244730616,0.1277089118616459,-104.26957,23.931806
1,Manzanillo,2026-02-27 00:00:00,24.606129582722986,0.03489063374217949,-104.083543,19.068268
1,Manzanillo,2026-02-17 00:00:00,24.702128982543968,0.03054098473853628,-104.07564,19.041574
1,Minatitlán,2026-02-13 00:00:00,18.40788834889736,0.32915621994789035,-104.04822,19.47619
1,Armería,2026-02-21 00:00:00,22.881376202901265,0.023981928762850657,-104.01894,19.14012
1,Armería,2026-02-21 00:00:00,24.505408541361476,0.011292354827219242,-103.95695,18.98323
1,Súchil,2026-06-18 00:00:00,20.57349898020425,1.2910082936254952,-103.941705,23.651743
1,Tecomán,2026-02-15 00:00:00,24.505408541361476,0.029359757888869353,-103.89374,18.920044
1,Tecomán,2026-02-24 00:00:00,24.112283643086812,0.009379845778312301,-103.87942,18.99779
1,Comala,2026-02-11 00:00:00,20.2228189468384,0.2735621282372591,-103.7563,19.411534
1,Comala,2026-02-21 00:00:00,22.871530787150107,0.006728929150767726,-103.751,19.295806
1,Ixtlahuacán,2026-02-16 00:00:00,24.052407836914085,0.01648515461738498,-103.73888,18.921765
1,Tecomán,2026-02-26 00:00:00,23.973500188191792,0.010255576739837124,-103.72441,18.90242
1,Tecomán,2026-02-19 00:00:00,24.282600021362327,0.013308227011066265,-103.7239,18.709792
1,Ixtlahuacán,2026-02-07 00:00:00,23.00803082784023,0.0966165860916135,-103.72308,18.999754
1,Ixtlahuacán,2026-02-13 00:00:00,23.07409311930337,0.054440199278360524,-103.68439,18.990019
1,Ixtlahuacán,2026-02-25 00:00:00,22.65391057332363,0.0034446711651980877,-103.64421,18.99954
1,Colima,2026-02-18 00:00:00,22.505225753784202,0.0032152352105185855,-103.592777,19.059352
1,Colima,2026-02-17 00:00:00,22.181383705139183,0.0044468033024713804,-103.58391,19.169411
1,Colima,2026-01-21 00:00:00,23.137872632344624,0.19849423782147824,-103.532717,18.973903
1,Pihuamo,2026-02-21 00:00:00,22.755877431233785,0.002016127098158904,-103.43189,19.047367
1,Pihuamo,2026-02-17 00:00:00,22.02744572957363,0.14781947692199537,-103.412908,19.259308
1,Santa Clara,2026-06-22 00:00:00,23.047717348734523,0.2955168485634374,-103.354908,24.466015
1,Tlaltenango de Sánchez Román,2026-04-06 00:00:00,19.74321327209475,0.012331315730307324,-103.31042,21.81731
1,Tecalitlán,2026-02-18 00:00:00,19.7438207626343,0.05862861848981993,-103.304782,19.437603
1,Tecalitlán,2026-02-25 00:00:00,20.1522896448771,0.007525787736994971,-103.25884,19.456366
1,Jilotlán de los Dolores,2026-01-27 00:00:00,22.623637771606468,0.01974701876861218,-102.982428,19.421943
1,Santa María del Oro,2026-02-10 00:00:00,19.909302647908532,0.05890779914352606,-102.91239,19.602439
1,Jilotlán de los Dolores,2026-02-28 00:00:00,25.898997243245503,0.0017132134075836802,-102.875517,19.30318
1,San Juan de Guadalupe,2026-06-20 00:00:00,24.237744585673,0.16865134239196777,-102.78027,24.653567
1,San José de Gracia,2026-05-25 00:00:00,23.216539637247706,0.008852360393163394,-102.40775,22.14876
1,Jesús María,2026-05-25 00:00:00,23.75813986460372,0.0022843479143830336,-102.33398,22.04707
1,Rincón de Romos,2026-06-07 00:00:00,23.156620597839378,0.4208698868239935,-102.31883,22.17226
1,Aguascalientes,2026-06-05 00:00:00,24.073524093627952,0.08314549922694425,-102.30638,21.87147
1,Rincón de Romos,2026-05-18 00:00:00,23.37480983734133,0.0041231393765883695,-102.30519,22.16499
1,Rincón de Romos,2026-05-27 00:00:00,23.66424140930178,0.04313728578431153,-102.29787,22.16687
1,Encarnación de Díaz,2025-11-02 00:00:00,19.03911647796633,0.0021398062415300956,-102.275255,21.409623
1,San Francisco de los Romo,2026-05-27 00:00:00,23.87267106374111,0.008541675072137878,-102.275177,22.063917
1,Villa de Cos,2026-04-17 00:00:00,18.02210610707607,0.0012855205113737611,-102.243472,23.693085
1,Encarnación de Díaz,2026-02-22 00:00:00,16.74017995198568,0.0008653001462022303,-102.17609,21.49054
1,Villa de Cos,2026-04-21 00:00:00,18.75585486094161,0.002032136535490281,-102.106851,23.597722
1,Villa de Cos,2026-04-12 00:00:00,17.788000996907556,0.0010725319441462489,-102.037186,23.672836
1,El Llano,2026-05-28 00:00:00,22.537713305155478,0.013426939005967142,-101.98539,21.96801
1,Noria de Ángeles,2026-04-15 00:00:00,16.91999969482424,0.00607222318649292,-101.946341,22.370475
1,El Llano,2026-06-06 00:00:00,22.01355832417812,0.12070050527768217,-101.93775,21.9013
1,El Llano,2026-06-08 00:00:00,21.52223358154299,0.15296896984295927,-101.93775,21.91985
1,Pinos,2026-04-23 00:00:00,17.631099637349507,0.028416514348705846,-101.712401,22.153161
1,Pinos,2026-04-27 00:00:00,17.728027598063193,0.07310658691039862,-101.548092,22.446768
1,Castaños,2026-04-27 00:00:00,22.481878534952784,0.24645179519211524,-101.43359,26.77279
1,General Cepeda,2026-05-08 00:00:00,21.40455366770425,0.15943646428695502,-101.37813,25.38935
1,Madero,2025-12-17 00:00:00,17.307155545552632,0.20128190517176847,-101.297852,19.273567
1,Castaños,2026-05-07 00:00:00,23.39754734039309,0.405463194482536,-101.11821,26.5025
1,Saltillo,2026-05-05 00:00:00,17.02733637491866,0.2694010733819141,-101.11102,25.12218
1,Saltillo,2026-05-07 00:00:00,19.71778195699062,0.04426687948466679,-101.09921,24.85233
1,Concepción del Oro,2026-05-01 00:00:00,18.470341300964378,0.07425695648066721,-101.060543,24.432582
1,Saltillo,2026-05-01 00:00:00,18.741459465026878,0.13924390077590942,-101.06009,24.68926
1,Concepción del Oro,2026-05-01 00:00:00,18.356124178568564,0.17067044973373413,-101.058128,24.462645
1,Concepción del Oro,2026-04-19 00:00:00,16.420220947265648,0.17067044973373413,-101.05164,24.439461
1,Saltillo,2026-05-03 00:00:00,18.471443748474144,0.6958588957761691,-100.986527,25.418094
1,San Felipe,2026-03-20 00:00:00,16.289964930216456,0.007163025372847187,-100.9444,21.660643
1,El Salvador,2026-05-01 00:00:00,18.93829275767007,0.23695826530456543,-100.927736,24.422818
1,Saltillo,2026-05-05 00:00:00,16.00390173594161,0.30279490516704755,-100.86451,25.10593
1,Arteaga,2026-05-06 00:00:00,18.05123163859048,0.4968509077514227,-100.864382,25.453982
1,Apaseo el Grande,2026-02-28 00:00:00,17.25969340006509,0.0014364719049808627,-100.634508,20.570115
1,San Luis de la Paz,2026-03-19 00:00:00,17.308202997843466,0.008410215343701566,-100.552607,21.097262
1,San Luis de la Paz,2026-03-19 00:00:00,15.683214124043843,0.02116113896022398,-100.459032,21.441297
1,Arteaga,2026-05-01 00:00:00,15.937434450785304,5.005389451980591,-100.28269,25.24716
1,Monterrey,2026-04-09 00:00:00,22.643469746907556,0.003766408621430628,-100.2743,25.6487
1,Tlatlaya,2025-12-29 00:00:00,20.915754890441917,0.08489340541473211,-100.139697,18.608473
1,Mier y Noriega,2026-03-23 00:00:00,17.551264381408714,0.01560176903581123,-100.11856,23.42907
1,Sabinas Hidalgo,2025-09-20 00:00:00,27.903528149922693,1.3030976056995769,-100.1076,26.4219
1,Xichú,2026-03-15 00:00:00,18.004699643453023,0.010621547687605926,-100.07649,21.291013
1,Xichú,2026-03-15 00:00:00,19.070163981119777,0.013053417205810547,-100.067669,21.428123
1,Xichú,2026-03-27 00:00:00,17.877407010396382,0.01141060627674051,-99.981701,21.391791
1,Marín,2026-04-17 00:00:00,23.83805618286135,0.01792500665942498,-99.9323,25.9184
1,Tequisquiapan,2025-10-13 00:00:00,17.24471562703451,0.9867863911097174,-99.92782,20.615457
1,Aramberri,2026-04-10 00:00:00,13.305835978190089,0.04437118758460201,-99.91502,24.32843
1,Xichú,2026-03-07 00:00:00,17.659298833211324,0.005701184221607036,-99.852369,21.378325
1,Xichú,2026-03-27 00:00:00,19.01720549265542,0.0218782172680676,-99.823711,21.427721
1,Xichú,2026-03-17 00:00:00,18.733597373962425,0.005409121513366699,-99.822955,21.382913
1,Aramberri,2026-03-30 00:00:00,17.74470736185708,0.02049803728709776,-99.8084,24.0869
1,Montemorelos,2025-10-05 00:00:00,24.170781389872218,1.7767816781972812,-99.7796,25.1371
1,Arroyo Seco,2026-03-14 00:00:00,19.622926012674952,0.0065580009902532765,-99.76417,21.44304
1,Montemorelos,2025-11-28 00:00:00,20.910930252075218,0.002376735210418701,-99.76,25.0389
1,Peñamiller,2026-03-04 00:00:00,15.229656155904195,0.0035703181708868215,-99.737626,21.209558
1,Hualahuises,2026-04-16 00:00:00,21.824146207173726,0.23381452010085013,-99.6925,24.9224
1,Aramberri,2026-04-17 00:00:00,19.34551868438723,0.6426987362146974,-99.6633,24.2499
1,Arroyo Seco,2026-03-09 00:00:00,17.671682294209802,0.010216236063342876,-99.65273,21.32585
1,Pinal de Amoles,2026-03-13 00:00:00,17.471008237202966,0.012984871801791087,-99.58279,21.17581
1,Pinal de Amoles,2026-03-07 00:00:00,16.518395042419456,0.008928775685035362,-99.57283,21.121302
1,Pinal de Amoles,2026-03-14 00:00:00,16.907282129923487,0.005140900611877441,-99.572799,21.20646
1,Pinal de Amoles,2026-03-15 00:00:00,16.907282129923487,0.005140900611877441,-99.55738,21.19809
1,Pinal de Amoles,2026-03-12 00:00:00,16.907282129923487,0.005885958671569824,-99.55543,21.20774
1,Pinal de Amoles,2026-03-11 00:00:00,16.827225939432765,0.009101629245833465,-99.550863,21.194105
1,Pinal de Amoles,2026-03-09 00:00:00,16.533072408040425,0.005885958671569824,-99.537022,21.212759
1,Pinal de Amoles,2026-03-14 00:00:00,18.27941188812258,0.008235871689521446,-99.50994,21.06872
1,Jalpan de Serra,2026-03-08 00:00:00,17.05180161794027,0.008235871689521446,-99.461298,21.124113
1,Jalpan de Serra,2026-03-06 00:00:00,16.799968973795615,0.0054329633201177785,-99.387276,21.167952
1,Miacatlán,2026-02-28 00:00:00,20.884412384033226,0.0017926468274254148,-99.375533,18.778431
1,Mazatepec,2026-02-19 00:00:00,23.785567537943564,0.0012889503864244034,-99.35552,18.66417
1,Tecoanapa,2025-11-01 00:00:00,24.048405901590968,6.220504641504476,-99.3301,16.9426
1,Miacatlán,2025-10-12 00:00:00,21.88777313232424,7.218027114817005,-99.309505,18.779384
1,Álvaro Obregón,2026-05-25 00:00:00,18.469736671447777,1.9008986493229685,-99.21439,19.35726
1,Jalpan de Serra,2026-03-07 00:00:00,17.422455406188988,0.004990398821291819,-99.205631,21.559341
1,Jojutla,2026-02-27 00:00:00,24.577750142415425,0.0008545380296709482,-99.17914,18.61136
1,Coyoacán,2026-06-04 00:00:00,17.83210144042971,2.55623335036681,-99.176798,19.329361
1,Llera,2026-01-10 00:00:00,16.65196348826089,0.01148258763805643,-99.173608,23.182162
1,Jalpan de Serra,2026-03-10 00:00:00,18.1924873352051,0.007158517803418363,-99.164747,21.511931
1,Jalpan de Serra,2026-03-11 00:00:00,18.25053971608486,0.00830892463454802,-99.164682,21.519118
1,Tlalpan,2026-05-29 00:00:00,16.015492057800316,5.071037678078483,-99.16247,19.27477
1,Tlalpan,2026-04-26 00:00:00,11.27101860046389,1.8295422196388245,-99.14549,19.20067
1,Landa de Matamoros,2026-03-07 00:00:00,17.01947174072268,0.006744265505176372,-99.139321,21.175531
1,Jalpan de Serra,2026-03-10 00:00:00,20.14175726572671,0.011397898134646312,-99.13905,21.5936
1,Tlalpan,2026-05-23 00:00:00,13.460741615295433,2.316543459841114,-99.13663,19.201552
1,Jacala de Ledezma,2026-02-26 00:00:00,14.281037584940577,0.0663310288757657,-99.133915,21.069256
1,Gómez Farías,2026-01-24 00:00:00,18.95827954610195,0.03395825618213166,-99.127523,22.957778
1,Landa de Matamoros,2026-03-15 00:00:00,18.29002374013271,0.01778606315383513,-99.12573,21.16992
1,Xochimilco,2026-06-01 00:00:00,15.813209470113122,5.071037678078483,-99.12247,19.25049
1,Landa de Matamoros,2026-03-14 00:00:00,18.88846677144369,0.03761649128364297,-99.116912,21.237101
1,Landa de Matamoros,2026-03-15 00:00:00,18.786822891235374,0.03681484599837859,-99.11241,21.15442
1,Gustavo A. Madero,2026-06-07 00:00:00,18.465235010782862,2.8794082442171742,-99.10703,19.45939
1,Landa de Matamoros,2026-03-15 00:00:00,18.786822891235374,0.03681484599837859,-99.10643,21.16249
1,Landa de Matamoros,2026-03-05 00:00:00,17.469132359822652,0.016954578342165405,-99.09702,21.207378
1,Landa de Matamoros,2026-03-03 00:00:00,16.442931747436546,0.024232305520399677,-99.096298,21.222735
1,Landa de Matamoros,2026-03-10 00:00:00,18.19425957997646,0.032049417484358855,-99.095762,21.217408
1,Llera,2026-01-12 00:00:00,19.533855692545558,0.011963895161670735,-99.094812,23.150488
1,Landa de Matamoros,2026-03-10 00:00:00,18.130337651570642,0.03681484599837859,-99.094547,21.177258
1,Landa de Matamoros,2026-03-10 00:00:00,18.19425957997646,0.032049417484358855,-99.089869,21.221335
1,Landa de Matamoros,2026-03-13 00:00:00,18.88846677144369,0.06321072569903663,-99.088127,21.21486
1,Landa de Matamoros,2026-03-04 00:00:00,16.973378435770712,0.016954578342165405,-99.081511,21.244605
1,Landa de Matamoros,2026-03-14 00:00:00,18.88846677144369,0.03761649128364297,-99.073763,21.205745
1,Landa de Matamoros,2026-03-06 00:00:00,17.55835876464846,0.016954578342165405,-99.073344,21.224591
1,Landa de Matamoros,2026-03-15 00:00:00,18.88846677144369,0.03761649128364297,-99.07205,21.22308
1,Landa de Matamoros,2026-03-14 00:00:00,18.88846677144369,0.03761649128364297,-99.05496,21.257763
1,Xochimilco,2026-05-11 00:00:00,15.301000849405966,1.041685523432534,-99.051937,19.230455
1,La Misión,2026-02-28 00:00:00,15.636862055460597,0.06689280266414244,-99.047672,21.135823
1,Tlaquiltenango,2025-12-17 00:00:00,23.557024892171228,0.026020407574378623,-99.04248,18.606121
1,Tláhuac,2026-06-09 00:00:00,17.20509777069094,4.554356634542955,-99.040987,19.29193
1,Llera,2026-01-12 00:00:00,20.57371927897134,0.005285441858404738,-99.036668,23.301658
1,Llera,2025-12-26 00:00:00,20.523534075419093,0.09013861412654478,-99.023718,23.31917
1,Milpa Alta,2026-06-04 00:00:00,15.898571904500386,2.849905435118316,-99.021931,19.194164
1,Tlahuiltepa,2026-02-24 00:00:00,14.324616686503077,0.06581544874961764,-99.000924,20.974641
1,La Misión,2026-02-24 00:00:00,15.372671699523949,0.09976476425777037,-98.98841,21.030919
1,La Misión,2026-02-26 00:00:00,15.372671699523949,0.09976476425777037,-98.984294,21.021845
1,La Misión,2026-02-22 00:00:00,15.768058395385765,0.08185535560301105,-98.98349,21.02246
1,Chapulhuacán,2026-02-24 00:00:00,16.99754962921145,0.17330752007183037,-98.93078,21.185
1,Molango de Escamilla,2026-02-28 00:00:00,14.837245559692406,0.011511104901273939,-98.81796,20.93615
1,Molango de Escamilla,2026-02-28 00:00:00,13.862365659078023,0.014960723717649671,-98.75213,20.83461
1,Lolotla,2026-02-21 00:00:00,14.718426005045558,0.028119981266172545,-98.72649,20.89998
1,Lolotla,2026-02-26 00:00:00,14.830598131815577,0.03682970995555479,-98.70291,20.90168
1,Lolotla,2026-02-27 00:00:00,15.047546323140523,0.02567763885963359,-98.70229,20.88286
1,Tianguistengo,2026-02-23 00:00:00,13.086254056294763,0.05312557777870097,-98.66353,20.73519
1,El Mante,2026-01-20 00:00:00,21.671158409118675,0.004176954178092274,-98.662028,22.590418
1,González,2026-01-22 00:00:00,20.87729765574136,0.00436653888868932,-98.660295,22.619913
1,Xochicoatlán,2026-02-18 00:00:00,13.69196217854818,0.1366674899543341,-98.650226,20.812616
1,González,2026-01-10 00:00:00,22.955520566304585,0.007087072646072556,-98.634058,22.627642
1,Zacualtipán de Ángeles,2026-02-27 00:00:00,13.590005811055562,0.15914733967292705,-98.633,20.65424
1,González,2026-01-08 00:00:00,22.51052818298342,0.011722743465725216,-98.621766,22.671315
1,Huejutla de Reyes,2026-02-27 00:00:00,17.27040602366128,0.052221156579435046,-98.597665,21.084419
1,Calnali,2026-02-27 00:00:00,15.609069760640523,0.046227830210909815,-98.588016,20.897788
1,Calnali,2026-02-27 00:00:00,15.609069760640523,0.046227830210909815,-98.5877,20.898024
1,El Mante,2026-01-13 00:00:00,22.704929288228413,0.013815206472145292,-98.571437,22.57995
1,El Mante,2026-01-21 00:00:00,21.73675117492678,0.008861460969455948,-98.553094,22.54411
1,González,2026-01-12 00:00:00,22.586552238464378,0.023882090971483194,-98.548645,22.653456
1,González,2026-01-09 00:00:00,22.576122538248683,0.01671463243724247,-98.5384,22.677704
1,González,2026-01-13 00:00:00,22.565199470520042,0.023882090971483194,-98.515789,22.672584
1,Tianguistengo,2026-02-27 00:00:00,14.211527442932152,0.25719847039340493,-98.49773,20.77405
1,Tianguistengo,2026-02-26 00:00:00,15.302917416890523,0.24778689703452983,-98.492632,20.817122
1,González,2026-01-20 00:00:00,21.95114701588949,0.0030114238143141847,-98.490418,22.632946
1,Tianguistengo,2026-02-26 00:00:00,15.951052284240745,0.30551701291869904,-98.46644,20.80688
1,Tianguistengo,2026-02-15 00:00:00,15.094131406148335,0.653591751984095,-98.455558,20.841404
1,González,2026-01-05 00:00:00,22.243196105957054,0.023278593943132364,-98.453746,22.851559
1,Tianguistengo,2026-02-20 00:00:00,16.104279772440577,0.427962839552265,-98.44739,20.84294
1,González,2026-01-28 00:00:00,19.930458323160792,0.013023147062085627,-98.43438,22.825503
1,Ebano,2025-12-27 00:00:00,22.767840957641624,0.03466010093688965,-98.377602,22.219244
1,Atlapexco,2026-02-23 00:00:00,18.342606163024925,0.05184517493717067,-98.322252,21.013628
1,Tlaxco,2026-05-06 00:00:00,14.320254262288472,0.5692318081855774,-98.311182,19.713764
1,Panotla,2026-04-22 00:00:00,14.954686419169093,0.9808242321014404,-98.275379,19.312247
1,Huautla,2026-02-25 00:00:00,19.117266273498558,0.07780637105270216,-98.27055,21.10627
1,San Bartolo Tutotepec,2026-02-20 00:00:00,13.773357645670558,0.38402970389483926,-98.270097,20.472938
1,Huautla,2026-02-19 00:00:00,19.117266273498558,0.08905376751044969,-98.254065,21.069827
1,Tlaxcala,2026-05-29 00:00:00,17.317133204142237,1.7084377447016408,-98.22445,19.28228
1,Xaltocan,2026-05-19 00:00:00,17.829223569234216,0.6653010844672735,-98.214938,19.444588
1,Xaltocan,2026-05-21 00:00:00,18.029767290751124,0.720098614692688,-98.20884,19.424304
1,San Bartolo Tutotepec,2026-02-23 00:00:00,14.030831273396814,0.14932632342379293,-98.195945,20.400617
1,Huautla,2026-02-22 00:00:00,19.702628707885765,0.060756504524306365,-98.156648,21.033852
1,Contla de Juan Cuamatzi,2026-05-26 00:00:00,16.3904214859009,1.442632820241485,-98.128655,19.311162
1,Apizaco,2026-05-11 00:00:00,17.592659568786644,0.6692558526992798,-98.116105,19.413524
1,Altamira,2025-12-31 00:00:00,23.19517065683999,0.06911307568202574,-98.109901,22.387987
1,Huehuetla,2026-02-14 00:00:00,13.44645525614419,0.9416610002404013,-98.086318,20.448297
1,San Bartolo Tutotepec,2026-02-25 00:00:00,15.414785957336449,0.5656659974988543,-98.081888,20.51836
1,Huehuetla,2026-02-26 00:00:00,16.95942300160732,0.2646844579317076,-98.081623,20.602627
1,San Bartolo Tutotepec,2026-02-25 00:00:00,16.678173001607263,0.5070537328890623,-98.04835,20.50667
1,San Bartolo Tutotepec,2026-02-25 00:00:00,16.678173001607263,0.5070537328890623,-98.048104,20.508021
1,Huehuetla,2026-02-22 00:00:00,17.953416760762593,0.25476366278098794,-98.042525,20.566419
1,Ixhuatlán de Madero,2025-07-04 00:00:00,24.914474105834984,10.337540824849611,-98.014572,20.78314
1,Altamira,2026-01-16 00:00:00,22.901680564880394,0.02889186140464517,-97.9891,22.4258
1,Aldama,2026-01-22 00:00:00,20.336997922261617,0.013999062900893477,-97.922513,23.166264
1,Ixtenco,2026-03-17 00:00:00,13.09787743886318,0.00834715552855414,-97.915166,19.243309
1,Ciudad Madero,2026-01-19 00:00:00,22.506082471211755,0.05645900961326333,-97.846388,22.272199
1,San Sebastián Tlacotepec,2025-09-03 00:00:00,17.8496557235718,4.3312579393379735,-96.867363,18.245351
1,Dist. Ixtlan,2025-05-07 00:00:00,18.625142033894917,0.844448804826925,-96.63582,17.7886
1,Dist. Tuxtepec,2025-07-08 00:00:00,23.173055267334007,7.920791811329764,-96.606646,18.03248
1,Dist. Villa Alta,2025-06-05 00:00:00,21.386216735839866,1.7664000389174817,-96.296934,17.423942
1,Dist. Tuxtepec,2025-06-23 00:00:00,25.780878639221214,8.362208305820573,-96.0575,17.8444
1,Choapam,2025-07-03 00:00:00,24.94323883056643,10.603275296745096,-95.987493,17.77771
1,Dist. Tuxtepec,2025-06-19 00:00:00,29.251314099629724,5.719035863856803,-95.971388,18.126407
1,Playa Vicente,2025-06-17 00:00:00,28.92741419474288,4.189763963220017,-95.580842,17.835487
1,Playa Vicente,2025-05-30 00:00:00,30.95080782572427,0.06913361255556083,-95.55823,17.91515
1,Dist. Mixe,2025-06-19 00:00:00,27.774482981363917,2.4187314006667293,-95.490199,17.24892
1,Juan Rodríguez Clara,2025-05-07 00:00:00,28.872112846374534,0.0060644134691756335,-95.45312,18.1086
1,Juan Rodríguez Clara,2025-06-04 00:00:00,30.240768051147484,0.1356631517328566,-95.428363,17.960028
1,Dist. Tehuantepec,2025-06-06 00:00:00,25.000345484415675,1.64018422359824,-95.353171,16.739058
1,Dist. Juchitan,2025-06-04 00:00:00,27.868208185831747,0.42496589128404594,-95.168052,17.029604
1,Dist. Mixe,2025-06-02 00:00:00,30.173350270589253,0.01659956873822921,-95.168052,17.355719
1,Jesús Carranza,2025-05-19 00:00:00,30.28900553385415,0.0019344255974829139,-95.11229,17.43989
1,Dist. Juchitan,2025-06-23 00:00:00,27.710357602437398,4.5945942392222605,-95.110952,16.572513
1,San Andrés Tuxtla,2025-06-29 00:00:00,26.7246722539266,7.926374673843384,-95.056623,18.49167
1,Dist. Juchitan,2025-06-26 00:00:00,27.545108095804835,5.916570127007859,-95.0522,17.0873
1,Dist. Juchitan,2025-06-10 00:00:00,28.621576245625874,1.3829171657562256,-95.040766,16.995656
1,Dist. Juchitan,2025-06-11 00:00:00,29.054100608825706,2.039319276804008,-95.032494,16.560728
1,Dist. Juchitan,2025-07-06 00:00:00,27.039605394999228,3.2245248555113903,-95.03102,16.52299
1,Dist. Juchitan,2025-05-23 00:00:00,30.158741569519066,0.0031834807714403723,-95.018028,17.14708
1,Dist. Juchitan,2025-06-07 00:00:00,29.03475373586025,0.8504539728164673,-94.9891,17.1185
1,Dist. Juchitan,2025-06-11 00:00:00,28.859152094523154,0.5684643983840942,-94.989,17.1817
1,Dist. Juchitan,2025-07-01 00:00:00,26.071433321634913,7.663615047874828,-94.981306,17.10925
1,Dist. Juchitan,2025-07-01 00:00:00,26.1546038945516,7.43338614699951,-94.97112,17.02439
1,Dist. Juchitan,2025-06-08 00:00:00,28.778731600443564,1.3829171657562256,-94.964413,17.043113
1,Dist. Juchitan,2025-06-21 00:00:00,26.965966161092183,4.4421762227671024,-94.964355,16.80814
1,Dist. Juchitan,2025-06-16 00:00:00,28.26563701629641,2.0010599470854373,-94.961093,16.98914
1,Dist. Juchitan,2025-06-08 00:00:00,28.404341952006007,2.0156249403928683,-94.954618,16.868231
1,Dist. Juchitan,2025-06-26 00:00:00,27.22727673848476,5.0252177939569265,-94.95253,16.93487
1,Dist. Juchitan,2025-05-08 00:00:00,28.880974706014,0.015810131998250654,-94.94842,16.91048
1,Dist. Juchitan,2025-06-08 00:00:00,28.778731600443564,1.3829171657562256,-94.94745,17.016859
1,Jesús Carranza,2025-06-09 00:00:00,29.09246915181484,1.9132763147329257,-94.9465,17.3653
1,Dist. Juchitan,2025-06-14 00:00:00,28.975596046447777,3.3192905279975093,-94.943977,16.479453
1,Dist. Juchitan,2025-06-17 00:00:00,28.18667786916103,2.40146606930125,-94.943175,17.00745
1,Dist. Juchitan,2025-04-30 00:00:00,27.681884384155296,0.020205974578857422,-94.9346,16.9082
1,Dist. Juchitan,2025-06-29 00:00:00,25.416822369893453,3.513556718823807,-94.907476,16.69896
1,Dist. Juchitan,2025-06-20 00:00:00,27.304103787740132,4.240483045578003,-94.906165,16.97642
1,Dist. Juchitan,2025-07-01 00:00:00,25.99794699350997,7.189922034720908,-94.887716,17.11252
1,Dist. Juchitan,2025-07-07 00:00:00,25.345010693868062,2.6434093713589846,-94.874263,16.73402
1,Dist. Juchitan,2025-07-04 00:00:00,25.269013341267964,3.0519657955299095,-94.874031,16.7347
1,Dist. Juchitan,2025-06-22 00:00:00,27.479476547241234,5.514374375309217,-94.869905,17.08225
1,Dist. Juchitan,2025-06-12 00:00:00,28.92071463267007,2.799549698778492,-94.848629,16.542815
1,Dist. Juchitan,2025-07-10 00:00:00,26.39038238525393,2.6363604889070302,-94.827371,16.59573
1,Dist. Juchitan,2025-07-04 00:00:00,26.484521484375023,3.54515016076995,-94.82123,16.61189
1,Dist. Juchitan,2025-07-08 00:00:00,26.497110303243062,2.8906488046800405,-94.821159,16.61182
1,Dist. Juchitan,2025-06-25 00:00:00,26.14792054494228,3.3757209777807162,-94.776061,16.701594
1,Dist. Juchitan,2025-07-07 00:00:00,25.49694754282632,2.690330147743225,-94.771108,16.70241
1,Dist. Juchitan,2025-06-20 00:00:00,27.500954564412496,4.826448857784271,-94.771016,16.590837
1,Hidalgotitlán,2025-06-28 00:00:00,27.19565862019857,9.70886796712378,-94.762491,17.45768
1,Dist. Juchitan,2025-07-05 00:00:00,25.407340304056845,5.137020008533,-94.7621,16.76784
1,Hidalgotitlán,2025-06-28 00:00:00,27.568298594156943,8.673873543736832,-94.7611,17.4914
1,Dist. Juchitan,2025-07-05 00:00:00,25.407340304056845,5.137020008533,-94.75472,16.76047
1,Hidalgotitlán,2025-06-19 00:00:00,28.09430561065676,6.401129314648202,-94.754012,17.303578
1,Dist. Juchitan,2025-07-04 00:00:00,27.018751080830953,4.875664412907099,-94.748006,16.48505
1,Hidalgotitlán,2025-06-06 00:00:00,29.44438578287759,0.789964199015003,-94.747993,17.300838
1,Dist. Juchitan,2025-07-02 00:00:00,24.89575570424404,4.634623229501145,-94.741717,16.7179
1,Dist. Juchitan,2025-06-14 00:00:00,27.15387051900234,2.835310995578766,-94.739829,17.04438
1,Dist. Juchitan,2025-07-03 00:00:00,24.89575570424404,4.634623229501145,-94.73946,16.72102
1,Hidalgotitlán,2025-06-29 00:00:00,26.836163775126124,10.214969515800476,-94.7112,17.2574
1,Dist. Juchitan,2025-07-01 00:00:00,26.949312464396144,4.83864396805167,-94.660166,16.56186
1,Dist. Juchitan,2025-06-07 00:00:00,28.987991587321005,1.9123875651700928,-94.657519,16.522185
1,Hidalgotitlán,2025-06-29 00:00:00,26.826967811584495,11.990847713775565,-94.610537,17.24299
1,Dist. Juchitan,2025-06-23 00:00:00,26.476696904500386,7.87659436464061,-94.591618,17.14394
1,Dist. Juchitan,2025-06-02 00:00:00,28.987991587321005,1.0603448717745323,-94.56559,16.5653
1,Dist. Juchitan,2025-05-30 00:00:00,28.863745307922386,0.7121932238760564,-94.52275,16.4578
1,Dist. Juchitan,2025-07-09 00:00:00,26.962915039062523,4.83864396805167,-94.512017,16.55311
1,Minatitlán,2025-05-19 00:00:00,28.79084167480471,0.0035017346533550153,-94.48508,17.28754
1,Dist. Juchitan,2025-05-29 00:00:00,28.723613357543968,0.8618455857458684,-94.482334,16.481346
1,Minatitlán,2025-07-06 00:00:00,26.83149394989016,10.766090452666077,-94.436065,17.60927
1,Dist. Juchitan,2025-06-25 00:00:00,27.099478022257472,5.334776639935868,-94.4322,16.3421
1,Dist. Juchitan,2025-06-26 00:00:00,27.050446446736714,5.216845870013032,-94.430583,16.34066
1,Dist. Juchitan,2025-06-20 00:00:00,27.590639050801656,5.499234795516728,-94.419033,16.440764
1,Dist. Juchitan,2025-05-19 00:00:00,28.26338221232095,0.7297220421857986,-94.40366,16.46427
1,Minatitlán,2025-06-08 00:00:00,28.199451382954976,1.9129365682601929,-94.3937,17.2701
1,Minatitlán,2025-05-30 00:00:00,29.494348144531273,0.005537271448474712,-94.39102,17.40298
1,Dist. Juchitan,2025-06-03 00:00:00,28.31085580190023,1.0948604314933164,-94.373787,16.451721
1,Dist. Juchitan,2025-06-26 00:00:00,27.165078417460165,5.442732572550568,-94.371456,16.46464
1,Dist. Juchitan,2025-06-24 00:00:00,27.39336452484133,5.442732572550568,-94.367661,16.457083
1,Dist. Juchitan,2025-06-06 00:00:00,28.31085580190023,2.007694760209233,-94.363711,16.540281
1,Minatitlán,2025-06-01 00:00:00,29.24499918619796,0.02795904848085229,-94.356797,17.247991
1,Dist. Juchitan,2025-06-23 00:00:00,27.050446446736714,5.281500518302451,-94.356402,16.346523
1,Minatitlán,2025-06-12 00:00:00,26.682193374633812,2.945888042432898,-94.350697,17.217391
1,Dist. Juchitan,2025-06-15 00:00:00,26.653096135457417,4.196612784596709,-94.344721,16.516331
1,Dist. Juchitan,2025-06-18 00:00:00,26.322992897033714,5.22706359624614,-94.342162,16.493903
1,Dist. Juchitan,2025-06-26 00:00:00,26.059339459737203,6.081497669166325,-94.336902,16.42828
1,Dist. Juchitan,2025-07-01 00:00:00,25.656722005208337,8.08448642490589,-94.336779,16.41549
1,Dist. Juchitan,2025-05-25 00:00:00,26.7920750935873,0.860975937882813,-94.33625,16.54832
1,Minatitlán,2025-06-06 00:00:00,28.267909940083882,1.1769264936365431,-94.333567,17.37007
1,Dist. Juchitan,2025-07-03 00:00:00,26.88497664133706,7.84750343021301,-94.326699,16.2513
1,Dist. Juchitan,2025-07-05 00:00:00,26.88497664133706,7.84750343021301,-94.325494,16.25405
1,Dist. Juchitan,2025-06-23 00:00:00,27.038465436299646,6.462129950477902,-94.324113,16.25254
1,Dist. Juchitan,2025-06-17 00:00:00,26.50690549214687,4.610471427440643,-94.322877,16.547306
1,Dist. Juchitan,2025-06-19 00:00:00,26.99889176686611,5.21091520785788,-94.318851,16.392537
1,Dist. Juchitan,2025-06-19 00:00:00,26.99889176686611,5.21091520785788,-94.316659,16.397439
1,Dist. Juchitan,2025-05-28 00:00:00,26.7920750935873,0.860975937882813,-94.31024,16.41265
1,Dist. Juchitan,2025-06-16 00:00:00,26.653096135457417,4.388655722124213,-94.307139,16.481994
1,Dist. Juchitan,2025-06-15 00:00:00,26.653096135457417,4.196612784596709,-94.287325,16.466018
1,Dist. Juchitan,2025-06-22 00:00:00,26.70648123423257,6.687557098937091,-94.2852,16.3526
1,Minatitlán,2025-06-29 00:00:00,26.566053962707542,12.97614441757311,-94.267199,17.23241
1,Moloacán,2025-06-28 00:00:00,27.871406491597554,8.070285618288153,-94.266388,17.95275
1,Dist. Juchitan,2025-06-02 00:00:00,25.12347501118984,1.0198593164059133,-94.266368,16.447565
1,Dist. Juchitan,2025-06-15 00:00:00,24.813374455769917,4.782597968329583,-94.246991,16.464109
1,Dist. Juchitan,2025-05-28 00:00:00,24.875366465250693,1.0198593164059133,-94.23347,16.4821
1,Moloacán,2025-06-04 00:00:00,29.84425570170083,0.051358342119556255,-94.23103,17.97347
1,Dist. Juchitan,2025-06-15 00:00:00,24.813374455769917,4.782597968329583,-94.22284,16.441869
1,Minatitlán,2025-06-30 00:00:00,26.23523578643801,13.619758669676685,-94.216339,17.17581
1,Dist. Juchitan,2025-06-17 00:00:00,26.355009333292685,4.998093843425977,-94.216205,16.360381
1,Minatitlán,2025-06-12 00:00:00,27.927624638875386,5.574911832809448,-94.214014,17.177265
1,Moloacán,2025-06-20 00:00:00,28.398257827758812,5.045652388560029,-94.212322,17.974089
1,Dist. Juchitan,2025-05-15 00:00:00,26.63665065765383,1.0154935288539946,-94.209741,16.395651
1,Dist. Juchitan,2025-06-24 00:00:00,25.888499832153343,5.5835723876782595,-94.201939,16.40749
1,Minatitlán,2025-06-24 00:00:00,27.689896202087425,7.034055888633262,-94.196573,17.601575
1,Dist. Juchitan,2025-07-05 00:00:00,25.677770551045796,7.168754047683024,-94.196469,16.38145
1,Dist. Juchitan,2025-05-23 00:00:00,27.572617467244527,1.7648422310116985,-94.192181,16.30846
1,Las Choapas,2025-07-06 00:00:00,26.53559551239016,8.648706374239978,-94.167695,17.5238
1,Dist. Juchitan,2025-06-23 00:00:00,23.169406827290913,5.228590964302171,-94.165303,16.4151
1,Dist. Juchitan,2025-06-14 00:00:00,27.19408696492519,2.795553207334933,-94.1557,16.3203
1,Coatzacoalcos,2025-06-05 00:00:00,29.61826922098794,0.1366868614613992,-94.15291,18.19397
1,Dist. Juchitan,2025-05-25 00:00:00,27.324967320760152,1.3768768277486743,-94.1505,16.2851
1,Dist. Juchitan,2025-07-03 00:00:00,25.002749061584495,5.921953915532185,-94.147416,16.35148
1,Dist. Juchitan,2025-05-24 00:00:00,25.7739664077759,1.4114972298955308,-94.137852,16.39455
1,Dist. Juchitan,2025-06-21 00:00:00,23.96316998799648,8.585450052246202,-94.135208,17.056479
1,Cintalapa,2025-05-28 00:00:00,23.852570152282738,1.1504646867877,-94.13424,16.47264
1,Dist. Juchitan,2025-07-07 00:00:00,20.85021266937258,7.314202189443009,-94.134175,16.71162
1,Dist. Juchitan,2025-07-04 00:00:00,25.002749061584495,6.694325205387486,-94.131579,16.35647
1,Dist. Juchitan,2025-07-02 00:00:00,25.002749061584495,5.921953915532185,-94.131287,16.38098
1,Dist. Juchitan,2025-06-22 00:00:00,25.51333611806234,10.200978815550599,-94.131195,17.130702
1,Dist. Juchitan,2025-05-27 00:00:00,27.396914736429835,0.09106336824871164,-94.130563,17.13326
1,Dist. Juchitan,2025-06-19 00:00:00,25.6192982355754,4.596197768506727,-94.126947,16.379298
1,Dist. Juchitan,2025-06-21 00:00:00,26.48814671834316,7.027667760846512,-94.124092,17.140993
1,Dist. Juchitan,2025-06-28 00:00:00,24.822662289937398,13.919543621597086,-94.118853,17.09594
1,Cintalapa,2025-05-20 00:00:00,23.802540715535486,0.9278702331609878,-94.117081,16.49995
1,Dist. Juchitan,2025-06-22 00:00:00,25.51333611806234,10.200978815550599,-94.112822,17.138076
1,Dist. Juchitan,2025-05-11 00:00:00,25.69002463022872,0.9650319838865329,-94.111561,16.375241
1,Dist. Juchitan,2025-06-22 00:00:00,25.51333611806234,10.200978815550599,-94.11086,17.127391
1,Las Choapas,2025-06-08 00:00:00,29.28535963694253,1.4074817299842834,-94.099469,17.655029
1,Las Choapas,2025-06-28 00:00:00,25.809193865458155,14.368089400306872,-94.096088,17.16783
1,Cintalapa,2025-05-20 00:00:00,23.802540715535486,0.9278702331609878,-94.088398,16.47561
1,Las Choapas,2025-05-29 00:00:00,29.77486921946206,0.013978454489915748,-94.06865,17.44019
1,Las Choapas,2025-07-02 00:00:00,26.242959912618062,12.121489045691547,-94.056624,17.38854
1,Arriaga,2025-05-24 00:00:00,26.67912127176919,1.220575996541129,-93.96729,16.27083
1,Las Choapas,2025-07-06 00:00:00,27.056601460774743,6.830856204013358,-93.96048,17.6286
1,Las Choapas,2025-05-08 00:00:00,27.548198954264365,0.06506021503582815,-93.957481,17.629249
1,Las Choapas,2025-05-27 00:00:00,30.29019126892092,0.006951391696929932,-93.94373,17.65783
1,Huimanguillo,2025-06-19 00:00:00,28.145410156250023,4.064711927384224,-93.938696,17.778128
1,Las Choapas,2025-06-27 00:00:00,27.022265052795433,9.107419848437104,-93.938678,17.48242
1,Las Choapas,2025-05-17 00:00:00,28.616509373982808,0.006468594023090191,-93.93551,17.60575
1,Huimanguillo,2025-06-17 00:00:00,28.97305259704592,2.0955294360476273,-93.921858,17.867663
1,Las Choapas,2025-06-11 00:00:00,28.808045323689782,2.213814854570728,-93.917194,17.611307
1,Cintalapa,2025-05-12 00:00:00,25.000039990743005,0.38687093679001805,-93.914978,16.93769
1,Las Choapas,2025-06-27 00:00:00,27.57253799438479,7.186819612977402,-93.914557,17.63163
1,Las Choapas,2025-06-27 00:00:00,27.218432044982933,9.046857058999436,-93.914318,17.60263
1,Cintalapa,2025-04-30 00:00:00,24.018893178304097,0.4037037491571027,-93.911026,16.96688
1,Las Choapas,2025-06-28 00:00:00,26.573093350728357,10.989663004872696,-93.910754,17.42283
1,Las Choapas,2025-06-19 00:00:00,27.6416695276896,5.8082982897733615,-93.908184,17.485292
1,Las Choapas,2025-06-24 00:00:00,27.3239297231039,7.047902047617072,-93.906539,17.493499
1,Cárdenas,2025-07-05 00:00:00,28.054001108805323,3.7151363062548626,-93.892458,18.20421
1,Cintalapa,2025-05-12 00:00:00,25.000039990743005,0.38687093679001805,-93.884213,16.92668
1,Jiquipilas,2025-05-28 00:00:00,24.810545221964503,1.3414486546139415,-93.88042,16.4039
1,Huimanguillo,2025-07-08 00:00:00,28.163340822855616,3.665482997860181,-93.879999,18.08134
1,Las Choapas,2025-06-06 00:00:00,28.423549270629906,2.866035699838676,-93.879962,17.455856
1,Las Choapas,2025-06-03 00:00:00,29.219989077250148,0.5311739176931951,-93.86596,17.44289
1,Tonalá,2025-05-23 00:00:00,26.638201649983785,1.3071667497968065,-93.86483,16.170089
1,Arriaga,2025-05-15 00:00:00,26.652551905314112,0.8161962032033898,-93.863081,16.18964
1,Cintalapa,2025-04-27 00:00:00,24.625935808817587,0.3173908228095712,-93.86235,16.92461
1,Las Choapas,2025-06-03 00:00:00,28.802264467875148,0.4099455208006475,-93.85481,17.29609
1,Arriaga,2025-05-11 00:00:00,26.495472208658896,0.8161962032033898,-93.853012,16.20599
1,Arriaga,2025-05-06 00:00:00,26.417470232645712,0.19746125389019653,-93.85298,16.20593
1,Arriaga,2025-05-06 00:00:00,26.417470232645712,0.19746125389019653,-93.85291,16.20609
1,Huimanguillo,2025-07-08 00:00:00,28.098306274414085,4.015605151636237,-93.846977,17.95429
1,Jiquipilas,2025-05-24 00:00:00,24.661647733052632,0.8791881395406875,-93.83975,16.40847
1,Jiquipilas,2025-05-02 00:00:00,23.778139050801656,0.12816246467650672,-93.83626,16.40889
1,Las Choapas,2025-06-01 00:00:00,29.857784207662007,0.07076110566117677,-93.83549,17.48117
1,Las Choapas,2025-06-25 00:00:00,26.84685509999599,9.761568903920548,-93.8353,17.4411
1,Cintalapa,2025-05-12 00:00:00,25.40881277720132,0.32002721405888224,-93.834521,16.92666
1,Las Choapas,2025-06-19 00:00:00,27.181143697102925,8.85615497825576,-93.831241,17.369608
1,Tonalá,2025-05-20 00:00:00,27.81698570251467,1.261691288373612,-93.82805,16.165001
1,Jiquipilas,2025-05-28 00:00:00,25.45653813680019,0.7817337391600176,-93.8271,16.45352
1,Las Choapas,2025-06-22 00:00:00,27.74502112070718,4.390530287253114,-93.825,17.5478
1,Tonalá,2025-05-26 00:00:00,28.498980140686058,1.4060651580223293,-93.823059,16.013221
1,Tonalá,2025-05-21 00:00:00,27.840475336710654,1.261691288373612,-93.821612,16.113622
1,Las Choapas,2025-06-22 00:00:00,27.08303731282558,8.36222618816329,-93.821378,17.392413
1,Cintalapa,2025-04-29 00:00:00,24.176112429300986,0.07195997849862579,-93.81634,16.54926
1,Arriaga,2025-04-15 00:00:00,23.525884882609034,0.009815954607361732,-93.81515,16.28397
1,Tonalá,2025-05-18 00:00:00,28.459997749328636,0.9458693432691234,-93.8129,16.03094
1,Las Choapas,2025-06-20 00:00:00,27.532257016499898,5.8210983862725385,-93.812287,17.473893
1,Huimanguillo,2025-07-05 00:00:00,27.104548072814964,7.368551194662842,-93.812011,17.77249
1,Las Choapas,2025-06-19 00:00:00,27.181143697102925,8.85615497825576,-93.811173,17.362389
1,Las Choapas,2025-06-09 00:00:00,29.02829163869228,1.4427810907307048,-93.805652,17.545009
1,Las Choapas,2025-06-28 00:00:00,26.487644131978413,10.41220873594284,-93.805497,17.46316
1,Jiquipilas,2025-05-24 00:00:00,24.661647733052632,0.8791881395406875,-93.8052,16.38857
1,Tonalá,2025-05-21 00:00:00,28.383277193705226,1.0371327399525399,-93.803538,15.947674
1,Huimanguillo,2025-07-04 00:00:00,27.104548072814964,8.49585235116912,-93.803092,17.70753
1,Jiquipilas,2025-05-27 00:00:00,25.47946637471523,0.6645518137045059,-93.79725,16.45903
1,Cintalapa,2025-05-22 00:00:00,26.275316492716513,0.07565468547454657,-93.794543,16.85765
1,Tonalá,2025-05-03 00:00:00,27.525059954325343,0.45289601999343176,-93.79436,16.10873
1,Las Choapas,2025-06-23 00:00:00,27.647339757283532,4.696257412433624,-93.793622,17.620321
1,Tonalá,2025-05-07 00:00:00,27.675369834899925,0.21795035053173706,-93.79233,16.11447
1,Las Choapas,2025-06-08 00:00:00,28.716777420043968,1.8857792019844055,-93.78884,17.478115
1,Villaflores,2025-05-14 00:00:00,24.9411394755046,0.545625388619797,-93.786154,16.30873
1,Tonalá,2025-05-23 00:00:00,27.899309094746968,1.2104387365639013,-93.78383,16.08662
1,Las Choapas,2025-05-28 00:00:00,28.89619566599532,0.008880481557227426,-93.78328,17.43858
1,Las Choapas,2025-05-30 00:00:00,29.776770210266136,0.017769024237779263,-93.78207,17.46973
1,Las Choapas,2025-06-09 00:00:00,28.765073712666833,1.7421647906221693,-93.770691,17.474038
1,Las Choapas,2025-05-04 00:00:00,28.021898206075093,0.08729547255370562,-93.76788,17.68047
1,Las Choapas,2025-06-06 00:00:00,28.104474322001124,1.639828085899353,-93.759965,17.344058
1,Las Choapas,2025-06-07 00:00:00,27.924062983194972,2.419981360390011,-93.759806,17.353951
1,Las Choapas,2025-06-22 00:00:00,28.00092500050863,4.626378417015076,-93.75698,17.54713
1,Tonalá,2025-05-29 00:00:00,26.055786069234216,1.511453620565817,-93.75576,16.09439
1,Tonalá,2025-05-28 00:00:00,27.97173716227212,1.3823911189856375,-93.75241,16.08511
1,Tonalá,2025-05-30 00:00:00,26.111223793029808,1.4561482855981467,-93.73739,16.08999
1,Huimanguillo,2025-06-11 00:00:00,29.92989660898843,0.6222426891326904,-93.733916,17.931429
1,Tonalá,2025-04-26 00:00:00,25.630370076497456,0.03513153735390517,-93.73289,16.08965
1,Las Choapas,2025-06-09 00:00:00,29.30539124806728,1.3372153043746948,-93.728641,17.596427
1,Tonalá,2025-05-01 00:00:00,28.45404141743984,0.09347163825168536,-93.72818,15.90149
1,Huimanguillo,2025-06-30 00:00:00,28.365461921691917,5.4692819714521335,-93.721722,17.95859
1,Tonalá,2025-05-28 00:00:00,27.97173716227212,1.3823911189856375,-93.7213,15.9957
1,Tonalá,2025-05-03 00:00:00,27.56541849772134,0.6055554427177867,-93.70582,16.06679
1,Tonalá,2025-05-22 00:00:00,27.899309094746968,1.2104387365639013,-93.704374,16.012613
1,Tonalá,2025-05-30 00:00:00,27.97173716227212,1.224646996226042,-93.70388,16.03892
1,Tonalá,2025-05-16 00:00:00,27.991799290974996,0.9058552616636462,-93.694532,16.01055
1,Huimanguillo,2025-05-26 00:00:00,28.567494010925316,0.008880481557227426,-93.6922,17.454
1,Tonalá,2025-05-20 00:00:00,27.866910870870015,1.1653199791226143,-93.691621,16.0204
1,Tonalá,2025-05-22 00:00:00,29.02880725860598,1.0445937514305115,-93.685131,15.878164
1,Huimanguillo,2025-06-03 00:00:00,30.18252525329592,0.2413463324728582,-93.68266,17.58376
1,Tonalá,2025-04-25 00:00:00,27.537716166178427,0.031227433121117087,-93.6786,16.06052
1,Tonalá,2025-05-20 00:00:00,27.866910870870015,1.1653199791226143,-93.67549,15.966579
1,Tonalá,2025-05-01 00:00:00,28.45404141743984,0.09347163825168536,-93.66814,15.85997
1,Villaflores,2025-05-13 00:00:00,24.360619163513206,0.27638375758876066,-93.667002,16.40621
1,Tonalá,2025-05-28 00:00:00,26.055786069234216,1.511453620565817,-93.66635,16.14582
1,Tonalá,2025-04-17 00:00:00,28.463328933715843,0.0017095354962748388,-93.66612,15.86207
1,Huimanguillo,2025-06-30 00:00:00,27.645728683471702,6.750840464576413,-93.664959,17.83858
1,Cárdenas,2025-07-03 00:00:00,28.276364580790187,3.1401779818054365,-93.661798,18.13456
1,Tonalá,2025-05-08 00:00:00,28.78722724914553,0.0963890407614798,-93.660702,15.85027
1,Tonalá,2025-05-30 00:00:00,27.97173716227212,1.224646996226042,-93.66029,15.95136
1,Tonalá,2025-05-17 00:00:00,27.918891525268577,0.9743901657941478,-93.658245,15.95645
1,Tonalá,2025-05-31 00:00:00,28.056634839375818,1.224646996226042,-93.65055,15.97224
1,Cárdenas,2025-06-24 00:00:00,29.08114363352462,2.3420080542368993,-93.650487,18.075274
1,Villa Corzo,2025-05-05 00:00:00,27.59015108744302,0.30161347106627545,-93.64416,16.05637
1,Tecpatán,2025-06-07 00:00:00,27.924062983194972,2.419981360390011,-93.641998,17.309186
1,Tonalá,2025-05-26 00:00:00,27.97173716227212,1.224646996226042,-93.62552,15.97026
1,Cárdenas,2025-07-10 00:00:00,28.124207433064782,2.865584194665871,-93.620018,18.10289
1,Tonalá,2025-05-08 00:00:00,27.35029563903811,0.35619314192558704,-93.619051,15.91444
1,Villa Corzo,2025-05-20 00:00:00,26.033617273966513,1.1492416286582596,-93.614952,16.03601
1,Villa Corzo,2025-05-20 00:00:00,26.033617273966513,1.1492416286582596,-93.614368,16.039486
1,Tonalá,2025-05-12 00:00:00,25.88634134928384,0.9389015603460393,-93.609712,15.94391
1,Tonalá,2025-04-26 00:00:00,25.73323211669924,0.00803377575131492,-93.60949,15.97436
1,Tonalá,2025-04-17 00:00:00,25.447662925720238,0.0017137466556960135,-93.60785,15.95988
1,Tonalá,2025-05-02 00:00:00,27.052908198038722,0.7137790321678494,-93.5868,15.8882
1,Tonalá,2025-05-08 00:00:00,25.82280661265054,0.41322708119650997,-93.563956,16.01174
1,Cárdenas,2025-06-20 00:00:00,29.604990259806357,2.047598361949454,-93.546663,18.103767
1,Tonalá,2025-05-12 00:00:00,28.1380439758301,1.1623908250442128,-93.531891,15.81372
1,Cárdenas,2025-05-28 00:00:00,30.39485861460372,0.002011656732747724,-93.53094,18.32435
1,Tonalá,2025-05-16 00:00:00,26.818213717142726,1.3066383862110342,-93.53033,15.87773
1,Tonalá,2025-03-23 00:00:00,25.96209583282473,0.0020224244678956893,-93.53033,15.877734
1,Tonalá,2025-05-30 00:00:00,28.30933818817141,1.4863505956270728,-93.52564,15.81711
1,Tonalá,2025-04-02 00:00:00,26.43727296193441,0.002515112706547029,-93.52529,15.89123
1,Tonalá,2025-05-30 00:00:00,28.30933818817141,1.4863505956270728,-93.52312,15.82433
1,Tonalá,2025-05-16 00:00:00,24.141194279988667,1.409598548093527,-93.52295,15.94989
1,Tonalá,2025-05-11 00:00:00,26.476389821370446,1.3066383862110342,-93.522182,15.90667
1,Tonalá,2025-05-10 00:00:00,23.807792917887355,1.1071503161872442,-93.519771,15.94518
1,Tonalá,2025-04-27 00:00:00,23.496121025085472,0.014381110645445006,-93.51977,15.94518
1,Huimanguillo,2025-06-30 00:00:00,27.922179158528706,5.388118326663971,-93.507562,17.83832
1,Cárdenas,2025-07-02 00:00:00,28.53942737579348,3.775264322740668,-93.504015,18.31575
1,Tonalá,2025-05-10 00:00:00,28.1380439758301,0.8790001272984682,-93.50379,15.82394
1,Tonalá,2025-05-14 00:00:00,26.818213717142726,1.3066383862110342,-93.500738,15.91757
1,Huimanguillo,2025-07-02 00:00:00,27.869941647847554,5.438712239262955,-93.493563,17.83112
1,Tonalá,2025-04-21 00:00:00,23.791559791564964,0.007032417716601458,-93.49213,15.9428
1,Tonalá,2025-05-01 00:00:00,26.147153790791833,0.3628417848915433,-93.475384,15.853431
1,Huimanguillo,2025-06-24 00:00:00,29.121328608194972,2.7156010269777653,-93.474845,17.877938
1,Tonalá,2025-04-29 00:00:00,26.335756238301656,0.03017001543526021,-93.46578,15.89247
1,Tonalá,2025-05-16 00:00:00,28.190247790018702,1.1623908250442128,-93.464278,15.78645
1,Tonalá,2025-03-29 00:00:00,26.305045700073265,0.0025205134193129197,-93.463661,15.847904
1,Tonalá,2025-05-02 00:00:00,26.127963956197107,0.6746858357757901,-93.46259,15.88852
1,Tonalá,2025-05-08 00:00:00,26.45605684916177,0.30000831364418445,-93.462543,15.87967
1,Tonalá,2025-05-11 00:00:00,26.476389821370446,1.3066383862110342,-93.46092,15.8743
1,Huimanguillo,2025-06-23 00:00:00,29.24983367919924,2.3786500096125707,-93.456908,17.890955
1,Huimanguillo,2025-05-28 00:00:00,30.05759264628091,0.003786640206726588,-93.45548,17.61692
1,Tonalá,2025-05-10 00:00:00,27.672547594706202,0.7377239703121319,-93.452088,15.83488
1,Huimanguillo,2025-06-22 00:00:00,28.955521519978845,2.61897295713176,-93.451018,17.837555
1,Tonalá,2025-05-02 00:00:00,24.479369735717796,0.4062011836936108,-93.45024,15.88979
1,Tonalá,2025-05-05 00:00:00,27.533276494344136,0.40668398136745054,-93.44667,15.83341
1,Tonalá,2025-05-12 00:00:00,27.672547594706202,1.1171601025328215,-93.438985,15.8126
1,Huimanguillo,2025-06-19 00:00:00,29.47597242991128,2.3704051971265017,-93.434914,17.860942
1,Huimanguillo,2025-06-22 00:00:00,28.955521519978845,2.61897295713176,-93.432774,17.854528
1,Pijijiapan,2025-05-01 00:00:00,27.46270904541018,0.2904295920700406,-93.431859,15.780167
1,Huimanguillo,2025-06-11 00:00:00,29.854911104838042,0.6932884453760835,-93.430071,17.750074
1,Villa Corzo,2025-05-23 00:00:00,26.103377914428734,0.523237884019423,-93.42938,16.25583
1,Huimanguillo,2025-06-17 00:00:00,30.08314666748049,1.2824043631098903,-93.428952,17.944668
1,Huimanguillo,2025-06-30 00:00:00,27.870178476969386,5.509258465735911,-93.428156,17.75376
1,Pijijiapan,2025-05-29 00:00:00,27.747576967875148,1.2776002311820633,-93.424751,15.773558
1,Tonalá,2025-05-10 00:00:00,24.719518915812216,0.83085771783864,-93.422992,15.84954
1,Huimanguillo,2025-06-19 00:00:00,29.777648862202966,1.7345726489850222,-93.421741,17.871045
1,Tonalá,2025-05-07 00:00:00,24.53246650695803,0.2523878072349106,-93.420309,15.86489
1,Villaflores,2025-05-21 00:00:00,26.103377914428734,0.4973813890671863,-93.41931,16.31767
1,Huimanguillo,2025-06-02 00:00:00,30.943271891276027,0.049321353429832016,-93.41208,17.85349
1,Tonalá,2025-04-14 00:00:00,24.583150164286337,0.012975168061757358,-93.40793,15.849
1,Huimanguillo,2025-06-16 00:00:00,29.6190283457438,2.0579129457303225,-93.40554,17.863546
1,Huimanguillo,2025-06-24 00:00:00,28.79437885284426,2.61897295713176,-93.40554,17.86355
1,Villa Corzo,2025-05-19 00:00:00,26.16123447418215,0.4800081277007706,-93.40411,16.2806
1,Tonalá,2025-05-04 00:00:00,27.415608978271507,0.7602643499922124,-93.40294,15.80304
1,Tonalá,2025-05-05 00:00:00,27.533276494344136,0.40668398136745054,-93.40139,15.80366
1,Comalcalco,2025-03-25 00:00:00,25.317911084493005,0.008809041560198239,-93.400499,18.202914
1,Huimanguillo,2025-07-10 00:00:00,28.270399983723962,2.362087368945609,-93.399582,17.89544
1,Tonalá,2025-05-07 00:00:00,24.53246650695803,0.2523878072349106,-93.392209,15.85481
1,Huimanguillo,2025-06-30 00:00:00,28.22568791707357,3.845123059136313,-93.391839,17.83171
1,Huimanguillo,2025-05-28 00:00:00,30.520094807942712,0.002148747142882712,-93.39069,17.77156
1,Pijijiapan,2025-04-23 00:00:00,28.695153808593773,0.005373358675342388,-93.38997,15.71783
1,Tonalá,2025-05-07 00:00:00,24.53246650695803,0.2523878072349106,-93.389432,15.89668
1,Pijijiapan,2025-05-05 00:00:00,27.533276494344136,0.40668398136745054,-93.38914,15.81014
1,Pijijiapan,2025-04-23 00:00:00,27.69502728780111,0.006401538769296167,-93.384974,15.84062
1,Pijijiapan,2025-04-10 00:00:00,28.17930088043215,0.0017203210518346168,-93.38397,15.74954
1,Villa Corzo,2025-05-30 00:00:00,23.849097824096702,1.3303237792090528,-93.383581,16.02103
1,Villa Corzo,2025-05-23 00:00:00,26.103377914428734,0.523237884019423,-93.3817,16.25394
1,Pijijiapan,2025-04-28 00:00:00,27.533276494344136,0.016124546476703472,-93.38106,15.8347
1,Ocozocoautla de Espinosa,2025-05-29 00:00:00,26.15040772755941,0.350445773563024,-93.37968,16.97712
1,Cárdenas,2025-06-26 00:00:00,29.465040461222316,3.0933812260602878,-93.375732,17.986638
1,Villa Corzo,2025-05-15 00:00:00,24.52368094126382,0.986129310092565,-93.374853,16.06072
1,Pijijiapan,2025-05-13 00:00:00,28.41006177266445,1.1003881692204232,-93.37288,15.71233
1,Tonalá,2025-05-04 00:00:00,23.499065335591695,0.7703539261854075,-93.37243,15.87177
1,Villa Corzo,2025-04-16 00:00:00,23.783306376139308,0.0382989644265308,-93.37117,15.95173
1,Ostuacán,2025-04-04 00:00:00,24.278026199340843,0.11279880997427938,-93.37015,17.45286
1,Pijijiapan,2025-04-16 00:00:00,26.40068747202554,0.007520615952216758,-93.36991,15.82605
1,Pijijiapan,2025-04-28 00:00:00,26.285296694437704,0.045080482957260415,-93.36959,15.84493
1,Pijijiapan,2025-05-27 00:00:00,28.384307161966944,1.4073207998901438,-93.368592,15.686877
1,Pijijiapan,2025-04-14 00:00:00,28.22118180592861,0.002305769337240804,-93.3672,15.72693
1,Villaflores,2025-05-20 00:00:00,26.086484527587913,0.4135821925963512,-93.364986,16.35411
1,Villa Corzo,2025-05-20 00:00:00,24.57151311238613,1.11951168516633,-93.36469,16.06409
1,Villa Corzo,2025-04-30 00:00:00,23.820380147298238,0.17348378895576388,-93.364426,16.06955
1,Pijijiapan,2025-05-26 00:00:00,26.354735946655296,1.6226455591006328,-93.362646,15.806837
1,Pijijiapan,2025-04-07 00:00:00,26.107874170939112,0.014094733765901424,-93.362634,15.777196
1,Pijijiapan,2025-04-12 00:00:00,28.18307806650796,0.002305769337240804,-93.36161,15.74219
1,Pijijiapan,2025-04-28 00:00:00,26.285296694437704,0.045080482957260415,-93.35662,15.82368
1,Villa Corzo,2025-05-01 00:00:00,23.820380147298238,0.29962658877025206,-93.356293,15.95514
1,Pijijiapan,2025-04-24 00:00:00,28.524265225728357,0.00645518295527836,-93.35552,15.74821
1,Pijijiapan,2025-05-15 00:00:00,26.487374560038234,1.3311990687530084,-93.35474,15.789127
1,Pijijiapan,2025-04-22 00:00:00,28.627467727661156,0.005403160969308374,-93.35242,15.73812
1,Cárdenas,2025-07-10 00:00:00,28.70716756184902,3.544495999818764,-93.349265,18.02357
1,Pijijiapan,2025-05-20 00:00:00,28.370833651224757,1.2572288537651133,-93.345819,15.738022
1,Pijijiapan,2025-05-24 00:00:00,28.33485628763833,1.5998154878591464,-93.343361,15.761645
1,Pijijiapan,2025-04-04 00:00:00,28.118984158833882,0.004885256345232847,-93.34336,15.76165
1,Pijijiapan,2025-04-15 00:00:00,28.236419614156148,0.0017575197919228458,-93.34172,15.75558
1,Villa Corzo,2025-04-23 00:00:00,24.30122528076174,0.0382989644265308,-93.34115,16.0561
1,Pijijiapan,2025-04-28 00:00:00,28.343258794148824,0.00932961697230894,-93.33703,15.75095
1,Comalcalco,2025-06-22 00:00:00,30.20268656412759,1.3259410857813236,-93.3359,18.288855
1,Pijijiapan,2025-04-17 00:00:00,28.35534311930337,0.0017204341986598592,-93.33475,15.70151
1,Cárdenas,2025-06-06 00:00:00,31.341815249125148,0.2098679542541504,-93.334218,17.981463
1,Tecpatán,2025-05-28 00:00:00,25.283942159016988,0.5111351606501557,-93.32895,17.16596
1,Pijijiapan,2025-04-16 00:00:00,28.35534311930337,0.0017204341986598592,-93.32707,15.70959
1,Cárdenas,2025-06-20 00:00:00,30.034195200602255,1.4401199910025753,-93.324728,17.964072
1,Villaflores,2025-05-19 00:00:00,26.086484527587913,0.4135821925963512,-93.322766,16.38159
1,Berriozábal,2025-05-16 00:00:00,25.010049120585165,0.28404024286921015,-93.31922,16.97812
1,Villa Corzo,2025-05-22 00:00:00,26.058023071289085,0.9199472968166589,-93.313933,16.15961
1,Pijijiapan,2025-04-23 00:00:00,28.510899162292503,0.005403160969308374,-93.31043,15.70368
1,Cunduacán,2025-06-19 00:00:00,30.264790789286337,1.3095887992253807,-93.305121,17.979374
1,Pijijiapan,2025-05-13 00:00:00,28.41006177266445,1.1003881692204232,-93.29398,15.72004
1,Pijijiapan,2025-04-28 00:00:00,28.343258794148824,0.00932961697230894,-93.293903,15.71676
1,Tecpatán,2025-05-30 00:00:00,26.01310501098635,0.6715527143796862,-93.29171,17.23355
1,Pijijiapan,2025-04-21 00:00:00,28.62665201822921,0.003979674403353783,-93.29048,15.69886
1,Villa Corzo,2025-05-09 00:00:00,24.253756777445517,0.43709664087820954,-93.279962,16.00564
1,Villa Corzo,2025-05-24 00:00:00,26.92909742991128,0.5471721291030462,-93.27591,16.19215
1,Villaflores,2025-05-02 00:00:00,25.28250147501626,0.13244748112128946,-93.275314,16.27095
1,Pijijiapan,2025-04-16 00:00:00,26.40068747202554,0.007520615952216758,-93.26858,15.771
1,Villaflores,2025-04-30 00:00:00,25.082143402099632,0.048228753598777985,-93.255862,16.3836
1,Cunduacán,2025-06-13 00:00:00,30.943127568562886,0.5739438030616384,-93.253995,18.170602
1,Cunduacán,2025-06-20 00:00:00,30.18800792694094,1.3307303189264985,-93.246618,18.056955
1,Pijijiapan,2025-05-19 00:00:00,28.384307161966944,1.140075921995276,-93.24576,15.723761
1,Sunuapa,2025-05-29 00:00:00,28.272496159871423,0.3561019897233564,-93.24401,17.492
1,Suchiapa,2025-04-30 00:00:00,24.58403422037759,0.1149058341241016,-93.241876,16.67049
1,Villa Corzo,2025-04-20 00:00:00,25.132740275065146,0.0740904358735861,-93.23829,16.13043
1,Comalcalco,2025-07-08 00:00:00,28.977512613932277,2.357211709020035,-93.232038,18.30656
1,Cunduacán,2025-06-28 00:00:00,29.578891372680687,3.187413513643378,-93.228767,18.11497
1,Villa Corzo,2025-05-20 00:00:00,26.06205298105874,0.7162680836074742,-93.224277,16.15501
1,Francisco León,2025-05-27 00:00:00,25.997076924641988,0.5133625188875612,-93.22192,17.27483
1,Francisco León,2025-05-26 00:00:00,25.997076924641988,0.4939850488483444,-93.22191,17.2748
1,Villa Corzo,2025-04-25 00:00:00,23.916516558329306,0.0693157314515247,-93.22139,15.96195
1,Villa Corzo,2025-05-08 00:00:00,24.233206049601222,0.4274257872918241,-93.212229,15.96555
1,Villaflores,2025-05-30 00:00:00,25.48039843241378,0.5358817814542505,-93.211601,16.485295
1,Villa Corzo,2025-03-27 00:00:00,23.67941754659023,0.01370556313418092,-93.201023,16.063411
1,Pijijiapan,2025-04-03 00:00:00,27.677649752299033,0.006711482967602933,-93.196139,15.57345
1,Comalcalco,2025-06-03 00:00:00,31.649920082092308,0.05941235014006452,-93.19517,18.16564
1,Cunduacán,2025-06-09 00:00:00,31.09079736073818,0.3949776291847229,-93.19179,18.1102
1,Francisco León,2025-05-29 00:00:00,24.483405049641988,1.0732576250802595,-93.189347,17.296246
1,Francisco León,2025-05-31 00:00:00,24.483405049641988,1.964493364084774,-93.18934,17.29625
1,Pijijiapan,2025-04-30 00:00:00,28.056654548645042,0.16341209405368318,-93.18879,15.57673
1,Pijijiapan,2025-04-06 00:00:00,27.677649752299033,0.006711482967602933,-93.18796,15.59897
1,Pijijiapan,2025-05-03 00:00:00,28.056654548645042,0.4383102059364319,-93.187622,15.66451
1,Pijijiapan,2025-04-18 00:00:00,27.97627251942953,0.0026208016663531453,-93.18762,15.66451
1,Suchiapa,2025-05-27 00:00:00,25.77632516225185,0.3789040087642803,-93.183224,16.629399
1,Pijijiapan,2025-05-12 00:00:00,27.377784029642726,1.2154349276727316,-93.17837,15.70505
1,Pijijiapan,2025-05-16 00:00:00,27.377784029642726,1.2154349276727316,-93.178365,15.70505
1,Pijijiapan,2025-05-28 00:00:00,27.35678126017251,1.4490589496745088,-93.17824,15.70446
1,Villa Corzo,2025-05-22 00:00:00,27.104906336466513,0.7525697349990423,-93.17684,16.09704
1,Pijijiapan,2025-04-26 00:00:00,28.140978431701683,0.007742643305164165,-93.17514,15.57052
1,Pijijiapan,2025-05-08 00:00:00,28.14085191090902,0.33099204301834106,-93.17465,15.55722
1,Pijijiapan,2025-05-08 00:00:00,27.377784029642726,0.5404212925963492,-93.17348,15.70974
1,Villaflores,2025-05-24 00:00:00,25.372332191467308,0.3646239638328552,-93.16835,16.41522
1,Pijijiapan,2025-04-08 00:00:00,27.677649752299033,0.006711482967602933,-93.16786,15.61991
1,Paraíso,2025-06-30 00:00:00,29.394136683146144,2.858054637897567,-93.167403,18.31539
1,Pijijiapan,2025-04-21 00:00:00,28.17170836130782,0.005060434290271587,-93.16505,15.66136
1,Ocotepec,2025-05-30 00:00:00,24.483405049641988,1.3710266321140807,-93.15529,17.29668
1,Pijijiapan,2025-04-08 00:00:00,27.677649752299033,0.006711482967602933,-93.15511,15.63947
1,Pijijiapan,2025-05-01 00:00:00,28.056654548645042,0.23632347577517976,-93.154528,15.56908
1,Juárez,2025-04-30 00:00:00,28.22198321024581,0.05637519745960162,-93.15417,17.68291
1,Pijijiapan,2025-04-12 00:00:00,27.7444733937582,0.005060434290271587,-93.15077,15.60459
1,Pijijiapan,2025-04-29 00:00:00,28.056654548645042,0.08300244797965206,-93.14744,15.56276
1,Pijijiapan,2025-04-07 00:00:00,27.677649752299033,0.006711482967602933,-93.145881,15.60363
1,Paraíso,2025-06-30 00:00:00,29.394136683146144,2.858054637897567,-93.14442,18.32969
1,Pijijiapan,2025-04-28 00:00:00,28.056654548645042,0.009381771008065698,-93.14439,15.60868
1,Pijijiapan,2025-05-27 00:00:00,27.994605000813806,1.3146643746608788,-93.142339,15.619328
1,Pijijiapan,2025-04-24 00:00:00,28.211682891845726,0.007742643305164165,-93.14214,15.61909
1,Cunduacán,2025-07-02 00:00:00,28.898533121744833,4.817379123551291,-93.14013,18.03041
1,Pijijiapan,2025-05-28 00:00:00,27.994605000813806,1.3146643746608788,-93.1388,15.639498
1,Pijijiapan,2025-04-29 00:00:00,25.3966893513998,0.13016611337413053,-93.13732,15.75669
1,Pijijiapan,2025-05-28 00:00:00,28.161307907104515,1.3165646644335283,-93.13458,15.517681
1,Cunduacán,2025-06-17 00:00:00,31.18083311716714,0.6266119573012929,-93.13452,18.070001
1,Pijijiapan,2025-04-05 00:00:00,26.878851191202784,0.03465712070216398,-93.13384,15.61022
1,Pijijiapan,2025-05-01 00:00:00,27.063335990905784,0.15320032829890806,-93.13165,15.56806
1,Pijijiapan,2025-04-07 00:00:00,26.878851191202784,0.038167591933202516,-93.13156,15.61521
1,Ixtacomitán,2025-04-09 00:00:00,24.051169331868493,0.24245381352194784,-93.12968,17.44112
1,Pijijiapan,2025-04-10 00:00:00,26.9001562754313,0.02962350845336914,-93.12731,15.62202
1,Pijijiapan,2025-05-21 00:00:00,26.94502633412685,1.1872525373739506,-93.124167,15.618612
1,Pijijiapan,2025-04-14 00:00:00,27.07591622670492,0.02520680422435362,-93.12321,15.66736
1,Pijijiapan,2025-04-28 00:00:00,22.683594640096032,0.2070164317533596,-93.12207,15.76976
1,Pijijiapan,2025-04-28 00:00:00,27.12550061543783,0.04018750137291249,-93.11853,15.59188
1,Pijijiapan,2025-05-08 00:00:00,27.170952733357808,0.25885701174388487,-93.117222,15.58392
1,Pijijiapan,2025-04-23 00:00:00,27.185093498230003,0.028461217851827314,-93.11539,15.58441
1,Pijijiapan,2025-05-29 00:00:00,28.183176930745446,1.4334031794600577,-93.11493,15.515812
1,Pijijiapan,2025-05-09 00:00:00,27.22682978312173,0.5550459027290344,-93.11453,15.62376
1,Pijijiapan,2025-03-31 00:00:00,26.9001562754313,0.028514862009387798,-93.114408,15.524911
1,Pijijiapan,2025-05-08 00:00:00,27.170952733357808,0.25885701174388487,-93.113792,15.57759
1,Villa Corzo,2025-05-12 00:00:00,24.59646568298342,1.099705085620073,-93.113493,16.0416
1,Villa Corzo,2025-05-20 00:00:00,26.872112528483115,0.6789379922995664,-93.112319,16.14134
1,Pijijiapan,2025-04-12 00:00:00,26.936313565572107,0.02520680422435362,-93.11167,15.57373
1,Ixtacomitán,2025-05-05 00:00:00,21.473357137044275,0.7535781779779427,-93.11119,17.38008
1,Pijijiapan,2025-04-25 00:00:00,27.1369510650635,0.03349483010062215,-93.10636,15.60006
1,Pijijiapan,2025-03-31 00:00:00,26.9001562754313,0.028514862009387798,-93.105995,15.584719
1,Tapalapa,2025-05-31 00:00:00,21.951036071777366,2.16323015092712,-93.1029,17.1944
1,Villa Corzo,2025-05-17 00:00:00,27.105853017171228,0.3927588462602216,-93.102707,16.19514
1,Juárez,2025-05-26 00:00:00,30.412089920043968,0.03440082068095762,-93.10158,17.73815
1,Chapultenango,2025-05-06 00:00:00,21.473357137044275,0.7818371056771412,-93.10148,17.31482
1,Pijijiapan,2025-04-23 00:00:00,25.570110257466695,0.06210710948018061,-93.09713,15.70368
1,Jalpa de Méndez,2025-07-08 00:00:00,29.026335334777855,2.768442034692953,-93.095612,18.17939
1,Pijijiapan,2025-04-22 00:00:00,27.251002883911156,0.028461217851827314,-93.09508,15.53137
1,Pijijiapan,2025-05-14 00:00:00,27.09964523315432,0.8608835576442431,-93.092376,15.547132
1,Villa Corzo,2025-05-12 00:00:00,26.891035970052144,0.2702355409294199,-93.091462,16.18595
1,Villa Corzo,2025-04-28 00:00:00,26.0140787124634,0.01823809092549311,-93.08954,16.25068
1,Villa Corzo,2025-05-08 00:00:00,26.252666091918968,0.3706845211866039,-93.088834,16.16919
1,Pijijiapan,2025-04-28 00:00:00,27.12550061543783,0.04018750137291249,-93.087953,15.59786
1,Pijijiapan,2025-05-28 00:00:00,27.065970993042015,1.1676499100428117,-93.087073,15.599304
1,Pijijiapan,2025-05-13 00:00:00,27.09964523315432,0.8608835576442431,-93.08611,15.60898
1,Pijijiapan,2025-04-26 00:00:00,28.11956303914394,0.026093423286965844,-93.08077,15.49408
1,Pijijiapan,2025-04-29 00:00:00,27.063335990905784,0.05654394625231873,-93.0797,15.6018
1,Jalpa de Méndez,2025-06-16 00:00:00,31.354760742187523,0.5183979868377264,-93.077681,18.199109
1,Mapastepec,2025-04-16 00:00:00,28.043458875020406,0.001846980930864106,-93.07586,15.48783
1,Mapastepec,2025-04-21 00:00:00,28.119228935241722,0.006343984049195228,-93.07181,15.46303
1,Pijijiapan,2025-04-02 00:00:00,26.9001562754313,0.021058320896827354,-93.06712,15.54277
1,Mapastepec,2025-04-28 00:00:00,28.116916592915913,0.09590089317157435,-93.0665,15.4933
1,Chiapa de Corzo,2025-05-05 00:00:00,26.046445465087913,0.034026191100267056,-93.063237,16.47246
1,Cunduacán,2025-05-23 00:00:00,31.30638942718508,0.002148747142882712,-93.06259,18.0441
1,Ixhuatán,2025-05-27 00:00:00,23.448594665527366,0.67991977954307,-93.06258,17.33422
1,Pijijiapan,2025-04-30 00:00:00,28.116916592915913,0.15589445823138703,-93.061139,15.52119
1,Villa Corzo,2025-05-20 00:00:00,26.872112528483115,0.6789379922995664,-93.056939,16.10851
1,Mapastepec,2025-04-21 00:00:00,28.482204055786156,0.07206108516655263,-93.04339,15.4497
1,Mapastepec,2025-05-31 00:00:00,28.521781539917015,1.6309968564964805,-93.042893,15.457143
1,Solosuchiapa,2025-05-06 00:00:00,24.403856849670433,0.666530430265766,-93.04251,17.44765
1,Pijijiapan,2025-04-14 00:00:00,25.87238146464034,0.1094371079375378,-93.0382,15.65554
1,Mapastepec,2025-04-14 00:00:00,28.271394983927394,0.03929585213313658,-93.0308,15.462
1,Pijijiapan,2025-04-29 00:00:00,25.703265762329124,0.3445982932532843,-93.03068,15.64036
1,Mapastepec,2025-04-11 00:00:00,28.13424453735354,0.03929585213313658,-93.02743,15.50412
1,Soyaló,2025-05-08 00:00:00,23.92156848907473,0.15551325072671318,-93.02714,16.90632
1,Pijijiapan,2025-04-14 00:00:00,25.87238146464034,0.1094371079375378,-93.0262,15.65547
1,Mapastepec,2025-05-27 00:00:00,25.86478417714443,1.4529108998431184,-93.024763,15.531161
1,Mapastepec,2025-05-15 00:00:00,25.910074488321925,1.2387567613654227,-93.024747,15.531096
1,Villa Corzo,2025-05-03 00:00:00,26.38752199808755,0.12413561339030821,-93.020873,16.12471
1,Pijijiapan,2025-03-06 00:00:00,24.810828145345113,0.23417520841917394,-93.020828,15.612336
1,Pijijiapan,2025-03-18 00:00:00,24.941677347818995,0.14676153659820557,-93.0197,15.537
1,Pichucalco,2025-05-30 00:00:00,28.661402002970362,0.8001836836228904,-93.01779,17.5342
1,Soyaló,2025-05-17 00:00:00,24.451055145263695,0.28963446308694074,-93.014735,16.96016
1,Pijijiapan,2025-03-22 00:00:00,25.131563440958644,0.0654048324690848,-93.011252,15.626795
1,Mapastepec,2025-04-25 00:00:00,25.905540720621786,0.30505508179068386,-93.01125,15.52299
1,Ixhuatán,2025-05-24 00:00:00,22.73322194417318,0.8290554446368503,-93.008628,17.298157
1,Villa Corzo,2025-05-20 00:00:00,26.651160812377952,0.36761969019494245,-93.008426,16.32663
1,Mapastepec,2025-05-08 00:00:00,25.98944021860757,0.5504333564942954,-93.008245,15.53602
1,Villa Corzo,2025-05-15 00:00:00,27.18129119873049,0.4387214779626447,-93.00822,16.10182
1,Solosuchiapa,2025-05-05 00:00:00,20.923232968648335,0.9821515183432439,-93.00411,17.34621
1,Mapastepec,2025-04-27 00:00:00,28.458662923177144,0.11596977705607969,-92.99484,15.46405
1,Mapastepec,2025-05-03 00:00:00,28.399702644348167,0.39670581918471726,-92.978742,15.49298
1,Centro,2025-06-13 00:00:00,31.73360436757406,0.4145696759199069,-92.977645,17.965436
1,Ixhuatán,2025-05-19 00:00:00,21.720128313700343,1.2767404317912678,-92.964716,17.264643
1,Mapastepec,2025-05-09 00:00:00,27.523084894816066,1.1104911036010634,-92.9635,15.51424
1,Mapastepec,2025-04-30 00:00:00,27.394274330139183,0.5233600735152777,-92.96194,15.49836
1,Mapastepec,2025-04-27 00:00:00,27.42738049825033,0.41017348866922987,-92.95987,15.47106
1,Centro,2025-04-30 00:00:00,29.27734559377035,0.008040000864184549,-92.95397,17.78699
1,Mapastepec,2025-04-27 00:00:00,27.42738049825033,0.41017348866922987,-92.95377,15.47648
1,Teapa,2025-06-13 00:00:00,29.358101145426474,0.748127698841472,-92.950551,17.560284
1,Mapastepec,2025-03-12 00:00:00,26.22743409474691,0.2989932889931879,-92.949646,15.467451
1,Teapa,2025-06-12 00:00:00,29.358101145426474,0.6624400615180548,-92.9323,17.57137
1,Teapa,2025-05-15 00:00:00,26.44577910105386,0.2679758855492764,-92.92968,17.51745
1,Acapetahua,2025-04-14 00:00:00,28.14157384236654,0.050653517234877654,-92.9292,15.2298
1,Ixtapa,2025-03-29 00:00:00,21.591583506266318,0.06726396196654605,-92.925175,16.774028
1,Mapastepec,2025-04-09 00:00:00,28.408321952819847,0.060775875994067974,-92.92135,15.4076
1,Centla,2025-05-29 00:00:00,32.0662666320801,0.001931876852268033,-92.911005,18.424168
1,Mapastepec,2025-04-09 00:00:00,28.408321952819847,0.060775875994067974,-92.90871,15.37384
1,Mapastepec,2025-05-30 00:00:00,23.893321609497093,1.95505985684008,-92.907734,15.633604
1,Mapastepec,2025-04-11 00:00:00,28.46759885152187,0.060775875994067974,-92.9018,15.431
1,Chiapa de Corzo,2025-05-31 00:00:00,27.00512561798098,0.7029245578280552,-92.900347,16.331723
1,Teapa,2025-05-01 00:00:00,28.000015830993675,0.024478955367612798,-92.889453,17.63239
1,Chiapa de Corzo,2025-05-15 00:00:00,26.923863029480003,0.29181029290725746,-92.887055,16.32687
1,Acapetahua,2025-05-31 00:00:00,28.47174447377523,1.1782371852984141,-92.886856,15.264486
1,Mapastepec,2025-04-01 00:00:00,28.168764050801656,0.056590795622923906,-92.87906,15.41923
1,Teapa,2025-05-08 00:00:00,27.124763425191304,0.073503368554384,-92.8788,17.5674
1,Mapastepec,2025-04-16 00:00:00,27.424825286865257,0.17466694106360592,-92.87404,15.50125
1,Jalapa,2025-06-06 00:00:00,30.542591031392476,0.12641251086620287,-92.872089,17.653537
1,La Concordia,2025-04-24 00:00:00,26.16724516550704,0.055199861492383206,-92.8675,16.04794
1,Mapastepec,2025-04-04 00:00:00,27.10106684366866,0.08816719054038913,-92.8665,15.47431
1,Mapastepec,2025-04-01 00:00:00,27.944975471496605,0.009787082669632241,-92.86093,15.35946
1,Jalapa,2025-05-23 00:00:00,29.530091222127282,0.006142944982912013,-92.858326,17.69162
1,Teapa,2025-05-02 00:00:00,27.051651573181175,0.073503368554384,-92.855847,17.566483
1,Mapastepec,2025-03-12 00:00:00,26.22743409474691,0.2989932889931879,-92.855102,15.484056
1,La Concordia,2025-05-08 00:00:00,26.53462657928469,0.16989558932323234,-92.853998,15.97942
1,Mapastepec,2025-03-21 00:00:00,26.371684964497945,0.08816719054038913,-92.847248,15.497099
1,Mapastepec,2025-03-11 00:00:00,26.182931200663234,0.2989932889931879,-92.842155,15.479489
1,Pueblo Nuevo Solistahuacán,2025-03-28 00:00:00,18.64130808512374,0.392409041268138,-92.84101,17.159196
1,Jalapa,2025-03-20 00:00:00,24.461208597819052,0.08488690341756921,-92.8388,17.7752
1,Mapastepec,2025-04-10 00:00:00,27.303325589497945,0.17466694106360592,-92.83836,15.50569
1,Mapastepec,2025-04-12 00:00:00,28.487248039245628,0.060775875994067974,-92.83579,15.41156
1,Acapetahua,2025-04-02 00:00:00,28.000188128153468,0.01086145636897129,-92.834912,15.30031
1,Acapetahua,2025-03-31 00:00:00,27.92462088267007,0.008189678112557885,-92.83491,15.30031
1,Mapastepec,2025-04-02 00:00:00,28.168764050801656,0.05256897216554535,-92.83244,15.39997
1,Jalapa,2025-06-13 00:00:00,30.271680132548,0.41919201612472534,-92.825525,17.720896
1,Mapastepec,2025-04-16 00:00:00,28.6353584289551,0.060775875994067974,-92.8239,15.40214
1,Tacotalpa,2025-05-02 00:00:00,27.051651573181175,0.073503368554384,-92.823274,17.623377
1,Mapastepec,2025-04-09 00:00:00,28.408321952819847,0.060775875994067974,-92.82321,15.42395
1,Mapastepec,2025-03-03 00:00:00,27.46908817291262,0.17889738078658013,-92.816987,15.398618
1,Mapastepec,2025-04-09 00:00:00,28.408321952819847,0.060775875994067974,-92.81506,15.43832
1,Mapastepec,2025-03-10 00:00:00,26.13640937805178,0.3158271309473548,-92.814682,15.448887
1,Acapetahua,2025-04-11 00:00:00,27.347568448384607,0.11515170325537838,-92.80669,15.37635
1,Jalapa,2025-04-03 00:00:00,26.946355120340968,0.0027875678938471538,-92.80158,17.81248
1,Acapetahua,2025-04-24 00:00:00,28.667588806152366,0.1090204352269808,-92.79889,15.2506
1,Tacotalpa,2025-05-08 00:00:00,26.616747474670433,0.20400893080818605,-92.796,17.5136
1,Acapetahua,2025-04-05 00:00:00,28.119114494323753,0.002614390723465476,-92.79273,15.22795
1,Jalapa,2025-06-02 00:00:00,31.98575108846029,0.021904096469071987,-92.79121,17.83311
1,Tacotalpa,2025-06-13 00:00:00,28.65203183492025,1.4245095345870595,-92.78584,17.509701
1,Acapetahua,2025-03-10 00:00:00,26.205161031087243,0.2287809880670011,-92.7856,15.3795
1,Jalapa,2025-05-28 00:00:00,30.49985561370852,0.0035937944460329163,-92.783195,17.634729
1,Jalapa,2025-06-13 00:00:00,30.490614191691122,0.2964705228780673,-92.775155,17.625226
1,Tacotalpa,2025-06-13 00:00:00,29.760256385803245,0.4556924104690552,-92.771346,17.546377
1,Tacotalpa,2025-06-24 00:00:00,27.781199391683003,2.939426897995645,-92.76345,17.47408
1,Jalapa,2025-06-13 00:00:00,30.490614191691122,0.2964705228780673,-92.759705,17.625226
1,Tacotalpa,2025-04-22 00:00:00,26.569055811564112,0.05159121101883102,-92.7591,17.55183
1,Jalapa,2025-06-25 00:00:00,28.957376098632835,1.0830804705594943,-92.756674,17.623668
1,Jalapa,2025-06-25 00:00:00,28.957376098632835,1.0830804705594943,-92.755496,17.622754
1,Jalapa,2025-05-21 00:00:00,28.51849295298257,0.014322169800351503,-92.75541,17.62316
1,Tacotalpa,2025-04-06 00:00:00,25.550632731119777,0.1453543254772427,-92.7548,17.523
1,Angel Albino Corzo,2025-05-17 00:00:00,23.897550837198935,1.1553538862596469,-92.753802,15.79926
1,Tacotalpa,2025-04-06 00:00:00,25.550632731119777,0.1453543254772427,-92.7538,17.52666
1,Amatán,2025-04-12 00:00:00,21.988898213704488,0.8415937423080777,-92.7506,17.35245
1,Tacotalpa,2025-04-30 00:00:00,27.437664604187034,0.03207557386986082,-92.75056,17.60947
1,Tacotalpa,2025-05-29 00:00:00,30.089780426025413,0.047518905944343715,-92.749089,17.609319
1,Acapetahua,2025-05-07 00:00:00,28.652131334940634,0.28810407835067053,-92.74812,15.23225
1,Jalapa,2025-07-09 00:00:00,27.76807905832925,1.8160298466316505,-92.747622,17.62953
1,Acapetahua,2025-05-07 00:00:00,28.652131334940634,0.28810407835067053,-92.74339,15.2301
1,Acapetahua,2025-04-22 00:00:00,28.627519543965718,0.015716114631914024,-92.74224,15.25646
1,Mapastepec,2025-03-13 00:00:00,23.236473655700706,0.4226720816689067,-92.740116,15.452362
1,Tacotalpa,2025-05-26 00:00:00,29.638805007934593,0.023709237581215348,-92.73736,17.61514
1,Jalapa,2025-05-14 00:00:00,30.364353116353413,0.0017787815806968865,-92.73736,17.90026
1,Acapetahua,2025-05-01 00:00:00,29.191325759887718,0.19496083254466612,-92.7335,15.31652
1,Jalapa,2025-07-09 00:00:00,27.85894006093349,1.301628351209061,-92.731747,17.72354
1,Centla,2025-06-16 00:00:00,31.183893458048487,0.15075206756343107,-92.731681,18.483053
1,Acacoyagua,2025-05-04 00:00:00,25.505673662821437,0.98898227315658,-92.73009,15.36563
1,Tacotalpa,2025-05-28 00:00:00,30.300191497802757,0.0142938802127901,-92.729516,17.61246
1,Acacoyagua,2025-05-10 00:00:00,28.256023661295558,1.1271956204073064,-92.725236,15.35392
1,Acacoyagua,2025-03-25 00:00:00,25.15772368113204,0.10144263509914708,-92.723806,15.403659
1,Centro,2025-06-03 00:00:00,32.65538813273116,0.013662874692954574,-92.72369,17.93186
1,Acacoyagua,2025-05-09 00:00:00,25.561680412292503,1.0911219497984348,-92.723175,15.40538
1,Tacotalpa,2025-05-14 00:00:00,28.2352485020956,0.011421103181419312,-92.72228,17.60365
1,Acapetahua,2025-03-25 00:00:00,27.824084536234523,0.025433301914290496,-92.720875,15.207868
1,Acacoyagua,2025-05-26 00:00:00,25.89824511210128,2.4693005869096396,-92.7208,15.39276
1,Huitiupán,2025-05-01 00:00:00,24.531910832723042,0.4943051172574542,-92.71929,17.26475
1,Centro,2025-05-20 00:00:00,30.813042577107808,0.0017168689225854905,-92.71765,17.93551
1,Acacoyagua,2025-03-13 00:00:00,24.78098576863613,0.20083934063563902,-92.715892,15.408201
1,Jalapa,2025-05-21 00:00:00,29.154680188496968,0.002048012532895882,-92.71326,17.72384
1,Acacoyagua,2025-03-18 00:00:00,24.858522351582906,0.15424704557176483,-92.711838,15.41171
1,Jalapa,2025-05-26 00:00:00,32.13510920206704,0.0019315520773943717,-92.7102,17.89771
1,Angel Albino Corzo,2025-05-08 00:00:00,23.82158018747964,0.5823513479583653,-92.709591,15.83198
1,Tacotalpa,2025-05-26 00:00:00,26.814382807413722,0.4331168264570806,-92.707271,17.45159
1,Tacotalpa,2025-05-26 00:00:00,26.814382807413722,0.4331168264570806,-92.70727,17.45159
1,Huitiupán,2025-05-13 00:00:00,24.785544013977074,0.535673720946761,-92.705167,17.260577
1,Tacotalpa,2025-05-26 00:00:00,28.877493158976222,0.09293624825090774,-92.70446,17.51523
1,Acacoyagua,2025-05-31 00:00:00,25.89824511210128,2.8646232875644273,-92.70394,15.37643
1,Acacoyagua,2025-03-12 00:00:00,24.78098576863613,0.20083934063563902,-92.693988,15.412957
1,Angel Albino Corzo,2025-04-30 00:00:00,23.73631375630697,0.10293424128349216,-92.69331,15.84033
1,Huitiupán,2025-05-02 00:00:00,24.531910832723042,0.535673720946761,-92.683993,17.350737
1,Escuintla,2025-04-04 00:00:00,27.912351226806663,0.13306140894542295,-92.68362,15.32254
1,Escuintla,2025-05-29 00:00:00,28.310429509480798,2.6701312989416692,-92.68081,15.35011
1,Acacoyagua,2025-03-11 00:00:00,26.88845564524331,0.17754286500348826,-92.680452,15.359765
1,Acacoyagua,2025-03-09 00:00:00,24.78098576863613,0.26940852376355906,-92.678292,15.364492
1,Escuintla,2025-04-04 00:00:00,27.912351226806663,0.13306140894542295,-92.677143,15.34171
1,Escuintla,2025-04-05 00:00:00,28.006542142232263,0.13712412129507356,-92.677138,15.34174
1,Tacotalpa,2025-05-28 00:00:00,30.300191497802757,0.0142938802127901,-92.6741,17.5478
1,Escuintla,2025-04-03 00:00:00,27.84340915679934,0.13306140894542295,-92.66699,15.35967
1,Tacotalpa,2025-05-09 00:00:00,28.110742823282862,0.020493641898156056,-92.663043,17.558431
1,Acacoyagua,2025-05-27 00:00:00,25.89824511210128,2.4693005869096396,-92.6625,15.3777
1,Tacotalpa,2025-06-24 00:00:00,29.503762817382835,1.2382268905639648,-92.6608,17.5478
1,Acacoyagua,2025-05-22 00:00:00,25.610206858317042,2.3116312516542337,-92.657385,15.39008
1,Escuintla,2025-05-14 00:00:00,28.494181887308798,1.1271956204073064,-92.656709,15.3593
1,Acacoyagua,2025-02-27 00:00:00,24.834685579935694,0.4414781927550848,-92.656343,15.369959
1,Acacoyagua,2025-03-18 00:00:00,24.858522351582906,0.15424704557176483,-92.656068,15.432247
1,Acacoyagua,2025-05-14 00:00:00,25.938169097900413,1.4317087141737517,-92.656068,15.43225
1,Acacoyagua,2025-05-15 00:00:00,25.938169097900413,1.51219692220117,-92.656025,15.41327
1,Tacotalpa,2025-06-06 00:00:00,29.328754043579124,0.3738775849342346,-92.655417,17.501914
1,Escuintla,2025-05-03 00:00:00,28.467570877075218,0.9731878011507433,-92.6534,15.32948
1,Acacoyagua,2025-05-12 00:00:00,23.612316385904933,2.382904555759069,-92.652085,15.39266
1,La Concordia,2025-05-19 00:00:00,26.95942141215005,0.32346362805668605,-92.649691,16.13564
1,Acapetahua,2025-04-23 00:00:00,28.06512254079189,0.261707603877781,-92.64626,15.25487
1,Tacotalpa,2025-05-21 00:00:00,29.038672701517783,0.004640221305862724,-92.64584,17.56187
1,Escuintla,2025-03-19 00:00:00,25.789263979593898,0.24667728266081212,-92.644587,15.33416
1,Huixtla,2025-04-14 00:00:00,28.237485504150413,0.055483102698872244,-92.64414,15.07976
1,Centla,2025-05-12 00:00:00,28.79316101074221,0.0012848942390064622,-92.641264,18.573343
1,Escuintla,2025-05-28 00:00:00,26.478492355346702,3.7624335887471716,-92.6355,15.32858
1,Acapetahua,2025-05-16 00:00:00,27.950900650024437,1.3296427964153423,-92.634488,15.25847
1,Acapetahua,2025-04-21 00:00:00,26.918278312683128,0.49575157442838247,-92.63188,15.28351
1,Escuintla,2025-03-11 00:00:00,25.57032515207925,0.3677561876429536,-92.631376,15.349833
1,Escuintla,2025-03-17 00:00:00,25.75727519989016,0.31756162616147776,-92.62803,15.326055
1,Tacotalpa,2025-04-15 00:00:00,25.294916725158714,0.04990331660792435,-92.62727,17.54462
1,Escuintla,2025-05-16 00:00:00,23.835182444254542,2.552841610224732,-92.621346,15.36408
1,Angel Albino Corzo,2025-05-09 00:00:00,25.322661336263025,0.10903626919933629,-92.621004,15.88016
1,Escuintla,2025-04-03 00:00:00,26.453528340657556,0.2768144010758533,-92.62075,15.32839
1,Escuintla,2025-04-10 00:00:00,26.78788051605227,0.3483906387771185,-92.61878,15.35931
1,Escuintla,2025-03-31 00:00:00,26.40024878183999,0.23194915064550514,-92.618776,15.35931
1,Angel Albino Corzo,2025-05-08 00:00:00,25.275834019978845,0.11718924955061993,-92.618766,15.88582
1,Escuintla,2025-04-23 00:00:00,26.97568283081057,0.5010128020703775,-92.61854,15.34214
1,Tacotalpa,2025-04-09 00:00:00,25.84092419942226,0.022442638822894878,-92.61827,17.55227
1,Escuintla,2025-04-12 00:00:00,27.613928413391136,0.21377354855189878,-92.61692,15.27646
1,Escuintla,2025-04-04 00:00:00,27.381432151794456,0.1548394560302313,-92.61227,15.27837
1,Escuintla,2025-04-17 00:00:00,26.889079666137718,0.4027575253928717,-92.61066,15.33819
1,Villa Comaltitlán,2025-05-28 00:00:00,27.81305306752529,2.500159234472221,-92.60978,15.27829
1,Villa Comaltitlán,2025-03-31 00:00:00,27.279564476013206,0.14489442102672,-92.6059,15.25764
1,Escuintla,2025-05-03 00:00:00,26.79577789306643,1.7744296381181357,-92.60512,15.31056
1,Escuintla,2025-04-03 00:00:00,26.453528340657556,0.2768144010758533,-92.60387,15.33651
1,Huixtla,2025-05-15 00:00:00,27.950900650024437,1.3296427964153423,-92.600695,15.12745
1,Escuintla,2025-03-15 00:00:00,25.6776802698771,0.3677561876429536,-92.596803,15.344027
1,Escuintla,2025-05-24 00:00:00,26.4141088485718,3.7624335887471716,-92.595519,15.35829
1,Escuintla,2025-03-25 00:00:00,23.28105157216396,0.2091727257322873,-92.595471,15.372095
1,Tacotalpa,2025-05-23 00:00:00,29.681542332967126,0.004640221305862724,-92.594697,17.55784
1,Escuintla,2025-04-03 00:00:00,26.453528340657556,0.2768144010758533,-92.59447,15.32334
1,Villa Comaltitlán,2025-05-21 00:00:00,27.725122388203943,1.97109544126306,-92.594364,15.19615
1,Escuintla,2025-05-23 00:00:00,23.640236155192042,3.9277401295976233,-92.593825,15.36531
1,Escuintla,2025-05-20 00:00:00,26.4141088485718,3.3190912976692744,-92.587469,15.36111
1,Escuintla,2025-03-21 00:00:00,25.85767803192141,0.19883329005665473,-92.584715,15.352909
1,Villa Comaltitlán,2025-05-23 00:00:00,26.3793245315552,3.7624335887471716,-92.584342,15.33038
1,Villa Comaltitlán,2025-04-27 00:00:00,27.91919097900393,0.5629705530623141,-92.58148,15.22881
1,Escuintla,2025-04-03 00:00:00,26.453528340657556,0.2768144010758533,-92.579186,15.34789
1,Escuintla,2025-03-20 00:00:00,23.07082837422695,0.22127097855673128,-92.578858,15.377808
1,Villa Comaltitlán,2025-05-30 00:00:00,27.81305306752529,2.7252730077123033,-92.57722,15.21184
1,Tacotalpa,2025-05-28 00:00:00,30.266508674621605,0.010953893138321291,-92.5767,17.571718
1,Escuintla,2025-05-13 00:00:00,26.750933583577478,2.0375028252317406,-92.576676,15.34543
1,Villa Comaltitlán,2025-04-28 00:00:00,27.91919097900393,0.5629705530623141,-92.57595,15.22027
1,Villa Comaltitlán,2025-05-08 00:00:00,27.79472694396975,1.119360327720642,-92.575713,15.212898
1,Villa Comaltitlán,2025-05-08 00:00:00,27.79472694396975,1.119360327720642,-92.575712,15.212898
1,Villa Comaltitlán,2025-05-08 00:00:00,27.79472694396975,1.119360327720642,-92.575711,15.212898
1,Escuintla,2025-05-13 00:00:00,26.750933583577478,2.0375028252317406,-92.575523,15.35846
1,Escuintla,2025-05-19 00:00:00,23.72174288431802,2.6355328449483295,-92.574557,15.42322
1,Escuintla,2025-04-30 00:00:00,26.79577789306643,1.1061554761795378,-92.57405,15.35531
1,Escuintla,2025-04-09 00:00:00,26.746978060404444,0.3483906387771185,-92.57397,15.35542
1,Villa Comaltitlán,2025-05-29 00:00:00,25.991543070475302,3.697047802575071,-92.56934,15.15343
1,Macuspana,2025-05-26 00:00:00,30.906593577067042,0.001931876852268033,-92.56929,17.6628
1,Escuintla,2025-04-05 00:00:00,21.704575475057027,0.6677157996932692,-92.56545,15.42402
1,Escuintla,2025-03-25 00:00:00,23.78946170806887,0.3982946276153143,-92.564956,15.348668
1,Villa Comaltitlán,2025-05-29 00:00:00,25.991543070475302,3.697047802575071,-92.56435,15.16333
1,Escuintla,2025-04-09 00:00:00,24.36853116353359,0.8235109300471777,-92.56372,15.35342
1,Escuintla,2025-05-21 00:00:00,21.659271812438988,4.520810035103295,-92.562358,15.42024
1,Escuintla,2025-05-19 00:00:00,21.659271812438988,3.9181285352558604,-92.558694,15.42258
1,Villa Comaltitlán,2025-05-07 00:00:00,25.859589831034327,2.113384014876374,-92.556821,15.26494
1,Escuintla,2025-04-03 00:00:00,24.077429707845113,0.6078541278498051,-92.55682,15.35103
1,Villa Comaltitlán,2025-05-06 00:00:00,25.859589831034327,2.113384014876374,-92.55585,15.22359
1,Villa Comaltitlán,2025-04-03 00:00:00,24.077429707845113,0.6078541278498051,-92.555014,15.343418
1,Villa Comaltitlán,2025-04-22 00:00:00,24.58942788441982,1.004959642813219,-92.55501,15.34342
1,Villa Comaltitlán,2025-05-27 00:00:00,24.184187507629417,4.799874782804636,-92.5542,15.28391
1,Macuspana,2025-03-17 00:00:00,24.90546792348232,0.18586516341656534,-92.55308,17.66082
1,Macuspana,2025-04-08 00:00:00,26.980506197611533,0.0017225742112714215,-92.55222,17.66599
1,Escuintla,2025-03-25 00:00:00,23.78946170806887,0.3982946276153143,-92.551896,15.349658
1,Villa Comaltitlán,2025-04-03 00:00:00,24.077429707845113,0.6078541278498051,-92.54864,15.3476
1,Villa Comaltitlán,2025-05-14 00:00:00,24.292114830017113,3.5607909835846385,-92.546132,15.34129
1,Villa Comaltitlán,2025-05-06 00:00:00,24.11981004079189,3.1659344562058322,-92.54593,15.34108
1,Villa Comaltitlán,2025-05-20 00:00:00,24.09656327565517,4.386586639688161,-92.542655,15.33897
1,Sabanilla,2025-05-12 00:00:00,24.274084345499716,0.13718008995056152,-92.54124,17.39533
1,Villa Comaltitlán,2025-05-22 00:00:00,24.08233763376876,4.799874782804636,-92.539395,15.34159
1,Villa Comaltitlán,2025-05-29 00:00:00,25.991543070475302,3.697047802575071,-92.53508,15.16021
1,Escuintla,2025-04-09 00:00:00,21.791595395406148,0.8446628400609058,-92.53499,15.36192
1,Villa Comaltitlán,2025-05-24 00:00:00,25.93148352305093,3.569253954310625,-92.533034,15.16256
1,Teopisca,2025-04-29 00:00:00,18.588730112711573,0.4886269568658008,-92.52568,16.59236
1,Tila,2025-04-26 00:00:00,25.8903849283854,0.12486670067346495,-92.52501,17.47867
1,Siltepec,2025-05-20 00:00:00,21.384816741943382,2.830253335911692,-92.521552,15.62389
1,Siltepec,2025-05-20 00:00:00,21.384816741943382,2.830253335911692,-92.520267,15.62256
1,Huixtla,2025-04-30 00:00:00,27.347563044230128,0.8281264869935967,-92.51922,15.07995
1,Huixtla,2025-05-18 00:00:00,25.9436225255331,2.852639192743922,-92.51651,15.13222
1,Siltepec,2025-05-20 00:00:00,21.384816741943382,2.830253335911692,-92.509802,15.62575
1,Siltepec,2025-05-20 00:00:00,21.384816741943382,2.830253335911692,-92.509113,15.63179
1,Huixtla,2025-05-13 00:00:00,25.995644823710165,2.692130470174803,-92.508988,15.15589
1,Huixtla,2025-05-20 00:00:00,27.709752972920796,1.8044874071847516,-92.504838,15.0535
1,Huixtla,2025-03-31 00:00:00,26.983789062500023,0.18017506607748146,-92.50452,15.053391
1,Huixtla,2025-05-04 00:00:00,27.456228510538722,0.8866593240668408,-92.50391,15.05451
1,Escuintla,2025-05-29 00:00:00,24.184187507629417,5.2083518833114795,-92.5026,15.3539
1,Siltepec,2025-05-20 00:00:00,21.384816741943382,2.830253335911692,-92.502139,15.59032
1,Huixtla,2025-05-29 00:00:00,25.991543070475302,3.697047802575071,-92.50076,15.12297
1,Siltepec,2025-05-20 00:00:00,21.384816741943382,2.830253335911692,-92.498668,15.589
1,Macuspana,2025-04-07 00:00:00,26.533362642923976,0.00595872114672602,-92.49624,17.62313
1,Tila,2025-04-26 00:00:00,23.61123619079592,0.22574299100597273,-92.49472,17.42903
1,Tuzantán,2025-05-30 00:00:00,27.776594734191917,2.03685931902875,-92.49266,15.05404
1,Tuzantán,2025-03-31 00:00:00,26.983789062500023,0.18017506607748146,-92.492546,15.049808
1,Tila,2025-05-20 00:00:00,24.659954007466638,0.06747841806031829,-92.49166,17.44555
1,Macuspana,2025-05-08 00:00:00,29.5616645177206,0.0025656142952357186,-92.4910161,17.80578
1,Macuspana,2025-05-08 00:00:00,29.5616645177206,0.0025656142952357186,-92.491016,17.80578
1,Tuzantán,2025-04-24 00:00:00,27.537890052795433,0.6206927151026775,-92.48965,15.03987
1,Macuspana,2025-06-03 00:00:00,32.493338521321675,0.02328096375769917,-92.489539,17.804951
1,Tuzantán,2025-04-30 00:00:00,27.347563044230128,0.8281264869935967,-92.48914,15.04561
1,Macuspana,2025-02-21 00:00:00,24.743025398254417,0.3762785151479875,-92.486844,17.776436
1,Huixtla,2025-03-13 00:00:00,24.986753082275413,0.579740587085098,-92.4863,15.1734
1,Centla,2025-06-02 00:00:00,32.56960385640468,0.00538048450948736,-92.48569,18.2706
1,Tuzantán,2025-04-04 00:00:00,27.255005455017113,0.3333697268406155,-92.48478,15.06382
1,Teopisca,2025-04-04 00:00:00,22.089813486735068,0.11346016834501427,-92.48478,16.57175
1,Macuspana,2025-04-15 00:00:00,26.65398209889736,0.00443573097186345,-92.484601,17.8579
1,Huixtla,2025-05-18 00:00:00,25.9436225255331,2.852639192743922,-92.478121,15.15822
1,Tuzantán,2025-04-22 00:00:00,27.64535547892251,0.5663247047209552,-92.47709,15.0904
1,Huixtla,2025-05-20 00:00:00,25.93148352305093,3.1425481649307585,-92.471297,15.16004
1,Tuzantán,2025-04-28 00:00:00,27.38630828857424,0.713058122565613,-92.47128,15.11853
1,Tuzantán,2025-04-10 00:00:00,27.32862529754641,0.38369782248537376,-92.46867,15.1142
1,Huixtla,2025-05-29 00:00:00,25.991543070475302,3.697047802575071,-92.46667,15.13878
1,Tuzantán,2025-04-25 00:00:00,27.51692097981777,0.6871518940272381,-92.46636,15.0594
1,Tila,2025-04-09 00:00:00,22.653464253743493,0.22114788001204033,-92.4662,17.41208
1,Tuzantán,2025-05-19 00:00:00,25.9436225255331,2.9976667892412934,-92.465124,15.13189
1,Huixtla,2025-05-15 00:00:00,26.07881285349532,2.7597352886825632,-92.465001,15.1363
1,Tuzantán,2025-04-29 00:00:00,27.371364212036156,0.7427257746996929,-92.46353,15.10214
1,Mazatán,2025-05-09 00:00:00,28.929699834187886,0.17102509979416425,-92.450771,14.93534
1,Tuzantán,2025-05-08 00:00:00,25.93148352305093,2.113384014876374,-92.44398,15.1247
1,Tuzantán,2025-04-27 00:00:00,26.001141484578454,1.333834816534818,-92.44329,15.15538
1,Tuzantán,2025-05-13 00:00:00,25.995644823710165,2.692130470174803,-92.442421,15.12571
1,Huehuetán,2025-05-02 00:00:00,28.938329633077046,0.2199281422861077,-92.4421,15.01696
1,Huehuetán,2025-04-14 00:00:00,28.74240868886318,0.07975548498961871,-92.44016,15.01676
1,Huehuetán,2025-05-15 00:00:00,29.269544855753622,0.25266707188187354,-92.436173,14.99856
1,Macuspana,2025-05-16 00:00:00,28.82809187571212,0.0019314456096708454,-92.4359,17.6738
1,Tuzantán,2025-05-26 00:00:00,27.776594734191917,2.000745806137516,-92.433,15.0536
1,Huehuetán,2025-05-20 00:00:00,29.18288065592452,0.5751558729798489,-92.431413,15.00636
1,Huehuetán,2025-05-20 00:00:00,29.18288065592452,0.5751558729798489,-92.431045,15.00655
1,Salto de Agua,2025-04-28 00:00:00,26.17162729899087,0.10564003895296992,-92.427916,17.525287
1,Salto de Agua,2025-05-08 00:00:00,27.99038213094076,0.016090348765374074,-92.427245,17.577646
1,Macuspana,2025-04-21 00:00:00,26.319715118408226,0.009861588438297986,-92.42649,17.59767
1,Macuspana,2025-04-16 00:00:00,25.0759632746379,0.02942532299243794,-92.425402,17.58853
1,Huehuetán,2025-05-13 00:00:00,29.145334815979027,0.25266707188187354,-92.422146,15.02365
1,Macuspana,2025-04-24 00:00:00,26.753666814168355,0.012886637307474302,-92.42154,17.59578
1,Salto de Agua,2025-05-28 00:00:00,28.574003791809105,0.12377089657888973,-92.418669,17.521546
1,Tuzantán,2025-05-29 00:00:00,25.991543070475302,3.697047802575071,-92.41659,15.19595
1,Huehuetán,2025-04-16 00:00:00,28.781738853454613,0.07975548498961871,-92.41483,14.99366
1,Tila,2025-04-01 00:00:00,22.518461163838708,0.04151072443825399,-92.41213,17.40988
1,Huehuetán,2025-05-13 00:00:00,29.145334815979027,0.25266707188187354,-92.411031,15.03222
1,La Concordia,2025-04-29 00:00:00,28.950701649983785,0.021150821282844845,-92.40703,16.02539
1,Huehuetán,2025-05-22 00:00:00,27.928749974568746,1.9294705718948535,-92.403531,15.01343
1,Mazatán,2025-05-31 00:00:00,29.26752910614016,0.9559780359325032,-92.4006,14.8372
1,Tapachula,2025-05-31 00:00:00,29.26752910614016,0.9559780359325032,-92.4005,14.7348
1,Tuzantán,2025-04-21 00:00:00,26.061297353108728,1.0055586695045804,-92.40016,15.09914
1,Salto de Agua,2025-04-03 00:00:00,23.45688749949136,0.05603935660225545,-92.397471,17.45889
1,Salto de Agua,2025-04-03 00:00:00,23.45688749949136,0.05603935660225545,-92.39747,17.45889
1,Huehuetán,2025-05-02 00:00:00,27.870926475524925,0.8012405077977292,-92.39665,15.01365
1,Siltepec,2025-05-14 00:00:00,21.413544909159384,1.5395138829035204,-92.394675,15.58405
1,Tuzantán,2025-05-17 00:00:00,23.49418760935464,3.542505110827321,-92.393334,15.19017
1,Macuspana,2025-04-01 00:00:00,25.800039545694972,0.002380645724997521,-92.39297,17.67867
1,Huehuetán,2025-04-23 00:00:00,27.943426068623864,0.40719509118503083,-92.39011,15.01661
1,Motozintla,2025-04-10 00:00:00,20.974928474426292,1.569465175066398,-92.38442,15.33052
1,Motozintla,2025-05-26 00:00:00,21.308434104919456,6.1152371405519546,-92.38282,15.30083
1,Huehuetán,2025-05-22 00:00:00,27.928749974568746,1.9294705718948535,-92.381153,15.02364
1,Huehuetán,2025-05-30 00:00:00,28.11006571451827,2.73557970021443,-92.38115,15.02364
1,Tapachula,2025-05-29 00:00:00,28.6357411702474,1.3779300019791663,-92.37473,14.92458
1,Tapachula,2025-05-13 00:00:00,29.11625792185464,0.2719983458234765,-92.374419,14.73282
1,Salto de Agua,2025-03-20 00:00:00,22.20371239980068,0.30696243038619286,-92.370756,17.397926
1,Tapachula,2025-05-08 00:00:00,23.234799003601097,2.194419917373125,-92.36513,15.16311
1,Tapachula,2025-04-15 00:00:00,23.371860440572163,1.2228205799829084,-92.36508,15.16434
1,Motozintla,2025-04-16 00:00:00,21.011487897237203,1.763360574585704,-92.36508,15.30925
1,Tapachula,2025-05-02 00:00:00,23.119013722737634,2.4186210453649437,-92.36478,15.16366
1,Tapachula,2025-05-26 00:00:00,23.656804339090968,4.33837558716732,-92.36409,15.1504
1,Tapachula,2025-05-12 00:00:00,29.02373911539712,0.2719983458234765,-92.359993,14.85649
1,Yajalón,2025-04-29 00:00:00,20.453180885314964,0.26982426638255674,-92.35871,17.1813
1,Motozintla,2025-05-19 00:00:00,21.213530158996605,4.935092763343363,-92.356561,15.31827
1,Macuspana,2025-05-03 00:00:00,28.80760599772134,0.0027946874183726322,-92.355008,17.779899
1,Tapachula,2025-05-03 00:00:00,28.82186120351156,0.3690227865149609,-92.3535,14.849
1,Tapachula,2025-05-05 00:00:00,23.149838383992517,2.5842000215163807,-92.34451,15.1321
1,Tapachula,2025-05-23 00:00:00,28.91691296895351,0.8587285873602468,-92.3433,14.7271
1,Motozintla,2025-04-25 00:00:00,23.341557757059775,2.077401713716398,-92.33579,15.25215
1,Salto de Agua,2025-02-27 00:00:00,23.94786732991537,1.20920091862331,-92.333459,17.556
1,Salto de Agua,2025-04-07 00:00:00,23.723157819112203,0.14559423412130457,-92.33269,17.40845
1,Tapachula,2025-05-05 00:00:00,28.768780008951808,0.3690227865149609,-92.33066,14.79685
1,Tapachula,2025-05-13 00:00:00,27.989699618021632,0.8716919675180179,-92.33052,14.97609
1,Tapachula,2025-05-05 00:00:00,27.42820796966555,0.8751352933984435,-92.32778,14.95055
1,Salto de Agua,2025-04-16 00:00:00,24.127802467346214,0.22386312474509396,-92.32726,17.40902
1,Tapachula,2025-05-25 00:00:00,28.665346717834495,0.8948525756125036,-92.3272,14.8235
1,Tapachula,2025-04-14 00:00:00,26.184997495015466,0.7860422133774136,-92.3231,14.97367
1,Siltepec,2025-05-08 00:00:00,16.930594380696675,1.7363759446027416,-92.320928,15.513707
1,Tapachula,2025-05-15 00:00:00,28.665346717834495,0.35480600286064146,-92.3207,14.7366
1,Tapachula,2025-05-06 00:00:00,27.51018136342367,0.8751352933984435,-92.31934,14.93718
1,Carmen,2025-06-11 00:00:00,30.746844546000148,0.00392017071249029,-92.31894,18.66688
1,Tapachula,2025-04-30 00:00:00,26.28584664662685,1.570313915664201,-92.31823,14.97409
1,Macuspana,2025-07-07 00:00:00,28.482804234822652,1.0454699397062228,-92.318177,17.72624
1,Macuspana,2025-04-16 00:00:00,26.455500857035304,0.0025895902524553094,-92.31806,17.79691
1,Tapachula,2025-05-22 00:00:00,28.985479609171534,0.6221324204886969,-92.3169,14.6504
1,Tapachula,2025-05-21 00:00:00,28.563226636250874,0.7863745092890895,-92.31646,14.8276
1,Tapachula,2025-04-30 00:00:00,27.41411488850912,0.8519502103467858,-92.31583,14.95547
1,Carmen,2025-06-16 00:00:00,30.743843015035054,0.08117854594935636,-92.31468,18.660368
1,Salto de Agua,2025-04-15 00:00:00,24.127802467346214,0.26123087985752136,-92.31446,17.40301
1,Salto de Agua,2025-03-12 00:00:00,23.339005088806175,0.43069635697179365,-92.31438,17.44164
1,Tumbalá,2025-04-24 00:00:00,25.351966158548976,0.17561722805226054,-92.31424,17.39074
1,Tapachula,2025-05-18 00:00:00,27.662574068705226,1.1633138246356367,-92.313418,14.94585
1,Chicomuselo,2025-05-30 00:00:00,21.569563484191917,1.7656402977763719,-92.31285,15.68266
1,Macuspana,2025-05-01 00:00:00,29.971486663818382,0.001722580719842881,-92.31265,17.9684
1,Chicomuselo,2025-05-30 00:00:00,21.569563484191917,1.7656402977763719,-92.31245,15.68131
1,Salto de Agua,2025-04-01 00:00:00,24.203176434834802,0.04597848147547268,-92.31198,17.40471
1,Macuspana,2025-04-26 00:00:00,28.87283287048342,0.0023568038898247323,-92.31184,17.78919
1,Macuspana,2025-04-29 00:00:00,29.056802686055505,0.00257272020576238,-92.31169,17.71211
1,Carmen,2025-06-16 00:00:00,30.743843015035054,0.08117854594935636,-92.31163,18.663285
1,Tapachula,2025-03-12 00:00:00,27.373536364237452,0.11917168231434516,-92.31162,14.783399
1,Macuspana,2025-05-08 00:00:00,29.157245572408044,0.0025656142952357186,-92.311383,17.71612
1,Macuspana,2025-07-08 00:00:00,28.482804234822652,1.0454699397062228,-92.311028,17.72253
1,Macuspana,2025-04-26 00:00:00,28.314890162150107,0.00245083381855693,-92.30992,17.78009
1,Tapachula,2025-04-30 00:00:00,27.41411488850912,0.8519502103467858,-92.30862,14.95005
1,Tapachula,2025-04-30 00:00:00,26.28584664662685,1.570313915664201,-92.30764,14.96556
1,Tapachula,2025-05-06 00:00:00,26.310206985473656,1.681013518407326,-92.30706,14.95733
1,Macuspana,2025-04-17 00:00:00,25.951675987243675,0.0035714636226202856,-92.30501,17.69522
1,Tapachula,2025-04-10 00:00:00,26.109871164957667,0.6559669970442883,-92.30462,15.01386
1,Tapachula,2025-03-17 00:00:00,25.326482073465968,0.49381107044155215,-92.304365,15.013971
1,Macuspana,2025-04-26 00:00:00,28.314890162150107,0.00245083381855693,-92.30412,17.77863
1,Macuspana,2025-04-12 00:00:00,26.93068593343105,0.001936591161211254,-92.30221,17.70839
1,Siltepec,2025-05-21 00:00:00,21.385059293111226,1.1244520544835268,-92.301924,15.55075
1,Tapachula,2025-05-26 00:00:00,28.72025356292727,0.8948525756125036,-92.3007,14.7979
1,Tapachula,2025-05-10 00:00:00,28.563226636250874,0.33207386729827704,-92.3006,14.7467
1,Tapachula,2025-05-31 00:00:00,28.72025356292727,1.0545286106946605,-92.3006,14.8746
1,Macuspana,2025-03-23 00:00:00,24.704424476623558,0.01186972307642975,-92.298625,17.764066
1,Tapachula,2025-05-22 00:00:00,28.453049596150777,0.7863745092890895,-92.29693,14.84475
1,Macuspana,2025-05-03 00:00:00,29.131034787495935,0.00257272020576238,-92.296897,17.754357
1,Tapachula,2025-05-26 00:00:00,26.464519437154138,3.4602314231051423,-92.2948,14.9906
1,Tapachula,2025-05-29 00:00:00,28.72025356292727,0.9153252809710466,-92.29452,14.83662
1,Chilón,2025-05-13 00:00:00,21.28094348907473,0.13861913490131883,-92.29403,17.07423
1,Macuspana,2025-03-25 00:00:00,25.116725540161156,0.004339218122595412,-92.291839,17.731657
1,Macuspana,2025-03-22 00:00:00,25.267314211527548,0.010569393197101817,-92.29057,17.84738
1,Macuspana,2025-04-10 00:00:00,26.93068593343105,0.0017225742112714215,-92.29055,17.72727
1,Macuspana,2025-05-02 00:00:00,29.131034787495935,0.00257272020576238,-92.28917,17.70917
1,Tapachula,2025-05-24 00:00:00,28.569271341959677,0.8321717381534199,-92.288637,14.849
1,Macuspana,2025-04-30 00:00:00,29.131034787495935,0.00257272020576238,-92.28849,17.70929
1,Macuspana,2025-05-02 00:00:00,29.131034787495935,0.00257272020576238,-92.28817,17.70817
1,Macuspana,2025-06-13 00:00:00,31.950707372029683,0.10410696268081665,-92.288168,17.708167
1,Chilón,2025-05-24 00:00:00,23.036180114746116,0.06949854721938209,-92.28753,17.12112
1,Tapachula,2025-05-15 00:00:00,28.665346717834495,0.35480600286064146,-92.287417,14.84021
1,Chilón,2025-05-24 00:00:00,23.036180114746116,0.06949854721938209,-92.285693,17.11982
1,Tapachula,2025-05-12 00:00:00,28.563226636250874,0.35480600286064146,-92.279446,14.8397
1,Suchiate,2025-05-30 00:00:00,29.27639954884853,0.6872862577438354,-92.27752,14.63563
1,Tapachula,2025-05-21 00:00:00,28.563226636250874,0.7863745092890895,-92.2774,14.7528
1,Tapachula,2025-05-04 00:00:00,28.257603263855003,0.3965496551465719,-92.27554,14.82765
1,Tapachula,2025-05-24 00:00:00,28.569271341959677,0.8321717381534199,-92.27536,14.84867
1,Tapachula,2025-03-21 00:00:00,27.659607187906886,0.09933609084100681,-92.27437,14.79694
1,Tapachula,2025-05-22 00:00:00,28.453049596150777,0.7863745092890895,-92.2743,14.7468
1,Suchiate,2025-05-21 00:00:00,29.12477264404299,0.5514010786491497,-92.2742,14.6956
1,Tapachula,2025-05-03 00:00:00,28.30466709136965,0.3965496551465719,-92.2742,14.7723
1,Macuspana,2025-05-06 00:00:00,29.55539188385012,0.0025850989686659887,-92.27403,17.83194
1,Chilón,2025-03-27 00:00:00,19.613068834940577,0.22968351797203468,-92.273929,17.126544
1,Suchiate,2025-05-28 00:00:00,29.27639954884853,0.6872862577438354,-92.27387,14.64257
1,Macuspana,2025-04-30 00:00:00,29.131034787495935,0.00257272020576238,-92.27216,17.71292
1,Tapachula,2025-05-29 00:00:00,27.753284072876,2.385151385936979,-92.27185,14.88192
1,Tapachula,2025-05-09 00:00:00,27.59225775400796,0.8751352933984435,-92.271848,14.88192
1,Tapachula,2025-04-24 00:00:00,28.518260574340843,0.2725334106230548,-92.27086,14.84304
1,Tapachula,2025-05-05 00:00:00,28.257603263855003,0.3965496551465719,-92.26835,14.82444
1,Tapachula,2025-05-14 00:00:00,27.708174324035667,0.9048704539225128,-92.267211,14.89892
1,Tapachula,2025-04-23 00:00:00,28.56442222595217,0.23385744674442321,-92.26696,14.86839
1,Salto de Agua,2025-03-22 00:00:00,22.893579101562523,0.2971589561013843,-92.266565,17.441151
1,Tapachula,2025-04-29 00:00:00,27.41411488850912,0.8519502103467858,-92.26459,14.92731
1,Suchiate,2025-04-25 00:00:00,29.2106176376343,0.19853341713016448,-92.26379,14.67375
1,Salto de Agua,2025-03-20 00:00:00,24.135472551981593,0.13813227405989892,-92.262977,17.48761
1,Palenque,2025-05-27 00:00:00,31.789270655314112,0.0017175553068682348,-92.26261,17.69869
1,Macuspana,2025-05-05 00:00:00,29.55539188385012,0.00257272020576238,-92.25822,17.8167
1,Suchiate,2025-05-28 00:00:00,29.27639954884853,0.6872862577438354,-92.25712,14.66717
1,Tapachula,2025-05-30 00:00:00,27.753284072876,2.618962526270252,-92.256,14.93888
1,Tapachula,2025-05-12 00:00:00,27.624140993754054,0.9048704539225128,-92.255995,14.93888
1,Suchiate,2025-04-03 00:00:00,28.919298744201683,0.028218646358268984,-92.254528,14.64171
1,Tapachula,2025-05-12 00:00:00,27.624140993754054,0.9048704539225128,-92.25283,14.91725
1,Carmen,2025-04-15 00:00:00,27.228679593404138,0.0019367043080364965,-92.2505,18.64071
1,Tapachula,2025-05-14 00:00:00,28.665346717834495,0.35480600286064146,-92.249035,14.87072
1,Tapachula,2025-05-25 00:00:00,26.063372548421228,3.3089975796940507,-92.2478,14.9002
1,Suchiate,2025-04-22 00:00:00,28.879041608174703,0.31223837186189485,-92.2477,14.6444
1,Frontera Hidalgo,2025-05-31 00:00:00,27.561372057596884,2.4953332275572393,-92.24449,14.74079
1,Salto de Agua,2025-05-19 00:00:00,28.00552965799966,0.007914234089412275,-92.243904,17.460788
1,Tapachula,2025-05-31 00:00:00,17.221449788411462,7.400812895042463,-92.2419,15.1439
1,Tapachula,2025-04-29 00:00:00,16.56996879577639,3.198570012983737,-92.24181,15.13178
1,Tapachula,2025-05-30 00:00:00,25.130124346415244,5.33922671968412,-92.2418,14.9906
1,Tapachula,2025-05-31 00:00:00,21.15418141682943,6.5446063875924665,-92.2418,15.0927
1,Tapachula,2025-05-31 00:00:00,17.221449788411462,7.400812895042463,-92.2417,15.1438
1,Cacahoatán,2025-05-21 00:00:00,24.834119733174703,4.457100293194571,-92.24165,15.02032
1,Tapachula,2025-05-29 00:00:00,26.1687052408854,3.4307677683909077,-92.24014,14.90043
1,Tapachula,2025-05-30 00:00:00,25.130124346415244,5.33922671968412,-92.2378,14.98315
1,Suchiate,2025-05-29 00:00:00,29.1096654891968,1.5696072433524222,-92.233148,14.712496
1,Suchiate,2024-11-27 00:00:00,24.63380870819094,3.8975268601859625,-92.230516,14.734923
1,Suchiate,2025-05-27 00:00:00,27.561372057596884,1.8284984896421719,-92.22662,14.74095
1,Suchiate,2025-05-31 00:00:00,29.127401606241847,1.2589281767070304,-92.22595,14.53787
1,Suchiate,2025-03-22 00:00:00,28.38125317891445,0.02768182255863394,-92.225949,14.537865
1,Suchiate,2025-05-12 00:00:00,28.87940082550051,0.6677731871320702,-92.2257,14.5387
1,Tumbalá,2025-03-15 00:00:00,22.30370197296145,0.6241059782610137,-92.224145,17.26593
1,Palenque,2025-04-03 00:00:00,26.30659637451174,0.0017152536315734324,-92.223124,17.698441
1,Macuspana,2025-04-14 00:00:00,27.619021987915062,0.0025895902524553094,-92.22225,17.83192
1,Frontera Hidalgo,2025-05-19 00:00:00,27.423804219563806,1.678390807398955,-92.22124,14.73808
1,Palenque,2025-03-04 00:00:00,24.81574910481777,0.3774336463493455,-92.218515,17.67583
1,Palenque,2025-05-12 00:00:00,29.26401576995852,0.0025656142952357186,-92.218508,17.6797
1,Suchiate,2025-05-02 00:00:00,28.96997254689535,0.4654387992495401,-92.2178,14.5865
1,Suchiate,2025-04-27 00:00:00,28.95345617930093,0.2575640051531991,-92.2138,14.5633
1,Suchiate,2025-05-24 00:00:00,29.154747581481956,0.9972199797623205,-92.2133,14.5972
1,Frontera Hidalgo,2025-03-30 00:00:00,26.848509089152003,0.3886610269034918,-92.211534,14.744149
1,Frontera Hidalgo,2025-05-04 00:00:00,27.09752203623458,1.627504825592041,-92.21153,14.74415
1,Tuxtla Chico,2025-04-14 00:00:00,25.83066361745199,1.0704234241813992,-92.21067,14.9294
1,Salto de Agua,2025-05-24 00:00:00,29.16105200449624,0.007914234089412275,-92.20724,17.429364
1,Salto de Agua,2025-03-13 00:00:00,24.261786397298238,0.3460503103838164,-92.20428,17.542396
1,Ocosingo,2025-04-04 00:00:00,20.00809599558511,0.2809987675789216,-92.20302,16.97525
1,Frontera Hidalgo,2025-05-29 00:00:00,27.561372057596884,2.2372201081850562,-92.202363,14.751322
1,Tumbalá,2025-04-12 00:00:00,23.54958305358889,0.203110390771144,-92.20087,17.37557
1,Salto de Agua,2025-05-20 00:00:00,28.206472651163722,0.007914234089412275,-92.200641,17.424823
1,Salto de Agua,2025-04-17 00:00:00,24.446478144327784,0.13748895472076583,-92.19832,17.41601
1,Palenque,2025-04-12 00:00:00,27.07720241546633,0.001936591161211254,-92.1983,17.688
1,Salto de Agua,2025-03-09 00:00:00,23.59311478932699,0.1867339015007019,-92.197812,17.425855
1,Suchiate,2025-04-14 00:00:00,28.844490305582667,0.11235866591619015,-92.1976,14.6157
1,Frontera Hidalgo,2025-05-27 00:00:00,27.561372057596884,1.8284984896421719,-92.1973,14.78466
1,Frontera Hidalgo,2025-05-09 00:00:00,27.34504629770919,1.5487179159379139,-92.196682,14.78427
1,Frontera Hidalgo,2025-01-06 00:00:00,25.00917237599691,0.2537071704864502,-92.195406,14.759074
1,Suchiate,2025-05-31 00:00:00,29.1096654891968,1.7097219442518963,-92.1948,14.6444
1,Salto de Agua,2025-03-17 00:00:00,24.27770099639895,0.12364720853952349,-92.193651,17.542905
1,Salto de Agua,2025-03-12 00:00:00,23.656090354919456,0.5317932846651274,-92.1935,17.42678
1,Metapa,2025-05-19 00:00:00,27.423804219563806,1.678390807398955,-92.191342,14.84848
1,Salto de Agua,2025-05-27 00:00:00,29.608223215738917,0.01971376767073707,-92.191043,17.421954
1,Jonuta,2025-04-23 00:00:00,29.51630490620937,0.0023568038898247323,-92.1888,18.034
1,Frontera Hidalgo,2025-05-20 00:00:00,27.423804219563806,1.6840413211980376,-92.188781,14.80442
1,Salto de Agua,2025-03-15 00:00:00,23.71300373077395,0.5317932846651274,-92.187476,17.434467
1,Tuxtla Chico,2025-04-25 00:00:00,25.918206151326558,1.866779968196397,-92.18713,14.88072
1,Salto de Agua,2025-03-20 00:00:00,23.919733619689964,0.0731065868535552,-92.187088,17.538398
1,Metapa,2025-05-16 00:00:00,27.487071609497093,1.6415062117971502,-92.186954,14.84938
1,Frontera Hidalgo,2025-05-27 00:00:00,27.561372057596884,1.8284984896421719,-92.18544,14.7985
1,Frontera Hidalgo,2025-05-23 00:00:00,27.423804219563806,1.688764378839025,-92.184873,14.79869
1,Jonuta,2025-06-10 00:00:00,32.86382795969649,0.01163780689239502,-92.1847,18.0138
1,Frontera Hidalgo,2025-05-30 00:00:00,27.561372057596884,2.449634346135099,-92.18454,14.79263
1,Tumbalá,2025-04-12 00:00:00,23.54958305358889,0.203110390771144,-92.18437,17.29979
1,Tuxtla Chico,2025-03-29 00:00:00,25.52907524108889,0.7180500769266018,-92.184369,14.894857
1,Frontera Hidalgo,2025-05-13 00:00:00,27.423804219563806,1.5961411166074413,-92.18346,14.76863
1,Tuxtla Chico,2025-03-31 00:00:00,25.622216796875023,0.7315594700685324,-92.18313,14.92156
1,Salto de Agua,2025-03-06 00:00:00,24.009351348876976,0.18344109764711902,-92.182665,17.53361
1,Salto de Agua,2025-05-22 00:00:00,28.87243804931643,0.007914234089412275,-92.178767,17.437055
1,Suchiate,2025-05-29 00:00:00,29.1096654891968,1.5696072433524222,-92.178535,14.696885
1,Tumbalá,2025-05-08 00:00:00,25.192003186543843,0.11691383849665726,-92.178028,17.314569
1,Frontera Hidalgo,2025-05-15 00:00:00,27.487071609497093,1.5961411166074413,-92.174254,14.75465
1,Salto de Agua,2025-03-21 00:00:00,23.503392473856593,0.16012340782367573,-92.173641,17.41594
1,Palenque,2025-04-17 00:00:00,25.89385534922286,0.0039662819233399205,-92.17219,17.69423
1,Tuxtla Chico,2025-05-22 00:00:00,26.024396197001124,3.1808328360227733,-92.1719,14.94319
1,Frontera Hidalgo,2025-05-07 00:00:00,27.155215517679892,1.5961411166074413,-92.17158,14.73857
1,Chilón,2025-04-29 00:00:00,21.495688692728663,0.18115532085971608,-92.17078,17.08334
1,Suchiate,2025-05-01 00:00:00,28.636289850870753,1.1503785848105963,-92.16836,14.68176
1,Salto de Agua,2025-03-22 00:00:00,23.19586588541665,0.16012340782367573,-92.16826,17.409149
1,Tuxtla Chico,2025-04-17 00:00:00,25.91261507670083,1.0704234241813992,-92.1679,14.93327
1,Tumbalá,2025-05-02 00:00:00,25.110629653930687,0.16777217385310905,-92.167687,17.296033
1,Salto de Agua,2025-04-01 00:00:00,24.502082443237327,0.021489894891146832,-92.16737,17.40095
1,Tuxtla Chico,2025-04-21 00:00:00,25.215779558817587,1.868280768292152,-92.16673,14.93734
1,Tumbalá,2025-05-06 00:00:00,26.812194442749046,0.1377273732998674,-92.166318,17.274848
1,Palenque,2025-04-07 00:00:00,27.600573794047023,0.0017225742112714215,-92.16594,17.6961
1,Tumbalá,2025-05-28 00:00:00,29.628212229410792,0.03340744174806787,-92.16441,17.316126
1,Palenque,2025-04-19 00:00:00,27.31350606282558,0.0034651772011784487,-92.16292,17.73723
1,Tumbalá,2025-03-08 00:00:00,23.29510046641036,0.24854391813278198,-92.16287,17.295443
1,Cacahoatán,2025-04-25 00:00:00,23.1381021499634,3.431103870326524,-92.16226,14.99779
1,Tumbalá,2025-04-23 00:00:00,25.54797229766848,0.12989167879595698,-92.16215,17.29368
1,Tumbalá,2025-05-14 00:00:00,27.333456929524743,0.044005472375374666,-92.162102,17.298383
1,Tumbalá,2025-03-11 00:00:00,23.378872172037802,0.8561170580492217,-92.161341,17.268733
1,Ayutla,2025-08-13 00:00:00,27.32315247853603,6.157512962783329,-92.1608,14.6361
1,Tumbalá,2025-03-30 00:00:00,24.01421985626223,0.045255775157571065,-92.160192,17.290601
1,Tuxtla Chico,2025-05-22 00:00:00,25.169083849589015,3.9891221974936997,-92.15975,14.93816
1,Tumbalá,2025-05-16 00:00:00,27.502525901794456,0.021366907343889352,-92.158615,17.320526
1,Salto de Agua,2025-03-31 00:00:00,24.342915471394917,0.003902734533767216,-92.158482,17.401132
1,Tumbalá,2025-04-14 00:00:00,24.73211536407473,0.1513283978056279,-92.15825,17.27654
1,Tumbalá,2025-04-29 00:00:00,26.812194442749046,0.11945150623660084,-92.158007,17.293715
1,Tumbalá,2025-05-06 00:00:00,26.812194442749046,0.1377273732998674,-92.157351,17.287283
1,Suchiate,2025-05-02 00:00:00,27.637939389546716,2.935121587853473,-92.15633,14.66526
1,Tumbalá,2025-04-17 00:00:00,24.33441759745284,0.14079321437066028,-92.15622,17.2887
1,Tumbalá,2025-04-16 00:00:00,24.3340199152629,0.14079321437066028,-92.155583,17.295956
1,Salto de Agua,2025-05-05 00:00:00,27.088014539082906,0.05216821347175937,-92.15298,17.44232
1,Suchiate,2025-04-14 00:00:00,27.841321881612203,0.5680483124592683,-92.1527,14.69884
1,Suchiate,2025-05-02 00:00:00,27.637939389546716,2.935121587853473,-92.15189,14.68042
1,Tumbalá,2025-03-13 00:00:00,23.37188269297286,0.8561170580492217,-92.151622,17.279529
1,Suchiate,2025-05-27 00:00:00,27.927913602193257,3.1998705187845644,-92.1501001,14.69657
1,Salto de Agua,2025-03-31 00:00:00,24.560119247436546,0.002862073699816392,-92.149869,17.533509
1,Suchiate,2025-03-23 00:00:00,27.292632357279444,0.28839474921937835,-92.149255,14.678277
1,Salto de Agua,2025-03-22 00:00:00,23.183850860595726,0.06191229312868529,-92.149221,17.406109
1,Catazajá,2025-03-29 00:00:00,26.227502441406273,0.0024322583360714134,-92.14763,17.79876
1,Tumbalá,2025-05-03 00:00:00,26.812194442749046,0.11945150623660084,-92.145935,17.318261
1,Tumbalá,2025-04-07 00:00:00,25.409184392293298,0.047927553348259266,-92.1448,17.31962
1,Tumbalá,2025-03-24 00:00:00,23.107082621256495,0.11610686769358836,-92.144708,17.245463
1,Tumbalá,2025-03-24 00:00:00,23.107082621256495,0.11610686769358836,-92.144473,17.242187
1,Jonuta,2025-05-29 00:00:00,33.1950508117676,0.001714486813853,-92.14323,18.00065
1,Ocos,2025-08-13 00:00:00,28.789326922098837,1.720370478295763,-92.1411,14.5769
1,Jonuta,2025-05-29 00:00:00,33.16109778086343,0.0017168689225854905,-92.13773,18.09037
1,Jonuta,2025-04-09 00:00:00,28.796837743123433,0.0017193516441693646,-92.13369,18.07567
1,Tumbalá,2025-03-24 00:00:00,23.107082621256495,0.11610686769358836,-92.133481,17.261789
1,Palenque,2025-03-29 00:00:00,25.321912701924703,0.002642906196115291,-92.129998,17.56622
1,Mazapa de Madero,2025-04-10 00:00:00,20.900677935282374,1.4783218502998352,-92.1277,15.4236
1,Cacahoatán,2025-05-22 00:00:00,23.257620112101222,5.64918035497719,-92.12545,15.0256
1,Jonuta,2025-04-16 00:00:00,27.591690635681175,0.0023639098003513936,-92.12137,17.98609
1,Palenque,2025-05-28 00:00:00,32.1642086664836,0.0019169757194958947,-92.1184,17.7243
1,Ocosingo,2025-04-25 00:00:00,20.324589665730855,0.3231705366317783,-92.1156,16.94259
1,Catazajá,2025-02-14 00:00:00,24.17151826222738,0.29637217511435665,-92.11495,17.73449
1,Cacahoatán,2025-04-26 00:00:00,17.927679951985738,4.128896729366005,-92.11195,15.05049
1,Catazajá,2025-03-19 00:00:00,25.174349721272847,0.08491575709967947,-92.11141,17.755852
1,Catazajá,2025-03-29 00:00:00,25.760033226013206,0.0027875678938471538,-92.105616,17.737068
1,Ocosingo,2025-05-12 00:00:00,21.17952117919924,0.12637336718057668,-92.10558,16.84677
1,Palenque,2025-03-15 00:00:00,24.14765542348232,0.3742880108461577,-92.104165,17.527905
1,Ocosingo,2025-04-25 00:00:00,20.324589665730855,0.3231705366317783,-92.10345,16.88997
1,Ocosingo,2025-05-15 00:00:00,21.358591969808003,0.1246184175442977,-92.103449,16.88997
1,Palenque,2025-05-17 00:00:00,29.193687375386617,0.0019314456096708454,-92.1031,17.62302
1,Ocosingo,2025-05-10 00:00:00,21.149392382303915,0.12637336718057668,-92.101613,16.91546
1,Catazajá,2025-03-17 00:00:00,25.572425142923976,0.11535882899238459,-92.100877,17.744868
1,Chilón,2025-04-04 00:00:00,20.349152501424157,0.11947900051723082,-92.10058,17.02108
1,Ocosingo,2025-05-28 00:00:00,23.518026288350484,0.11769798695127065,-92.09945,16.97672
1,Palizada,2025-04-25 00:00:00,30.105276997884175,0.001722687358096664,-92.09776,18.27941
1,Catazajá,2025-03-26 00:00:00,25.572425142923976,0.004144133328054522,-92.0968,17.7326
1,Ocosingo,2025-05-07 00:00:00,20.751821454366052,0.2777243383889072,-92.0954,16.98076
1,Chilón,2025-05-02 00:00:00,20.751821454366052,0.2518719474835507,-92.09461,16.99927
1,Palizada,2025-05-12 00:00:00,30.73741556803384,0.0017147419555385568,-92.0926,18.1365
1,Catazajá,2025-02-06 00:00:00,23.491716957092308,0.90394401922822,-92.090538,17.694605
1,Ocosingo,2025-05-16 00:00:00,21.482853825887105,0.1246184175442977,-92.089858,16.90639
1,Ocosingo,2025-05-24 00:00:00,23.1995092391968,0.08903396954451637,-92.088959,16.89393
1,Palenque,2025-04-19 00:00:00,26.00824890136721,0.014418363520007915,-92.0856,17.4753
1,Salto de Agua,2025-05-14 00:00:00,27.263592020670615,0.013234574510079256,-92.085215,17.30885
1,Palenque,2025-04-19 00:00:00,26.00824890136721,0.014418363520007915,-92.08519,17.53104
1,Comitán de Domínguez,2025-03-18 00:00:00,17.244717216491722,0.7708117361460154,-92.08189,16.33979
1,Palenque,2025-02-14 00:00:00,24.195688184102437,0.15228539709255529,-92.081292,17.545995
1,Comitán de Domínguez,2025-03-24 00:00:00,17.244717216491722,0.578124040714556,-92.07889,16.33953
1,Catazajá,2025-04-13 00:00:00,27.83195330301919,0.0023639098003513936,-92.07474,17.73343
1,Ocosingo,2025-05-31 00:00:00,24.666406567891443,0.17341400865689138,-92.07268,16.90497
1,Catarina,2025-08-13 00:00:00,25.31225166320803,13.213134727038778,-92.072,14.8359
1,Salto de Agua,2025-05-07 00:00:00,26.877649561564112,0.06101280447978752,-92.070107,17.309303
1,Malacatán,2025-08-13 00:00:00,23.437026913960835,9.95150150970403,-92.0691,14.9152
1,Ocosingo,2025-05-28 00:00:00,24.231422042846702,0.11455171502916528,-92.06873,16.89646
1,Salto de Agua,2025-05-07 00:00:00,26.877649561564112,0.06101280447978752,-92.063676,17.30574
1,Catazajá,2025-04-16 00:00:00,26.744034385681175,0.003088716681531878,-92.06177,17.77741
1,Palizada,2025-05-06 00:00:00,30.270337994893453,0.002144390208513869,-92.0616,18.1444
1,Palenque,2025-03-26 00:00:00,25.930303827921534,0.003739770372490625,-92.059132,17.674242
1,Comitán de Domínguez,2025-04-02 00:00:00,17.281355794270894,0.5178082732300027,-92.05811,16.43585
1,Catazajá,2025-04-14 00:00:00,27.83195330301919,0.002865261734541491,-92.05529,17.72509
1,Chilón,2025-04-29 00:00:00,21.7083513895671,0.14686868487956417,-92.05306,17.06196
1,Palenque,2025-02-28 00:00:00,24.796105003356956,0.42761301546079267,-92.050372,17.566418
1,Salto de Agua,2025-05-23 00:00:00,29.3079658508301,0.007134357673521663,-92.048797,17.368477
1,Salto de Agua,2025-05-17 00:00:00,27.615677769978845,0.007954239777063776,-92.048348,17.368913
1,Ocosingo,2025-05-05 00:00:00,21.672399457295796,0.23025944148002964,-92.04809,16.82667
1,Palenque,2025-03-20 00:00:00,25.32286160786947,0.022065639484480926,-92.047625,17.579353
1,Altamirano,2025-05-02 00:00:00,19.471605873107933,0.13608758160899015,-92.04339,16.71618
1,Catazajá,2025-05-06 00:00:00,29.79087187449136,0.003088716681531878,-92.04195,17.69751
1,Altamirano,2025-05-12 00:00:00,21.960463142395042,0.16800595153654285,-92.03846,16.81726
1,Palenque,2025-05-28 00:00:00,32.43465639750161,0.002215333807953357,-92.038014,17.566273
1,Pajapita,2025-08-13 00:00:00,25.31225166320803,13.213134727038778,-92.0365,14.7263
1,Ocosingo,2025-04-30 00:00:00,21.672399457295796,0.19122199117305172,-92.03593,16.89068
1,Catazajá,2025-05-06 00:00:00,29.79087187449136,0.003088716681531878,-92.0347,17.70237
1,Palenque,2025-03-20 00:00:00,25.32286160786947,0.022065639484480926,-92.03446,17.569598
1,Catazajá,2025-04-25 00:00:00,28.84711672465005,0.002972374460341598,-92.03359,17.70616
1,Chilón,2025-04-29 00:00:00,20.871245320638025,0.192466238132738,-92.02866,17.01243
1,Palenque,2025-03-11 00:00:00,25.941627438863122,0.18525421580761758,-92.027962,17.64322
1,Chilón,2025-04-29 00:00:00,20.871245320638025,0.192466238132738,-92.02637,17.00948
1,Catazajá,2025-05-02 00:00:00,29.79087187449136,0.002748919513351211,-92.02632,17.67828
1,Catazajá,2025-03-05 00:00:00,25.321358299255394,0.2424150698345784,-92.026315,17.678279
1,Palenque,2025-05-19 00:00:00,30.539145723978663,0.0017120995892128121,-92.024346,17.63646
1,Catazajá,2025-04-02 00:00:00,26.96086686452236,0.0017152536315734324,-92.02356,17.71407
1,Jonuta,2025-04-14 00:00:00,28.257409032185933,0.001722687358096664,-92.02133,17.90904
1,Ocosingo,2025-04-28 00:00:00,21.709002431233785,0.21437234372001512,-92.01921,16.88646
1,Catazajá,2025-04-16 00:00:00,26.744034385681175,0.003088716681531878,-92.01904,17.70195
1,Catazajá,2025-04-14 00:00:00,27.83195330301919,0.002865261734541491,-92.01901,17.70192
1,Catazajá,2025-04-09 00:00:00,27.83195330301919,0.0017225742112714215,-92.01646,17.70239
1,Catazajá,2025-02-17 00:00:00,25.083364105224632,0.2917170521357093,-92.016457,17.70239
1,Catazajá,2025-02-02 00:00:00,23.645304934183798,0.6928920745394862,-92.0162502,17.70787
1,Catazajá,2024-11-21 00:00:00,25.66388854980471,1.8610134720802307,-92.01621,17.70787
1,Catazajá,2025-05-15 00:00:00,30.08748842875167,0.0017147419555385568,-92.008453,17.7194
1,Catazajá,2025-05-05 00:00:00,29.79087187449136,0.002972374460341598,-92.003325,17.761528
1,Palizada,2025-05-07 00:00:00,30.270337994893453,0.0018882322478930291,-92.003,18.195
1,Comitán de Domínguez,2025-04-01 00:00:00,19.69749190012618,0.09256613370212108,-92.002356,16.23075
1,Palenque,2025-05-31 00:00:00,31.104982948303245,0.018568336912494487,-92.00166,17.49752
1,Ocosingo,2025-05-22 00:00:00,23.670200920105003,0.0804728238961161,-91.99691,16.83253
1,Catazajá,2025-04-12 00:00:00,27.83195330301919,0.001936591161211254,-91.99635,17.7746
1,Las Margaritas,2025-05-25 00:00:00,21.698473548889183,0.16613075203508743,-91.99286,16.32938
1,Palenque,2025-05-29 00:00:00,30.715727424621605,0.01017749309539795,-91.99173,17.5258
1,Jonuta,2025-03-22 00:00:00,25.910468037923238,0.005280971549836977,-91.989821,17.973771
1,Palizada,2025-07-03 00:00:00,28.993754641215048,2.7623146771702523,-91.9893,18.1118
1,Las Margaritas,2025-05-27 00:00:00,20.496953900655114,0.35409880482006884,-91.98636,16.39278
1,Las Margaritas,2025-05-29 00:00:00,20.496953900655114,0.6487220525741577,-91.98626,16.39278
1,Ocosingo,2025-03-26 00:00:00,19.242707506815577,0.09880363936076719,-91.98548,16.989
1,Palenque,2025-05-28 00:00:00,30.654667790730855,0.0031140178862187895,-91.983333,17.516798
1,Palenque,2025-05-04 00:00:00,27.85455188751223,0.008456064279016573,-91.98217,17.50988
1,Palizada,2025-05-06 00:00:00,30.366177177429222,0.0023696987625498878,-91.97381,18.06686
1,Palizada,2025-05-12 00:00:00,30.80422871907558,0.001719855646342694,-91.973806,18.066858
1,Palenque,2025-04-07 00:00:00,27.935910797119163,0.0017225742112714215,-91.96919,17.68796
1,Chilón,2025-05-14 00:00:00,21.195029513041163,0.13407362538941925,-91.96842,17.01085
1,El Rodeo,2025-08-13 00:00:00,23.437026913960835,9.95150150970403,-91.9674,14.9135
1,Chilón,2025-05-21 00:00:00,22.693132336934468,0.06551994503567471,-91.967148,17.00993
1,Catazajá,2025-04-19 00:00:00,27.85220235188808,0.003088716681531878,-91.96306,17.7561
1,Chilón,2025-05-27 00:00:00,23.44906037648525,0.10299618932663179,-91.96084,17.00979
1,Ocosingo,2025-04-16 00:00:00,20.365876770019554,0.23248993022662034,-91.96075,16.87952
1,Las Margaritas,2025-05-16 00:00:00,18.537681516011617,0.22663980413994977,-91.95726,16.37507
1,Ocosingo,2025-05-13 00:00:00,21.960463142395042,0.13577747145632202,-91.95054,16.83126
1,Ocosingo,2025-05-14 00:00:00,21.99159679412844,0.13577747145632202,-91.949827,16.94399
1,Ocosingo,2025-05-01 00:00:00,21.672399457295796,0.19122199117305172,-91.94898,16.86587
1,Catazajá,2025-04-12 00:00:00,27.83195330301919,0.001936591161211254,-91.94461,17.72805
1,La Independencia,2025-04-01 00:00:00,19.69749190012618,0.09256613370212108,-91.94346,16.234229
1,Ocosingo,2025-04-28 00:00:00,21.709002431233785,0.21437234372001512,-91.94237,16.94001
1,Ocosingo,2025-03-22 00:00:00,19.259755071004292,0.22980123745242054,-91.94036,16.84017
1,Chilón,2025-05-22 00:00:00,23.647658602396632,0.06357490710229285,-91.934588,17.12355
1,Jonuta,2025-06-16 00:00:00,32.39762236277261,0.16591364843066003,-91.929983,17.913472
1,Nuevo Progreso,2025-08-12 00:00:00,25.35678602854415,12.430919131826812,-91.9267,14.7838
1,Ocosingo,2025-05-06 00:00:00,21.672399457295796,0.24380792191891487,-91.92662,16.83043
1,Chilón,2025-05-31 00:00:00,24.497318840026878,0.15275176517093314,-91.92166,17.12422
1,Palenque,2025-05-02 00:00:00,28.34143218994143,0.007097078366768983,-91.91581,17.47879
1,Ocosingo,2025-04-11 00:00:00,20.729741032918355,0.2131670712799405,-91.89617,17.03976
1,Palenque,2025-03-21 00:00:00,24.308954811096214,0.024686212166002974,-91.895567,17.46602
1,Ocosingo,2025-05-09 00:00:00,22.106883303324366,0.13477951932827636,-91.89142,16.9635
1,Ocosingo,2025-05-09 00:00:00,22.106883303324366,0.13477951932827636,-91.8887,16.94031
1,Palenque,2025-05-01 00:00:00,28.34143218994143,0.007097078366768983,-91.8867,17.49635
1,Palenque,2025-04-13 00:00:00,26.53007342020669,0.007097078366768983,-91.88618,17.51428
1,Chilón,2025-04-24 00:00:00,20.745617167154933,0.2841001386091335,-91.88536,17.05814
1,Palenque,2025-04-24 00:00:00,28.857746378580714,0.0031423423081378132,-91.88102,17.59467
1,Palenque,2025-04-24 00:00:00,28.993244425455714,0.0028304687589297828,-91.88047,17.67067
1,Palenque,2025-04-17 00:00:00,23.443221664428734,0.05633532995830137,-91.87687,17.34086
1,Ocosingo,2025-04-24 00:00:00,20.745617167154933,0.2841001386091335,-91.87347,17.0451
1,Palenque,2025-04-15 00:00:00,27.34845568339034,0.0023639098003513936,-91.8719,17.70187
1,Ocosingo,2025-05-05 00:00:00,21.291650390625023,0.20853532649312,-91.87101,17.0455
1,Jonuta,2025-03-20 00:00:00,26.367966588338277,0.007411837600557192,-91.866078,17.891883
1,La Independencia,2025-05-28 00:00:00,22.51355546315517,0.3042365395060642,-91.8619,16.26617
1,Palenque,2025-03-20 00:00:00,24.308954811096214,0.024686212166002974,-91.858048,17.497513
1,Coatepeque,2025-08-12 00:00:00,25.34642594655361,11.340980231761222,-91.8553,14.6989
1,La Independencia,2025-05-11 00:00:00,19.75629577636721,0.14863759923855469,-91.837632,16.26567
1,Génova,2025-08-12 00:00:00,25.20326671600344,6.20902925726341,-91.8273,14.6062
1,Palenque,2025-03-29 00:00:00,25.33248672485354,0.004769982098196124,-91.826458,17.53381
1,Palenque,2025-05-09 00:00:00,29.0653755823771,0.0032615515976885945,-91.82242,17.48628
1,San Marcos,2025-08-13 00:00:00,14.299259122212788,5.594321510386635,-91.8144,14.9595
1,La Reforma,2025-08-13 00:00:00,20.562972958882654,11.592948436685901,-91.8138,14.8006
1,Carmen,2025-05-03 00:00:00,30.37909088134768,0.0014999100699242263,-91.80899,18.22945
1,Palenque,2025-05-08 00:00:00,26.42742786407473,0.02238260847775564,-91.80799,17.37974
1,Palenque,2025-05-03 00:00:00,26.39874674479165,0.03446638581294792,-91.80763,17.37236
1,Palenque,2025-05-03 00:00:00,26.39874674479165,0.03446638581294792,-91.80548,17.37371
1,Palizada,2025-04-05 00:00:00,29.034285481770894,0.0017152536315734324,-91.80414,18.07116
1,Carmen,2025-04-05 00:00:00,29.126448567708394,0.00163299808697559,-91.80414,18.22017
1,Carmen,2025-05-01 00:00:00,30.37909088134768,0.0012848942390064622,-91.8036,18.21931
1,Ocosingo,2025-05-09 00:00:00,22.637027359008812,0.11431873494416323,-91.794235,16.98633
1,Palenque,2025-04-15 00:00:00,26.167913691202784,0.011083483684615203,-91.78685,17.49819
1,Emiliano Zapata,2025-03-28 00:00:00,26.730823453267476,0.0018308111950915418,-91.781516,17.856623
1,Ocosingo,2025-03-11 00:00:00,19.149620628356956,0.6294510252473628,-91.77872,16.77936
1,Palenque,2025-05-13 00:00:00,30.548939005533896,0.001719855646342694,-91.774978,17.73673
1,Palizada,2025-06-20 00:00:00,32.14684702555337,0.503256916980277,-91.772367,17.991733
1,Retalhuleu,2025-08-12 00:00:00,27.14204781850185,4.333632268895826,-91.7698,14.4845
1,San Pedro Sacatepéquez,2025-08-13 00:00:00,14.299259122212788,5.594321510386635,-91.7684,14.9664
1,Palizada,2025-05-01 00:00:00,30.657070732116722,0.0017226938666681235,-91.76244,17.96935
1,Emiliano Zapata,2025-05-20 00:00:00,31.554902013142907,0.0017120995892128121,-91.7589,17.74124
1,San Lorenzo,2025-08-13 00:00:00,13.257873471577966,3.4265473484538234,-91.7518,15.0249
1,Ocosingo,2025-04-14 00:00:00,21.738559977213583,0.23152288140160238,-91.7482,17.03657
1,El Asintal,2025-08-12 00:00:00,25.03487580617275,7.738648929603187,-91.7476,14.5845
1,Las Margaritas,2025-05-15 00:00:00,19.127577400207542,0.13258755200240557,-91.74594,16.50425
1,Palenque,2025-03-15 00:00:00,24.157884216308616,0.5186206585960917,-91.744843,17.333428
1,Palenque,2025-04-14 00:00:00,28.312625503540062,0.0027071962733771215,-91.74204,17.57318
1,Emiliano Zapata,2025-05-07 00:00:00,30.383967653910304,0.002268211829914435,-91.7364,17.7468
1,Palenque,2025-03-15 00:00:00,24.157884216308616,0.5186206585960917,-91.731312,17.37323
1,Ocosingo,2025-05-05 00:00:00,23.028187052408896,0.19611373707562052,-91.72934,16.84987
1,Colomba,2025-08-12 00:00:00,21.86465702056887,10.142735099700317,-91.7275,14.7011
1,Ocosingo,2025-04-15 00:00:00,21.234813944498683,0.29745995988150753,-91.71379,16.82168
1,Ocosingo,2025-05-01 00:00:00,23.028187052408896,0.1895393894812969,-91.70879,16.83755
1,Ocosingo,2025-05-05 00:00:00,23.028187052408896,0.19611373707562052,-91.70818,16.818
1,Las Margaritas,2025-05-09 00:00:00,19.223157183329306,0.16817028998161732,-91.705587,16.2557
1,Carmen,2025-04-09 00:00:00,29.825229899088583,0.0017225742112714215,-91.69915,18.0528
1,Ocosingo,2025-04-01 00:00:00,24.908199246724507,0.0027875678938471538,-91.695018,17.322271
1,Las Margaritas,2025-04-23 00:00:00,18.488464291890523,0.47739709714278433,-91.69357,16.38345
1,Las Margaritas,2025-05-21 00:00:00,21.272572771708212,0.07596164940082417,-91.69097,16.24556
1,Las Margaritas,2025-04-23 00:00:00,18.488464291890523,0.47739709714278433,-91.68569,16.37487
1,Las Margaritas,2025-04-24 00:00:00,18.49811929066982,0.47739709714278433,-91.68459,16.38808
1,Balancán,2025-06-09 00:00:00,33.114018376668355,0.002148747142882712,-91.68129,17.821845
1,Balancán,2025-04-24 00:00:00,29.561929321289085,0.0023639098003513936,-91.68129,17.82185
1,Balancán,2025-05-12 00:00:00,30.84467468261721,0.0017174735376102035,-91.675932,17.809228
1,Las Margaritas,2025-04-24 00:00:00,20.129720306396507,0.4963919519980209,-91.67046,16.37666
1,Carmen,2025-06-11 00:00:00,33.32831948598226,0.0023639169057787512,-91.665558,18.061909
1,La Libertad,2025-05-13 00:00:00,30.95608482360842,0.0018388097373644996,-91.651695,17.58278
1,Altamirano,2025-04-11 00:00:00,20.68124701182046,0.38889944548259336,-91.64493,16.60545
1,Ocosingo,2025-04-07 00:00:00,20.30798969268801,0.36142356671575726,-91.6448,16.55595
1,Emiliano Zapata,2025-06-18 00:00:00,32.12988370259603,0.3856390714620517,-91.6439791,17.664656
1,Emiliano Zapata,2025-06-18 00:00:00,32.12988370259603,0.3856390714620517,-91.643979,17.664656
1,Emiliano Zapata,2025-07-07 00:00:00,28.71527506510421,1.3191848993301392,-91.643979,17.66466
1,Ocosingo,2025-04-07 00:00:00,20.30798969268801,0.36142356671575726,-91.64293,16.55584
1,Emiliano Zapata,2025-06-06 00:00:00,33.599696731567406,0.0018871733971081994,-91.6423,17.7369
1,Emiliano Zapata,2025-06-10 00:00:00,33.23031069437661,0.002148747142882712,-91.638667,17.670593
1,Balancán,2025-05-08 00:00:00,30.573124821980798,0.0017226938666681235,-91.629,17.8251
1,Ocosingo,2025-04-14 00:00:00,21.392954762776696,0.280003249542915,-91.6289,16.90273
1,Las Margaritas,2025-05-12 00:00:00,20.634104665120446,0.1597084832951623,-91.6259,16.33276
1,Ocosingo,2025-03-07 00:00:00,20.144493675231956,1.3753632746329458,-91.62271,16.9213
1,Palenque,2025-05-08 00:00:00,29.212219810485863,0.002805097295777159,-91.62137,17.38693
1,Emiliano Zapata,2025-04-17 00:00:00,27.672053591410304,0.0023639098003513936,-91.62009,17.59362
1,Ocosingo,2025-04-02 00:00:00,24.46018689473476,0.004285134593828843,-91.61915,17.1828
1,Ocosingo,2025-04-07 00:00:00,20.30798969268801,0.36142356671575726,-91.61854,16.54288
1,Emiliano Zapata,2025-04-30 00:00:00,29.191742197672568,0.002805097295777159,-91.61705,17.45449
1,Emiliano Zapata,2025-04-11 00:00:00,28.64713884989419,0.001936591161211254,-91.6146,17.6606
1,Emiliano Zapata,2025-05-23 00:00:00,31.993650690714503,0.0017120995892128121,-91.613775,17.51264
1,Emiliano Zapata,2025-04-24 00:00:00,29.585081990559956,0.002608848603813385,-91.61322,17.73065
1,Carmen,2025-04-28 00:00:00,30.645929908752464,0.0015050237607283634,-91.61258,18.07361
1,Palenque,2025-04-01 00:00:00,25.365678087870265,0.0029663818281733256,-91.612058,17.29843
1,Carmen,2025-07-03 00:00:00,28.943054771423363,2.644333242386665,-91.612016,18.09425
1,Balancán,2025-06-12 00:00:00,33.176685905456566,0.03970414400100708,-91.60857,17.904651
1,Palenque,2025-03-26 00:00:00,24.616748746236226,0.018487870562466924,-91.607823,17.297207
1,Palenque,2025-05-08 00:00:00,26.99615281422939,0.022712349874609572,-91.60672,17.16795
1,Balancán,2025-05-06 00:00:00,30.53362585703536,0.0017226938666681235,-91.60666,17.91539
1,Emiliano Zapata,2025-06-04 00:00:00,33.67693227132162,0.0018871733971081994,-91.602589,17.636399
1,Emiliano Zapata,2025-06-03 00:00:00,33.36584148406985,0.0017175553068682348,-91.59917,17.46751
1,Palenque,2025-03-22 00:00:00,23.14446156819662,0.0953555106946169,-91.59762,17.165078
1,Carmen,2025-06-16 00:00:00,32.72479178110757,0.290602445602417,-91.59724,17.96431
1,Carmen,2025-04-24 00:00:00,29.899372355143214,0.0021273260131238203,-91.59693,17.96423
1,Las Margaritas,2025-05-04 00:00:00,20.29997819264736,0.3656670068892254,-91.59647,16.40619
1,Emiliano Zapata,2025-04-04 00:00:00,27.229165331522665,0.0017225742112714215,-91.59629,17.50244
1,Las Margaritas,2025-05-03 00:00:00,20.29997819264736,0.3656670068892254,-91.59566,16.40642
1,La Trinitaria,2025-05-23 00:00:00,22.523919677734398,0.15917505714924118,-91.59461,16.09382
1,Balancán,2025-04-15 00:00:00,28.158473587036156,0.0020700294101061445,-91.59196,17.8533
1,Emiliano Zapata,2025-03-04 00:00:00,24.229392941792867,0.26374757257485726,-91.5917,17.4612
1,Balancán,2025-06-09 00:00:00,33.176685905456566,0.004853307927987771,-91.5908,17.898476
1,San Andrés Villa Seca,2025-08-12 00:00:00,24.574797566731775,9.025175294453902,-91.586,14.5634
1,Ocosingo,2025-05-16 00:00:00,24.925109481811546,0.034660062709690465,-91.58444,17.08171
1,La Independencia,2025-04-17 00:00:00,19.13255399068197,0.34127384424209595,-91.58443,16.15326
1,Balancán,2025-05-22 00:00:00,32.044794019063374,0.0014999100699242263,-91.584246,18.05176
1,Palenque,2025-05-01 00:00:00,26.9762642542521,0.050114101696863145,-91.58338,17.17725
1,Ocosingo,2025-05-04 00:00:00,24.62989482879641,0.11216658154467041,-91.5829,17.08083
1,Las Margaritas,2025-05-05 00:00:00,20.29997819264736,0.39802487839324385,-91.58222,16.35352
1,San Felipe,2025-08-12 00:00:00,20.639547602335597,9.64099615814007,-91.5818,14.6387
1,Balancán,2025-03-19 00:00:00,26.319708124796534,0.021535158140295607,-91.578513,17.910451
1,Emiliano Zapata,2025-04-19 00:00:00,28.79096374511721,0.0023639098003513936,-91.5762,17.5605
1,Tenosique,2025-04-24 00:00:00,29.585081990559956,0.002608848603813385,-91.57499,17.62712
1,Balancán,2025-04-28 00:00:00,30.449396705627464,0.0017226938666681235,-91.57457,18.01686
1,Cuyotenango,2025-08-18 00:00:00,26.68534399668374,7.0615604520014585,-91.5738,14.5395
1,Palenque,2025-03-19 00:00:00,24.437647755940816,0.2620324492852433,-91.573563,17.258783
1,Balancán,2025-03-11 00:00:00,26.54389851888027,0.15763342372565603,-91.571404,18.025024
1,Las Margaritas,2025-05-20 00:00:00,22.52821534474691,0.0477086821604189,-91.57103,16.35588
1,Las Margaritas,2025-05-02 00:00:00,20.29997819264736,0.3335073655250653,-91.57102,16.35539
1,Palenque,2025-05-01 00:00:00,26.9762642542521,0.050114101696863145,-91.5709,17.16222
1,Cuyotenango,2025-08-18 00:00:00,26.794395383199117,7.6626500272816145,-91.5686,14.3006
1,Balancán,2025-04-30 00:00:00,30.450577354431175,0.0017226938666681235,-91.56781,17.82029
1,Balancán,2025-04-04 00:00:00,28.521754837036156,0.0017193516441693646,-91.56555,17.99599
1,Balancán,2025-04-10 00:00:00,29.502770360310876,0.0019133090631839877,-91.5654,17.9513
1,Emiliano Zapata,2025-02-21 00:00:00,24.77473570505782,0.26507824654231626,-91.5643102,17.496387
1,Emiliano Zapata,2025-02-21 00:00:00,24.77473570505782,0.26507824654231626,-91.56431,17.496387
1,Balancán,2025-05-12 00:00:00,30.93555889129641,0.0017174735376102035,-91.5643,18.0105
1,Balancán,2025-03-19 00:00:00,26.592657343546534,0.060641765514901635,-91.563061,18.036408
1,Balancán,2025-05-09 00:00:00,31.081387138366722,0.0014999100699242263,-91.55842,18.069643
1,Balancán,2025-05-09 00:00:00,30.737108167012536,0.0017174735376102035,-91.555561,17.836945
1,Palenque,2025-03-04 00:00:00,23.960594113667867,0.4175946116333762,-91.553598,17.260183
1,Balancán,2025-04-15 00:00:00,28.471868769327784,0.0019367043080364965,-91.5521,17.94718
1,Balancán,2025-04-11 00:00:00,29.073611831665062,0.0017225742112714215,-91.552,17.8844
1,Tenosique,2025-04-22 00:00:00,29.153933143615745,0.0023639098003513936,-91.55188,17.66531
1,Palenque,2025-04-02 00:00:00,24.46018689473476,0.004285134593828843,-91.551542,17.1699
1,Ocosingo,2025-03-24 00:00:00,21.51797447204592,0.05172287911570095,-91.550848,17.11969
1,Tenosique,2025-02-23 00:00:00,25.414716657002828,0.2608254552285416,-91.550848,17.660931
1,Tenosique,2025-06-02 00:00:00,33.599696731567406,0.001717300165182678,-91.54987,17.68638
1,Balancán,2025-05-22 00:00:00,31.964878654480003,0.001499649812330972,-91.549598,17.90616
1,Balancán,2025-03-07 00:00:00,26.220408058166527,0.28282021324343987,-91.549598,17.906163
1,Balancán,2025-04-28 00:00:00,30.317919349670433,0.001722580719842881,-91.54814,17.81521
1,Tenosique,2025-03-20 00:00:00,26.124680455525777,0.009360909444922072,-91.547289,17.668152
1,Ocosingo,2025-03-18 00:00:00,21.697619056701683,0.9041532871378877,-91.547232,17.106936
1,Palenque,2025-05-04 00:00:00,28.508165295918843,0.0183965478868231,-91.5454,17.2535
1,Balancán,2025-04-18 00:00:00,28.98886992136636,0.0019367043080364965,-91.54256,18.03681
1,Mazatenango,2025-08-18 00:00:00,26.68534399668374,7.0615604520014585,-91.5425,14.5268
1,Balancán,2025-05-04 00:00:00,30.543391482035304,0.0017226938666681235,-91.54189,17.69114
1,Tenosique,2025-06-14 00:00:00,33.23031069437661,0.0580519437765048,-91.53726,17.65651
1,Tenosique,2025-05-06 00:00:00,30.543391482035304,0.002145514713447483,-91.53662,17.65523
1,Tenosique,2025-05-22 00:00:00,32.209344800313374,0.001499649812330972,-91.536455,17.65552
1,Balancán,2025-03-04 00:00:00,25.622968610127828,0.36927759614968636,-91.536257,17.937645
1,Tenosique,2025-03-24 00:00:00,26.24694754282632,0.004271621358853395,-91.536245,17.649919
1,Tenosique,2025-05-04 00:00:00,30.543391482035304,0.0017226938666681235,-91.53555,17.64175
1,Tenosique,2025-04-03 00:00:00,27.571936543782556,0.002395546914613078,-91.5344,17.65877
1,San Francisco Zapotitlán,2025-08-18 00:00:00,24.352275784810388,10.18713861705578,-91.5303,14.5868
1,Balancán,2025-05-03 00:00:00,30.543391482035304,0.0017226938666681235,-91.52881,17.70039
1,Las Margaritas,2025-05-04 00:00:00,20.153460439046285,0.46686824313724173,-91.52863,16.20385
1,Tenosique,2025-05-09 00:00:00,30.806362724304222,0.0017174735376102035,-91.528269,17.644745
1,Ocosingo,2025-03-10 00:00:00,21.698729451497456,0.9041532871378877,-91.525773,17.098378
1,Ocosingo,2025-04-15 00:00:00,21.479442850748683,0.22849291556781282,-91.5236,17.0358
1,Balancán,2025-04-20 00:00:00,29.875034586588583,0.0017185893455007317,-91.521453,18.034349
1,Tenosique,2025-04-09 00:00:00,28.66593767801919,0.001936591161211254,-91.52089,17.55745
1,Ocosingo,2025-03-22 00:00:00,22.4203287124634,0.06807893512927876,-91.519486,17.102572
1,San Gabriel,2025-08-18 00:00:00,26.363119061787927,7.836338877675431,-91.5129,14.5072
1,San Lorenzo,2025-08-19 00:00:00,26.314840571085597,8.283872902390854,-91.5119,14.4865
1,La Independencia,2025-05-17 00:00:00,22.988058662414574,0.08504267219677786,-91.511196,16.19006
1,Balancán,2025-04-07 00:00:00,29.168725903829,0.0017193516441693646,-91.50847,17.91544
1,Ocosingo,2025-03-13 00:00:00,22.567420578002952,0.838953901052264,-91.506473,17.102823
1,Balancán,2025-03-25 00:00:00,26.689975357055687,0.002573550943907321,-91.505792,17.90515
1,Balancán,2025-03-28 00:00:00,27.21999638875326,0.0017193516441693646,-91.504601,17.982097
1,Tenosique,2025-04-14 00:00:00,28.406456883748376,0.0023639098003513936,-91.49967,17.51204
1,Balancán,2025-04-21 00:00:00,29.170281982421898,0.0023639098003513936,-91.49946,17.71485
1,Balancán,2025-06-23 00:00:00,31.317029889424703,1.0387971997261047,-91.498431,17.850819
1,Balancán,2025-05-23 00:00:00,32.2856428782145,0.0010754031158910493,-91.498431,17.85082
1,Ocosingo,2025-04-05 00:00:00,21.903390820821187,0.09416204810008821,-91.49814,16.97624
1,Balancán,2025-05-06 00:00:00,30.498998578389546,0.00186682146363637,-91.49303,17.79445
1,Santo Domingo Suchitepequez,2025-08-19 00:00:00,26.31388594309493,7.466666400432587,-91.4911,14.4559
1,Balancán,2025-03-27 00:00:00,26.939319547017476,0.0022336840288517124,-91.490987,17.935125
1,Balancán,2025-04-11 00:00:00,28.884769058227562,0.001936591161211254,-91.490955,17.68956
1,Balancán,2025-05-19 00:00:00,31.37954673767092,0.001499649812330972,-91.49057,17.78474
1,Balancán,2025-03-21 00:00:00,26.581019973754906,0.022685648218612187,-91.4884,18.0443
1,La Independencia,2025-04-10 00:00:00,21.061546262105367,0.17069578163386723,-91.4875,16.1309
1,La Independencia,2025-04-10 00:00:00,21.061546262105367,0.17069578163386723,-91.4874502,16.1309
1,La Independencia,2025-04-10 00:00:00,21.061546262105367,0.17069578163386723,-91.4874501,16.1309
1,La Independencia,2025-03-29 00:00:00,20.653049723307277,0.13951692929481396,-91.4874501,16.130901
1,La Independencia,2025-03-29 00:00:00,20.653049723307277,0.13951692929481396,-91.48745,16.130901
1,Ocosingo,2025-04-09 00:00:00,21.41220404307046,0.34451689666958885,-91.48482,16.78179
1,Balancán,2025-05-16 00:00:00,30.998659706115745,0.001499649812330972,-91.48066,17.77475
1,Ocosingo,2025-03-28 00:00:00,20.571785227457724,0.07218022744837072,-91.48004,16.79669
1,Las Margaritas,2025-03-27 00:00:00,20.841753578186058,0.2406641839911572,-91.47961,16.30489
1,Balancán,2025-05-08 00:00:00,30.566044743855855,0.0017174735376102035,-91.477992,17.872147
1,Balancán,2025-03-16 00:00:00,26.283664321899437,0.12871772042899465,-91.47585,17.685778
1,Balancán,2025-04-03 00:00:00,27.644934590657556,0.0027875678938471538,-91.475786,17.68567
1,Balancán,2025-05-14 00:00:00,30.918364461263025,0.0017174735376102035,-91.47564,17.68561
1,Ocosingo,2025-03-18 00:00:00,20.227423604329488,0.7230937481210731,-91.47481,16.76207
1,Balancán,2025-04-01 00:00:00,27.608867581685445,0.0017193516441693646,-91.4733,17.87155
1,Ocosingo,2025-04-05 00:00:00,22.79799550374355,0.055808388603750814,-91.4719,16.99856
1,Palenque,2025-03-14 00:00:00,25.008886909484886,0.21165942706602436,-91.471062,17.35788
1,Las Margaritas,2025-05-10 00:00:00,22.689844385782862,0.1163676380429024,-91.46882,16.34429
1,Las Margaritas,2025-05-01 00:00:00,22.409232393900542,0.21286117180352448,-91.46825,16.3454
1,Las Margaritas,2025-05-04 00:00:00,22.046719169616722,0.41564660415360777,-91.46642,16.19404
1,Las Margaritas,2025-05-04 00:00:00,22.046719169616722,0.41564660415360777,-91.46616,16.19289
1,Samayac,2025-08-18 00:00:00,24.018214480082236,9.821507917678218,-91.4656,14.5709
1,Balancán,2025-04-24 00:00:00,29.6685780843099,0.0022644167074759025,-91.46202,17.88411
1,Balancán,2025-03-12 00:00:00,26.159821446736657,0.13082027408017893,-91.459649,17.79893
1,San Bernardino,2025-08-18 00:00:00,26.363119061787927,7.836338877675431,-91.4595,14.5419
1,Las Margaritas,2025-05-07 00:00:00,22.409232393900542,0.15526073971727783,-91.456597,16.34467
1,Balancán,2025-05-24 00:00:00,32.593389447530114,0.0017120995892128121,-91.453163,17.67932
1,Tenosique,2025-04-19 00:00:00,27.698871548970544,0.0038023505624096288,-91.45192,17.42806
1,Tenosique,2025-04-26 00:00:00,29.961659367879292,0.0019367043080364965,-91.45136,17.65545
1,Las Margaritas,2025-04-04 00:00:00,21.890723164876306,0.24019777768558015,-91.450955,16.2689
1,Balancán,2025-03-11 00:00:00,26.210041300455714,0.12871772042899465,-91.450336,17.680107
1,Balancán,2025-04-10 00:00:00,29.168725903829,0.001936591161211254,-91.44731,17.88148
1,Balancán,2025-03-26 00:00:00,26.791280047098837,0.0022336840288517124,-91.447307,17.881482
1,Balancán,2025-04-07 00:00:00,29.5012397130331,0.0017152536315734324,-91.44502,17.99154
1,Balancán,2025-04-07 00:00:00,29.5012397130331,0.0017152536315734324,-91.44502,17.99543
1,Balancán,2025-03-29 00:00:00,27.591755803426167,0.0017193516441693646,-91.441318,18.060532
1,Las Margaritas,2025-05-07 00:00:00,22.409232393900542,0.15526073971727783,-91.44066,16.33912
1,Balancán,2025-02-25 00:00:00,25.370120302836142,0.3383040428559525,-91.43947,17.79226
1,Balancán,2025-03-28 00:00:00,27.03495782216396,0.001727044548260892,-91.438267,17.891124
1,Balancán,2025-03-30 00:00:00,27.342309570312523,0.001936591161211254,-91.43626,18.006503
1,San Pablo Jocopilas,2025-08-19 00:00:00,23.05664215087893,7.562915980287244,-91.436,14.5958
1,Balancán,2025-04-10 00:00:00,29.11273059844973,0.001727044548260892,-91.43538,17.92409
1,Las Margaritas,2025-03-19 00:00:00,21.689220682779933,0.4388912865920247,-91.43521,16.240842
1,Palenque,2025-03-19 00:00:00,24.83638502756753,0.0964134931962235,-91.43521,17.260183
1,Balancán,2025-06-06 00:00:00,33.16931018829348,0.0019315520773943717,-91.435055,17.90075
1,Tenosique,2025-03-25 00:00:00,26.483717219034816,0.00431996704719495,-91.434821,17.647637
1,Tenosique,2025-06-25 00:00:00,29.900470670064294,0.9413287043376073,-91.43347,17.450302
1,Balancán,2025-05-11 00:00:00,30.705806032816554,0.0017144867570095812,-91.433375,17.910532
1,Balancán,2025-04-08 00:00:00,29.358173306783044,0.0017152536315734324,-91.43259,17.97933
1,Balancán,2025-03-24 00:00:00,26.25545177459719,0.005576014501684767,-91.43,17.71
1,Tenosique,2025-04-21 00:00:00,28.86104768117275,0.002557624895871413,-91.42675,17.50923
1,Las Margaritas,2025-04-04 00:00:00,22.590814208984398,0.16219019884466945,-91.423403,16.22938
1,Las Margaritas,2025-05-28 00:00:00,26.05236333211269,0.03535264190190901,-91.421141,16.220314
1,San José El Idolo,2025-08-18 00:00:00,26.331346766153956,6.652051336430986,-91.4183,14.4439
1,Balancán,2025-03-26 00:00:00,26.904822603861533,0.0017193516441693646,-91.417321,17.98477
1,Balancán,2025-04-28 00:00:00,30.254735247294093,0.001519167767582985,-91.41732,17.98477
1,Tenosique,2025-04-01 00:00:00,27.08065757751467,0.0027963881734649476,-91.41632,17.51485
1,Tenosique,2025-06-04 00:00:00,32.90795764923098,0.0025561421068687196,-91.41581,17.45339
1,Balancán,2025-04-02 00:00:00,27.595021184285542,0.0017193516441693646,-91.414392,17.85023
1,Balancán,2025-03-29 00:00:00,26.986678059895837,0.004305065886001103,-91.414392,17.850234
1,Balancán,2025-03-20 00:00:00,26.16594022115072,0.008556246740454299,-91.410599,17.795446
1,Tenosique,2025-04-08 00:00:00,28.559835370381734,0.0022465353026746016,-91.40784,17.519
1,San Antonio Suchitepéquez,2025-08-18 00:00:00,25.759054438273097,7.478477186822374,-91.4067,14.5477
1,Balancán,2025-05-20 00:00:00,31.370575841267964,0.001714486813853,-91.406303,17.98649
1,Las Margaritas,2025-05-04 00:00:00,23.04918473561611,0.2414312491794135,-91.40437,16.19909
1,Balancán,2025-04-04 00:00:00,28.353154754638695,0.0017152536315734324,-91.404367,17.99579
1,Tenosique,2025-04-16 00:00:00,26.690771039327046,0.0053250027747253625,-91.40432,17.4623
1,Tenosique,2025-04-04 00:00:00,27.210678990682027,0.0031838183645049867,-91.404317,17.4623
1,Tenosique,2025-05-03 00:00:00,30.412838236490927,0.0017226938666681235,-91.40104,17.62737
1,Tenosique,2025-04-30 00:00:00,29.699011739095113,0.002110004373889751,-91.40013,17.38968
1,Ocosingo,2025-04-28 00:00:00,21.619124348958394,0.3449629460305914,-91.39906,16.71043
1,Tenosique,2025-04-15 00:00:00,26.441453870137593,0.011432170850866896,-91.39841,17.27389
1,Balancán,2025-03-07 00:00:00,25.76024430592861,0.24647712675118782,-91.395856,17.766159
1,Balancán,2025-04-16 00:00:00,28.070694541931175,0.0019410614982007246,-91.39527,17.87201
1,Balancán,2025-04-01 00:00:00,27.770163154602074,0.0017152536315734324,-91.3943,17.96728
1,Tenosique,2025-03-14 00:00:00,26.03581326802572,0.13957321635871267,-91.391834,17.479114
1,Balancán,2025-04-05 00:00:00,28.47882486979165,0.0017152536315734324,-91.390735,17.97204
1,Balancán,2025-05-01 00:00:00,30.423599815368675,0.0017177668780732347,-91.38997,17.99327
1,Balancán,2025-04-08 00:00:00,29.358173306783044,0.0017152536315734324,-91.38625,17.99398
1,Balancán,2025-04-07 00:00:00,29.358173306783044,0.0017152536315734324,-91.38557,17.99
1,Tenosique,2025-03-31 00:00:00,26.095088895162007,0.005793011666810344,-91.385371,17.352
1,Balancán,2025-03-31 00:00:00,27.507029469807946,0.0017193516441693646,-91.383896,18.00644
1,Ocosingo,2025-05-26 00:00:00,24.37927080790206,0.12931227684020996,-91.38316,16.69255
1,Balancán,2025-06-23 00:00:00,31.359267489115382,0.757358968257904,-91.381508,18.015502
1,Ocosingo,2025-04-23 00:00:00,20.630545552571675,0.4889827511647127,-91.37928,16.69072
1,Ocosingo,2025-03-15 00:00:00,21.43386580149331,1.287997413356834,-91.377971,16.936925
1,Ocosingo,2025-03-10 00:00:00,21.134253120422386,1.287997413356834,-91.377431,16.898113
1,Balancán,2025-05-30 00:00:00,33.1473909378052,0.001717300165182678,-91.37615,17.99529
1,Balancán,2025-04-19 00:00:00,29.06430937449136,0.0023759833425174293,-91.375573,17.826923
1,Tiquisate,2025-07-20 00:00:00,26.489570871988917,2.8351770546066746,-91.3728,14.2805
1,Ocosingo,2025-05-15 00:00:00,24.53830267588296,0.15474391807401844,-91.371959,16.92322
1,Ocosingo,2025-04-15 00:00:00,22.095002746582054,0.3023788332825461,-91.37028,16.92498
1,Balancán,2025-03-31 00:00:00,27.507029469807946,0.0017193516441693646,-91.369142,17.9837
1,Las Margaritas,2025-03-20 00:00:00,21.698828951517783,0.291647016524621,-91.368922,16.254524
1,San Miguel Panán,2025-08-19 00:00:00,25.74853668212893,7.815323770046234,-91.3688,14.5297
1,Balancán,2025-04-02 00:00:00,28.063038762410542,0.0014994290893355355,-91.367492,17.97379
1,Balancán,2025-04-15 00:00:00,28.365566825866722,0.0023639098003513936,-91.3646,17.9133
1,Carmen,2025-03-24 00:00:00,26.81672375996908,0.0017434358312584664,-91.36404,18.087552
1,Ocosingo,2025-04-28 00:00:00,24.143437321980855,0.16418910183801927,-91.36388,16.92514
1,Ocosingo,2025-05-06 00:00:00,24.176120694478413,0.16957480721657703,-91.36198,16.93638
1,Ocosingo,2025-05-07 00:00:00,24.176120694478413,0.16418910183801927,-91.36165,16.92536
1,Las Margaritas,2025-05-20 00:00:00,24.90768203735354,0.027812658231596288,-91.358956,16.195125
1,Ocosingo,2025-03-31 00:00:00,23.517246500651027,0.05030184982501851,-91.35854,16.928408
1,Balancán,2025-04-04 00:00:00,28.009710566202784,0.0017152536315734324,-91.358157,17.87259
1,Ocosingo,2025-04-15 00:00:00,23.323514874776265,0.25518949252045786,-91.3567,16.92721
1,Las Margaritas,2025-05-16 00:00:00,24.186143811543786,0.06996005470227828,-91.355999,16.19266
1,Ocosingo,2025-04-07 00:00:00,24.11871490478518,0.0809661395155814,-91.353155,16.91886
1,Balancán,2025-03-25 00:00:00,26.645748710632347,0.002573550943907321,-91.35199,17.929577
1,Ocosingo,2025-03-09 00:00:00,22.081940587361714,1.415909761902867,-91.351543,16.830165
1,Ocosingo,2025-05-03 00:00:00,25.500949796040913,0.1778911267251715,-91.34689,16.9189
1,Ocosingo,2025-02-19 00:00:00,21.581360117594443,1.8542278364179765,-91.345898,16.81844
1,Ocosingo,2025-03-17 00:00:00,22.133268610636435,0.37452769100809746,-91.340786,16.398452
1,Tenosique,2025-04-02 00:00:00,26.821875826517726,0.003681637565478013,-91.3388,17.392
1,Las Margaritas,2025-05-05 00:00:00,23.249004618326865,0.21038123891159444,-91.33874,16.18391
1,Tenosique,2025-04-05 00:00:00,28.162725067138695,0.0036741869848810893,-91.336794,17.52619
1,Ocosingo,2025-05-12 00:00:00,25.820517476399743,0.12301315533136403,-91.328014,16.93958
1,Las Margaritas,2025-03-27 00:00:00,22.168218549092614,0.24665296069770193,-91.325883,16.219095
1,Ocosingo,2025-03-25 00:00:00,21.374068196614587,0.05892105374982748,-91.325835,16.799278
1,Tenosique,2025-02-20 00:00:00,23.962308820088708,0.555017590471607,-91.32521,17.330805
1,Ocosingo,2025-03-21 00:00:00,21.228943125406886,0.12496423840957505,-91.323656,16.778625
1,Las Margaritas,2025-05-23 00:00:00,26.21022504170736,0.027209482112766636,-91.322762,16.20331
1,Ocosingo,2025-05-15 00:00:00,25.945343589782738,0.10983348542481508,-91.322565,16.91857
1,Tenosique,2025-02-27 00:00:00,25.071983909606956,0.45369863514110875,-91.322542,17.535013
1,Nueva Concepción,2025-07-18 00:00:00,26.92801659901943,0.9608220624386377,-91.3205,14.1616
1,Balancán,2025-04-27 00:00:00,29.962176259358728,0.0023288199315629754,-91.31871,17.76813
1,Ocosingo,2025-03-19 00:00:00,21.228943125406886,0.2058804034277273,-91.318144,16.805607
1,Ocosingo,2025-02-22 00:00:00,20.56789105733236,2.670809626238224,-91.317549,16.781129
1,Las Margaritas,2025-05-17 00:00:00,24.26093508402505,0.05328826992467839,-91.316957,16.23329
1,Ocosingo,2025-04-22 00:00:00,24.19747664133706,0.253172218748432,-91.31557,16.95457
1,Balancán,2025-04-16 00:00:00,28.091568565368675,0.0017259267792724131,-91.31485,17.88656
1,Ocosingo,2025-03-18 00:00:00,22.706618563334132,0.5504488945291541,-91.313827,16.873463
1,Carmen,2025-03-06 00:00:00,26.65473581949874,0.10659843670168812,-91.31359,18.211308
1,Balancán,2025-04-23 00:00:00,29.267615572611533,0.0018485618795693881,-91.31347,17.90485
1,Las Margaritas,2025-05-20 00:00:00,25.20101699829104,0.04016151580188421,-91.313306,16.207557
1,Balancán,2025-05-16 00:00:00,30.761201794942224,0.0014999100699242263,-91.31279,17.88632
1,Ocosingo,2025-04-17 00:00:00,22.20752646128335,0.23277997965465147,-91.31263,16.53146
1,Río Bravo,2025-08-18 00:00:00,25.727249717712425,8.810431680274178,-91.3125,14.3647
1,Balancán,2025-03-13 00:00:00,26.188142395019554,0.11732131210351326,-91.312354,17.984319
1,Ocosingo,2025-04-03 00:00:00,23.954133923848474,0.032560899597910975,-91.312335,16.95042
1,Ocosingo,2025-03-17 00:00:00,21.228943125406886,0.3695681690771835,-91.311952,16.778499
1,Las Margaritas,2025-04-04 00:00:00,22.084276453653956,0.17466370766783257,-91.31179,16.16799
1,Las Margaritas,2025-05-20 00:00:00,25.20101699829104,0.04016151580188421,-91.311743,16.202511
1,Ocosingo,2025-03-15 00:00:00,21.228943125406886,1.2177517847931085,-91.308716,16.810995
1,Las Margaritas,2025-03-26 00:00:00,21.994294420878077,0.24665296069770193,-91.30646,16.22396
1,Ocosingo,2025-03-18 00:00:00,21.400222078959132,0.3695681690771835,-91.305989,16.807731
1,Tenosique,2025-03-14 00:00:00,24.939998563130757,0.21267980309858103,-91.304203,17.266229
1,Balancán,2025-03-28 00:00:00,27.013249969482445,0.0017193516441693646,-91.3028,17.8985
1,Balancán,2025-04-02 00:00:00,27.528940455118857,0.0017350549033068319,-91.30207,17.76273
1,Tenosique,2025-02-26 00:00:00,25.071983909606956,0.5536783293678127,-91.301436,17.480121
1,Tenosique,2025-03-17 00:00:00,26.12268664042159,0.2004891633191619,-91.301249,17.5037
1,Carmen,2025-05-17 00:00:00,30.80755481719973,0.0010754031158910493,-91.29764,18.02231
1,Las Margaritas,2025-06-26 00:00:00,24.460295295715355,5.236989259694624,-91.296972,16.28221
1,Ocosingo,2025-03-10 00:00:00,21.089367167154933,1.4256819436866408,-91.296487,16.799331
1,Ocosingo,2025-05-08 00:00:00,25.63317451477053,0.12301315533136403,-91.295428,16.940811
1,Balancán,2025-03-05 00:00:00,25.921659406026265,0.1758575438657317,-91.293715,18.003753
1,Balancán,2025-04-08 00:00:00,29.01084257761636,0.0017152536315734324,-91.29291,17.9179
1,Tenosique,2025-04-22 00:00:00,29.185478464762355,0.004263809046278766,-91.29246,17.59273
1,Balancán,2025-04-23 00:00:00,29.22068335215249,0.004496610614523888,-91.29041,17.68666
1,Tenosique,2025-07-08 00:00:00,27.880742645263695,1.6479158378217562,-91.287996,17.46353
1,Tenosique,2025-03-29 00:00:00,26.168640073140466,0.020669400669248716,-91.287799,17.459383
1,Balancán,2025-04-21 00:00:00,29.238220787048363,0.001713662356905843,-91.28587,17.94594
1,Balancán,2025-04-05 00:00:00,28.409326171875023,0.0017152536315734324,-91.284878,17.99457
1,Ocosingo,2025-03-03 00:00:00,20.690830485026027,2.171990275058988,-91.282831,16.813383
1,Ocosingo,2025-05-06 00:00:00,25.500949796040913,0.14085578064282345,-91.28224,16.85636
1,Ocosingo,2025-04-22 00:00:00,24.19747664133706,0.253172218748432,-91.27948,16.84839
1,Balancán,2025-05-20 00:00:00,31.196503575642964,0.0017186964278437245,-91.279461,17.81888
1,Balancán,2025-04-03 00:00:00,27.705409940083882,0.0017350549033068319,-91.27918,17.78408
1,Balancán,2025-05-17 00:00:00,30.80755481719973,0.0010754031158910493,-91.27891,17.97052
1,Ocosingo,2025-03-21 00:00:00,21.647638893127464,0.15269666900508128,-91.27867,16.56602
1,Tenosique,2025-05-13 00:00:00,30.722762044270894,0.002507754942371321,-91.278625,17.566016
1,Ocosingo,2025-03-14 00:00:00,21.228943125406886,1.2177517847931085,-91.278027,16.782819
1,Balancán,2025-04-03 00:00:00,28.165981229146382,0.0017152536315734324,-91.27716,17.95348
1,Tenosique,2025-04-21 00:00:00,27.552438672383687,0.010858050387696494,-91.27647,17.37879
1,Ocosingo,2025-03-25 00:00:00,22.652128791809105,0.052018956353094836,-91.276335,16.788932
1,Ocosingo,2025-03-26 00:00:00,22.71073271433511,0.052018956353094836,-91.275461,16.8078
1,Balancán,2025-04-23 00:00:00,29.416728274027548,0.004812628418449094,-91.27429,17.65708
1,Balancán,2025-04-01 00:00:00,27.636211331685445,0.0017193516441693646,-91.27279,17.90892
1,Balancán,2025-04-08 00:00:00,29.098521169026696,0.0017169311750109273,-91.27191,17.9666
1,Balancán,2025-03-24 00:00:00,26.585394159952784,0.003083170668105595,-91.271906,17.966601
1,Balancán,2025-05-05 00:00:00,30.160071309407613,0.0017174735376102035,-91.27181,17.95224
1,Carmen,2025-04-07 00:00:00,29.840488688151027,0.0017095354962748388,-91.27143,18.29044
1,Ocosingo,2025-03-15 00:00:00,23.324253972371423,0.8060446862430126,-91.268193,16.842582
1,Ocosingo,2025-03-18 00:00:00,22.627557690938374,0.1877143978674667,-91.266545,16.799566
1,Ocosingo,2025-03-29 00:00:00,23.241939481099507,0.05655772963564232,-91.266474,16.781556
1,Balancán,2025-03-19 00:00:00,26.257696406046534,0.06547272204215915,-91.266406,17.906086
1,Balancán,2025-05-16 00:00:00,30.819754854838095,0.0015952774958805094,-91.26621,17.94676
1,Balancán,2025-05-14 00:00:00,30.701643880208394,0.0023569980385218514,-91.26553,17.64524
1,Ocosingo,2025-04-15 00:00:00,24.515653546651265,0.15521760207093394,-91.26532,16.87685
1,Ocosingo,2025-03-22 00:00:00,23.143183326721214,0.09872168294577932,-91.265317,16.876847
1,Las Margaritas,2025-03-22 00:00:00,22.17694021860757,0.3021939938889773,-91.263599,16.229748
1,Balancán,2025-04-01 00:00:00,27.508078193664574,0.002122485094346871,-91.263537,17.64779
1,Balancán,2025-03-18 00:00:00,26.336946105957054,0.12738704646153565,-91.262625,17.656986
1,Carmen,2025-03-31 00:00:00,27.913076019287132,0.0017169311750109273,-91.262283,18.045302
1,Ocosingo,2025-04-01 00:00:00,24.694460487365745,0.03032088272902911,-91.26157,16.89529
1,Las Margaritas,2025-03-28 00:00:00,22.55918973286947,0.1629993318204015,-91.261316,16.220928
1,Ocosingo,2025-05-23 00:00:00,29.70520585378017,0.03952533006668091,-91.26116,16.96516
1,Las Margaritas,2025-05-04 00:00:00,23.539845403035542,0.14498015963226862,-91.26095,16.22829
1,Ocosingo,2025-03-17 00:00:00,23.39958025614419,0.2311319113061927,-91.260328,16.90234
1,Ocosingo,2025-03-22 00:00:00,23.143183326721214,0.09872168294577932,-91.260307,16.873235
1,Las Margaritas,2025-03-28 00:00:00,22.55918973286947,0.1629993318204015,-91.259401,16.228248
1,Balancán,2025-05-13 00:00:00,30.787703450520894,0.002163554729150974,-91.2589,17.8378
1,Tenosique,2025-04-25 00:00:00,29.392060534159327,0.005591845962271691,-91.25858,17.54315
1,Las Margaritas,2025-03-17 00:00:00,22.22411276499429,0.4138201470880176,-91.258027,16.21577
1,Balancán,2025-04-02 00:00:00,27.898692385355673,0.0017152536315734324,-91.25793,17.9115
1,Balancán,2025-03-06 00:00:00,26.032133038838765,0.16570985266639582,-91.257316,17.968341
1,Carmen,2025-03-16 00:00:00,26.615321731567406,0.06992369847580449,-91.25693,18.099153
1,Ocosingo,2025-05-22 00:00:00,29.38488922119143,0.03952533006668091,-91.25643,16.8278
1,Balancán,2025-03-30 00:00:00,27.30133463541671,0.002232193935469695,-91.255799,17.955217
1,Balancán,2025-03-15 00:00:00,26.271213150024437,0.150668620790384,-91.255172,17.940288
1,Las Margaritas,2025-05-02 00:00:00,23.539845403035542,0.14498015963226862,-91.254301,16.223059
1,Las Margaritas,2025-05-09 00:00:00,23.85596904754641,0.0983994107741637,-91.254301,16.22306
1,Las Margaritas,2025-05-17 00:00:00,24.2681343714396,0.013738832393528355,-91.254039,16.09118
1,Ocosingo,2025-03-17 00:00:00,23.39958025614419,0.2311319113061927,-91.253853,16.819078
1,Balancán,2025-03-05 00:00:00,25.570259666442894,0.2417489882020618,-91.253222,17.856936
1,Balancán,2025-04-02 00:00:00,27.86174577077236,0.0017193516441693646,-91.253222,17.85694
1,Balancán,2025-04-23 00:00:00,29.51079457600912,0.0031005244238713203,-91.25322,17.85694
1,Balancán,2025-04-30 00:00:00,30.219885762532556,0.001722580719842881,-91.25247,17.88756
1,Las Margaritas,2025-04-03 00:00:00,23.08735078175863,0.10537803172816496,-91.25181,16.21327
1,Tenosique,2025-04-08 00:00:00,27.41239000956216,0.0062709683650297166,-91.25176,17.30298
1,Balancán,2025-03-16 00:00:00,26.288010533650777,0.1482263203911316,-91.251082,17.81611
1,Balancán,2025-04-23 00:00:00,29.51079457600912,0.0031005244238713203,-91.25028,17.80645
1,Balancán,2025-04-17 00:00:00,28.549047406514546,0.001727604322709908,-91.24856,17.93389
1,Balancán,2025-02-11 00:00:00,24.984029706319177,0.3188461870422543,-91.24744,17.967571
1,Las Margaritas,2025-05-05 00:00:00,23.246807352701808,0.18155826749577386,-91.24729,16.0932
1,Las Margaritas,2025-05-26 00:00:00,26.188330268859886,0.003964557038216299,-91.247289,16.093198
1,Las Margaritas,2025-05-24 00:00:00,26.13886381785079,0.003964557038216299,-91.247046,16.091303
1,Balancán,2025-03-30 00:00:00,27.17548014322921,0.002140366499148172,-91.246455,17.918777
1,Balancán,2025-04-01 00:00:00,27.636211331685445,0.0017193516441693646,-91.245405,17.89274
1,Balancán,2025-03-19 00:00:00,26.257696406046534,0.06547272204215915,-91.245327,17.883853
1,Ocosingo,2025-03-07 00:00:00,22.844037310282374,1.2853273814812383,-91.244816,16.831557
1,Balancán,2025-03-25 00:00:00,26.761349296569847,0.0021353363877096854,-91.244,17.8917
1,Las Margaritas,2025-05-05 00:00:00,22.876902834574366,0.1844127113201921,-91.24382,16.08616
1,Ocosingo,2025-03-17 00:00:00,23.39958025614419,0.2311319113061927,-91.243663,16.851462
1,Carmen,2025-03-10 00:00:00,26.68592732747402,0.09971059520808012,-91.243301,18.070495
1,Balancán,2025-03-31 00:00:00,27.350779469808003,0.001727604322709908,-91.243007,17.91039
1,Balancán,2025-04-23 00:00:00,29.469210561116597,0.0018312402492171032,-91.24292,17.91717
1,Ocosingo,2025-03-31 00:00:00,24.521344439188624,0.04043591141567049,-91.24286,16.873059
1,Ocosingo,2025-04-29 00:00:00,26.69426848093667,0.1302599906409796,-91.24286,16.87306
1,Ocosingo,2025-03-19 00:00:00,23.410055096944177,0.17097294326617885,-91.242852,16.830933
1,Ocosingo,2025-04-02 00:00:00,24.789935048421285,0.027867033821848963,-91.242601,16.84968
1,Ocosingo,2025-04-03 00:00:00,23.78931293487551,0.052018956353094836,-91.2426,16.8078
1,Ocosingo,2025-02-18 00:00:00,20.759997622172023,2.107986026251396,-91.241545,16.723332
1,Carmen,2025-04-07 00:00:00,29.597707366943382,0.0017169311750109273,-91.24114,18.03068
1,Las Margaritas,2025-03-22 00:00:00,22.17694021860757,0.3021939938889773,-91.241091,16.243852
1,Balancán,2025-04-01 00:00:00,27.636211331685445,0.0017193516441693646,-91.23956,17.87808
1,Carmen,2025-03-29 00:00:00,27.777348772684775,0.0017140054353603773,-91.238194,18.256306
1,Balancán,2025-04-07 00:00:00,29.057790374755882,0.0017193516441693646,-91.2365,17.89261
1,Balancán,2025-03-30 00:00:00,26.996260897318507,0.004463948528155015,-91.236174,17.780959
1,Balancán,2025-04-08 00:00:00,29.057790374755882,0.0017193516441693646,-91.23605,17.93079
1,Balancán,2025-03-24 00:00:00,26.52879422505697,0.0031055224098963663,-91.236049,17.930793
1,Carmen,2025-03-28 00:00:00,27.717165247599326,0.001709162745555659,-91.233717,18.254495
1,Tenosique,2025-05-26 00:00:00,32.529610252380394,0.0017175553068682348,-91.2332,17.52176
1,Balancán,2025-04-05 00:00:00,28.376733398437523,0.0017193516441693646,-91.2317,17.9368
1,Balancán,2025-03-14 00:00:00,26.271213150024437,0.150668620790384,-91.231076,17.925188
1,Balancán,2025-04-07 00:00:00,29.057790374755882,0.0017193516441693646,-91.230413,17.92265
1,Santiago Atitlán,2025-08-14 00:00:00,18.179029401143453,3.118899631488148,-91.2304,14.6397
1,Carmen,2025-03-19 00:00:00,26.719081497192406,0.010474146620254032,-91.23029,18.25079
1,Santa Bárbara,2025-08-19 00:00:00,25.157887713114405,11.120279133336908,-91.2266,14.4189
1,Las Margaritas,2025-03-12 00:00:00,21.96165523529055,0.8528242056318192,-91.2237,16.28598
1,Las Margaritas,2025-04-25 00:00:00,23.38398068745937,0.24826778591702237,-91.22283,16.18554
1,Ocosingo,2025-03-25 00:00:00,23.66693998972579,0.03032088272902911,-91.220203,16.881164
1,Ocosingo,2025-04-08 00:00:00,25.276046371459984,0.10393764919491844,-91.219403,16.88374
1,Ocosingo,2025-03-22 00:00:00,23.143183326721214,0.09872168294577932,-91.219403,16.883743
1,Carmen,2025-06-11 00:00:00,33.087651189168355,0.016930699075601296,-91.219,18.0642
1,Las Margaritas,2025-05-28 00:00:00,27.277462577819847,0.12475103139308885,-91.217207,16.251506
1,Las Margaritas,2025-05-04 00:00:00,23.246807352701808,0.2110527096874648,-91.21627,16.15795
1,Las Margaritas,2025-05-05 00:00:00,23.539845403035542,0.1582270261462071,-91.21569,16.19395
1,Las Margaritas,2025-04-03 00:00:00,23.010731315612816,0.11183147142901362,-91.21499,16.16453
1,Ocosingo,2025-03-10 00:00:00,23.143183326721214,1.0467991229745621,-91.21371,16.839433
1,Las Margaritas,2025-04-06 00:00:00,23.137955602010152,0.13118237257003784,-91.21325,16.31502
1,Las Margaritas,2025-03-26 00:00:00,22.133286412557027,0.15096515369350527,-91.213249,16.095718
1,Ocosingo,2025-03-03 00:00:00,22.723947461446187,1.895815487245045,-91.213178,16.858701
1,Ocosingo,2025-05-20 00:00:00,28.308308537801167,0.047549144664316145,-91.211552,16.83935
1,Ocosingo,2025-04-18 00:00:00,25.057054456075093,0.11711823086102413,-91.21155,16.83935
1,Balancán,2025-04-15 00:00:00,28.254849052429222,0.004812628418449094,-91.21035,17.63069
1,Balancán,2025-03-27 00:00:00,27.001176134745265,0.002879024748381198,-91.2101,17.838
1,Carmen,2025-04-04 00:00:00,29.566248830159566,0.0014945863995308173,-91.20953,18.41827
1,Ocosingo,2025-03-10 00:00:00,23.143183326721214,1.0467991229745621,-91.206218,16.891975
1,Ocosingo,2025-04-04 00:00:00,23.056834793090843,0.13118237257003784,-91.20611,16.3088
1,Balancán,2025-03-13 00:00:00,26.26911570231124,0.13033598648348743,-91.204807,17.957668
1,Balancán,2025-03-20 00:00:00,26.088954544067406,0.02130419014179097,-91.203637,17.717354
1,Ocosingo,2025-04-10 00:00:00,22.742110824584984,0.08267772187764422,-91.2022,16.71645
1,Ocosingo,2025-02-13 00:00:00,22.321211433410667,1.5499189495074006,-91.202055,16.835935
1,Ocosingo,2025-03-25 00:00:00,22.652128791809105,0.052018956353094836,-91.200468,16.803065
1,Balancán,2025-03-31 00:00:00,27.350779469808003,0.001727604322709908,-91.20023,17.92981
1,Tenosique,2025-07-04 00:00:00,26.47642574310305,2.821483867137431,-91.199933,17.35242
1,Tenosique,2025-06-02 00:00:00,33.142780558268214,0.003962382123745556,-91.19826,17.52479
1,Ocosingo,2025-03-16 00:00:00,23.324253972371423,0.6784409282261095,-91.19759,16.859142
1,Las Margaritas,2025-03-29 00:00:00,22.81890513102212,0.20182281727443296,-91.19603,16.291791
1,Carmen,2025-04-16 00:00:00,28.941991742452046,0.0017184761986754893,-91.19592,18.29594
1,Balancán,2025-03-27 00:00:00,26.945044453938863,0.0017193516441693646,-91.195122,17.941962
1,Balancán,2025-04-21 00:00:00,29.30771185557046,0.0017184761986754893,-91.19512,17.94196
1,Ocosingo,2025-05-29 00:00:00,27.39904588063564,0.12475103139308885,-91.194561,16.298582
1,Tenosique,2025-04-10 00:00:00,27.244378662109398,0.0062709683650297166,-91.19334,17.34922
1,Las Margaritas,2025-03-26 00:00:00,21.730855560302757,0.19145905966411192,-91.19244,16.08845
1,Las Margaritas,2025-04-06 00:00:00,23.03952337900796,0.19145905966411192,-91.1924,16.08845
1,Las Margaritas,2025-05-21 00:00:00,25.18324782053628,0.022830069013934917,-91.192233,16.076246
1,Ocosingo,2025-03-16 00:00:00,22.093608474731468,0.6056551964661594,-91.19001,16.29957
1,Balancán,2025-03-31 00:00:00,27.350779469808003,0.001727604322709908,-91.18947,17.88357
1,Ocosingo,2025-04-03 00:00:00,23.01040547688808,0.13118237257003784,-91.18933,16.30287
1,Ocosingo,2025-04-03 00:00:00,23.01040547688808,0.13118237257003784,-91.1885,16.30196
1,Tenosique,2025-06-23 00:00:00,30.963283475240075,0.714136660102227,-91.188486,17.525112
1,Las Margaritas,2025-03-13 00:00:00,21.895913696289085,0.6627619263781526,-91.184448,16.080925
1,Las Margaritas,2025-05-18 00:00:00,24.245363807678245,0.02666495288394799,-91.184448,16.08093
1,Balancán,2025-04-04 00:00:00,28.15456638336184,0.0017193516441693646,-91.18419,17.88945
1,Carmen,2025-05-24 00:00:00,32.4197240829468,0.0017168689225854905,-91.182002,18.40643
1,Tenosique,2025-04-28 00:00:00,29.844609196980855,0.004913472546164144,-91.18059,17.45216
1,Balancán,2025-04-17 00:00:00,28.517390505472804,0.0031005244238713203,-91.1793,17.8503
1,Nebaj,2025-08-12 00:00:00,14.970939572652185,2.701009688232503,-91.1788,15.3983
1,Ocosingo,2025-03-22 00:00:00,23.143183326721214,0.09872168294577932,-91.175592,16.86865
1,Ocosingo,2025-03-22 00:00:00,23.143183326721214,0.09872168294577932,-91.174113,16.864222
1,Tenosique,2025-03-18 00:00:00,25.22529532114669,0.15767067662864065,-91.172772,17.343118
1,Balancán,2025-02-14 00:00:00,24.83794809977212,0.26095219561739214,-91.172024,17.917676
1,Balancán,2025-04-06 00:00:00,28.6459569295248,0.0017225742112714215,-91.16977,17.66736
1,Balancán,2025-04-15 00:00:00,28.356981213887593,0.0018312402492171032,-91.1695,17.90959
1,Balancán,2025-03-20 00:00:00,26.088954544067406,0.02130419014179097,-91.168126,17.667575
1,Carmen,2025-06-11 00:00:00,32.948945617675804,0.002148747142882712,-91.166226,18.348604
1,Carmen,2025-06-17 00:00:00,32.585354105631495,0.18723309038115588,-91.165676,18.132806
1,Las Margaritas,2025-05-05 00:00:00,23.246807352701808,0.18155826749577386,-91.16498,16.1611
1,Carmen,2025-03-26 00:00:00,27.43174228668215,0.001709162745555659,-91.161523,18.113085
1,Patulul,2025-08-18 00:00:00,25.197743034362816,11.120279133336908,-91.1613,14.3998
1,Tenosique,2025-05-20 00:00:00,30.093028640747093,0.0017175553068682348,-91.15865,17.33736
1,Carmen,2025-04-05 00:00:00,29.060449218750023,0.0017152536315734324,-91.158022,18.06128
1,Carmen,2025-04-29 00:00:00,30.622685368855798,0.0015091506213593675,-91.15802,18.06128
1,Tenosique,2025-04-07 00:00:00,28.85796985626223,0.002149892850411561,-91.15687,17.61785
1,Balancán,2025-03-22 00:00:00,26.016536013285304,0.010597705824011427,-91.152232,17.902141
1,Carmen,2025-03-05 00:00:00,26.643992996215843,0.14082342386245728,-91.149212,18.170318
1,Balancán,2025-03-05 00:00:00,25.570259666442894,0.2417489882020618,-91.147583,17.835172
1,Ocosingo,2025-03-29 00:00:00,22.81890513102212,0.20182281727443296,-91.146908,16.291856
1,Carmen,2025-05-19 00:00:00,31.113852755228663,0.001714486813853,-91.1458,18.45582
1,Tenosique,2025-04-04 00:00:00,27.417954381307027,0.0058279645429593074,-91.14573,17.4466
1,San Lucas Tolimán,2025-08-14 00:00:00,20.71366430918374,7.266846425181939,-91.1446,14.633
1,Balancán,2025-04-18 00:00:00,28.80351600646975,0.0031005244238713203,-91.1399,17.81967
1,Balancán,2025-02-14 00:00:00,24.74037322998049,0.3670707345406754,-91.137891,17.849839
1,Santa Cruz del Quiché,2025-08-12 00:00:00,14.974993324279808,1.6855159612418902,-91.1367,15.0292
1,Carmen,2025-04-02 00:00:00,28.04741471608486,0.0017152536315734324,-91.135423,18.02304
1,Carmen,2025-04-15 00:00:00,28.468472099304222,0.0022616515593654185,-91.13542,18.02304
1,Carmen,2025-06-06 00:00:00,33.42004292805996,0.0019315520773943717,-91.129135,18.071547
1,Carmen,2025-05-21 00:00:00,31.846493339538597,0.0010848044951217162,-91.129135,18.07155
1,San Andrés Semetabaj,2025-08-14 00:00:00,15.251201566060388,1.5065760680670337,-91.1285,14.7463
1,Balancán,2025-03-22 00:00:00,26.016536013285304,0.010597705824011427,-91.127317,17.879526
1,Balancán,2025-03-22 00:00:00,26.016536013285304,0.010597705824011427,-91.118067,17.917417
1,Tenosique,2025-04-02 00:00:00,27.875376955668116,0.0017193516441693646,-91.114832,17.647615
1,Balancán,2025-03-22 00:00:00,26.27731889088949,0.012028217298620802,-91.113512,17.871635
1,Balancán,2025-03-21 00:00:00,26.246913528442406,0.02171844244003296,-91.112865,17.664965
1,Balancán,2025-03-15 00:00:00,26.246913528442406,0.10719448258100783,-91.112581,17.647656
1,Balancán,2025-05-29 00:00:00,32.95596911112466,0.0019368261519048247,-91.11249,17.6491
1,Balancán,2025-03-07 00:00:00,25.600940004984523,0.26123821726287133,-91.112103,17.649784
1,Balancán,2025-03-25 00:00:00,27.039571062723837,0.0017193516441693646,-91.111056,17.887417
1,Balancán,2025-03-29 00:00:00,27.076726531982445,0.0052239077490412456,-91.108685,17.647383
1,Pochuta,2025-07-12 00:00:00,21.855603154500386,14.425383508182676,-91.1077,14.5071
1,Ocosingo,2025-03-09 00:00:00,23.736450131734216,0.8221129293701779,-91.101922,16.938952
1,Balancán,2025-03-25 00:00:00,26.740353202819847,0.007042409180257891,-91.099005,17.686585
1,Balancán,2025-03-30 00:00:00,27.199223136901878,0.0052239077490412456,-91.096118,17.708395
1,Balancán,2025-03-19 00:00:00,26.246913528442406,0.10487437205597416,-91.095936,17.732567
1,Balancán,2025-04-04 00:00:00,28.14809665679934,0.002472662382402291,-91.09564,17.73251
1,Carmen,2025-05-22 00:00:00,31.905959383646632,0.001714486813853,-91.094997,18.45829
1,Balancán,2025-04-09 00:00:00,29.128289794921898,0.002736068248410106,-91.09493,17.73294
1,Balancán,2025-04-18 00:00:00,29.03296591440835,0.002906809328351301,-91.0947,17.8595
1,Carmen,2025-03-15 00:00:00,26.99479764302572,0.031075846749217817,-91.093157,18.419983
1,Carmen,2025-04-17 00:00:00,29.059219932556175,0.0017184761986754893,-91.09133,18.50301
1,Tenosique,2025-05-19 00:00:00,30.790760930379292,0.0017196005046571372,-91.09121,17.58047
1,Balancán,2025-04-25 00:00:00,29.79150257110598,0.0066040545618761826,-91.0903,17.69152
1,Tenosique,2025-03-26 00:00:00,26.571887906392476,0.002573550943907321,-91.089742,17.617406
1,Balancán,2025-03-16 00:00:00,26.246913528442406,0.10719448258100783,-91.088664,17.704512
1,Balancán,2025-03-30 00:00:00,27.199223136901878,0.0052239077490412456,-91.085521,17.69378
1,Carmen,2025-05-02 00:00:00,30.519402440389058,0.001749396261629954,-91.08497,18.12029
1,Balancán,2025-03-29 00:00:00,27.076726531982445,0.0052239077490412456,-91.083062,17.707491
1,Balancán,2025-03-18 00:00:00,26.593008931477925,0.0903934233349446,-91.0819,17.8762
1,Tenosique,2025-03-29 00:00:00,25.97677033742275,0.01424998040988612,-91.079587,17.273775
1,Carmen,2025-03-26 00:00:00,27.721147473653218,0.001709162745555659,-91.07847,18.437773
1,Carmen,2025-04-13 00:00:00,29.988762156168605,0.0017163714005619113,-91.078,18.43175
1,Balancán,2025-02-21 00:00:00,25.39183610280361,0.3908991813545981,-91.076526,17.775378
1,Carmen,2025-04-28 00:00:00,30.62470461527505,0.002028054524316758,-91.07629,18.53072
1,Tenosique,2025-05-31 00:00:00,32.69522215525308,0.002396361594492191,-91.07602,17.60827
1,Carmen,2025-04-04 00:00:00,29.580407079060933,0.0014945863995308173,-91.072332,18.42689
1,Carmen,2025-03-17 00:00:00,27.162156041463277,0.03803468902674467,-91.071782,18.506536
1,Tenosique,2025-04-01 00:00:00,27.438213284810445,0.002573550943907321,-91.06985,17.60464
1,Balancán,2025-03-21 00:00:00,26.246913528442406,0.02171844244003296,-91.0688,17.689
1,Balancán,2025-04-04 00:00:00,28.51137790679934,0.0017193516441693646,-91.067452,17.88826
1,Balancán,2025-04-16 00:00:00,28.485408083597804,0.003935919835384993,-91.06313,17.82027
1,Carmen,2025-02-19 00:00:00,26.715375200907374,0.2302125897699625,-91.061227,18.418938
1,Balancán,2025-04-16 00:00:00,28.485408083597804,0.003935919835384993,-91.06089,17.81832
1,Carmen,2025-07-02 00:00:00,28.574976857503316,1.8042221664700264,-91.05932,18.02519
1,Balancán,2025-04-23 00:00:00,29.53467171986904,0.0066040545618761826,-91.05923,17.69613
1,Balancán,2025-03-13 00:00:00,26.317699050903343,0.0892683856648091,-91.058694,17.828712
1,Balancán,2025-02-21 00:00:00,25.623932456970238,0.33641308544929416,-91.058679,17.828721
1,Balancán,2025-04-05 00:00:00,28.551660156250023,0.0021895403197191854,-91.05817,17.82938
1,Balancán,2025-04-05 00:00:00,28.551660156250023,0.0021895403197191854,-91.058012,17.82979
1,Tenosique,2025-05-26 00:00:00,32.42560698191323,0.0017202868889398815,-91.05799,17.57923
1,Tenosique,2025-03-09 00:00:00,25.61210371653243,0.26790797667786137,-91.057848,17.610055
1,Balancán,2025-03-29 00:00:00,27.226873016357445,0.004538454334124253,-91.0578,17.81067
1,Balancán,2025-03-29 00:00:00,27.076726531982445,0.0052239077490412456,-91.0575,17.68372
1,Tenosique,2025-04-07 00:00:00,28.851800537109398,0.0023063550429469615,-91.057491,17.57667
1,Balancán,2025-04-07 00:00:00,29.294484710693382,0.0021895403197191854,-91.057491,17.82986
1,Balancán,2025-04-01 00:00:00,27.860450998942042,0.0020181769659899373,-91.05711,17.84245
1,Tenosique,2025-05-26 00:00:00,32.42560698191323,0.0017202868889398815,-91.05674,17.61787
1,Balancán,2025-04-02 00:00:00,28.074026044209802,0.0017193516441693646,-91.0564,17.79225
1,Balancán,2025-04-10 00:00:00,29.128289794921898,0.002736068248410106,-91.05632,17.77139
1,Balancán,2025-05-13 00:00:00,31.025292968750023,0.0019341771917424921,-91.05627,17.82149
1,Balancán,2025-03-19 00:00:00,26.246913528442406,0.10487437205597416,-91.055465,17.746028
1,Balancán,2025-03-13 00:00:00,26.317699050903343,0.0892683856648091,-91.054719,17.834522
1,Balancán,2025-04-01 00:00:00,27.860450998942042,0.0020181769659899373,-91.05462,17.84142
1,Balancán,2025-03-15 00:00:00,26.41338437398275,0.0892683856648091,-91.054212,17.81205
1,Balancán,2025-03-15 00:00:00,26.41338437398275,0.0892683856648091,-91.054211,17.81205
1,Tenosique,2025-03-12 00:00:00,25.799958165486714,0.20365566007285452,-91.053913,17.49748
1,Carmen,2025-04-28 00:00:00,30.476336415608785,0.0015050172521569039,-91.05144,18.28476
1,Balancán,2025-04-08 00:00:00,29.128289794921898,0.0023138056235438853,-91.04969,17.70616
1,Carmen,2025-03-08 00:00:00,27.355782127380394,0.10348505929869134,-91.047871,18.508492
1,Balancán,2025-03-18 00:00:00,26.593008931477925,0.0903934233349446,-91.0478,17.8732
1,Carmen,2025-07-08 00:00:00,29.548133468627952,1.3328731059516485,-91.045467,18.75464
1,Balancán,2025-03-21 00:00:00,26.246913528442406,0.02171844244003296,-91.043045,17.706425
1,Balancán,2025-03-31 00:00:00,27.397573089599632,0.0032863862120535714,-91.042755,17.70653
1,Tenosique,2025-04-05 00:00:00,28.434309895833394,0.002472662382402291,-91.038852,17.63089
1,Tenosique,2025-05-19 00:00:00,31.061594263712607,0.0017196005046571372,-91.03703,17.63996
1,Tenosique,2025-04-09 00:00:00,29.128289794921898,0.002736068248410106,-91.03691,17.64038
1,Balancán,2025-02-15 00:00:00,24.675546582539937,0.3908991813545981,-91.0366232,17.78475
1,Balancán,2025-02-15 00:00:00,24.675546582539937,0.3908991813545981,-91.036623,17.78475
1,Tenosique,2025-04-19 00:00:00,29.128289794921898,0.0066040545618761826,-91.035884,17.629128
1,Tenosique,2025-04-19 00:00:00,29.108408864339253,0.005330705059591878,-91.034508,17.632641
1,Tenosique,2025-03-15 00:00:00,26.50175565083822,0.08526444392487065,-91.033532,17.626504
1,Tenosique,2025-04-03 00:00:00,28.32544574737551,0.0029729020525337546,-91.03345,17.6367
1,Tenosique,2025-05-02 00:00:00,30.177347437540732,0.0033943906210254227,-91.03323,17.62648
1,Ocosingo,2025-05-13 00:00:00,24.120610491434718,0.14672808183036068,-91.032522,16.08253
1,Balancán,2025-04-18 00:00:00,28.81677939097085,0.005330705059591878,-91.02878,17.67485
1,Balancán,2025-04-16 00:00:00,28.22771765391036,0.007287750719342512,-91.02725,17.6803
1,Balancán,2025-04-15 00:00:00,28.453538831075093,0.007506645175681115,-91.02708,17.68606
1,Tenosique,2025-04-01 00:00:00,27.745098050435445,0.00642594043576139,-91.02469,17.40826
1,Balancán,2025-05-18 00:00:00,30.847030258178734,0.0020556851723085856,-91.02196,17.76857
1,Ocosingo,2025-03-18 00:00:00,24.404422378540062,0.1248985528832236,-91.021576,16.801644
1,Balancán,2025-03-22 00:00:00,26.47189896901449,0.01405179500579834,-91.01708,17.807301
1,Tenosique,2025-04-08 00:00:00,28.939870452880882,0.005584955204085418,-91.01412,17.49464
1,Tenosique,2025-05-09 00:00:00,30.50417989095058,0.005545808335227775,-91.012651,17.489156
1,Carmen,2025-03-24 00:00:00,27.300740496317587,0.0017759760169155925,-91.003397,18.437523
1,Tenosique,2025-03-25 00:00:00,26.597693697611476,0.008195638656616211,-91.000893,17.532728
1,Carmen,2025-04-02 00:00:00,28.885386721293173,0.0017152536315734324,-90.999525,18.05626
1,Balancán,2025-03-27 00:00:00,27.138046518961573,0.0029729020525337546,-90.996388,17.670657
1,Ocosingo,2025-03-05 00:00:00,22.653892453511617,1.079264763205856,-90.99485,16.109382
1,Ocosingo,2025-02-25 00:00:00,23.358485794067406,1.76035201101854,-90.994269,16.750439
1,Carmen,2025-04-21 00:00:00,29.942446645100915,0.0015143302789510926,-90.98583,18.71129
1,Balancán,2025-03-06 00:00:00,25.845650291442894,0.20182728761142243,-90.984878,17.807867
1,Carmen,2025-04-25 00:00:00,30.064389801025413,0.0032912407732510474,-90.97906,17.96093
1,Carmen,2025-03-28 00:00:00,27.44365749359133,0.003345431082379946,-90.977087,17.840771
1,Ocosingo,2025-03-22 00:00:00,22.142949358622218,0.33962875554038874,-90.975875,16.082645
1,Ocosingo,2025-03-23 00:00:00,23.732884661356593,0.03953576074877674,-90.972603,16.716451
1,Ocosingo,2025-04-15 00:00:00,23.533767636617085,0.48839163167713195,-90.97153,16.08283
1,Ocosingo,2025-03-20 00:00:00,23.732884661356593,0.04223436113193202,-90.964706,16.73204
1,Carmen,2025-03-24 00:00:00,27.183422978719136,0.0027747166200242646,-90.964594,17.996779
1,Ocosingo,2025-04-04 00:00:00,25.066626485188863,0.048764050035288165,-90.96345,16.73225
1,Carmen,2025-03-17 00:00:00,26.62223904927572,0.05642622639356887,-90.963441,17.85382
1,Ocosingo,2025-03-08 00:00:00,23.334594662984273,1.2663567777053686,-90.962418,16.728478
1,Carmen,2025-03-11 00:00:00,26.902642822265648,0.11899620281496937,-90.961155,18.240543
1,Carmen,2025-04-05 00:00:00,29.06956189473476,0.0036200517943285604,-90.960434,17.8529
1,Carmen,2025-04-24 00:00:00,30.056711451212607,0.002228137731208335,-90.95448,18.79128
1,Yepocapa,2025-07-12 00:00:00,18.13033002217611,7.443507015665318,-90.9532,14.4995
1,Carmen,2025-03-29 00:00:00,28.13058783213296,0.0017193516441693646,-90.949065,18.253768
1,San Andrés Sajcabajá,2025-08-12 00:00:00,18.54665336608889,4.618243375130504,-90.9487,15.1618
1,Carmen,2025-05-07 00:00:00,29.788320159912132,0.0017147419555385568,-90.93834,18.86732
1,Carmen,2025-06-20 00:00:00,31.498210525512718,0.3689676513545237,-90.931051,17.869204
1,Carmen,2025-04-02 00:00:00,28.804047203063988,0.0017479061966696463,-90.926303,17.86924
1,Carmen,2025-03-27 00:00:00,27.832056935628316,0.0017479061966696463,-90.925561,17.939612
1,Carmen,2025-03-18 00:00:00,27.15082956949874,0.03145933123960276,-90.918446,17.948083
1,Carmen,2025-05-16 00:00:00,31.193696912129724,0.0021233772145023977,-90.91839,17.97239
1,Ocosingo,2025-04-03 00:00:00,26.330841954549214,0.022561594931858053,-90.913564,16.789425
1,Ocosingo,2025-03-20 00:00:00,24.91129360198977,0.08339285841429955,-90.909624,16.80592
1,Carmen,2025-04-01 00:00:00,28.728089586893702,0.0019207596437809116,-90.90917,17.97241
1,Carmen,2025-03-21 00:00:00,27.199306106567406,0.0026227247360566253,-90.90886,18.18445
1,Carmen,2025-04-01 00:00:00,28.526510810852074,0.0017479061966696463,-90.90655,17.9381
1,Ocosingo,2025-03-31 00:00:00,24.08553848266604,0.14615207905421812,-90.903004,16.123053
1,Carmen,2025-03-12 00:00:00,27.239362017313624,0.08167773452782967,-90.902187,18.557885
1,Ocosingo,2025-03-31 00:00:00,24.08553848266604,0.14615207905421812,-90.901852,16.132869
1,Ocosingo,2025-03-15 00:00:00,24.743873532613122,0.20381361218824168,-90.896498,16.808406
1,Ocosingo,2025-03-11 00:00:00,24.62989196777346,0.5032941699028015,-90.895344,16.810104
1,Ocosingo,2025-03-18 00:00:00,24.91129360198977,0.15028566122055054,-90.892578,16.791069
1,Ocosingo,2025-03-10 00:00:00,24.562645530700706,0.5032941699028015,-90.891575,16.810028
1,Carmen,2025-03-09 00:00:00,26.850588417053245,0.08067786680499012,-90.890901,17.968038
1,Zaragoza,2025-07-12 00:00:00,16.00730635325118,7.493562108862761,-90.8898,14.6459
1,Carmen,2025-04-17 00:00:00,29.085661188761435,0.004188829535678451,-90.88934,17.88963
1,Ocosingo,2025-03-18 00:00:00,24.91129360198977,0.15028566122055054,-90.884387,16.813865
1,Ocosingo,2025-03-22 00:00:00,24.350377337137843,0.16161948434501028,-90.883675,16.172905
1,Ocosingo,2025-03-01 00:00:00,22.768204943339015,1.4886260032653809,-90.874902,16.123655
1,Carmen,2025-07-07 00:00:00,29.188871955871605,0.5359768867378989,-90.872783,18.85038
1,Ocosingo,2025-01-13 00:00:00,22.52048199971523,1.0458436532871929,-90.865941,16.695813
1,Carmen,2025-04-02 00:00:00,29.00659872690835,0.0019207596437809116,-90.86477,17.96605
1,Carmen,2025-04-29 00:00:00,29.686025238037132,0.001722687358096664,-90.86339,19.02087
1,Ocosingo,2025-03-13 00:00:00,23.96495685577395,0.42192482450786883,-90.862607,16.159063
1,Ocosingo,2025-03-01 00:00:00,23.285493469238304,1.7991438508033752,-90.860468,16.141368
1,Carmen,2025-04-23 00:00:00,29.916323598225972,0.005343130681012553,-90.85947,18.20566
1,Ocosingo,2025-03-01 00:00:00,23.285493469238304,1.7991438508033752,-90.859157,16.142877
1,Carmen,2025-04-28 00:00:00,29.941196060180687,0.0013232230742232787,-90.856,18.65842
1,Carmen,2025-04-12 00:00:00,29.792058245340968,0.00511761849431025,-90.8515,17.88081
1,Ocosingo,2025-03-24 00:00:00,24.091475423177087,0.16080189070066808,-90.849764,16.118349
1,Ocosingo,2025-03-11 00:00:00,23.96495685577395,0.4977822303260382,-90.849128,16.146088
1,Champotón,2025-05-30 00:00:00,32.51419601440432,0.001973766984519898,-90.84402,19.05169
1,Ocosingo,2025-03-13 00:00:00,23.96495685577395,0.42192482450786883,-90.843124,16.167142
1,Canillá,2025-08-12 00:00:00,18.720362599690816,5.324029424496501,-90.8425,15.1623
1,Ocosingo,2025-03-24 00:00:00,24.091475423177087,0.16080189070066808,-90.838829,16.11441
1,Masagua,2025-07-18 00:00:00,26.375084813435933,7.589894533111874,-90.8357,14.1923
1,Carmen,2025-04-16 00:00:00,28.452896690368675,0.004643201805265562,-90.83215,17.86295
1,Ocosingo,2025-03-05 00:00:00,23.938810284932515,1.6269683837890625,-90.831602,16.201729
1,Carmen,2025-05-28 00:00:00,32.386846478780114,0.0017598766817172873,-90.82851,19.03324
1,Carmen,2025-05-23 00:00:00,31.181150690714503,0.001716613724056515,-90.82799,18.96997
1,Ocosingo,2025-03-14 00:00:00,24.829903221130394,0.30406713477759695,-90.82159,16.323375
1,Ocosingo,2025-01-22 00:00:00,23.103072738647484,1.1127868900757676,-90.817881,16.34119
1,Ocosingo,2025-04-01 00:00:00,26.007347043355367,0.02064108838339962,-90.815524,16.658688
1,Joyabaj,2025-08-12 00:00:00,18.036676661173487,2.5230462339038695,-90.8074,15.0073
1,Champotón,2025-06-19 00:00:00,31.826775487264058,0.027987360908809933,-90.805352,19.103288
1,Carmen,2025-05-02 00:00:00,29.913070933024073,0.003964562125702287,-90.80241,18.34444
1,Ocosingo,2025-04-04 00:00:00,26.003943379720113,0.07098820155171381,-90.80198,16.25841
1,Carmen,2025-03-08 00:00:00,26.819219843546534,0.05891621108844447,-90.799452,18.826972
1,Ocosingo,2025-03-15 00:00:00,24.63715737660732,0.22138123571835422,-90.798861,16.246846
1,San Miguel Dueñas,2025-08-12 00:00:00,18.414889272054097,1.0857641696020437,-90.7915,14.5315
1,Chicaman,2025-08-12 00:00:00,18.0076728820801,6.464502215379753,-90.7901,15.3585
1,Ocosingo,2025-04-15 00:00:00,26.005349413553915,0.09589679518740013,-90.78518,16.315
1,Ocosingo,2025-04-16 00:00:00,25.66065305074062,0.11884905376291499,-90.78308,16.25484
1,Ocosingo,2025-03-21 00:00:00,24.82421805063882,0.1926541328316489,-90.78291,16.334339
1,Escuintla,2025-07-18 00:00:00,24.855735079447413,7.195737957886195,-90.774,14.2881
1,Ocosingo,2025-03-03 00:00:00,24.0742177327474,2.2700274701890066,-90.770182,16.318493
1,Ocosingo,2025-03-15 00:00:00,24.829903221130394,0.30406713477759695,-90.770027,16.318789
1,Ocosingo,2025-04-11 00:00:00,26.112521425883017,0.07969588040168674,-90.76616,16.2625
1,Ocosingo,2025-02-27 00:00:00,23.6864003499349,2.7205914258559005,-90.765152,16.336
1,Champotón,2025-05-15 00:00:00,29.921678479512593,0.001463708173332634,-90.764272,19.039953
1,Ocosingo,2025-03-04 00:00:00,24.0742177327474,2.154593169649388,-90.763989,16.27977
1,Ocosingo,2025-03-12 00:00:00,24.483199055989644,0.8735507722406055,-90.763119,16.338953
1,Ciudad Vieja,2025-08-12 00:00:00,18.414889272054097,1.0857641696020437,-90.7625,14.5238
1,Carmen,2025-03-14 00:00:00,27.011333401997945,0.03229891129308271,-90.760549,17.825237
1,Ocosingo,2025-03-21 00:00:00,25.022163645426417,0.15231370920787413,-90.759957,16.32574
1,Ocosingo,2025-04-11 00:00:00,26.112521425883017,0.07969588040168674,-90.75616,16.32726
1,Ocosingo,2025-03-04 00:00:00,24.0742177327474,2.154593169649388,-90.755974,16.325297
1,Carmen,2025-04-29 00:00:00,29.941196060180687,0.001437708817775274,-90.75168,18.51437
1,Ocosingo,2025-01-13 00:00:00,22.2688874562582,1.1806837255790015,-90.748467,16.582502
1,Jocotenango,2025-08-12 00:00:00,18.025850232442224,1.249134540511676,-90.7427,14.5745
1,Carmen,2025-06-20 00:00:00,31.848511632283532,0.21656393773561433,-90.739587,18.564123
1,Antigua Guatemala,2025-08-12 00:00:00,18.025850232442224,1.249134540511676,-90.7392,14.5536
1,Carmen,2025-03-29 00:00:00,27.994125620524073,0.0017193516441693646,-90.737468,18.525168
1,Carmen,2025-07-03 00:00:00,29.287652587890648,2.2067376599466115,-90.737462,18.60719
1,Champotón,2025-04-12 00:00:00,29.42720216115316,0.0018715858320916823,-90.73617,18.88558
1,Carmen,2025-04-08 00:00:00,30.02235565185549,0.002716136975777772,-90.7312,18.2466
1,Carmen,2025-04-08 00:00:00,30.02235565185549,0.002716136975777772,-90.73075,18.25041
1,Carmen,2025-03-29 00:00:00,28.38336588541665,0.0017434358312584664,-90.728933,18.053668
1,Ocosingo,2025-04-21 00:00:00,26.093698438008687,0.2101942896217679,-90.72663,16.44802
1,Ocosingo,2025-02-27 00:00:00,23.89098669687911,2.3029685825122215,-90.72621,16.209
1,Ocosingo,2025-04-07 00:00:00,26.100371615091944,0.0359401106209134,-90.72426,16.21238
1,Ocosingo,2025-02-12 00:00:00,23.372473335266136,2.5716692208561653,-90.721207,16.332348
1,Ocosingo,2025-03-04 00:00:00,23.7229575475057,2.4379167512336153,-90.721195,16.332313
1,Carmen,2025-07-01 00:00:00,29.106511688232445,1.754549748284262,-90.711827,18.09077
1,Carmen,2025-04-25 00:00:00,29.442894872029626,0.0015050172521569039,-90.71104,18.51616
1,Ocosingo,2025-02-11 00:00:00,23.470605150858546,1.9024908542064622,-90.709252,16.324453
1,Carmen,2025-04-16 00:00:00,28.634211794535304,0.004757597253046697,-90.70828,18.0718
1,Ocosingo,2025-04-04 00:00:00,26.05988400777187,0.07806122300735296,-90.708057,16.42247
1,Ocosingo,2025-05-10 00:00:00,27.47616825103762,0.13804697189812032,-90.707087,16.32716
1,Ocosingo,2025-04-01 00:00:00,25.776724116007472,0.03242492672939079,-90.706577,16.419473
1,Carmen,2025-03-20 00:00:00,27.213710403442406,0.004507721627078354,-90.70414,18.583027
1,Champotón,2025-04-14 00:00:00,29.405145263671898,0.0017225742201532057,-90.704,18.86604
1,Champotón,2025-06-12 00:00:00,32.301055208841944,0.014661845511909632,-90.703952,18.866055
1,Ocosingo,2025-04-15 00:00:00,25.70281848907473,0.09831637137835969,-90.70368,16.21137
1,Carmen,2025-04-15 00:00:00,28.908779716491722,0.005547702301100799,-90.7004,18.23785
1,Ocosingo,2025-02-28 00:00:00,23.686414972941066,2.24765127450155,-90.699662,16.426243
1,Ocosingo,2025-04-21 00:00:00,26.226104036966944,0.14928337277275716,-90.69951,16.42626
1,Ocosingo,2025-02-13 00:00:00,23.470605150858546,1.9024908542064622,-90.69862,16.32756
1,Carmen,2025-02-03 00:00:00,25.388691838582417,0.3610745071966903,-90.698025,18.218416
1,Champotón,2025-05-07 00:00:00,29.79781271616622,0.002604199266897922,-90.69731,18.87592
1,Ocosingo,2025-05-10 00:00:00,27.47616825103762,0.13804697189812032,-90.695437,16.32962
1,Ocosingo,2025-04-13 00:00:00,26.24761257171633,0.07311403749099554,-90.69427,16.3226
1,Ocosingo,2025-04-13 00:00:00,26.24761257171633,0.07311403749099554,-90.69427,16.3276
1,Ocosingo,2025-02-09 00:00:00,23.401542599995935,2.0204320549339627,-90.693478,16.311151
1,Carmen,2025-05-02 00:00:00,30.15327606201174,0.00621974464820596,-90.6927,18.23807
1,Ocosingo,2025-03-14 00:00:00,24.701405461629236,0.3870144485631499,-90.692309,16.368999
1,Ocosingo,2025-01-09 00:00:00,22.443163172404013,1.990860165202335,-90.690977,16.432875
1,Ocosingo,2025-03-26 00:00:00,25.08248672485354,0.04524588578647126,-90.690221,16.385423
1,Ocosingo,2025-04-10 00:00:00,25.758846537272177,0.06604343650451483,-90.68881,16.22674
1,Champotón,2025-04-30 00:00:00,29.88765392303469,0.0021500059972368035,-90.68703,18.97866
1,Pachalúm,2025-08-12 00:00:00,20.1252323150635,1.5008121728321555,-90.6862,14.9141
1,Carmen,2025-03-23 00:00:00,27.685504213968898,0.0021755695058800484,-90.685409,18.109123
1,Ocosingo,2025-03-31 00:00:00,25.69165668487551,0.09418930953053462,-90.68305,16.363254
1,Ocosingo,2025-02-08 00:00:00,23.410892105102562,2.6926860212768133,-90.68234,16.36214
1,Ocosingo,2025-03-14 00:00:00,24.701405461629236,0.3870144485631499,-90.682067,16.372962
1,Ocosingo,2025-03-22 00:00:00,24.71318747202554,0.176993012416915,-90.680891,16.540327
1,Ocosingo,2025-03-25 00:00:00,24.932678476969443,0.03242492672939079,-90.678539,16.476726
1,Ocosingo,2025-03-25 00:00:00,25.033924039204976,0.04524588578647126,-90.677204,16.368897
1,Ocosingo,2025-03-14 00:00:00,24.701405461629236,0.3870144485631499,-90.676368,16.404731
1,Santiago Sacatepéquez,2025-08-12 00:00:00,19.22323792775478,0.8694842456975493,-90.6756,14.6295
1,Ocosingo,2025-03-25 00:00:00,24.932678476969443,0.03242492672939079,-90.675337,16.478921
1,Champotón,2025-05-20 00:00:00,30.651581700642907,0.001931876852268033,-90.67228,19.02823
1,Ocosingo,2025-01-29 00:00:00,23.04261519114175,2.810354530765835,-90.671331,16.34908
1,Santa Lucía Milpas Altas,2025-08-12 00:00:00,19.22323792775478,0.8694842456975493,-90.671,14.562
1,Ocosingo,2025-03-25 00:00:00,24.932678476969443,0.03242492672939079,-90.67,16.47
1,Ocosingo,2025-03-24 00:00:00,24.83959064483645,0.10142326348727693,-90.668809,16.54138
1,Ocosingo,2025-01-25 00:00:00,23.321782048543298,1.6687661405399012,-90.668463,16.374343
1,Carmen,2025-03-20 00:00:00,27.152515665690146,0.009076417683218096,-90.662987,17.837775
1,Ocosingo,2025-05-19 00:00:00,29.065663592020655,0.058093667007597105,-90.66113,16.50324
1,Ocosingo,2025-02-28 00:00:00,23.929032580057765,2.1208494901543418,-90.656902,16.292792
1,Ocosingo,2025-02-28 00:00:00,23.686414972941066,2.24765127450155,-90.655814,16.503805
1,Ocosingo,2025-02-23 00:00:00,23.60423018137618,2.8635382652257846,-90.655518,16.503806
1,Carmen,2025-03-21 00:00:00,27.705694452921534,0.0029967439161282527,-90.654197,18.110675
1,Ocosingo,2025-02-27 00:00:00,23.929032580057765,2.3771926761071427,-90.653908,16.28199
1,Ocosingo,2025-01-09 00:00:00,22.443163172404013,1.990860165202335,-90.653007,16.476325
1,San Lucas Sacatepéquez,2025-08-12 00:00:00,19.22323792775478,0.8694842456975493,-90.6526,14.6122
1,Ocosingo,2025-04-12 00:00:00,26.223666127522847,0.12275725600829901,-90.65247,16.51559
1,Ocosingo,2025-02-14 00:00:00,23.377598063151083,2.137148380228382,-90.651604,16.43842
1,Ocosingo,2025-03-28 00:00:00,25.205792045593284,0.03242492672939079,-90.648591,16.4823
1,Ocosingo,2025-05-19 00:00:00,29.065663592020655,0.058093667007597105,-90.6472371,16.51095
1,Ocosingo,2025-05-19 00:00:00,29.065663592020655,0.058093667007597105,-90.647237,16.51095
1,Ocosingo,2025-05-23 00:00:00,30.572167332967126,0.03744985340858875,-90.6471931,16.51096
1,Ocosingo,2025-05-29 00:00:00,31.075397427876794,0.04124812122086041,-90.647193,16.510963
1,Ocosingo,2025-05-29 00:00:00,31.075397427876794,0.04124812122086041,-90.6471753,16.510971
1,Ocosingo,2025-05-29 00:00:00,31.075397427876794,0.04124812122086041,-90.6471752,16.510971
1,Ocosingo,2025-05-29 00:00:00,31.075397427876794,0.04124812122086041,-90.6471751,16.510971
1,Ocosingo,2025-05-29 00:00:00,31.075397427876794,0.04124812122086041,-90.647175,16.510971
1,Carmen,2025-04-10 00:00:00,29.704716618855855,0.0017225742112714215,-90.64635,18.92788
1,Ocosingo,2025-03-14 00:00:00,24.870612398783408,0.30560195438056326,-90.644891,16.298717
1,Ocosingo,2025-04-15 00:00:00,26.044793701171898,0.12275725600829901,-90.64301,16.47114
1,Champotón,2025-03-17 00:00:00,27.210170364379906,0.005111098289489746,-90.642882,19.02871
1,Guanagazapa,2025-07-18 00:00:00,25.717064793904626,7.253147661637982,-90.6416,14.2263
1,Ocosingo,2025-03-01 00:00:00,23.987303670247456,2.1208494901543418,-90.640595,16.279458
1,Ocosingo,2025-03-03 00:00:00,23.987303670247456,2.1208494901543418,-90.640535,16.280285
1,Carmen,2025-05-14 00:00:00,30.64813035329189,0.003837476555190733,-90.639443,18.37306
1,Ocosingo,2025-03-15 00:00:00,24.870612398783408,0.30560195438056326,-90.636768,16.288181
1,Ocosingo,2025-01-04 00:00:00,22.5785375595093,0.8665383396646575,-90.633738,16.468027
1,Ocosingo,2025-03-13 00:00:00,24.76682275136318,0.36200284949927664,-90.632996,16.287388
1,Ocosingo,2025-03-22 00:00:00,24.901733016967796,0.11021196840488301,-90.6326,16.5741
1,Ocosingo,2025-03-27 00:00:00,25.30857652028402,0.022377073747748,-90.62864,16.429951
1,Ocosingo,2025-03-15 00:00:00,24.68508872985842,0.3273501991429839,-90.628538,16.290813
1,Carmen,2025-06-17 00:00:00,32.15495897928872,0.05532801151275635,-90.623708,18.799295
1,Amatitlán,2025-07-20 00:00:00,19.41044165293374,1.1942923068950506,-90.6201,14.4761
1,Ocosingo,2025-01-15 00:00:00,22.49414151509609,1.3834536609635961,-90.61828,16.147326
1,Cubulco,2025-06-21 00:00:00,20.621308581034327,6.3346728682347475,-90.6135,15.1055
1,Ocosingo,2025-03-13 00:00:00,24.772266642252646,0.3459468483129058,-90.607785,16.423162
1,Carmen,2025-04-04 00:00:00,29.32142537434902,0.0071809899964137,-90.604412,17.8945
1,Campeche,2025-06-06 00:00:00,31.38191979726156,0.002148422368009051,-90.604412,19.786983
1,Campeche,2025-04-04 00:00:00,28.10189240773525,0.0017095354962748388,-90.60441,19.78698
1,Ocosingo,2025-03-10 00:00:00,24.575041389465355,0.5851760502366687,-90.600231,16.442872
1,Champotón,2025-04-30 00:00:00,29.31740309397378,0.0015050172521569039,-90.59993,19.59869
1,Carmen,2025-05-12 00:00:00,30.227767562866234,0.0032116277850491315,-90.593682,19.006745
1,Ocosingo,2025-01-21 00:00:00,23.217038726806663,0.6086416785535675,-90.593159,16.469575
1,Villa Nueva,2025-07-20 00:00:00,19.41044165293374,1.1942923068950506,-90.593,14.5034
1,Ocosingo,2025-01-15 00:00:00,23.05756530761721,0.8632254525569039,-90.591906,16.331662
1,Mixco,2025-07-20 00:00:00,19.470639165242574,0.6690949200844898,-90.5912,14.6516
1,Ocosingo,2025-03-15 00:00:00,24.886832491556845,0.33157266338434965,-90.590643,16.430605
1,Carmen,2025-03-26 00:00:00,28.117913182576558,0.0017195939392422588,-90.5885,17.8989
1,Ocosingo,2025-03-19 00:00:00,25.098772621154808,0.2661789174851492,-90.585762,16.44152
1,Carmen,2025-07-08 00:00:00,29.317270215352437,0.7032343372941341,-90.584837,18.33905
1,Ocosingo,2025-04-16 00:00:00,26.31018918355312,0.1177307508442027,-90.581,16.3525
1,Champotón,2025-05-06 00:00:00,29.850733057657862,0.003562441889926049,-90.57953,19.10692
1,Ocosingo,2025-04-25 00:00:00,26.842884953816792,0.15109941720403697,-90.57791,16.39219
1,Carmen,2025-07-02 00:00:00,30.11342264811202,0.906139612178336,-90.572097,18.98463
1,Ocosingo,2025-04-07 00:00:00,25.83658116658529,0.06047096199246482,-90.5709,16.2017
1,Ocosingo,2025-03-08 00:00:00,24.147057787577353,1.0590761254150038,-90.570078,16.326203
1,Ocosingo,2025-04-16 00:00:00,26.31018918355312,0.1177307508442027,-90.563841,16.36947
1,Ocosingo,2025-05-28 00:00:00,31.186478869120265,0.04124551708173385,-90.5638401,16.36947
1,Ocosingo,2025-05-28 00:00:00,31.186478869120265,0.04124551708173385,-90.56384,16.36947
1,Ocosingo,2025-04-22 00:00:00,26.68748022715249,0.1179959914736628,-90.56247,16.37427
1,Ocosingo,2025-01-15 00:00:00,23.05756530761721,0.8632254525569039,-90.560919,16.34028
1,Ocosingo,2025-03-06 00:00:00,24.389610226949117,1.1845290015060073,-90.560237,16.347267
1,Ocosingo,2025-01-15 00:00:00,22.75621693929037,1.2023211060068206,-90.556979,16.331349
1,Ocosingo,2025-01-21 00:00:00,23.217038726806663,0.6086416785535675,-90.556913,16.464627
1,Ocosingo,2025-02-06 00:00:00,23.490461603800497,2.1114438771689947,-90.556767,16.387355
1,Ocosingo,2025-02-21 00:00:00,23.904152170817042,2.594501133302174,-90.553547,16.347682
1,Ocosingo,2025-02-09 00:00:00,23.532653427124046,2.2257402538627957,-90.552642,16.360773
1,Petapa,2025-07-20 00:00:00,19.3969767252604,1.5265190229545311,-90.5486,14.499
1,Carmen,2025-05-08 00:00:00,29.819884872436546,0.0029887472123846237,-90.54779,18.992422
1,ZONA 12,2025-07-20 00:00:00,18.92386430104574,1.2343123555158542,-90.5453,14.5855
1,Carmen,2025-04-15 00:00:00,28.52844931284585,0.014238059492299726,-90.54445,17.91593
1,Carmen,2025-05-02 00:00:00,29.791578547159816,0.003279319855664653,-90.54137,19.0958
1,Carmen,2025-03-07 00:00:00,26.499473508199117,0.17392039293895323,-90.538669,17.926824
1,Carmen,2025-03-14 00:00:00,27.267445500691792,0.046880543152383325,-90.538478,17.895276
1,Carmen,2025-05-05 00:00:00,29.744622166951558,0.003964136425338438,-90.53733,18.99776
1,Ocosingo,2025-01-22 00:00:00,23.085209782918298,0.9471523121078462,-90.530352,16.25472
1,Villa Canales,2025-07-20 00:00:00,19.3969767252604,1.5265190229545311,-90.528,14.4808
1,Ocosingo,2025-03-03 00:00:00,23.737524604797386,2.342207729753909,-90.523975,16.323432
1,Granados,2025-06-21 00:00:00,22.10223795572915,2.859437465673409,-90.5213,14.9148
1,Ocosingo,2025-03-12 00:00:00,24.444790458679222,0.4373661166710008,-90.52056,16.229329
1,Chuarrancho,2025-07-20 00:00:00,21.30471986134853,0.916541991083264,-90.5172,14.8219
1,Ocosingo,2025-02-14 00:00:00,23.339387512207054,1.3286098837657079,-90.514143,16.16314
1,Champotón,2025-07-07 00:00:00,29.60474898020425,0.42716562748523756,-90.511757,19.52865
1,Ocosingo,2025-05-03 00:00:00,27.018785413106343,0.25127530091140216,-90.501331,16.235535
1,Santa Catarina Pinula,2025-07-20 00:00:00,18.92386430104574,1.2343123555158542,-90.4954,14.5692
1,Carmen,2025-05-23 00:00:00,31.39359118143716,0.002977251739366693,-90.494225,17.851748
1,Ocosingo,2025-02-28 00:00:00,23.548335965474507,1.932711899229389,-90.491285,16.086736
1,Rabinal,2025-06-21 00:00:00,21.713664627075218,6.279008090491089,-90.4901,15.0837
1,Champotón,2025-04-22 00:00:00,29.62708689371749,0.001722687358096664,-90.48873,19.34591
1,Ocosingo,2025-02-16 00:00:00,23.442338244120265,1.591850817192153,-90.484876,16.143302
1,Ocosingo,2025-01-09 00:00:00,22.340398406982445,2.4640634655952454,-90.484372,16.313334
1,Carmen,2025-04-10 00:00:00,29.6205879211426,0.012505781484151157,-90.48426,17.95002
1,Carmen,2025-04-10 00:00:00,29.6205879211426,0.012505781484151157,-90.4842,17.95013
1,Carmen,2025-05-29 00:00:00,32.00545241038009,0.011398739600210206,-90.4826,17.95659
1,Ocosingo,2025-02-11 00:00:00,23.314365641276027,1.8503308292281417,-90.481832,16.294575
1,Champotón,2025-03-11 00:00:00,27.396885808308923,0.0248948448131614,-90.47442,19.00194
1,Ocosingo,2025-03-01 00:00:00,23.8642567952474,1.7897278069938238,-90.472406,16.106056
1,Pueblo Nuevo Viñas,2025-08-14 00:00:00,22.67326698303225,5.523887276591921,-90.4723,14.2228
1,Carmen,2024-12-15 00:00:00,23.56978886922201,0.12215822931693765,-90.472006,17.822511
1,Ocosingo,2025-04-07 00:00:00,26.73900629679366,0.06374567740863313,-90.47167,16.38591
1,Carmen,2025-03-13 00:00:00,26.725394821167015,0.043416023174813745,-90.468558,17.828358
1,Ocosingo,2025-03-31 00:00:00,25.59714628855386,0.07173568005214292,-90.46746,16.09145
1,Ocosingo,2025-01-05 00:00:00,22.473397509256984,1.1483854586913367,-90.46698,16.280542
1,Ocosingo,2025-02-04 00:00:00,23.129968897501612,1.474602520403323,-90.466642,16.276266
1,Ocosingo,2025-03-16 00:00:00,24.72940883636477,0.23379921913146973,-90.466622,16.276457
1,Champotón,2025-04-25 00:00:00,29.893496449788472,0.002365959687722352,-90.46234,19.27156
1,Carmen,2025-02-26 00:00:00,26.146641031901027,0.3978536338138383,-90.46213,17.998824
1,Ocosingo,2025-03-07 00:00:00,24.190307235717796,1.2322425196487075,-90.460738,16.28143
1,Ocosingo,2025-02-12 00:00:00,23.536291694641136,2.417339384464867,-90.456454,16.417989
1,Carmen,2025-03-25 00:00:00,28.008148447672568,0.0017152536315734324,-90.454988,18.61756
1,Ocosingo,2025-03-14 00:00:00,24.720917002360068,0.2516746520200286,-90.453873,16.278241
1,Champotón,2025-04-05 00:00:00,29.649703598022484,0.0017095354962748388,-90.45325,19.46994
1,Taxisco,2025-08-14 00:00:00,27.038684463501,3.022082149925609,-90.4515,14.0538
1,Champotón,2025-03-25 00:00:00,28.008148447672568,0.0017152536315734324,-90.448032,18.630487
1,San Pedro Ayampuc,2025-07-20 00:00:00,22.242952283223474,1.0264873504102212,-90.4461,14.7798
1,Ocosingo,2025-03-01 00:00:00,23.274511909484886,1.8044427036727484,-90.4418,16.0883
1,Fraijanes,2025-07-20 00:00:00,20.839803949991847,2.6788389748162444,-90.4356,14.4563
1,Santa Cruz Verapaz,2025-06-17 00:00:00,19.65103937784835,9.152136743068695,-90.4282,15.3734
1,Ocosingo,2025-01-09 00:00:00,22.344304656982445,2.887856960294144,-90.421926,16.329624
1,Champotón,2025-07-08 00:00:00,29.173991775512718,0.6378039717649386,-90.415822,19.0586
1,San José Pinula,2025-07-20 00:00:00,18.986325200398824,2.030575275398405,-90.4122,14.5496
1,Champotón,2025-05-17 00:00:00,30.038009262084984,0.010725245338960576,-90.41208,18.09145
1,Champotón,2025-05-19 00:00:00,30.125751113891624,0.006816632533102052,-90.41101,18.09146
1,Champotón,2025-04-29 00:00:00,29.812078094482445,0.002699629686020444,-90.40907,19.11409
1,Champotón,2025-06-18 00:00:00,31.089445368448878,0.28965622186660767,-90.405557,17.857042
1,Champotón,2025-07-09 00:00:00,28.824187533060694,0.5131387686958533,-90.394023,18.62958
1,Chiquimulilla,2025-08-14 00:00:00,24.638074493408226,3.492778539111896,-90.3821,14.0984
1,Cobán,2025-06-17 00:00:00,20.870818074544275,5.3351521492004395,-90.3732,15.4663
1,Tactic,2025-06-17 00:00:00,19.51728496551516,7.048548758024964,-90.3612,15.3199
1,Barberena,2025-08-14 00:00:00,22.34949582417812,2.8918482331050654,-90.3572,14.3075
1,Campeche,2025-07-09 00:00:00,29.450818951924703,0.6779223679984625,-90.34646,19.7225
1,Champotón,2025-06-13 00:00:00,31.96350313822427,0.043451786041259766,-90.342912,18.637163
1,Champotón,2025-04-24 00:00:00,29.267723973592183,0.007971442300913623,-90.34149,18.66017
1,Champotón,2025-02-27 00:00:00,27.287259991963765,0.0672761157147761,-90.33685,19.488584
1,Champotón,2025-06-26 00:00:00,29.722161229451558,0.6952965236450837,-90.33489,17.83879
1,Champotón,2025-03-31 00:00:00,28.792924181620265,0.002055597178696189,-90.333402,19.07188
1,Champotón,2025-05-21 00:00:00,30.90689080556234,0.004842877112665178,-90.33122,18.64456
1,Champotón,2025-04-06 00:00:00,29.89324245452883,0.0017170984847325599,-90.32276,19.42238
1,Champotón,2025-07-04 00:00:00,28.24649931589761,1.4320951270576643,-90.322304,17.85639
1,Champotón,2025-07-09 00:00:00,28.21595185597738,0.9463697671208138,-90.321555,18.02826
1,Salamá,2025-06-21 00:00:00,21.309973653157613,5.7702720164911625,-90.3137,15.1051
1,Champotón,2025-05-16 00:00:00,29.393193817138695,0.026515979499208697,-90.31257,17.83664
1,Santa Rosa de Lima,2025-08-14 00:00:00,20.757541592915913,3.8849265163491964,-90.3045,14.3935
1,Cuilapa,2025-08-14 00:00:00,22.34949582417812,2.8918482331050654,-90.2984,14.2767
1,La Libertad,2025-06-15 00:00:00,31.231354967753077,0.472433865070343,-90.295,16.6583
1,Champotón,2025-04-12 00:00:00,28.693885103861476,0.013762712455900328,-90.2919,17.90141
1,Sayaxché,2025-06-15 00:00:00,30.703124936421773,0.5868300795555115,-90.2892,16.3892
1,San Antonio La Paz,2025-07-18 00:00:00,23.21960538228359,1.284046471065281,-90.284,14.7552
1,Champotón,2025-04-06 00:00:00,28.87419249216714,0.004948796032522296,-90.27636,17.92131
1,Champotón,2025-04-29 00:00:00,29.724768575032613,0.005778438747938708,-90.27312,18.51829
1,Tenabo,2025-07-10 00:00:00,29.99922396341958,0.6479963659558052,-90.272525,20.06765
1,Champotón,2025-05-09 00:00:00,30.150124804178915,0.0030478911519082885,-90.265938,19.12375
1,Champotón,2025-05-06 00:00:00,29.60702826182046,0.011587104665977677,-90.26433,18.72361
1,Champotón,2025-05-09 00:00:00,29.87279376983645,0.00440741591134497,-90.25638,18.566243
1,Champotón,2025-05-08 00:00:00,29.81304798126223,0.007276311919213185,-90.242483,18.530827
1,San Jerónimo,2025-06-21 00:00:00,21.309973653157613,5.7702720164911625,-90.232,15.0568
1,Champotón,2025-04-24 00:00:00,29.1556221008301,0.011037036879102402,-90.23154,18.51147
1,Purulhá,2025-06-21 00:00:00,20.922004636128747,8.477985858897696,-90.2308,15.2295
1,Santa María Ixhuatán,2025-08-14 00:00:00,22.859871800740564,3.0727744102136967,-90.2274,14.1773
1,Champotón,2025-07-07 00:00:00,29.02839876810708,0.45446455473552305,-90.22687,18.50005
1,Champotón,2025-03-09 00:00:00,26.870010948181175,0.16371345071775067,-90.22584,18.34511
1,Tamahú,2025-06-17 00:00:00,20.37662531534835,5.72237521409491,-90.225,15.3036
1,Campeche,2025-04-24 00:00:00,29.35916099548342,0.0018378404718077945,-90.22252,19.76479
1,Champotón,2025-03-11 00:00:00,27.19422651926675,0.04368424410472471,-90.20731,18.552473
1,Champotón,2025-04-28 00:00:00,29.424605305989587,0.007299766281221309,-90.2058,18.6017
1,Sanarate,2025-07-18 00:00:00,23.507528559366904,1.5146136283874512,-90.2026,14.7855
1,Champotón,2025-03-13 00:00:00,27.33933251698818,0.02858735282984526,-90.189272,18.529452
1,Champotón,2025-03-08 00:00:00,26.89771169026693,0.04368424410472471,-90.187675,18.565978
1,Mataquescuintla,2025-07-20 00:00:00,17.901807085673,1.8885225057374555,-90.1873,14.5301
1,Pasaco,2025-07-22 00:00:00,27.198733901977562,3.5419702529679853,-90.1852,13.968
1,San Rafaél Las Flores,2025-08-14 00:00:00,17.84023246765139,2.5051966309206364,-90.1838,14.4757
1,Champotón,2025-03-02 00:00:00,26.518565432230673,0.1308265879629289,-90.178332,18.512353
1,Champotón,2025-05-05 00:00:00,29.428358014424646,0.011741439948309562,-90.17608,18.60852
1,Champotón,2025-03-09 00:00:00,26.997940635681175,0.05561262364039976,-90.163727,18.47829
1,Campeche,2025-02-25 00:00:00,26.336181259155296,0.12923514395879465,-90.145392,19.372891
1,Calkiní,2025-05-21 00:00:00,30.190935071309468,0.0024847099666658323,-90.14355,20.39435
1,Morazán,2025-07-18 00:00:00,23.779721196492574,2.1757981246537383,-90.1426,14.9221
1,Maxcanú,2025-07-02 00:00:00,30.527435874938988,0.7223308085713143,-90.142263,20.56153
1,Maxcanú,2025-04-16 00:00:00,28.252112960815452,0.001722687358096664,-90.1289,20.54127
1,Tucurú,2025-06-17 00:00:00,22.701173082987452,3.3339083194707797,-90.1163,15.3055
1,Sansare,2025-07-18 00:00:00,22.47040996551516,1.8548867171830352,-90.115,14.7469
1,La Libertad,2025-06-15 00:00:00,30.874787584940577,0.5639716982841492,-90.1056,16.7705
1,Moyuta,2025-07-22 00:00:00,24.941674168904626,2.800188071091725,-90.0924,14.0333
1,Chisec,2025-06-17 00:00:00,29.0454622268677,0.6642818450472987,-90.0794,15.8596
1,Guastatoya,2025-07-18 00:00:00,22.47040996551516,1.8548867171830352,-90.0672,14.8393
1,San Carlos Alzatate,2025-07-20 00:00:00,18.97193012237551,1.6630062089095787,-90.0602,14.498
1,Jalapa,2025-07-20 00:00:00,18.774234390258812,1.3765021852236714,-90.0455,14.6489
1,San Benito,2025-06-15 00:00:00,30.819254175821982,0.4601106047434911,-90.0383,16.952
1,Chocholá,2025-07-04 00:00:00,29.880686696370503,0.5210545229576979,-90.03512,20.63716
1,Conguaco,2025-07-20 00:00:00,24.344708061218284,2.844999730541531,-90.0273,14.0492
1,Maxcanú,2025-07-02 00:00:00,30.292084312438988,0.5771368741793736,-90.014275,20.59139
1,Chisec,2025-06-17 00:00:00,29.278016344706202,0.6769418715464326,-90.0131,15.8689
1,Hecelchakán,2025-06-13 00:00:00,31.66655851999917,0.035580992696182534,-89.98337,20.163748
1,San Francisco,2025-06-15 00:00:00,31.089716211954794,0.3190338611407384,-89.971,16.8583
1,San Agustín Acasaguastlán,2025-07-18 00:00:00,24.014875666300497,2.140830457165066,-89.9691,14.9442
1,San Andrés,2025-06-15 00:00:00,30.585939979553245,0.4186004399286958,-89.9649,16.9872
1,Jalpatagua,2025-07-20 00:00:00,24.350202814737997,0.7965773343787674,-89.9638,14.1252
1,Fray Bartolomé de las Casas,2025-06-17 00:00:00,27.571188545227074,1.5467584132977663,-89.9146,15.7907
1,Comapa,2025-07-20 00:00:00,24.350202814737997,0.7965773343787674,-89.9145,14.1092
1,San José,2025-06-15 00:00:00,30.585939979553245,0.4186004399286958,-89.9098,16.9989
1,Flores,2025-06-05 00:00:00,31.204398091634175,0.13643825982967428,-89.8975,16.911
1,Panzós,2025-06-17 00:00:00,24.3810335159302,1.6304850578308105,-89.8843,15.3153
1,Champotón,2025-05-14 00:00:00,28.16688276926675,0.025973577180593566,-89.88335,18.42533
1,Monjas,2025-07-20 00:00:00,21.150672531127952,1.47560387847534,-89.8605,14.4908
1,Jutiapa,2025-07-22 00:00:00,22.993845876058003,0.5413934588407443,-89.8454,14.272
1,San Pedro Pinula,2025-07-20 00:00:00,19.979988988240564,1.2333616307955708,-89.8306,14.6684
1,Hopelchén,2025-06-25 00:00:00,30.381384785970056,0.25363415474544126,-89.830273,20.015553
1,Zapotitlán,2025-07-22 00:00:00,24.46571025848391,0.7434546947227005,-89.8232,14.1357
1,Cabañas,2025-08-25 00:00:00,25.099899228413904,1.9931520022566929,-89.8029,14.9249
1,San Manuel Chaparrón,2025-07-20 00:00:00,22.160898145039937,0.781725346996609,-89.7967,14.5054
1,Yupiltepeque,2025-07-22 00:00:00,24.0836371739706,0.6213620783430684,-89.7878,14.194
1,Usumatlán,2025-08-25 00:00:00,25.099899228413904,1.9931520022566929,-89.7675,14.9498
1,Santa Ana,2025-06-15 00:00:00,30.93664353688564,0.31735748050643053,-89.7629,16.8056
1,San Luis Jilotepeque,2025-07-20 00:00:00,21.817873573303245,1.152392723867024,-89.7306,14.6377
1,San Diego,2025-08-25 00:00:00,22.270586903890035,1.360286024009838,-89.7233,14.8241
1,Teculután,2025-08-25 00:00:00,24.11479180653896,2.877457517948656,-89.7231,14.9905
1,Santa Catarina Mita,2025-07-22 00:00:00,23.965980466206872,0.420094528502446,-89.71,14.4606
1,Hopelchén,2025-07-03 00:00:00,28.435023244222066,0.6082728504939183,-89.696927,19.39362
1,Dolores,2025-06-05 00:00:00,30.343965784708644,0.17925674652019552,-89.665,16.6063
1,Agua Blanca,2025-07-20 00:00:00,22.602973874409997,2.326383299191548,-89.6557,14.4833
1,Hopelchén,2025-06-23 00:00:00,29.71201604207363,0.27027726076767067,-89.642765,19.405985
1,Ipala,2025-07-16 00:00:00,22.774701372782374,2.5515011018342193,-89.6224,14.6193
1,San Luis,2025-06-15 00:00:00,28.561921691894554,0.9737163782119751,-89.5915,16.0954
1,Hopelchén,2025-06-11 00:00:00,30.04008000691738,0.07977634663802746,-89.569262,19.351541
1,Mérida,2025-04-26 00:00:00,28.838390604654933,0.002765310767927076,-89.56914,21.01751
1,Río Hondo,2025-08-25 00:00:00,22.787923749287984,4.564584215955847,-89.5684,15.0601
1,Estanzuela,2025-08-25 00:00:00,24.916817283630394,3.7532970392817333,-89.561,14.9818
1,Zacapa,2025-08-25 00:00:00,23.61576391855874,3.291092237986959,-89.5465,14.9366
1,Zacapa,2025-08-25 00:00:00,23.61576391855874,3.291092237986959,-89.5287,14.9056
1,Hopelchén,2025-04-08 00:00:00,27.77081451416018,0.03773272041485143,-89.52833,19.33177
1,Oxkutzcab,2025-06-24 00:00:00,30.229651387532613,0.36443471908320646,-89.527271,20.179664
1,Chiquimula,2025-07-12 00:00:00,22.10478967030849,3.478302664120747,-89.522,14.7799
1,Chahal,2025-06-17 00:00:00,27.484152412414574,2.62985676525318,-89.5205,15.8251
1,Zacapa,2025-08-25 00:00:00,24.916817283630394,3.7532970392817333,-89.4905,14.9679
1,Dolores,2025-06-05 00:00:00,28.440116500854515,0.27209859470644915,-89.4569,16.5418
1,Tekax,2025-07-05 00:00:00,28.545062955220544,0.5293965339490114,-89.455333,20.10433
1,Champotón,2025-04-15 00:00:00,26.128080304463765,0.0738445666854659,-89.45237,18.49112
1,Champotón,2025-06-18 00:00:00,28.759513473510765,0.4755556583404541,-89.452368,18.491121
1,Chapab,2025-06-28 00:00:00,30.328321711222316,0.5934327840293463,-89.450375,20.45669
1,Champotón,2025-04-11 00:00:00,26.519292449951195,0.04801750176852693,-89.44407,18.59709
1,Champotón,2025-04-04 00:00:00,26.29747702280679,0.12298822401568543,-89.435,18.2953
1,Champotón,2025-06-09 00:00:00,28.43213806152346,0.5146967861549001,-89.410432,17.998434
1,Champotón,2025-04-24 00:00:00,26.22152671813967,0.16930068946408028,-89.40459,18.51823
1,Tekax,2025-06-22 00:00:00,30.357810274759913,0.3623783588384555,-89.395026,20.195461
1,Gualán,2025-08-25 00:00:00,23.75395545959475,5.429574271516913,-89.3821,15.0879
1,Hopelchén,2025-06-25 00:00:00,27.70283724466958,1.1292600608587833,-89.376287,18.509162
1,Champotón,2025-06-19 00:00:00,28.72008921305337,0.5837365984859844,-89.367956,18.818649
1,Camotán,2025-07-12 00:00:00,21.56953360239669,4.386673867628588,-89.3668,14.8175
1,Esquipulas,2025-07-16 00:00:00,21.02517439524331,5.3018859093754145,-89.3525,14.5597
1,Tekax,2025-07-08 00:00:00,28.38557650248208,0.896187126585346,-89.349843,20.09447
1,Hopelchén,2025-06-19 00:00:00,28.54517517089846,0.7546842098236084,-89.349696,18.250962
1,Hopelchén,2025-07-09 00:00:00,26.95440540313723,1.072716712883448,-89.340987,18.8802
1,Champotón,2025-05-20 00:00:00,27.020427640279195,0.39639561169124704,-89.3406,17.96096
1,Hopelchén,2025-07-07 00:00:00,27.58012765248617,0.8807241916120034,-89.337055,19.09176
1,Hopelchén,2025-06-23 00:00:00,29.033589935302757,0.6499052047193032,-89.335652,18.93264
1,Hopelchén,2025-06-14 00:00:00,29.681580479939782,0.2450138330232221,-89.335506,19.126638
1,Hopelchén,2025-05-06 00:00:00,27.188463783264183,0.17049159757220878,-89.33274,18.91305
1,Tekax,2025-07-08 00:00:00,29.313735898335835,1.2624427675689276,-89.331795,20.28953
1,Hopelchén,2025-06-13 00:00:00,29.405310567220056,0.27235150335513936,-89.329204,18.929085
1,Tekit,2025-06-28 00:00:00,30.225864028930687,0.4913613200017153,-89.326335,20.58236
1,Olopa,2025-07-16 00:00:00,21.645107205708882,4.220723218281819,-89.322,14.6885
1,Hopelchén,2025-05-22 00:00:00,28.400979932149312,0.1507341478941271,-89.314733,18.93919
1,Hopelchén,2025-06-16 00:00:00,29.405310567220056,0.3841549158014601,-89.309218,18.945338
1,Hopelchén,2025-05-30 00:00:00,29.127677536010765,0.1845985650561488,-89.3059,18.90625
1,Champotón,2025-04-21 00:00:00,25.945430692037007,0.3960192202985269,-89.29004,17.8903
1,Hopelchén,2025-06-18 00:00:00,28.603966649373433,0.9278580546379089,-89.289207,18.428605
1,Hopelchén,2025-05-13 00:00:00,26.612073834737146,0.25391727680812437,-89.2888,18.43301
1,Champotón,2025-04-10 00:00:00,26.57433185577395,0.2279456522842338,-89.28779,17.87855
1,Motul,2025-07-06 00:00:00,29.59629878997805,0.3366690444295273,-89.27717,21.08091
1,Champotón,2025-06-06 00:00:00,28.7958169937134,0.5467712903648447,-89.276843,17.979984
1,Champotón,2025-04-14 00:00:00,26.099646822611476,0.2687789319679723,-89.27684,17.97998
1,Champotón,2025-05-26 00:00:00,28.537884966532374,0.6040194222123318,-89.25716,17.91892
1,Hopelchén,2025-06-18 00:00:00,28.731085077921534,1.0442137718200684,-89.254723,18.121548
1,Champotón,2025-04-21 00:00:00,26.018979644775413,0.41367709631323635,-89.2512,17.82915
1,Champotón,2025-05-12 00:00:00,26.54563261667886,0.5224588084615789,-89.250569,18.033618
1,Champotón,2025-04-21 00:00:00,26.018979644775413,0.41367709631323635,-89.24929,17.82971
1,Champotón,2025-04-05 00:00:00,26.30326964060464,0.22706836461772184,-89.244387,18.0404
1,Hopelchén,2025-06-17 00:00:00,29.63226407368984,0.42622238397349577,-89.240186,18.956525
1,Hopelchén,2025-06-16 00:00:00,28.731085077921534,0.7824674248695374,-89.234489,18.116674
1,Hopelchén,2025-06-03 00:00:00,28.863095537821437,0.36501288408885557,-89.23221,18.12624
1,Champotón,2025-05-01 00:00:00,26.544917360941554,0.48013925547252256,-89.22722,17.9876
1,Hopelchén,2025-05-20 00:00:00,27.161947822570824,0.38010772215102406,-89.21768,18.16545
1,Champotón,2025-05-02 00:00:00,26.544917360941554,0.48013925547252256,-89.21717,17.97966
1,Champotón,2025-05-23 00:00:00,28.374424235026027,0.45495433440123634,-89.215258,17.99982
1,Champotón,2025-05-02 00:00:00,26.544917360941554,0.48013925547252256,-89.21483,17.98402
1,Champotón,2025-06-18 00:00:00,29.14052035013833,1.045044014205132,-89.213237,17.993406
1,Hopelchén,2025-04-03 00:00:00,26.098223622640035,0.16896910944730337,-89.21318,18.17216
1,Copán Ruinas,2025-02-19 00:00:00,19.96569436391195,2.7719303964772735,-89.20317,14.84897
1,Toledo,2025-03-03 00:00:00,23.164236958821675,2.2552981968146923,-89.1962,16.10861
1,Toledo,2025-02-04 00:00:00,23.055043792724632,2.368436834217391,-89.19533,15.94361
1,Hopelchén,2025-05-16 00:00:00,27.811286862691304,0.20835723165646414,-89.19331,18.90224
1,Hopelchén,2025-03-31 00:00:00,25.935185368855855,0.12973900980206565,-89.191217,18.38
1,Toledo,2025-02-27 00:00:00,23.035314496358296,2.089761197566986,-89.18796,16.18959
1,Hopelchén,2025-05-13 00:00:00,26.368299420674703,0.4575195479787908,-89.18785,18.21363
1,Hopelchén,2025-05-01 00:00:00,26.439338938395167,0.25177998962178094,-89.18578,18.48052
1,Sinuapa,2025-02-24 00:00:00,19.586240386962913,0.6555150186500214,-89.184265,14.432021
1,Hopelchén,2025-06-23 00:00:00,28.117012278238917,1.641553640354232,-89.183356,18.215807
1,Toledo,2025-05-23 00:00:00,27.83987197875979,0.6756359194195483,-89.18239,16.02169
1,Hopelchén,2025-04-07 00:00:00,26.47372175852456,0.16896910944730337,-89.18235,18.19339
1,Toledo,2025-05-23 00:00:00,27.83987197875979,0.6756359194195483,-89.18213,16.02362
1,Hopelchén,2025-04-21 00:00:00,27.170534706115745,0.1261398196081842,-89.17916,18.87001
1,Toledo,2025-06-30 00:00:00,26.521434084574366,4.217316210258559,-89.17783,16.02444
1,Toledo,2025-04-04 00:00:00,25.50597216288253,0.6463667387297534,-89.17591,16.02318
1,Toledo,2025-04-05 00:00:00,25.761253293355367,0.49984520683210576,-89.17563,16.02646
1,Hopelchén,2025-06-16 00:00:00,28.82890408833822,0.8285939693450928,-89.173926,18.193476
1,Toledo,2025-03-20 00:00:00,24.438903427124046,1.006308678000778,-89.17209,16.03051
1,Hopelchén,2025-05-07 00:00:00,26.332690175374353,0.48585197899342353,-89.16113,18.22102
1,Champotón,2025-05-22 00:00:00,28.36710828145351,0.6113713627478035,-89.158843,17.87441
1,Hopelchén,2025-05-05 00:00:00,27.682072575887048,0.12163053192004725,-89.15372,18.94352
1,Othón P. Blanco,2025-06-12 00:00:00,29.07692171732583,0.47290027134749835,-89.152595,18.033951
1,Hopelchén,2025-04-16 00:00:00,25.78353907267251,0.25816000976419673,-89.1503,18.10745
1,Tzucacab,2025-03-05 00:00:00,25.27305660247805,0.1630756810584444,-89.1493,19.9153
1,Hopelchén,2025-06-17 00:00:00,29.07692171732583,0.9168952703451083,-89.146031,18.06508
1,Toledo,2025-05-23 00:00:00,27.434517161051474,0.8064308617985461,-89.14343,16.20199
1,Cayo,2025-07-02 00:00:00,26.756299591064476,2.473481891229312,-89.14274,17.07026
1,Toledo,2025-03-24 00:00:00,24.014659500122093,0.7315218448127325,-89.1366,16.2111
1,Toledo,2025-06-06 00:00:00,27.87700297037759,0.8408442139113959,-89.13567,16.21014
1,Cayo,2025-06-03 00:00:00,28.59700387318935,0.6294921040534973,-89.1338,17.07593
1,Cayo,2025-05-02 00:00:00,25.537424341837607,0.7408663630315004,-89.13379,17.07593
1,Toledo,2025-06-06 00:00:00,27.87700297037759,0.8408442139113959,-89.13359,16.21287
1,Toledo,2025-07-21 00:00:00,25.837212498982808,2.2740408777881527,-89.13304,16.2149
1,Cayo,2025-07-09 00:00:00,26.51139189402261,2.3226648568570596,-89.13301,17.15483
1,Cayo,2025-07-09 00:00:00,26.436279233296773,2.3981505608787757,-89.1318,17.07419
1,Cayo,2025-05-23 00:00:00,27.99006551106777,0.7720246910878359,-89.13038,17.17047
1,Cayo,2025-05-15 00:00:00,25.998594220479333,0.8674296307447094,-89.12759,17.10542
1,Cayo,2025-06-10 00:00:00,28.50281677246096,0.7313877344188313,-89.12667,17.09977
1,Toledo,2025-03-06 00:00:00,23.966321563720726,2.280676364421197,-89.12582,16.05249
1,Toledo,2025-06-12 00:00:00,28.166083908081077,1.1671366784469228,-89.12326,16.05402
1,Cayo,2025-07-24 00:00:00,26.68123016357424,1.2148380279661808,-89.12322,17.09188
1,Hopelchén,2025-07-08 00:00:00,26.813633219401083,2.6112324055134195,-89.123126,18.40416
1,Cayo,2025-06-25 00:00:00,27.873931821187398,1.3005137443347081,-89.12274,17.09807
1,Cayo,2025-07-18 00:00:00,26.49041614532473,1.4090433716749118,-89.11577,17.17065
1,Cayo,2025-06-12 00:00:00,28.550831731160542,0.682906806474648,-89.11227,17.08222
1,Toledo,2025-05-23 00:00:00,27.99087295532229,0.7296049450484787,-89.10606,15.98753
1,Toledo,2025-02-13 00:00:00,23.511711374918605,3.0192703008538047,-89.10603,15.98758
1,Cayo,2025-07-02 00:00:00,26.810775057474757,2.192141115660462,-89.10456,17.15148
1,Othón P. Blanco,2025-05-08 00:00:00,26.723994509379054,0.5645260213782421,-89.1042,18.0127
1,Tzucacab,2025-05-21 00:00:00,28.77940775553384,0.09398069104804563,-89.104,19.9618
1,Toledo,2025-06-12 00:00:00,28.166083908081077,1.1671366784469228,-89.10117,16.07527
1,Toledo,2025-07-21 00:00:00,26.06142355600997,4.921074211551968,-89.1007,16.07747
1,Toledo,2025-07-21 00:00:00,26.06142355600997,4.921074211551968,-89.10025,16.07813
1,Toledo,2025-06-30 00:00:00,26.720697339375874,5.408087372774872,-89.09948,16.0784
1,Toledo,2025-07-30 00:00:00,25.025310134887718,2.3297309875260908,-89.09872,16.26431
1,Toledo,2025-07-30 00:00:00,26.145155207316066,4.46950793267753,-89.09858,16.07
1,Toledo,2025-06-12 00:00:00,28.166083908081077,1.1671366784469228,-89.09837,16.07924
1,Hopelchén,2025-04-08 00:00:00,27.421957588195824,0.12177880948982533,-89.09725,18.91121
1,Toledo,2025-04-10 00:00:00,25.489246940612816,0.6400927900642728,-89.09647,16.10056
1,Toledo,2025-05-29 00:00:00,28.33125425974532,0.712751731738237,-89.09633,15.97828
1,Toledo,2025-07-30 00:00:00,25.025310134887718,2.3297309875260908,-89.09567,16.26527
1,Toledo,2025-06-30 00:00:00,26.325596427917503,3.151416145337649,-89.09437,16.21165
1,Toledo,2025-07-04 00:00:00,24.968774414062523,3.332306444642441,-89.09435,16.26223
1,Cabañas,2025-02-21 00:00:00,19.37983125050863,2.6564732193037344,-89.093997,14.833058
1,Toledo,2025-07-08 00:00:00,24.77629782358804,3.2356128096555636,-89.09333,16.25667
1,Cayo,2025-07-04 00:00:00,26.810775057474757,2.192141115660462,-89.09293,17.18465
1,Toledo,2024-12-27 00:00:00,22.429027493794763,1.5653372344957006,-89.09267,16.00286
1,Toledo,2025-07-04 00:00:00,24.968774414062523,3.332306444642441,-89.0921,16.26147
1,Toledo,2025-07-04 00:00:00,26.022590255737327,4.465858005062273,-89.09182,16.1608
1,Toledo,2025-05-23 00:00:00,27.63499730428066,0.8031004522717211,-89.09182,16.16131
1,Toledo,2025-05-23 00:00:00,27.63499730428066,0.8031004522717211,-89.09171,16.1619
1,Toledo,2025-01-20 00:00:00,22.927932039896632,1.4288048097057526,-89.08947,16.00697
1,Toledo,2025-05-23 00:00:00,27.63499730428066,0.8031004522717211,-89.08653,16.16371
1,Cayo,2025-07-30 00:00:00,26.80961380004885,1.2530773878243195,-89.08291,17.1791
1,Cayo,2025-06-13 00:00:00,28.6403906504313,0.8654192090009616,-89.08113,17.17896
1,Cayo,2025-06-30 00:00:00,26.881090418497706,2.473481891229312,-89.0798,17.13087
1,Cayo,2025-04-14 00:00:00,25.85265979766848,0.38267199705366295,-89.07957,17.15041
1,Toledo,2025-04-09 00:00:00,24.828655179341695,0.6040984937474292,-89.07946,16.27451
1,Cayo,2025-04-02 00:00:00,24.567224756876612,0.13918727626105465,-89.07941,16.90347
1,Cayo,2025-07-24 00:00:00,26.738501485188863,1.2243270873657508,-89.07736,17.15406
1,Cayo,2025-05-02 00:00:00,26.095486259460472,0.5729045997213689,-89.07717,17.32252
1,Cayo,2025-05-05 00:00:00,25.825303967793843,0.7720246910878359,-89.07487,17.17454
1,Cayo,2025-07-18 00:00:00,26.39263782501223,1.6491442918322718,-89.07476,17.13593
1,Cayo,2025-03-10 00:00:00,23.06073118845626,0.6180762598830825,-89.07448,16.91626
1,Cayo,2025-03-24 00:00:00,24.294786389668786,0.0805005430777328,-89.07447,17.06565
1,Cayo,2025-04-03 00:00:00,25.82580432891848,0.24783890575008627,-89.07444,17.17544
1,Cayo,2025-05-16 00:00:00,26.2920693715414,0.814365636303549,-89.07391,17.18961
1,Cayo,2025-03-18 00:00:00,24.294786389668786,0.381211936200998,-89.07277,17.10303
1,Cayo,2025-05-29 00:00:00,28.433396911621116,0.797831401696314,-89.07271,17.15208
1,Tzucacab,2025-06-03 00:00:00,30.470992342631007,0.09569525718688965,-89.06928,20.03986
1,Tzucacab,2025-06-22 00:00:00,29.339624023437523,0.37723034620285034,-89.069277,20.039859
1,Othón P. Blanco,2025-07-09 00:00:00,26.91080595652261,2.9292055941425588,-89.069117,18.03816
1,Othón P. Blanco,2025-06-24 00:00:00,28.36436837514242,1.6121247038825004,-89.068461,18.041298
1,Othón P. Blanco,2025-06-11 00:00:00,29.04240824381509,0.47290027134749835,-89.068303,18.041237
1,Cabañas,2025-02-21 00:00:00,19.37983125050863,2.6564732193037344,-89.0681,14.8221
1,Cayo,2025-04-29 00:00:00,25.825303967793843,0.6930537268203807,-89.06572,17.1557
1,Cayo,2025-05-09 00:00:00,24.304746882120753,0.42392637013222156,-89.06564,16.94619
1,Tzucacab,2025-07-01 00:00:00,28.50652211507162,1.350550353492963,-89.065239,20.01636
1,Othón P. Blanco,2025-07-08 00:00:00,26.91080595652261,2.9292055941425588,-89.064667,18.04524
1,Othón P. Blanco,2025-06-23 00:00:00,28.74021428426113,1.0522389388825104,-89.06424,18.768405
1,Cayo,2025-07-18 00:00:00,26.49041614532473,1.4090433716749118,-89.06128,17.17668
1,Toledo,2025-01-30 00:00:00,22.662107721964503,2.439047396165961,-89.06097,16.14139
1,Othón P. Blanco,2025-05-02 00:00:00,27.682072575887048,0.10514449760989919,-89.0605,18.9377
1,Othón P. Blanco,2025-04-14 00:00:00,27.361696815490745,0.0992676252256075,-89.05913,18.99122
1,Othón P. Blanco,2025-04-05 00:00:00,27.225242551167867,0.14533549546058566,-89.05888,18.91602
1,Othón P. Blanco,2025-04-18 00:00:00,27.361696815490745,0.0992676252256075,-89.05651,18.98618
1,Cayo,2025-07-18 00:00:00,26.49041614532473,1.4090433716749118,-89.0559,17.17582
1,Othón P. Blanco,2025-05-21 00:00:00,28.266115442911826,0.216805298066447,-89.05524,18.96965
1,Cayo,2025-06-12 00:00:00,28.6403906504313,0.792576372626641,-89.05503,17.19702
1,Cayo,2025-07-09 00:00:00,26.436279233296773,2.3981505608787757,-89.05407,17.12238
1,Los Amates,2024-10-25 00:00:00,26.584908103942894,6.993973255106312,-89.0539,15.4504
1,Cayo,2025-05-29 00:00:00,28.433396911621116,0.797831401696314,-89.05361,17.1616
1,Toledo,2025-05-12 00:00:00,25.37487373352053,1.1343984475225,-89.05275,16.13409
1,Tzucacab,2025-06-05 00:00:00,30.655766105651878,0.06677129958099215,-89.05223,20.07761
1,Toledo,2025-07-30 00:00:00,26.037229792277003,2.8839975595165157,-89.05164,16.1365
1,Orange Walk,2025-06-12 00:00:00,28.62580006917318,0.7586553692817688,-89.05144,17.57111
1,Othón P. Blanco,2025-05-08 00:00:00,27.533065414428734,0.229792552033814,-89.050609,18.901406
1,Toledo,2025-03-18 00:00:00,24.171529706319234,0.5647427440749198,-89.04787,16.13281
1,Tzucacab,2025-06-22 00:00:00,29.339624023437523,0.37723034620285034,-89.047694,19.981641
1,José María Morelos,2025-04-09 00:00:00,27.7766303380331,0.08103847497409333,-89.0472,19.78845
1,Toledo,2025-03-06 00:00:00,23.6191977818807,1.851872574832214,-89.04692,16.19375
1,Tzucacab,2025-04-21 00:00:00,27.704372024536156,0.04763640441751704,-89.0447,19.9917
1,Tzucacab,2025-06-29 00:00:00,29.10207392374673,1.17575973268913,-89.044512,20.09194
1,Hopelchén,2025-05-16 00:00:00,28.030483818054222,0.22609199896805876,-89.04185,19.03891
1,Toledo,2025-03-04 00:00:00,23.758423423767113,2.514691650816303,-89.04081,16.0393
1,Toledo,2025-04-29 00:00:00,25.235335922241234,0.9774780535387606,-89.04034,16.13443
1,Cayo,2025-06-19 00:00:00,28.61482454935708,1.2144178151629603,-89.03628,17.18044
1,Othón P. Blanco,2025-04-08 00:00:00,27.421957588195824,0.12177880948982533,-89.03445,18.89874
1,Toledo,2025-07-04 00:00:00,25.953091557820642,3.8398846983227486,-89.02956,16.23814
1,Othón P. Blanco,2025-05-07 00:00:00,26.513767814636253,0.355742871761322,-89.02931,18.4412
1,Othón P. Blanco,2025-04-15 00:00:00,26.145521100362146,0.2195603965446935,-89.02895,18.42028
1,Othón P. Blanco,2025-05-13 00:00:00,27.78232059478762,0.27767568826675415,-89.0269,18.894
1,Toledo,2025-07-08 00:00:00,25.770430183410667,4.323357343622547,-89.02647,16.248
1,Othón P. Blanco,2025-05-09 00:00:00,27.729848798116052,0.14077364199138742,-89.0263,18.9439
1,Toledo,2025-07-04 00:00:00,25.953091557820642,3.8398846983227486,-89.02581,16.24136
1,Toledo,2025-05-13 00:00:00,25.26901556650796,1.2054442977103008,-89.02581,16.24221
1,Toledo,2025-06-19 00:00:00,27.40971654256191,2.0187275255239,-89.02464,16.24795
1,Othón P. Blanco,2025-04-25 00:00:00,26.40640506744387,0.26450558128132684,-89.0243,18.42419
1,Toledo,2025-07-04 00:00:00,26.094249025980616,5.9795647859548495,-89.02303,16.04144
1,Othón P. Blanco,2025-06-27 00:00:00,28.081035868326808,2.4129390716502996,-89.023,18.0767
1,Cayo,2025-07-18 00:00:00,26.39263782501223,1.6491442918322718,-89.02258,17.07544
1,Toledo,2025-06-02 00:00:00,26.90295340220132,0.8179053661478974,-89.02208,16.281
1,Toledo,2025-06-12 00:00:00,27.874809201558435,0.9378748628989797,-89.02093,16.16393
1,Toledo,2025-05-12 00:00:00,25.25022182464602,1.2054442977103008,-89.01953,16.24522
1,Toledo,2025-07-30 00:00:00,25.991192754109704,2.1112993359686527,-89.01934,16.24531
1,Toledo,2025-07-24 00:00:00,25.06156247456869,2.0971626042580738,-89.01699,16.26088
1,Toledo,2025-06-20 00:00:00,26.378874079386435,2.457922697004733,-89.01683,16.27485
1,Othón P. Blanco,2025-03-13 00:00:00,24.607942835489894,0.4225664038415289,-89.016745,18.41149
1,Cayo,2025-07-09 00:00:00,25.628219858805323,2.3050814866483194,-89.01339,17.0832
1,Othón P. Blanco,2025-07-08 00:00:00,27.47065410614016,1.5997543930836855,-89.0098,19.0173
1,Tepakán,2025-06-24 00:00:00,29.975951766967796,0.23299455642700195,-89.00882,21.063367
1,Cayo,2025-03-25 00:00:00,24.35670655568441,0.07616627539164256,-89.00855,17.19614
1,Toledo,2025-04-25 00:00:00,25.466152763366722,1.2705946331266205,-89.00393,16.04668
1,Cayo,2025-04-29 00:00:00,25.68545494079592,0.7313738848218065,-89.00252,17.18948
1,Cayo,2025-03-28 00:00:00,24.700487073262536,0.07616627539164256,-89.00237,17.16739
1,José María Morelos,2025-05-29 00:00:00,30.504197057088277,0.10991952396466331,-88.99762,19.89235
1,Cayo,2025-07-09 00:00:00,25.628219858805323,2.3050814866483194,-88.99738,17.11695
1,Tzucacab,2025-06-30 00:00:00,29.039876556396507,1.486814022010563,-88.995355,19.95176
1,Toledo,2025-07-30 00:00:00,26.587604141235374,3.2115042209088784,-88.99522,16.24692
1,Othón P. Blanco,2025-07-09 00:00:00,26.778773244222066,2.7057924494897634,-88.9936,18.1966
1,Toledo,2025-06-12 00:00:00,28.3319389979045,1.2601464986801147,-88.99308,16.24435
1,Toledo,2025-05-23 00:00:00,28.009834543863917,0.8301283282428074,-88.99201,16.23153
1,Los Amates,2025-06-03 00:00:00,27.493154144287132,1.0509505868014912,-88.9917,15.3354
1,Toledo,2025-03-18 00:00:00,24.92649676005044,1.0866094809784954,-88.98719,16.24521
1,El Paraíso,2025-02-16 00:00:00,20.275425211588583,5.871853232292779,-88.986504,15.118114
1,Othón P. Blanco,2025-05-13 00:00:00,26.85393581390383,0.5141564795678732,-88.98416,18.533146
1,Peto,2025-07-01 00:00:00,28.79761912027999,1.486814022010563,-88.98211,19.94358
1,Peto,2025-06-20 00:00:00,29.781158383687398,0.40176808829528454,-88.98211,19.943584
1,Cayo,2025-07-29 00:00:00,26.73317394256594,1.1419851367406864,-88.98189,17.18174
1,Toledo,2025-04-25 00:00:00,25.67422447204592,1.3362297778201082,-88.98077,16.13501
1,Temax,2025-07-04 00:00:00,29.32859859466555,0.33104121684779386,-88.976928,21.21516
1,José María Morelos,2025-05-28 00:00:00,30.416888809204124,0.10991952396466331,-88.9737,19.91719
1,Peto,2025-06-22 00:00:00,29.756515757242823,0.6039813160896301,-88.972374,19.969961
1,Othón P. Blanco,2025-06-17 00:00:00,29.031145350138388,0.9547695517539978,-88.9649,18.0596
1,Cayo,2025-06-06 00:00:00,27.546803410848042,1.1847540736198425,-88.96414,17.11769
1,Cayo,2025-07-02 00:00:00,25.94969234466555,2.508649229998383,-88.96378,17.11582
1,Toledo,2025-07-21 00:00:00,25.59152183532717,2.9149789397706627,-88.95942,16.26611
1,Toledo,2025-07-30 00:00:00,26.36094182332363,4.2036890982615205,-88.95864,16.10639
1,Toledo,2025-01-03 00:00:00,22.379984156290732,1.9454387289954411,-88.95798,16.25566
1,Toledo,2025-06-30 00:00:00,25.92634194691982,3.7155941128705905,-88.95778,16.26796
1,Toledo,2025-01-12 00:00:00,22.297333971659384,2.0614475546381072,-88.95768,16.26775
1,Toledo,2025-05-13 00:00:00,25.01440010070803,1.3502512323668725,-88.95462,16.27321
1,Toledo,2025-07-04 00:00:00,25.670641199747763,4.166113697067431,-88.95257,16.27081
1,Toledo,2025-07-04 00:00:00,25.670641199747763,4.166113697067431,-88.95097,16.26873
1,Othón P. Blanco,2025-06-19 00:00:00,29.29956270853677,0.6702104187752411,-88.94787,19.056783
1,Toledo,2025-07-30 00:00:00,25.744344965616847,2.7840301393950995,-88.9477,16.28189
1,Othón P. Blanco,2025-07-08 00:00:00,26.921380615234398,2.1951332687795144,-88.944989,18.44423
1,Toledo,2025-05-23 00:00:00,27.2263955434164,0.8750426340498052,-88.94492,16.26452
1,Cayo,2025-06-12 00:00:00,27.546803410848042,1.15622133014881,-88.94397,17.1113
1,Toledo,2025-07-04 00:00:00,26.311330731709802,5.917618535534075,-88.94267,16.16682
1,Toledo,2025-07-30 00:00:00,26.36094182332363,4.2036890982615205,-88.94247,16.16625
1,Toledo,2025-05-29 00:00:00,27.55529301961269,0.8497032094396673,-88.94158,16.28329
1,Toledo,2025-06-06 00:00:00,28.310469245910667,0.9472906588996466,-88.94153,16.16794
1,Toledo,2025-06-12 00:00:00,28.161492919921898,1.3933703303337097,-88.94113,16.16861
1,Toledo,2025-03-08 00:00:00,23.51321118672695,1.7661541699851568,-88.93622,16.29349
1,Peto,2025-06-16 00:00:00,30.416888809204124,0.22900193698660587,-88.936072,19.961564
1,Tekal de Venegas,2025-07-03 00:00:00,29.218679046630882,0.44395863778845523,-88.93371,21.01668
1,Cayo,2025-07-30 00:00:00,26.5756933848063,1.6751974820863325,-88.93219,17.21453
1,Othón P. Blanco,2025-06-24 00:00:00,27.921446736653706,2.166801691050324,-88.9305,18.3406
1,Cayo,2025-05-02 00:00:00,26.006938870747888,0.5832765667719286,-88.92667,17.22429
1,Toledo,2025-05-12 00:00:00,26.21930338541665,1.6497417345426868,-88.92653,16.2175
1,Toledo,2025-07-30 00:00:00,26.20284296671548,3.5557463764632757,-88.92653,16.28719
1,Toledo,2025-06-19 00:00:00,28.01241836547854,3.6368221044540405,-88.92642,16.21676
1,Toledo,2025-07-21 00:00:00,26.467495218912745,5.78227341165416,-88.92594,16.11321
1,Othón P. Blanco,2025-06-26 00:00:00,27.788930193583212,2.0849391818078544,-88.922999,18.4936
1,Othón P. Blanco,2025-07-01 00:00:00,27.182168896993005,2.4739772081350253,-88.92238,18.48726
1,Toledo,2025-03-09 00:00:00,24.223720804850302,1.5373969785059671,-88.91146,16.28587
1,Toledo,2025-04-25 00:00:00,25.39443931579592,1.212128536121071,-88.91144,16.28587
1,Toledo,2025-04-05 00:00:00,26.531532541910792,0.9989535445615871,-88.90958,16.19086
1,Toledo,2025-07-21 00:00:00,26.07654978434249,3.7602026050080894,-88.90906,16.28358
1,Othón P. Blanco,2025-07-08 00:00:00,27.048469161987327,2.167044579985955,-88.907262,18.5451
1,Toledo,2025-05-12 00:00:00,26.21930338541665,1.6497417345426868,-88.90417,16.18336
1,Toledo,2025-07-09 00:00:00,26.635009384155296,7.225082814642292,-88.90408,16.19242
1,Toledo,2025-07-21 00:00:00,26.71244169871011,4.97084856028529,-88.90198,16.17998
1,Toledo,2025-06-06 00:00:00,28.642539914449117,1.0952010748042085,-88.90008,16.17619
1,Toledo,2025-06-30 00:00:00,26.75181700388589,6.724465750181707,-88.89827,16.13509
1,Othón P. Blanco,2025-05-01 00:00:00,27.20384782155361,0.15428852722720876,-88.8956,19.0194
1,Toledo,2025-07-21 00:00:00,26.71244169871011,4.97084856028529,-88.89534,16.24112
1,Toledo,2025-07-30 00:00:00,26.20284296671548,3.5557463764632757,-88.89436,16.25067
1,Toledo,2025-06-30 00:00:00,26.75181700388589,6.724465750181707,-88.89417,16.16752
1,Toledo,2025-06-06 00:00:00,28.642539914449117,1.0952010748042085,-88.89381,16.19528
1,Othón P. Blanco,2025-06-26 00:00:00,27.746815935770655,2.379657327168161,-88.893411,18.399937
1,Toledo,2025-06-30 00:00:00,26.75181700388589,6.724465750181707,-88.89247,16.16614
1,Othón P. Blanco,2025-05-21 00:00:00,27.70263888041177,0.3991633718385401,-88.891024,18.71709
1,Toledo,2025-07-04 00:00:00,26.04971021016445,5.525605380483967,-88.8897,16.2784
1,Cayo,2025-07-02 00:00:00,26.70054683685305,2.7986550298351176,-88.88759,17.18258
1,José María Morelos,2025-07-01 00:00:00,27.695568974812886,2.5481477379685202,-88.885538,19.33642
1,Toledo,2025-07-21 00:00:00,26.467495218912745,5.78227341165416,-88.87564,16.15201
1,Othón P. Blanco,2025-06-19 00:00:00,28.74027722676601,1.2766048312187195,-88.874859,18.724294
1,Othón P. Blanco,2025-06-17 00:00:00,29.18519808451333,1.0816708206959902,-88.8694,18.0227
1,Toledo,2025-02-17 00:00:00,23.708853658040425,2.7821183204252975,-88.86894,16.29484
1,Cayo,2025-06-30 00:00:00,26.907953198750874,2.7986550298351176,-88.8595,17.19467
1,Toledo,2025-07-04 00:00:00,26.521169598897302,7.33645495034807,-88.85855,16.14439
1,Cayo,2025-04-11 00:00:00,25.60274785359701,0.55582144022992,-88.85564,17.18694
1,Cayo,2025-07-24 00:00:00,26.464376068115257,2.256985008708412,-88.85117,17.21198
1,Cayo,2025-06-06 00:00:00,28.18913675944009,1.093640923500061,-88.8494,17.21143
1,Cayo,2025-07-18 00:00:00,26.268490727742574,2.5675714015935824,-88.84932,17.21206
1,Cayo,2025-07-24 00:00:00,26.464376068115257,2.256985008708412,-88.84816,17.21381
1,Cayo,2025-05-29 00:00:00,27.95927136739101,0.9190663695051171,-88.84773,17.20832
1,Toledo,2025-07-08 00:00:00,26.842821375529013,10.172012448293799,-88.84642,16.09008
1,Cayo,2025-07-18 00:00:00,26.686343129475915,2.3682802915345746,-88.84569,17.2316
1,Morales,2025-06-04 00:00:00,27.53822288513186,1.3349667190993841,-88.8449,15.4239
1,Toledo,2025-07-04 00:00:00,26.85530815124514,9.587079286575317,-88.84487,16.13649
1,Cayo,2025-04-15 00:00:00,25.647849973042867,0.5414504555290023,-88.84459,17.26933
1,Othón P. Blanco,2025-04-14 00:00:00,26.61640351613363,0.2370169395735644,-88.8445,18.72265
1,Toledo,2025-07-21 00:00:00,26.841084416707417,7.2134375571693,-88.84344,16.13939
1,Toledo,2025-07-07 00:00:00,26.84990971883144,9.587079286575317,-88.84298,16.13438
1,Toledo,2025-07-04 00:00:00,26.85530815124514,9.587079286575317,-88.84274,16.13419
1,Toledo,2025-07-30 00:00:00,26.866796429952046,6.6287100314728065,-88.84254,16.13473
1,Toledo,2025-07-09 00:00:00,26.837696965535542,10.172012448293799,-88.84245,16.13452
1,Toledo,2025-05-12 00:00:00,26.338822301228845,1.8503025173686183,-88.84242,16.13494
1,Toledo,2025-07-10 00:00:00,26.782499885559105,9.587079286575317,-88.84175,16.13717
1,Toledo,2025-06-19 00:00:00,28.03500137329104,5.0047859549327,-88.83996,16.12665
1,Toledo,2025-07-30 00:00:00,26.866796429952046,6.6287100314728065,-88.83996,16.12666
1,Cayo,2025-06-10 00:00:00,28.78022982279458,0.8824467658996582,-88.83857,17.32308
1,Toledo,2025-07-30 00:00:00,26.866796429952046,6.6287100314728065,-88.83764,16.13908
1,Cayo,2025-05-08 00:00:00,26.045757230122888,0.7749497890472412,-88.83754,17.33109
1,Cayo,2025-06-12 00:00:00,28.855071322123194,0.8455604314860921,-88.83708,17.23426
1,Cayo,2025-07-09 00:00:00,26.744440015157124,2.938750385254707,-88.83561,17.28191
1,Toledo,2025-06-06 00:00:00,28.629988288879417,1.529507339000702,-88.83171,16.13702
1,Toledo,2025-07-09 00:00:00,26.837696965535542,10.172012448293799,-88.83119,16.13883
1,Othón P. Blanco,2025-02-20 00:00:00,24.47853558858236,0.9804907992361223,-88.83109,18.998702
1,Cayo,2025-07-02 00:00:00,27.14386552174892,3.1858831634394846,-88.83044,17.33751
1,Toledo,2025-07-04 00:00:00,26.85530815124514,9.587079286575317,-88.83036,16.13355
1,Othón P. Blanco,2025-07-04 00:00:00,27.580502446492574,2.235400676710242,-88.829085,19.14208
1,Cayo,2025-05-16 00:00:00,26.486307398478175,0.844217836856842,-88.82861,17.2574
1,Othón P. Blanco,2025-06-04 00:00:00,28.94279886881509,0.3223048294103137,-88.828342,18.6698
1,Toledo,2025-07-21 00:00:00,26.841084416707417,7.2134375571693,-88.82804,16.13379
1,Toledo,2025-06-02 00:00:00,28.57050189971926,1.2960478660204444,-88.82492,16.10556
1,Toledo,2025-07-21 00:00:00,26.841084416707417,7.2134375571693,-88.82483,16.1055
1,Othón P. Blanco,2025-06-27 00:00:00,27.84566205342611,2.3464792943741486,-88.823339,18.67019
1,Toledo,2025-07-24 00:00:00,26.872194862365745,5.927908420526151,-88.82188,16.13423
1,Othón P. Blanco,2025-04-11 00:00:00,26.682089424133324,0.1618906855469504,-88.82062,18.61663
1,Livingston,2025-06-03 00:00:00,28.142182604471884,0.8510589599097784,-88.8204,15.8188
1,Buctzotz,2025-07-05 00:00:00,29.433590825398824,0.35434961317015734,-88.8186,21.2011
1,Cayo,2025-06-30 00:00:00,26.913364982605003,3.623080252632249,-88.81852,17.18423
1,Toledo,2025-07-03 00:00:00,26.85530815124514,9.587079286575317,-88.81697,16.10224
1,Toledo,2025-06-30 00:00:00,26.970523134867335,8.9233905076469,-88.81667,16.09711
1,Toledo,2025-07-21 00:00:00,26.841084416707417,7.2134375571693,-88.81633,16.10553
1,Toledo,2025-06-06 00:00:00,28.629988288879417,1.529507339000702,-88.81451,16.10773
1,Toledo,2025-06-19 00:00:00,28.03500137329104,5.0047859549327,-88.81315,16.10024
1,Toledo,2025-06-19 00:00:00,28.03500137329104,5.0047859549327,-88.81304,16.15346
1,Toledo,2025-06-02 00:00:00,28.57050189971926,1.2960478660204444,-88.81257,16.10591
1,Toledo,2025-06-30 00:00:00,26.970523134867335,8.9233905076469,-88.81214,16.10322
1,Toledo,2025-07-21 00:00:00,26.841084416707417,7.2134375571693,-88.81206,16.10678
1,Cayo,2025-04-10 00:00:00,25.608769989013695,0.6341138862158147,-88.81153,17.17118
1,Cayo,2025-05-29 00:00:00,27.95927136739101,0.9190663695051171,-88.81103,17.14732
1,Othón P. Blanco,2025-04-28 00:00:00,26.84457645416262,0.38003665551400445,-88.81094,18.60561
1,Cayo,2025-07-24 00:00:00,26.857198333740257,2.3107290267692093,-88.81052,17.25773
1,Toledo,2025-06-02 00:00:00,28.57050189971926,1.2960478660204444,-88.81006,16.10369
1,Cayo,2025-07-09 00:00:00,26.744440015157124,2.938750385254707,-88.80994,17.2629
1,Cayo,2025-03-28 00:00:00,25.090152041117335,0.14341223558744787,-88.8089,17.262
1,Toledo,2025-04-14 00:00:00,26.482085482279444,1.147133225089192,-88.80728,16.12514
1,Toledo,2025-06-20 00:00:00,27.89567909240725,5.727910995478425,-88.80716,16.09847
1,Toledo,2025-07-07 00:00:00,26.84990971883144,9.587079286575317,-88.80671,16.09801
1,Toledo,2025-07-21 00:00:00,26.841084416707417,7.2134375571693,-88.80619,16.10114
1,Toledo,2025-07-08 00:00:00,26.842821375529013,10.172012448293799,-88.80381,16.11666
1,Toledo,2025-06-19 00:00:00,28.03500137329104,5.0047859549327,-88.80279,16.1177
1,Cayo,2025-04-04 00:00:00,25.974168078104697,0.5182025284113934,-88.80223,17.2589
1,Cayo,2025-07-18 00:00:00,26.686343129475915,2.3682802915345746,-88.80223,17.25894
1,Toledo,2025-06-30 00:00:00,26.970523134867335,8.9233905076469,-88.79998,16.11772
1,Santa Rosa de Copán,2025-02-24 00:00:00,19.91856695810958,1.0033643920905888,-88.7995,14.8067
1,San Juan Guarita,2025-02-24 00:00:00,26.4899676005046,0.0319868325675543,-88.79935,14.14793
1,Toledo,2025-06-12 00:00:00,28.512543614705407,1.8777698278427124,-88.79924,16.12004
1,Toledo,2025-07-04 00:00:00,26.85530815124514,9.587079286575317,-88.79917,16.11792
1,Buctzotz,2025-06-26 00:00:00,29.955019887288472,0.39138942955219136,-88.78502,21.23106
1,Cayo,2025-07-18 00:00:00,26.268490727742574,2.5675714015935824,-88.77323,17.17977
1,Cayo,2025-07-24 00:00:00,26.894294993082667,3.1074032187436984,-88.77051,17.24094
1,Cayo,2025-05-29 00:00:00,28.522747929890954,0.7893830537852864,-88.76939,17.25422
1,Cayo,2025-07-02 00:00:00,26.727320925394736,4.689645766243089,-88.76566,17.17235
1,Cayo,2025-06-06 00:00:00,28.66583881378176,0.8741723169034543,-88.7648,17.23333
1,Cayo,2025-07-02 00:00:00,26.727320925394736,4.689645766243089,-88.76389,17.14627
1,Cayo,2025-06-10 00:00:00,28.66583881378176,1.051616668698685,-88.76197,17.25781
1,Cayo,2025-07-24 00:00:00,26.894294993082667,3.1074032187436984,-88.75992,17.25234
1,Cayo,2025-07-09 00:00:00,25.129742240905784,6.163421273214453,-88.75668,17.13442
1,San José,2025-02-13 00:00:00,20.009345626831077,2.448959648518212,-88.7322,14.8849
1,Othón P. Blanco,2025-04-22 00:00:00,26.627112642923976,0.5855128168548163,-88.72328,18.10906
1,Cayo,2025-03-22 00:00:00,24.601119931538904,0.3432705352111043,-88.71641,17.27357
1,Cayo,2025-04-03 00:00:00,25.83904323577883,0.451350614639523,-88.70585,17.27294
1,Othón P. Blanco,2025-04-28 00:00:00,26.97978967030849,0.35630074143888635,-88.69949,18.48069
1,Cayo,2025-03-10 00:00:00,24.584438578287745,1.009404134322267,-88.69706,17.3463
1,Orange Walk,2025-07-30 00:00:00,27.31441777547201,2.0182356238365173,-88.68339,18.02537
1,Cayo,2025-06-25 00:00:00,26.069244321187398,3.9871111511988744,-88.68042,17.10258
1,Toledo,2025-04-25 00:00:00,25.457142766316792,1.2716460819710562,-88.67972,16.52944
1,La Virtud,2025-02-27 00:00:00,26.793348884582542,0.028631091026909417,-88.6757,14.0789
1,Cayo,2025-05-23 00:00:00,28.062502161661826,0.7677689194451887,-88.67532,17.22176
1,Orange Walk,2025-03-14 00:00:00,24.844953473409078,0.5421832200624976,-88.66404,17.75914
1,Santa Rosa de Copán,2025-02-05 00:00:00,19.729969914754292,1.6426667571440845,-88.6625,14.7476
1,Othón P. Blanco,2025-07-03 00:00:00,27.42308324178066,3.8369842991983205,-88.66009,18.21727
1,Orange Walk,2025-03-24 00:00:00,25.20741742451986,0.21264702081680298,-88.65881,18.04561
1,Othón P. Blanco,2025-07-08 00:00:00,27.34987379709878,3.6521055912999145,-88.63871,18.27108
1,Othón P. Blanco,2025-05-23 00:00:00,28.35624402364101,0.45201270326167275,-88.638607,18.27099
1,Toledo,2025-05-23 00:00:00,27.69796237945559,1.3394500178200985,-88.6357,16.53876
1,Othón P. Blanco,2025-07-08 00:00:00,27.26958077748617,4.6595752229539045,-88.635297,18.27453
1,Mapulaca,2025-02-27 00:00:00,28.230612373352074,0.02141141391120982,-88.6265,14.0305
1,Orange Walk,2025-07-09 00:00:00,26.98718128204348,3.39668691158046,-88.62536,17.53488
1,Cenotillo,2025-07-03 00:00:00,29.003428395589253,0.46324133873554274,-88.62261,20.97078
1,Othón P. Blanco,2025-07-04 00:00:00,27.340749994913722,4.6595752229539045,-88.621715,18.34445
1,Cayo,2025-04-18 00:00:00,23.648902511596702,1.1246729640106423,-88.61432,17.1138
1,Toledo,2025-02-27 00:00:00,23.769321695963583,3.481824696024205,-88.60973,16.63082
1,Gracias,2025-02-28 00:00:00,19.59006811777749,0.787419080731766,-88.60892,14.572864
1,Toledo,2025-03-05 00:00:00,23.819733874003134,2.4623289703527007,-88.59938,16.63958
1,Toledo,2025-03-29 00:00:00,24.894898668924952,0.5855280903404037,-88.59071,16.6508
1,Othón P. Blanco,2025-07-04 00:00:00,27.40340099334719,3.0918657779750447,-88.58847,18.81124
1,Belize,2025-06-30 00:00:00,27.533889071146632,4.584746062750611,-88.58808,17.51767
1,Gualcince,2025-02-08 00:00:00,24.727119064331077,0.0031352042242360767,-88.587161,14.124457
1,Gualcince,2025-02-10 00:00:00,24.84951998392745,0.0033504895409208757,-88.584496,14.092317
1,Orange Walk,2025-06-06 00:00:00,29.695688819885277,0.46155328482200275,-88.58374,18.03716
1,Gualcince,2025-02-10 00:00:00,24.84951998392745,0.0033504895409208757,-88.580953,14.112597
1,Toledo,2025-06-19 00:00:00,27.227077738443995,4.358741641027564,-88.58007,16.60983
1,Belize,2025-07-09 00:00:00,27.10605042775478,3.3596798777555392,-88.5709,17.53672
1,Othón P. Blanco,2025-04-29 00:00:00,26.72222735087081,0.35507908188492365,-88.56349,18.81987
1,Othón P. Blanco,2025-07-09 00:00:00,27.266935920715355,5.226072668060411,-88.560875,18.40861
1,Belize,2025-06-30 00:00:00,27.738599395751976,4.244801401123155,-88.55924,17.55901
1,Orange Walk,2025-07-25 00:00:00,27.467241859436058,2.0305609768431765,-88.55912,18.06945
1,Othón P. Blanco,2025-06-18 00:00:00,28.901125208536826,1.4345765113805697,-88.554787,18.774409
1,Candelaria,2025-02-04 00:00:00,24.532520230611226,0.002532699577173503,-88.5538,14.0679
1,Gualcince,2025-02-11 00:00:00,24.853372828165732,0.0036455325211903755,-88.550034,14.090592
1,Stann Creek,2025-05-02 00:00:00,23.127105967203818,1.9247304938403431,-88.54347,17.0487
1,Belize,2025-04-16 00:00:00,25.95846583048501,0.529667062835415,-88.53772,17.58058
1,Gualcince,2025-02-12 00:00:00,24.894397672017476,0.004088878569064036,-88.537682,14.090113
1,Othón P. Blanco,2025-06-12 00:00:00,29.348390833536826,0.44266895895361813,-88.52977,19.155175
1,Belize,2025-07-24 00:00:00,27.507248179117823,3.6010533570731695,-88.51133,17.56085
1,Puerto Barrios,2025-06-04 00:00:00,28.096589024861714,1.1372658181585393,-88.5082,15.6715
1,Stann Creek,2025-06-19 00:00:00,27.113674418131495,5.480490624904633,-88.47561,16.65773
1,Stann Creek,2025-06-19 00:00:00,26.397520955403706,4.06641513104411,-88.46445,17.0017
1,Sucilá,2025-07-05 00:00:00,29.362126604715968,0.6705156033888215,-88.449805,21.22513
1,Stann Creek,2025-04-22 00:00:00,23.968876775105855,1.986600205356126,-88.44904,17.00555
1,Othón P. Blanco,2025-03-19 00:00:00,25.274795468648335,0.23781657213817198,-88.448508,18.905347
1,Belize,2025-03-19 00:00:00,25.55262145996096,0.8141344736998235,-88.44304,17.38192
1,Stann Creek,2025-05-08 00:00:00,25.134993489583394,2.2823535049560917,-88.42473,16.99729
1,Puerto Barrios,2025-06-03 00:00:00,27.58923206329348,0.8345770407061082,-88.4164,15.5654
1,Omoa,2024-11-25 00:00:00,23.999672826131246,9.690055251070362,-88.4026,15.5521
1,Othón P. Blanco,2025-03-23 00:00:00,25.293268775939964,0.14731598020922831,-88.389353,18.676147
1,Sucilá,2025-06-24 00:00:00,29.86749897003176,0.5714476108380495,-88.385772,21.276783
1,Stann Creek,2025-06-30 00:00:00,26.802140490214015,7.543540000861881,-88.38017,16.81869
1,Belize,2025-07-30 00:00:00,27.710096931457542,2.9996275901282843,-88.36397,17.6113
1,Sucilá,2025-06-18 00:00:00,29.935286140441917,0.31808018684387207,-88.361435,21.223248
1,Trinidad de Copán,2024-11-07 00:00:00,22.06651363372805,5.715702474114792,-88.3583,15.1533
1,Concepción,2025-02-13 00:00:00,25.397861099243187,0.009602307841305446,-88.336921,14.033765
1,Omoa,2024-11-12 00:00:00,22.926105117797874,12.4346196651004,-88.333039,15.590342
1,Panabá,2025-07-08 00:00:00,29.38161716461184,0.9125238722447193,-88.320092,21.29077
1,Sucilá,2025-07-05 00:00:00,29.15512968699136,0.5334919756307954,-88.300416,21.19385
1,Belize,2025-07-21 00:00:00,27.604908561706566,4.629032313838266,-88.2928,17.5512
1,Omoa,2024-12-10 00:00:00,20.169897969563863,8.321880292555761,-88.274785,15.634661
1,Espita,2025-07-03 00:00:00,28.904234186808253,0.9602275061126875,-88.26818,21.07926
1,Tizimín,2025-07-01 00:00:00,29.189029312133812,1.619014391650353,-88.265135,21.2936
1,Omoa,2024-10-23 00:00:00,23.202077166239462,7.21389852552079,-88.252843,15.64181
1,San Marcos de la Sierra,2025-02-25 00:00:00,21.831623331705714,0.06731897587997082,-88.252094,14.118459
1,Panabá,2025-07-07 00:00:00,29.21693636576333,1.3279926347422588,-88.208636,21.47615
1,Valladolid,2025-05-30 00:00:00,29.523198382059718,0.06223586501619138,-88.11673,20.77539
1,Villanueva,2025-01-16 00:00:00,21.924714660644554,1.5913322567939758,-88.110355,15.352722
1,San Pedro Sula,2025-02-28 00:00:00,23.30848814646407,2.535555365682285,-88.030056,15.51878
1,Chemax,2025-07-03 00:00:00,28.701572990417503,0.7952064275773552,-88.0138,20.673
1,San Francisco de Yojoa,2025-02-27 00:00:00,21.412958717346214,1.2199774384100692,-87.99247,14.98784
1,Tizimín,2025-07-09 00:00:00,28.771705245971702,1.1452436446290903,-87.990922,21.14219
1,Sociedad,2024-12-10 00:00:00,23.840972201029444,0.06197094910476153,-87.9774,13.7049
1,Puerto Cortés,2025-02-25 00:00:00,24.499166425069177,2.4270061209676896,-87.9546,15.782
1,Santa Ana,2025-02-20 00:00:00,24.269360478719136,0.021667077438891624,-87.916375,13.918941
1,Tizimín,2025-06-27 00:00:00,29.17546774546304,1.0067984461272772,-87.900849,21.09163
1,Opatoro,2025-02-03 00:00:00,21.967257436116597,0.048817774654708046,-87.87092,14.015417
1,El Rosario,2025-01-26 00:00:00,18.103848075866722,2.9734889655035346,-87.728678,14.592457
1,Goascorán,2025-01-20 00:00:00,27.76635576883956,0.0012814998058274796,-87.727078,13.555125
1,San Juan,2025-01-23 00:00:00,23.759434954325343,0.041394927961846406,-87.722181,13.954049
1,Alianza,2025-02-07 00:00:00,29.06864954630538,0.0012755389775520598,-87.715089,13.418575
1,Ajuterique,2025-02-25 00:00:00,20.61302846272787,0.8857092936409572,-87.708643,14.379754
1,Ajuterique,2025-02-17 00:00:00,20.423431968688988,0.8857092936409572,-87.706,14.3909
1,Ajuterique,2025-02-12 00:00:00,20.19363683064779,1.0760209640352514,-87.6977,14.4182
1,Alianza,2025-02-07 00:00:00,29.31501159667971,0.0012755389775520598,-87.6969,13.5027
1,Ajuterique,2025-02-21 00:00:00,20.53532498677572,0.8857092936409572,-87.6942,14.4131
1,Ajuterique,2025-02-13 00:00:00,20.19363683064779,1.0760209640352514,-87.6817,14.3882
1,Ajuterique,2025-02-03 00:00:00,20.029734230041527,1.0884627699283556,-87.676269,14.387478
1,La Trinidad,2025-02-18 00:00:00,21.335602378845238,1.9706943072037575,-87.673005,14.714221
1,La Paz,2025-02-14 00:00:00,20.19363683064779,1.0760209640352514,-87.6599,14.353
1,Ojo de Agua,2025-02-18 00:00:00,21.06224625905361,2.0717092789368508,-87.650743,14.763419
1,Comayagua,2025-02-14 00:00:00,20.19363683064779,1.0760209640352514,-87.649428,14.371303
1,Langue,2025-02-08 00:00:00,27.75736071268716,0.0019359802934104664,-87.639201,13.65589
1,La Libertad,2025-02-18 00:00:00,20.487619972229027,1.4702149667300546,-87.584066,14.726508
1,Nacaome,2025-02-22 00:00:00,29.441927210489894,0.0030547377694034594,-87.504867,13.530819
1,Nacaome,2025-02-22 00:00:00,29.441927210489894,0.0030547377694034594,-87.486228,13.532934
1,Arizona,2025-02-23 00:00:00,22.40892340342208,1.8717780708357168,-87.372311,15.635111
1,Esquías,2025-01-23 00:00:00,20.07609329223635,0.7681601741182931,-87.346739,14.718845
1,Esquías,2025-02-03 00:00:00,20.062115287780784,0.5447321570954955,-87.336927,14.713048
1,Sabanagrande,2025-02-05 00:00:00,23.886140441894554,0.02562884108670005,-87.251487,13.820456
1,Sabanagrande,2024-12-17 00:00:00,20.2883764266968,0.21644581522650697,-87.243806,13.833336
1,Cedros,2025-02-04 00:00:00,18.89764811197921,0.7237137168658592,-87.242912,14.411544
1,Sabanagrande,2025-02-05 00:00:00,21.358510271708212,0.05624351416599893,-87.240699,13.838825
1,Distrito Central,2025-02-18 00:00:00,19.182719802856468,0.3040709532342589,-87.230487,14.087771
1,Distrito Central,2025-02-25 00:00:00,19.199661827087425,0.3546416758979376,-87.20725,14.170603
1,El Porvenir,2025-02-18 00:00:00,21.451209322611476,0.6712406872679821,-87.1893,14.6906
1,Talanga,2025-02-28 00:00:00,20.86219526926675,0.6538704842853349,-87.139675,14.458476
1,Choluteca,2024-10-31 00:00:00,25.62445475260421,4.065300847088338,-87.1123,13.3438
1,Cedros,2025-02-13 00:00:00,20.332920328776027,0.9210303425675193,-87.084849,14.533031
1,Maraita,2024-12-18 00:00:00,19.747449493408226,0.3245145081507417,-87.084417,13.886306
1,Cozumel,2025-06-20 00:00:00,28.592867151896144,1.2735927081823917,-87.079965,20.640446
1,Olanchito,2025-02-24 00:00:00,20.70086218516036,0.9590030521167137,-87.078055,15.415833
1,Olanchito,2025-02-21 00:00:00,21.543968772888206,1.0146409272238088,-87.071666,15.421944
1,Maraita,2025-01-27 00:00:00,21.097096379597986,0.13931989664683897,-87.067,13.8019
1,San Juan de Flores,2025-02-12 00:00:00,18.864048258463583,0.9334295983762786,-87.0297,14.2543
1,El Triunfo,2024-09-10 00:00:00,28.241652107238792,3.9201261783716745,-87.024924,13.090493
1,Maraita,2025-01-29 00:00:00,19.90632559458419,0.15093237161067918,-87.023538,13.880906
1,San Antonio de Oriente,2025-02-03 00:00:00,20.181107775370265,0.23584663867382005,-87.0154,14.00789
1,El Triunfo,2024-09-12 00:00:00,28.06424261728921,4.235846021231282,-87.013575,13.028712
1,El Triunfo,2024-09-29 00:00:00,26.71224238077798,13.701056000115841,-87.009629,13.028713
1,El Triunfo,2024-09-11 00:00:00,28.169080352783226,4.249032058822877,-86.977595,13.08925
1,Olanchito,2025-02-21 00:00:00,21.543968772888206,1.0146409272238088,-86.971533,15.419249
1,Olanchito,2025-02-21 00:00:00,21.543968772888206,1.0146409272238088,-86.970361,15.419358
1,Olanchito,2025-02-24 00:00:00,21.83819128672286,0.9734794496694121,-86.969921,15.418922
1,Concepción de Maria,2024-09-12 00:00:00,27.02896429697671,5.062054314720399,-86.965384,13.183758
1,Olanchito,2025-02-28 00:00:00,22.124344126383505,0.8485838124556722,-86.956931,15.424753
1,El Porvenir,2025-02-24 00:00:00,22.160339927673363,1.5819362481011012,-86.907266,15.744111
1,Olanchito,2025-02-28 00:00:00,22.95870742797854,0.8106670458687404,-86.877019,15.417007
1,San Marcos de Colón,2024-10-05 00:00:00,21.961476898193382,16.040080785700184,-86.845757,13.410994
1,Guaimaca,2025-01-17 00:00:00,20.12748266855874,0.6679710670880468,-86.82646,14.532358
1,Olanchito,2025-02-25 00:00:00,23.32445329030361,0.8402004837080312,-86.811255,15.438845
1,Olanchito,2025-02-06 00:00:00,22.296930885314964,1.3134762643858267,-86.792499,15.427443
1,Olanchito,2025-02-27 00:00:00,21.79445101420083,1.4239784590586169,-86.682158,15.50119
1,Danlí,2024-10-25 00:00:00,21.99854176839193,3.639455139563097,-86.6519,14.0484
1,Olanchito,2025-01-23 00:00:00,21.8269563674927,1.4194414768269326,-86.60963,15.426071
1,Jutiapa,2025-02-19 00:00:00,22.704857444763206,1.9275448850830657,-86.502387,15.692258
1,Jutiapa,2025-02-04 00:00:00,21.24271990458169,2.075426280441661,-86.45484,15.660778
1,Jutiapa,2025-01-29 00:00:00,20.996932601928734,3.8379281759262085,-86.435417,15.682225
1,Jutiapa,2025-01-29 00:00:00,21.77220211029055,4.144573211618763,-86.43531,15.707737
1,Danlí,2024-10-16 00:00:00,21.976698493957542,8.501245760243137,-86.413145,13.973522
1,Olanchito,2025-02-25 00:00:00,21.405703798929892,1.248709030903683,-86.404486,15.435434
1,Olanchito,2025-02-07 00:00:00,21.743870989481593,1.958090066892737,-86.31467,15.469952
1,Olanchito,2025-02-10 00:00:00,21.774222310384175,1.958090066892737,-86.299419,15.468465
1,Olanchito,2025-02-24 00:00:00,19.393798446655296,1.3868159730918705,-86.26191,15.43552
1,Olanchito,2025-02-07 00:00:00,21.31601454416915,1.992762797319969,-86.236609,15.510358
1,Tocoa,2025-02-18 00:00:00,22.524449284871423,1.8888405640495876,-85.9531,15.5949
1,Trojes,2024-10-14 00:00:00,23.13687953948977,7.9107105731850424,-85.93784,14.0226
1,Catacamas,2024-10-25 00:00:00,24.355761146545433,3.962221741630856,-85.885,14.7793
1,Trojes,2024-10-13 00:00:00,23.5638417561849,6.217021272476586,-85.846394,14.028207
1,Trojes,2024-10-21 00:00:00,23.28557230631509,6.217021272476586,-85.834322,14.007071
1,Patuca,2024-09-14 00:00:00,24.487135187784816,3.3568933606122897,-85.824818,14.270291
1,Trojes,2024-10-05 00:00:00,24.06863301595058,4.166592657554702,-85.798706,13.92083
1,Catacamas,2024-10-17 00:00:00,24.284631347656273,5.666767060745315,-85.744429,14.318212
1,Bonito Oriental,2025-02-04 00:00:00,22.34292564392092,2.098917961063762,-85.731004,15.758967
1,Bonito Oriental,2024-12-13 00:00:00,21.622412618001363,8.739040791937214,-85.723218,15.645626
1,Bonito Oriental,2025-02-21 00:00:00,21.770091311136866,2.314498902611817,-85.7187,15.6375
1,Bonito Oriental,2025-02-03 00:00:00,21.444813664754292,2.1335370473334336,-85.707579,15.67741
1,Bonito Oriental,2025-02-10 00:00:00,22.359919802347804,2.098917961063762,-85.7006,15.75286
1,Limón,2025-01-23 00:00:00,23.131032880147302,3.0597120522770638,-85.547317,15.826881
1,Limón,2025-02-20 00:00:00,23.806114768981956,2.3758403141869167,-85.5068,15.8097
1,Iriona,2025-01-14 00:00:00,21.745767211914085,4.489088747428482,-85.264167,15.584167
1,Wampusirpi,2025-01-16 00:00:00,23.016151046752952,2.3267046365731403,-84.994911,14.733182
1,Wampusirpi,2025-01-16 00:00:00,23.016151046752952,2.3267046365731403,-84.972593,14.747637
1,Brus Laguna,2025-01-08 00:00:00,23.74986292521163,6.01008967990424,-84.804583,15.62195
1,Esparza,2024-01-05 00:00:00,25.287043825785304,1.6138315200269204,-84.64,9.9516
1,Wampusirpi,2025-01-19 00:00:00,24.02554314931234,3.173319995349644,-84.4915,15.3339
1,Ahuas,2025-01-21 00:00:00,24.222320493062398,3.4722596406400186,-84.4345,15.3616
1,Atenas,2024-01-09 00:00:00,23.577588335673,0.8229494093825451,-84.3992,9.9556
1,San Carlos,2024-02-03 00:00:00,25.05783329010012,2.4379745125031604,-84.3758,10.7822
1,San Carlos,2023-10-06 00:00:00,25.460900561014796,6.9808781146978305,-84.3331,10.6133
1,Sarapiquí,2024-02-02 00:00:00,24.54782352447512,2.636095881408451,-84.0024,10.4435
1,Osa,2023-10-28 00:00:00,25.296569442749046,16.97743713381783,-83.4577,8.9604
1,Osa,2023-10-31 00:00:00,25.21190986633303,16.97743713381783,-83.4575,8.8685
1,Buenos Aires,2024-01-31 00:00:00,23.544398244222066,0.894688069820404,-83.4343,9.0774
1,Buenos Aires,2023-11-01 00:00:00,22.515034612019917,17.86230510913356,-83.4304,9.0731
1,Matina,2024-01-27 00:00:00,24.702693875630757,1.8177524209193052,-83.2883,10.0749
1,Osa,2023-07-25 00:00:00,22.939440345764183,14.335936630754276,-83.2678,8.7908
1,Golfito,2023-08-27 00:00:00,24.386129633585597,13.363723994103793,-83.187,8.6863
1,Golfito,2023-09-23 00:00:00,24.435032145182277,9.439201652952534,-83.1704,8.6517
1,Golfito,2023-08-04 00:00:00,25.924202219645167,6.465386358058822,-83.0887,8.4743
1,Golfito,2023-10-30 00:00:00,22.585943476359034,14.978654739195463,-83.0788,8.6712
1,Golfito,2023-11-03 00:00:00,22.501329676310206,14.917804364813492,-83.0664,8.6677
1,Coto Brus,2023-11-01 00:00:00,21.529809570312523,17.75389313696607,-83.0161,8.8282
1,Limón,2024-01-31 00:00:00,24.55919704437258,1.3750066962465723,-82.9447,9.7147
1,Coto Brus,2023-10-30 00:00:00,21.280972099304222,17.466129864914137,-82.944,8.7447
1,Coto Brus,2023-10-24 00:00:00,21.393384552001976,19.270133972165482,-82.9436,8.7491
1,Corredores,2023-10-31 00:00:00,24.32298018137618,15.384132172329146,-82.9374,8.641
1,Corredores,2023-09-12 00:00:00,24.709462738037132,15.48029084219138,-82.8964,8.5958
1,Corredores,2023-08-14 00:00:00,25.893114026387593,11.738617718162203,-82.8957,8.4396
1,Corredores,2023-09-18 00:00:00,24.81243699391689,14.373583073080454,-82.8905,8.5911
1,Corredores,2023-08-03 00:00:00,25.038064893086812,13.184771255794203,-82.8902,8.6161
1,Corredores,2023-09-20 00:00:00,24.81243699391689,14.373583073080454,-82.8841,8.5867
1,Corredores,2023-09-08 00:00:00,24.76390132904055,14.586951310150198,-82.8797,8.5807
1,Corredores,2023-10-02 00:00:00,25.7377703348796,14.377116726231876,-82.8788,8.567
1,Corredores,2023-07-27 00:00:00,25.038064893086812,10.548155009644233,-82.8759,8.5947
1,Corredores,2023-09-24 00:00:00,24.897389030456566,12.213379144668579,-82.8756,8.5936
1,Corredores,2023-09-25 00:00:00,24.831717427571675,13.233670592256885,-82.8709,8.5825
1,Corredores,2023-09-29 00:00:00,23.868383979797386,17.042988538690906,-82.8673,8.5747
1,Corredores,2023-07-14 00:00:00,24.074910418192587,13.00703287114402,-82.8561,8.5809
1,Corredores,2023-07-31 00:00:00,24.13192520141604,13.333262503095966,-82.8554,8.5754
1,Corredores,2023-07-29 00:00:00,24.13192520141604,12.585194731741467,-82.8495,8.588
1,Corredores,2023-08-08 00:00:00,24.361284510294638,13.593171536919968,-82.8482,8.5837
1,Corredores,2023-09-24 00:00:00,25.751450475057027,10.324738919734955,-82.848,8.4859
1,Corredores,2023-10-10 00:00:00,25.675630823771144,12.448572975367611,-82.8472,8.4694
1,Corredores,2023-07-26 00:00:00,24.255434608459495,12.165717982099977,-82.8457,8.575
1,Corredores,2023-10-28 00:00:00,24.64513454437258,16.019743680487863,-82.8456,8.4931
1,Corredores,2023-09-16 00:00:00,24.924421246846578,15.870850277082127,-82.8446,8.5595
1,Corredores,2023-09-08 00:00:00,24.991827265421534,15.713698160823242,-82.8445,8.5439
1,Corredores,2023-08-09 00:00:00,24.361284510294638,14.436003879845671,-82.8435,8.5874
1,Corredores,2023-08-10 00:00:00,25.494794146219874,12.82757967704562,-82.8422,8.5516
1,Corredores,2023-10-30 00:00:00,24.616781171162984,15.737716351395648,-82.8418,8.5432
1,Corredores,2023-07-27 00:00:00,24.255434608459495,12.255847776970086,-82.8402,8.6126
1,Corredores,2023-09-22 00:00:00,24.908903376261435,15.076713459251323,-82.8399,8.5427
1,Corredores,2023-07-27 00:00:00,25.228354072570824,10.882504607280907,-82.8399,8.5696
1,Aserrío de Gariché,2023-07-21 00:00:00,25.075439389546716,11.347288094754049,-82.8285,8.5131
1,Corredores,2023-07-23 00:00:00,25.127176221211755,10.882504607280907,-82.8259,8.5635
1,Punta Robalo,2023-12-14 00:00:00,25.168252563476585,4.658064246143567,-82.2898,9.0872
1,Kankintú,2023-11-13 00:00:00,25.432625706990564,11.95169985294342,-81.8335,8.8767
1,La Carrillo,2023-07-06 00:00:00,26.168705876668355,9.037099046480535,-80.8791,8.0175
1,Peñas Chatas,2023-07-01 00:00:00,26.15393187205001,9.841118525196535,-80.8067,8.0147
1,La Raya de Santa María,2023-07-14 00:00:00,26.254009819030784,10.542703746921234,-80.79,8.14776
1,Florida,2017-01-06 00:00:00,24.017572975158714,0.4096597432123872,-80.5145,25.356
1,Tulu,2023-08-10 00:00:00,25.194489097595238,6.669770181172652,-80.352,8.7696
1,Las Tablas,2023-07-19 00:00:00,27.12073383331301,6.592945200651457,-80.2709,7.7718
1,Miguel de la Borda,2023-07-28 00:00:00,26.25463479359945,10.242071747711634,-80.2661,9.1355
1,Cirí Grande,2023-07-26 00:00:00,24.694312032063863,9.909868563255486,-80.1192,8.7918
1,Piña,2023-07-08 00:00:00,26.812205886840843,11.623674631039194,-80.0252,9.2451
1,Sorá,2023-07-26 00:00:00,24.727053260803245,8.285849899380082,-80.0139,8.6795
1,Iturralde,2023-06-30 00:00:00,26.173442776997945,9.662544727271793,-79.91219,9.00324
1,Buena Vista,2023-06-01 00:00:00,26.294502194722554,3.7503927945863325,-79.69881,9.28953
1,Arraiján,2023-07-02 00:00:00,26.920364316304585,7.156181335346901,-79.6757,8.9058
1,Colon (2005-2009),2009-04-18 00:00:00,25.689059511820517,0.8401498198509216,-79.6079,9.3356
1,Colon (2005-2009),2009-04-18 00:00:00,25.689059511820517,0.8401498198509216,-79.6021,9.2442
1,Garrote,2023-06-01 00:00:00,26.75339279174807,4.285304248307753,-79.5899,9.56054
1,Quinsaloma,2019-12-18 00:00:00,22.505888239542685,17.189411818947065,-79.392677,-1.266572
1,Pacora,2023-06-14 00:00:00,25.383124287923238,8.580525219409552,-79.342,9.1738
1,Chepo,2023-04-26 00:00:00,26.71956310272219,0.6606420735977281,-79.0298,9.1762
1,Cañita,2023-03-16 00:00:00,24.471459325154683,0.9904103573603606,-78.8637,9.2576
1,Unión Santeña,2023-03-09 00:00:00,26.472440973917628,0.07193684575668158,-78.6893,8.7903
1,Chimán,2023-02-27 00:00:00,25.69989420572915,0.09926557535777647,-78.5892,8.7371
1,Tortí,2022-12-15 00:00:00,24.358588790893577,4.478842020006368,-78.2972,8.92758
1,Tortí,2021-06-29 00:00:00,24.981726900736476,10.226378729299768,-78.296,8.8925
1,Tortí,2021-07-18 00:00:00,25.043444887797023,10.630691306488416,-78.29173,8.88369
1,Tortí,2021-06-29 00:00:00,24.981726900736476,10.226378729299768,-78.2903,8.8762
1,Tortí,2021-07-15 00:00:00,25.405748303731343,8.351483941027027,-78.254309,8.92438
1,Kuna de Madungandí,2022-07-19 00:00:00,25.16993675231936,10.201790928789478,-78.1928,8.9477
1,Tortí,2022-10-21 00:00:00,24.95293229420986,8.547082543316264,-78.16675,8.9546
1,Kuna de Madungandí,2021-07-09 00:00:00,24.847364679972372,7.206539809686774,-78.1625,8.9886
1,Kuna de Madungandí,2022-12-04 00:00:00,24.297407086690328,6.679432094045978,-78.15752,8.99773
1,Tortí,2022-09-10 00:00:00,25.240014012654683,7.4454718403274,-78.15708563,8.961875
1,Kuna de Madungandí,2022-08-16 00:00:00,24.52623360951742,9.163182361362487,-78.1436,9.0178
